"headword","pos","dialect_id","jsonb_data"
"A yi, a gamma, ta fi takamma, gobe a koma","proverb","8","{""source"": ""Hausa Proverbs"", ""genre"": ""proverb"", ""english_translation"": ""To  do,  to  finish,  is  better  tliaii  \""don't  care,  come back  to-morrow.\"""", ""note"": ""Takamma,  swagger  :  it  comes  to  mean  here  not to  work  hard  so  as  to  show  independence  and disregard  for  authority. Never  put  off  till  to-morrow  what  you  can  do  to-day."", ""proverb_number"": 1, ""origin"": ""Merrick, G. (1905). Hausa Proverbs. Public domain (archive.org/details/hausaproverbs00merrrich)."", ""license"": ""Public Domain"", ""dialect_assigned_default"": true}"
"Hakki da ka rena slii kan soni maka ido","proverb","8","{""source"": ""Hausa Proverbs"", ""genre"": ""proverb"", ""english_translation"": ""The  grass  which  you  disregard  will  injure  your eye."", ""note"": ""Don't  forget  to  take  all  precautions. No  man  or  thing  is  too  insignificant  to  be  altogether disregarded."", ""proverb_number"": 2, ""origin"": ""Merrick, G. (1905). Hausa Proverbs. Public domain (archive.org/details/hausaproverbs00merrrich)."", ""license"": ""Public Domain"", ""dialect_assigned_default"": true}"
"Maichi da uwa ba shi kuka'n soodi","proverb","8","{""source"": ""Hausa Proverbs"", ""genre"": ""proverb"", ""english_translation"": ""He  who  eats  with  his  mother  will  not  have  to  ask for  the  soodi,  for  she  will  give  it  to  him  as a  matter  of  course."", ""note"": ""Soodi,  the  surplus  or  remainder  of  anything.  The usual  way  of  eating  is  for  every  one  to  dip  his hand  in  turn  into  a  calabash  until  the  food is  finished :  the  scrapings  are  the  soodi,  and this  the  child  of  the  house  would  naturally  get. Vide  70."", ""proverb_number"": 3, ""origin"": ""Merrick, G. (1905). Hausa Proverbs. Public domain (archive.org/details/hausaproverbs00merrrich)."", ""license"": ""Public Domain"", ""dialect_assigned_default"": true}"
"Ba afafi giandumma ran taffia","proverb","8","{""source"": ""Hausa Proverbs"", ""genre"": ""proverb"", ""english_translation"": ""The  day  of  starting  is  not  the  time  to  prepare  the giaiiditmma."", ""note"": ""Giandumma,  the  gourd  or  calabash  with  a  narrow neck,  which  all  carriers  use  for  water  on  a  march. Fafewa,  hollowing  out  the  pith  from  the  inside  of  the giandumma. Don't  leave  a  thinof  till  the  last  minute. [;  5  Rua  ba  su  yami  banza. Water  does  not  get  bitter  without  a  cause. There  is  reason  for  everything."", ""proverb_number"": 4, ""origin"": ""Merrick, G. (1905). Hausa Proverbs. Public domain (archive.org/details/hausaproverbs00merrrich)."", ""license"": ""Public Domain"", ""dialect_assigned_default"": true}"
"Kadda gammu ya birkitchi maidemmi","proverb","8","{""source"": ""Hausa Proverbs"", ""genre"": ""proverb"", ""english_translation"": ""Don't    let    the   gammu   upset    the   carrier   of    a bundle  of  corn."", ""note"": ""Don't  let  the  gammu  become  so  big  that  it  even- tually gets  bigger  than  the  load  that  is  being carried. Don't  keep  on  giving  things  away  until  you  become the  poor  man  and  the  man  to  whom  you  give  the rich  one. Don't  keep  on  giving  your  subordinates  more  and  more power  until  at  length  they  are  more  powerful  than you  are. Gammu,  the  pad  the  carrier  puts  between  his  head and  his  load.  It  is  usually  a  small  cushion  stuffed with  chaff  or  cotton,  sometimes  merely  twisted grass."", ""proverb_number"": 6, ""origin"": ""Merrick, G. (1905). Hausa Proverbs. Public domain (archive.org/details/hausaproverbs00merrrich)."", ""license"": ""Public Domain"", ""dialect_assigned_default"": true}"
"Yawa shi kan sa zarre ya ja duchi","proverb","8","{""source"": ""Hausa Proverbs"", ""genre"": ""proverb"", ""english_translation"": ""Quantity  makes  the  cotton  draw  a  stone. Unity  is  strength."", ""note"": """", ""proverb_number"": 7, ""origin"": ""Merrick, G. (1905). Hausa Proverbs. Public domain (archive.org/details/hausaproverbs00merrrich)."", ""license"": ""Public Domain"", ""dialect_assigned_default"": true}"
"Makafo ya rassa ido, ya cbe ido na wari","proverb","8","{""source"": ""Hausa Proverbs"", ""genre"": ""proverb"", ""english_translation"": ""The  blind  man  lacks  eyes,  he  says  eyes  stink."", ""note"": ""Na  might  perhaps  be  written  'na,  as  it  is  the abbreviation  of  yana,  tana,  tSrc,  or  rather  it is  more  usually  used  in  conjunction  with  a  per- sonal pronoun  than  by  itself. Sour  grapes."", ""proverb_number"": 8, ""origin"": ""Merrick, G. (1905). Hausa Proverbs. Public domain (archive.org/details/hausaproverbs00merrrich)."", ""license"": ""Public Domain"", ""dialect_assigned_default"": true}"
"Maidoki ya koma kutarr","proverb","8","{""source"": ""Hausa Proverbs"", ""genre"": ""proverb"", ""english_translation"": ""How  are  the  mighty  fallen."", ""note"": """", ""proverb_number"": 9, ""origin"": ""Merrick, G. (1905). Hausa Proverbs. Public domain (archive.org/details/hausaproverbs00merrrich)."", ""license"": ""Public Domain"", ""dialect_assigned_default"": true}"
"Na dumka riga babu wuya, Avonda ya yanka","proverb","8","{""source"": ""Hausa Proverbs"", ""genre"": ""proverb"", ""english_translation"": ""wuva  shi  sa  ma  kainshi."", ""note"": ""I  have  sewn  a  ricja  without  a  neck,  let  him  who cuts  a  neck  for  it  put  it  on. The  riga  is  a  shirt  with  a  hole  at  the  top  for  the head  to  be  put  through  :  if  made  without  this wuya  or  neck,  one  would  have  to  be  cut  before the  riga  could  be  put  on. If  the  cap  fits  put  it  on. 1 1   Ba  don   \""  riga'n  domin  \""  ba,  da  mutum  ya mutu  masiachi. If  it  were  not  for  rigcin  domin  a  man  (a  fellow) would  die  poor. Riga'n  domin,  because  of  some  one  else,  for  some one  else's  sake,  through  some  one  else's  in- fluence. Na  shigga  \""  riga'n  domin  \""  wuri'n  Abdu. I  got  it  through  Abdu."", ""proverb_number"": 10, ""origin"": ""Merrick, G. (1905). Hausa Proverbs. Public domain (archive.org/details/hausaproverbs00merrrich)."", ""license"": ""Public Domain"", ""dialect_assigned_default"": true}"
"Ba na fassa randa'n daki ba, na waje ba ta","proverb","8","{""source"": ""Hausa Proverbs"", ""genre"": ""proverb"", ""english_translation"": ""shio^o^a  ba."", ""note"": ""I  won't  break  the  randa  of  the  house  until  the one  outside  (new  one)  has  been  brought in. Don't  be  off  with  the  old  love  until  you  are  on  with the  new. This  might  very  well  be  said  to  a  guide,  who  asks  if he  may  go  when  the  village  to  which  he  is  guiding you  is  reached  :  meaning,  \""  I  can't  let  you  go  until I  get  another  guide,  for  otherwise  I  may  be  left without  any  one  at  all,\"" Randa,  a  big  water  jar  about  2  ft.  high,  which  always stands  in  the  \""  gidda  \"" :  it  is  too  big  to  be  con- veniently carried,  and  if  moved  when  full  would probably  break."", ""proverb_number"": 12, ""origin"": ""Merrick, G. (1905). Hausa Proverbs. Public domain (archive.org/details/hausaproverbs00merrrich)."", ""license"": ""Public Domain"", ""dialect_assigned_default"": true}"
"Ba ayi ma birri burrtu","proverb","8","{""source"": ""Hausa Proverbs"", ""genre"": ""proverb"", ""english_translation"": ""Don't  do  huTvtu  to  a  monkey."", ""note"": ""Burrtu,  a  black  bird  with  a  large  bill.    It  stands  about 2  ft.   high,  and  is   usually  seen  on   the  ground; when  it  rises  a  white  patch  shows  on  each  wing. Hunters  put  the  skin  on  their  head  when  they stalk  game. You  don't  get  the  better  of  him  in  that  way. 11  A  buggi  karifi  da  saura'n  zafi,  en  ya  fooclii sai  a  wohalla. Strike  while  the  iron  is  hot."", ""proverb_number"": 13, ""origin"": ""Merrick, G. (1905). Hausa Proverbs. Public domain (archive.org/details/hausaproverbs00merrrich)."", ""license"": ""Public Domain"", ""dialect_assigned_default"": true}"
"Idan rua ya zubar, ya ber tulu, ya yi keau","proverb","8","{""source"": ""Hausa Proverbs"", ""genre"": ""proverb"", ""english_translation"": ""Even  if  the  water  is  spilt,  as  long  as  the  tulu  is not  broken,  no  harm."", ""note"": ""Tulu,  the  jar  used  for  carrying  water  from  the  well or  stream ;  it  has  a  small  mouth.  Different districts  have  different  patterns. Don't  cry  over  spilt  milk.     That  can  be  remedied."", ""proverb_number"": 15, ""origin"": ""Merrick, G. (1905). Hausa Proverbs. Public domain (archive.org/details/hausaproverbs00merrrich)."", ""license"": ""Public Domain"", ""dialect_assigned_default"": true}"
"Rigaya zua fadda ba slii ne samu'n sariki","proverb","8","{""source"": ""Hausa Proverbs"", ""genre"": ""proverb"", ""english_translation"": ""ba."", ""note"": ""\""First    come   to   the   council\""   does   not   always \""  catch  king.\"" First  come  is  not  always  first  served. Though  a  man  may  have  been  in  the  king's  service  a long  time,  it  does  not  follow  that  he  will  always have  the  king's  ear."", ""proverb_number"": 16, ""origin"": ""Merrick, G. (1905). Hausa Proverbs. Public domain (archive.org/details/hausaproverbs00merrrich)."", ""license"": ""Public Domain"", ""dialect_assigned_default"": true}"
"Ba domin tsawo akanga wata ba","proverb","8","{""source"": ""Hausa Proverbs"", ""genre"": ""proverb"", ""english_translation"": ""The  moon  is  not  seen  because  of  great  stature."", ""note"": ""It  is  by  no  merit  of  yours  that  you  have  done  that. Any  one  can  do  it."", ""proverb_number"": 17, ""origin"": ""Merrick, G. (1905). Hausa Proverbs. Public domain (archive.org/details/hausaproverbs00merrrich)."", ""license"": ""Public Domain"", ""dialect_assigned_default"": true}"
"Fawa biu tana bata hankali'n kuda","proverb","8","{""source"": ""Hausa Proverbs"", ""genre"": ""proverb"", ""english_translation"": ""Two  pieces  of  meat  confuse  the  mind  of  the  fly. To  hesitate  between  two  things,  two  courses,  &c."", ""note"": """", ""proverb_number"": 18, ""origin"": ""Merrick, G. (1905). Hausa Proverbs. Public domain (archive.org/details/hausaproverbs00merrrich)."", ""license"": ""Public Domain"", ""dialect_assigned_default"": true}"
"Da kuka'n kura, da batcliewa'n akwia duka","proverb","8","{""source"": ""Hausa Proverbs"", ""genre"": ""proverb"", ""english_translation"": ""daia  ne."", ""note"": ""The  cry  of  the  hyena  and  the  losing  of  the  goat are  one  and  the  same. Give  a  dog  a  bad  name."", ""proverb_number"": 19, ""origin"": ""Merrick, G. (1905). Hausa Proverbs. Public domain (archive.org/details/hausaproverbs00merrrich)."", ""license"": ""Public Domain"", ""dialect_assigned_default"": true}"
"Gurgu ba shi koiya gurgu taffia","proverb","8","{""source"": ""Hausa Proverbs"", ""genre"": ""proverb"", ""english_translation"": ""The  blind  leading  the  blind."", ""note"": """", ""proverb_number"": 20, ""origin"": ""Merrick, G. (1905). Hausa Proverbs. Public domain (archive.org/details/hausaproverbs00merrrich)."", ""license"": ""Public Domain"", ""dialect_assigned_default"": true}"
"Rama ba mutua ba","proverb","8","{""source"": ""Hausa Proverbs"", ""genre"": ""proverb"", ""english_translation"": ""Being  thin  is  not  dying. Appearances  are  deceptive."", ""note"": ""■^2  Rijia  ta  bayes,  gugaa  ta  lianna. The  well  gives,  but  the  bucket  refuses. The  great  man  orders  a  distribution  of  food,  money, &c.,  but  his  agent  does  not  issue  it. Might  be  used  when  an  official,  who  is  dependent  on an  interpreter,  gives  an  order  ;  meaning  \""  he  may give  an  order,  but  I  doubt  whether  it  will  be carried  out.\"""", ""proverb_number"": 21, ""origin"": ""Merrick, G. (1905). Hausa Proverbs. Public domain (archive.org/details/hausaproverbs00merrrich)."", ""license"": ""Public Domain"", ""dialect_assigned_default"": true}"
"Ya zamma wandu dei dei da gatto'n kowa","proverb","8","{""source"": ""Hausa Proverbs"", ""genre"": ""proverb"", ""english_translation"": ""He  is  (a  pair)  of  trousers   that   fit   every   one's thighs. He  is  so  powerful  that  every  one  fears  him."", ""note"": """", ""proverb_number"": 23, ""origin"": ""Merrick, G. (1905). Hausa Proverbs. Public domain (archive.org/details/hausaproverbs00merrrich)."", ""license"": ""Public Domain"", ""dialect_assigned_default"": true}"
"Mai abu kan san barra","proverb","8","{""source"": ""Hausa Proverbs"", ""genre"": ""proverb"", ""english_translation"": ""A  man  with  wealth  will  always  get  a  servant. San,  a  contraction  of  samu."", ""note"": """", ""proverb_number"": 24, ""origin"": ""Merrick, G. (1905). Hausa Proverbs. Public domain (archive.org/details/hausaproverbs00merrrich)."", ""license"": ""Public Domain"", ""dialect_assigned_default"": true}"
"Mai akwia ya yi taffia derri, bale mai kura","proverb","8","{""source"": ""Hausa Proverbs"", ""genre"": ""proverb"", ""english_translation"": ""If  the  owner  of  a  goat  is  not  afraid  to  travel  by"", ""note"": ""night,  why  should  the  owner  of  a  hyena be  (seeing  that  night  is  the  usual  time  for a  hyena  to  move  about)?"", ""proverb_number"": 25, ""origin"": ""Merrick, G. (1905). Hausa Proverbs. Public domain (archive.org/details/hausaproverbs00merrrich)."", ""license"": ""Public Domain"", ""dialect_assigned_default"": true}"
"Da ayi jiranka ga abinchi, gara akayi ka","proverb","8","{""source"": ""Hausa Proverbs"", ""genre"": ""proverb"", ""english_translation"": ""jira'n  abinchi."", ""note"": ""Better  that  you  should  be  made  to  wait  for  food than  that  food  should  be  made  to  wait  for you."", ""proverb_number"": 26, ""origin"": ""Merrick, G. (1905). Hausa Proverbs. Public domain (archive.org/details/hausaproverbs00merrrich)."", ""license"": ""Public Domain"", ""dialect_assigned_default"": true}"
"En chi dadi da yawa en wohalla, gara en","proverb","8","{""source"": ""Hausa Proverbs"", ""genre"": ""proverb"", ""english_translation"": ""chi  babu  dadi  wonda  ni  ke  koshi."", ""note"": ""Better  to  eat  something  not  tasty  which  is  enough, than  to  eat  something  tasty  which  upsets me. Enough  is  as  good  as  a  feast."", ""proverb_number"": 27, ""origin"": ""Merrick, G. (1905). Hausa Proverbs. Public domain (archive.org/details/hausaproverbs00merrrich)."", ""license"": ""Public Domain"", ""dialect_assigned_default"": true}"
"Mai tambaya ba shi bata, sai dei asheerinsa","proverb","8","{""source"": ""Hausa Proverbs"", ""genre"": ""proverb"", ""english_translation"": ""ka  tonoa."", ""note"": ""He  who  asks  does  not  go  wrong,  but  his  secret  is dug  up. The  first  part  of  this  proverb  is  very  commonly  used by  itself  with  the  meaning,  \""  Always  ask  if  you are  in  doubt.\"" The  meaning,  as  it  stands,  is — before  you  ask  for  infor- mation be  quite  sure  that  it  will  not  give  away your  object,  i.e.  if  you  wish  to  conceal  it."", ""proverb_number"": 28, ""origin"": ""Merrick, G. (1905). Hausa Proverbs. Public domain (archive.org/details/hausaproverbs00merrrich)."", ""license"": ""Public Domain"", ""dialect_assigned_default"": true}"
"Rami'n mugunta a ginnashi gajere","proverb","8","{""source"": ""Hausa Proverbs"", ""genre"": ""proverb"", ""english_translation"": ""Ɗio-  the  hole  of  evil  shallow."", ""note"": ""'&"", ""proverb_number"": 29, ""origin"": ""Merrick, G. (1905). Hausa Proverbs. Public domain (archive.org/details/hausaproverbs00merrrich)."", ""license"": ""Public Domain"", ""dialect_assigned_default"": true}"
"Kango'n Allah maiwuya'n tuk-yewa","proverb","8","{""source"": ""Hausa Proverbs"", ""genre"": ""proverb"", ""english_translation"": ""The  place  which  Allah  has  made  a  hango  is  hard to  fill."", ""note"": ""Kango,    any   place   which  has  at  one  time  been  in- habited, but  is  now  deserted. An  unlucky  man  will  always  be  unlucky."", ""proverb_number"": 30, ""origin"": ""Merrick, G. (1905). Hausa Proverbs. Public domain (archive.org/details/hausaproverbs00merrrich)."", ""license"": ""Public Domain"", ""dialect_assigned_default"": true}"
"Ganni'n ido ba shi hanna chi'n kai","proverb","8","{""source"": ""Hausa Proverbs"", ""genre"": ""proverb"", ""english_translation"": ""Seeing  the  eye  does  not  prevent  one  from  eating the  head."", ""note"": ""If  a  chief's  follower  was  brought  before  a  judge  and his  master  came  to  ask  that  he  might  be  let  off, this  might  be  said  to  him,  meaning,  ''  Though  I see  you  I  shall  still  do  justice,  I  shall  not  let  him off.\"""", ""proverb_number"": 31, ""origin"": ""Merrick, G. (1905). Hausa Proverbs. Public domain (archive.org/details/hausaproverbs00merrrich)."", ""license"": ""Public Domain"", ""dialect_assigned_default"": true}"
"Zakarra a-rataye ya yi koatuh ?","proverb","8","{""source"": ""Hausa Proverbs"", ""genre"": ""proverb"", ""english_translation"": ""Can  a  cock  slung  by  both  legs  peck  at  corn  ?"", ""note"": ""Kotu  or  koatuh,  the  pecking  action  of  hens  eating grain. Can  I  do  it  in  my  present  position  ?"", ""proverb_number"": 32, ""origin"": ""Merrick, G. (1905). Hausa Proverbs. Public domain (archive.org/details/hausaproverbs00merrrich)."", ""license"": ""Public Domain"", ""dialect_assigned_default"": true}"
"lya rua fidda kai","proverb","8","{""source"": ""Hausa Proverbs"", ""genre"": ""proverb"", ""english_translation"": ""He,  who  can  swim,  can  save  himself. Fidda,  a  contraction  of  \""  fita  da.\"""", ""note"": """", ""proverb_number"": 33, ""origin"": ""Merrick, G. (1905). Hausa Proverbs. Public domain (archive.org/details/hausaproverbs00merrrich)."", ""license"": ""Public Domain"", ""dialect_assigned_default"": true}"
"Da kura tana da magani'ii zawo, da ta yi","proverb","8","{""source"": ""Hausa Proverbs"", ""genre"": ""proverb"", ""english_translation"": ""ma  kanta."", ""note"": ""Had  the  kura  the  means  of  curing  itself  of  zav:o it  would  have  done  so. Physician  heal  thyself."", ""proverb_number"": 34, ""origin"": ""Merrick, G. (1905). Hausa Proverbs. Public domain (archive.org/details/hausaproverbs00merrrich)."", ""license"": ""Public Domain"", ""dialect_assigned_default"": true}"
"Daki ya tasshi, ragaya ya zona ?","proverb","8","{""source"": ""Hausa Proverbs"", ""genre"": ""proverb"", ""english_translation"": ""Will  the  ragaya  remain  when  the  hut  has  started on  a  journey  ?"", ""note"": ""Will  the  child  remain  when  his  father  goes  away. Is  it  likely  that  I  shall  remain  here  when  you,  my master,  are  going  ? Ragaya,  the  net  or  basket  of  string  which  will  be found  hanging  from  the  roof  of  any  hut ;  all  kinds of  odds  and  ends  are  put  into  it.      Vide  188."", ""proverb_number"": 35, ""origin"": ""Merrick, G. (1905). Hausa Proverbs. Public domain (archive.org/details/hausaproverbs00merrrich)."", ""license"": ""Public Domain"", ""dialect_assigned_default"": true}"
"Asa zuchia ta chi, shi ya kawo ji'n yungwa","proverb","8","{""source"": ""Hausa Proverbs"", ""genre"": ""proverb"", ""english_translation"": ""To  make  the  heart  eat  is  to  bring  a  feeling  of hunger. Wishing  for  a  thing  makes  one  feel  the  want  of  it."", ""note"": ""1 6  Hates  a  Proverbs"", ""proverb_number"": 36, ""origin"": ""Merrick, G. (1905). Hausa Proverbs. Public domain (archive.org/details/hausaproverbs00merrrich)."", ""license"": ""Public Domain"", ""dialect_assigned_default"": true}"
"Enna darra'n gammi","proverb","8","{""source"": ""Hausa Proverbs"", ""genre"": ""proverb"", ""english_translation"": ""Might  be  said  to  a  man  who  claims  to  have  met you  before  and  you  deny  it ;  it  is  as  if  one said,  \""  How  can  I  have  met  you,  it  would be  as  easy  for  the  pebbles  of  the  darra board  to  meet.\"""", ""note"": ""The  idea  is,  I  think,  that  as  the  pebbles  in  the  game of  darra  are  separated  by  the  partitions  of  the board,  so  have  you  been  from  the  man  you  are speaking  to. Darra  is  universal  throughout  the  Central  Sudan. The  board  is  made  either  of  wood  or  is  merely  a double  row  of  holes  in  the  ground.  Small  brass models  of  darra  boards  are  among  the  many Ashanti  \""  weights.\"""", ""proverb_number"": 37, ""origin"": ""Merrick, G. (1905). Hausa Proverbs. Public domain (archive.org/details/hausaproverbs00merrrich)."", ""license"": ""Public Domain"", ""dialect_assigned_default"": true}"
"Zua da kai wonda ya fi sako","proverb","8","{""source"": ""Hausa Proverbs"", ""genre"": ""proverb"", ""english_translation"": ""Going  oneself  is  what  is  better  than  a  substitute. The  master's  eye.     Personal  supervision."", ""note"": """", ""proverb_number"": 38, ""origin"": ""Merrick, G. (1905). Hausa Proverbs. Public domain (archive.org/details/hausaproverbs00merrrich)."", ""license"": ""Public Domain"", ""dialect_assigned_default"": true}"
"Sai anbatta akan nemi mashiggi","proverb","8","{""source"": ""Hausa Proverbs"", ""genre"": ""proverb"", ""english_translation"": ""One  only  seeks  a  guide  when  one  has  lost  the road."", ""note"": ""Mashiggi,  a  guide."", ""proverb_number"": 39, ""origin"": ""Merrick, G. (1905). Hausa Proverbs. Public domain (archive.org/details/hausaproverbs00merrrich)."", ""license"": ""Public Domain"", ""dialect_assigned_default"": true}"
"Zaki ba na seye ba, ba a-rena gwanda'n","proverb","8","{""source"": ""Hausa Proverbs"", ""genre"": ""proverb"", ""english_translation"": ""daji."", ""note"": ""Sweet  food  that  has  cost  you  nothing  is  not  to  be despised  even  if  it  is  only  a  bush  pawpaw. Zaki  has  the  guttural  \""  kaf,\""  and  means  sweet  food."", ""proverb_number"": 40, ""origin"": ""Merrick, G. (1905). Hausa Proverbs. Public domain (archive.org/details/hausaproverbs00merrrich)."", ""license"": ""Public Domain"", ""dialect_assigned_default"": true}"
"Gaadu ba na uwa ba, ba na uba ba, en","proverb","8","{""source"": ""Hausa Proverbs"", ""genre"": ""proverb"", ""english_translation"": ""anbaka  alura  ka  gode."", ""note"": ""An  inheritance,  which  does  not  come  either  from your  mother  or  your  father,  you  are  thankful for  it  even  if  it  is  only  a  needle."", ""proverb_number"": 41, ""origin"": ""Merrick, G. (1905). Hausa Proverbs. Public domain (archive.org/details/hausaproverbs00merrrich)."", ""license"": ""Public Domain"", ""dialect_assigned_default"": true}"
"Babba juji ne, kowa ya zo da shaara sai ya","proverb","8","{""source"": ""Hausa Proverbs"", ""genre"": ""proverb"", ""english_translation"": ""zubar. The  chief  (or  head  of  the  family)  is  like  a  dust-heap, every  one  comes  with  his   sweepings  and deposits  them. The  master  is  the  recipient  of  all  complaints  and  troubles."", ""note"": """", ""proverb_number"": 42, ""origin"": ""Merrick, G. (1905). Hausa Proverbs. Public domain (archive.org/details/hausaproverbs00merrrich)."", ""license"": ""Public Domain"", ""dialect_assigned_default"": true}"
"Dauda'n gora achikki akan sha slii","proverb","8","{""source"": ""Hausa Proverbs"", ""genre"": ""proverb"", ""english_translation"": ""The  dirt  inside  a  gora  is  drunk  inside."", ""note"": ""Swallow  your  wrath. Gora,  a  water-bottle ;  note  that  it  is  pronounced differently  from  gora,  a  male  bamboo."", ""proverb_number"": 43, ""origin"": ""Merrick, G. (1905). Hausa Proverbs. Public domain (archive.org/details/hausaproverbs00merrrich)."", ""license"": ""Public Domain"", ""dialect_assigned_default"": true}"
"Sai kwarri ya chikka, saanan akan yi zagia","proverb","8","{""source"": ""Hausa Proverbs"", ""genre"": ""proverb"", ""english_translation"": ""Only  when  the  quiver  is  full  do  you  make  a  zagia."", ""note"": ""Don't  give  anything  away  until  your  own  wants  are satisfied. Zagia,  when  a  quiver  is  full  it  is  usual  to  pull  two or  three  arrows  out  a  little  so  that  they  may  be easily  got  at  if  suddenly  wanted ;  this  projection of  arrows  is  called  the  zagia."", ""proverb_number"": 44, ""origin"": ""Merrick, G. (1905). Hausa Proverbs. Public domain (archive.org/details/hausaproverbs00merrrich)."", ""license"": ""Public Domain"", ""dialect_assigned_default"": true}"
"KunkuiTU ya so dambe, ba shi da yasa","proverb","8","{""source"": ""Hausa Proverbs"", ""genre"": ""proverb"", ""english_translation"": ""The  tortoise  wishes  to  fight  with  his  fists,  but  he has  no  fingers. Impotent  wrath."", ""note"": """", ""proverb_number"": 45, ""origin"": ""Merrick, G. (1905). Hausa Proverbs. Public domain (archive.org/details/hausaproverbs00merrrich)."", ""license"": ""Public Domain"", ""dialect_assigned_default"": true}"
"Gero ya saba da ganni'n rua tun ba na","proverb","8","{""source"": ""Hausa Proverbs"", ""genre"": ""proverb"", ""english_translation"": ""surfesbi  ba."", ""note"": ""Gero  (millet)  has  seen  (has  been  familiar  with) w^ater  before  it  was  put  into  the  turmi  to have  its  skin  taken  off. If  a  man  asks  one  for  anything  and  is  refused,  he  may make  this  reply,  as  much  as  to  say,  ''  Ail  right,  I can  get  plenty  more.\""' Siirfee,  the  operation  of  taking  off  the  \""  dusa.\"" Apropos  of  this,  there  is  a  saying  describing  the disadvantages  of  being  without  a  wife.  '*  Sissikka, siirfee,  bakachi,  tankaddi,  nikka,  dakka,  dauka'n rua  aiki'n  gobro  (or  goro). Clearing  the  chaff,  taking  off  the  dusa,  sifting  the  gari, winnowing,  rubbing  on  stones,  pounding  in  a turmi,  are  all  work  which  a  bachelor  has  to  do. C"", ""proverb_number"": 46, ""origin"": ""Merrick, G. (1905). Hausa Proverbs. Public domain (archive.org/details/hausaproverbs00merrrich)."", ""license"": ""Public Domain"", ""dialect_assigned_default"": true}"
"Komi ya ke chikkin dan kaza, shafu ya","proverb","8","{""source"": ""Hausa Proverbs"", ""genre"": ""proverb"", ""english_translation"": ""deddi  da  sanninslii."", ""note"": ""Whatever  there  is  inside  a  chicken  the  hawk  has been  familiar  with  it  for  a  very  long  time. There  is  not  much  that  you  can  teach  me  about  that."", ""proverb_number"": 47, ""origin"": ""Merrick, G. (1905). Hausa Proverbs. Public domain (archive.org/details/hausaproverbs00merrrich)."", ""license"": ""Public Domain"", ""dialect_assigned_default"": true}"
"Ansan baki yana da ja'n myo, akan zubar","proverb","8","{""source"": ""Hausa Proverbs"", ""genre"": ""proverb"", ""english_translation"": ""da  fari."", ""note"": ""It  is  well  known  that  the  month  has  red  spittle (or  that  it  looks  red  in  the  mouth),  still white  comes  out. Though  spittle  in  the  mouth  looks  red,  still,  when  it comes  out,  it  is  white,  so,  though  you  are  hot  with anger,  let  it  come  out  cool. I  know  you  are  angry,  still  forgive  him."", ""proverb_number"": 48, ""origin"": ""Merrick, G. (1905). Hausa Proverbs. Public domain (archive.org/details/hausaproverbs00merrrich)."", ""license"": ""Public Domain"", ""dialect_assigned_default"": true}"
"Gishiri nema (na yi ma) main kadde daria'n","proverb","8","{""source"": ""Hausa Proverbs"", ""genre"": ""proverb"", ""english_translation"": ""rana,   randa    rua    ya   zo    gishiri   ya  ji kumia."", ""note"": ""Salt  laughs  at  mai'n  liadde  while  the  sun shines,  but  when  rain  comes  it  hides  its head. Mai'n  kadde,  shea  butter. He  laughs  best  who  laughs  last.     Vide  63."", ""proverb_number"": 49, ""origin"": ""Merrick, G. (1905). Hausa Proverbs. Public domain (archive.org/details/hausaproverbs00merrrich)."", ""license"": ""Public Domain"", ""dialect_assigned_default"": true}"
"Inda gainya'n doka daia ya fadi, asa gain-","proverb","8","{""source"": ""Hausa Proverbs"", ""genre"": ""proverb"", ""english_translation"": ""ya'n  dorowa  derri  ba  rufe  wurinn."", ""note"": ""Where  one  doTca  leaf  has  fallen,  it  would  require more  than  100  dorowa  leaves  to  fill  its place. 100  men  will  not  fill  the  place  of  the  man  who  has  been removed  or  died ;  you  will  never  get  one  so  good. The  leaf  of  the  doka  is  a  large  flat  one  ;  that  of  the dorowa   is   like   that   of  an  ash  tree  or  a  fern ; when  a  leaf  falls  all  the  side  pieces  (pinnae)  fall separately. Wurinn,  note  the  accent  on  the  \""  inn,\""  meaning  \""  in that  place.\"""", ""proverb_number"": 50, ""origin"": ""Merrick, G. (1905). Hausa Proverbs. Public domain (archive.org/details/hausaproverbs00merrrich)."", ""license"": ""Public Domain"", ""dialect_assigned_default"": true}"
"Idan gamba tana da dadi a nono, nono ma","proverb","8","{""source"": ""Hausa Proverbs"", ""genre"": ""proverb"", ""english_translation"": ""yana  da  dadi  a  wuri'n  gamba. If  gamha  is  pleasant  (to  drink)  with  sour  milk,"", ""note"": ""sour    milk    is     pleasant     to     drink    with gamha. Gamba,  the  flour  of  millet,  to  which  water  has  been added. If  he  likes  me,  I  like  him.     If  he  agrees,  I  do."", ""proverb_number"": 51, ""origin"": ""Merrick, G. (1905). Hausa Proverbs. Public domain (archive.org/details/hausaproverbs00merrrich)."", ""license"": ""Public Domain"", ""dialect_assigned_default"": true}"
"Ba rabbo ba, dan wabi ya fada a wutta","proverb","8","{""source"": ""Hausa Proverbs"", ""genre"": ""proverb"", ""english_translation"": ""That  was  not  fated  to  be  my  share :  it  is  as  though"", ""note"": ""a  dan   tvahi   had   fallen  into  the  fire  and been  burnt  to  death. It  was  fated  that  I  should  not  get  it ;  it  is  no  loss. Dan  wabi,  a  child  that  is  fated  to  die. Mai   wabi,  a  woman  whose    children    die    one    after another. Itachi'n   wabi,   a   tree   whose   fruit   falls   off\""  without ripening."", ""proverb_number"": 52, ""origin"": ""Merrick, G. (1905). Hausa Proverbs. Public domain (archive.org/details/hausaproverbs00merrrich)."", ""license"": ""Public Domain"", ""dialect_assigned_default"": true}"
"Wurinda baki ya karkatta, nan myo kan","proverb","8","{""source"": ""Hausa Proverbs"", ""genre"": ""proverb"", ""english_translation"": ""zubar. Wherever    the    mouth    turns,    there     spittle    is expectorated."", ""note"": """", ""proverb_number"": 53, ""origin"": ""Merrick, G. (1905). Hausa Proverbs. Public domain (archive.org/details/hausaproverbs00merrrich)."", ""license"": ""Public Domain"", ""dialect_assigned_default"": true}"
"Ganni ya fi ji","proverb","8","{""source"": ""Hausa Proverbs"", ""genre"": ""proverb"", ""english_translation"": ""Seeing  is  better  than  hearing."", ""note"": ""To  be  able  to  say  that  you  have  seen  a  thing  with  your own  eyes  is  better  than  only  to  know  by  hearsay. The  full  formula  is — Q.   Ka  ganni?     A.   Xa  ganni. Q.  Ka  ji  ?    A.  Na  ji. The  questioner  now  says — ganni   ya   fi  ji — seeing   is believing."", ""proverb_number"": 54, ""origin"": ""Merrick, G. (1905). Hausa Proverbs. Public domain (archive.org/details/hausaproverbs00merrrich)."", ""license"": ""Public Domain"", ""dialect_assigned_default"": true}"
"Zamma dubara, ta ii karifi","proverb","8","{""source"": ""Hausa Proverbs"", ""genre"": ""proverb"", ""english_translation"": ""Stratagem  is  better  than  brute  force."", ""note"": ""Na  yi  maka  dubara.     I  give  you  a  bit  of  advice."", ""proverb_number"": 55, ""origin"": ""Merrick, G. (1905). Hausa Proverbs. Public domain (archive.org/details/hausaproverbs00merrrich)."", ""license"": ""Public Domain"", ""dialect_assigned_default"": true}"
"Kadda ya yi cbikki, ya haifu wuya","proverb","8","{""source"": ""Hausa Proverbs"", ""genre"": ""proverb"", ""english_translation"": ""Don't  let  him  conceive  and  bring  forth  trouble. Don't  do  something  that  you  will  be  sorry  for  after- wards."", ""note"": """", ""proverb_number"": 56, ""origin"": ""Merrick, G. (1905). Hausa Proverbs. Public domain (archive.org/details/hausaproverbs00merrrich)."", ""license"": ""Public Domain"", ""dialect_assigned_default"": true}"
"Ganni ba chi ba ne","proverb","8","{""source"": ""Hausa Proverbs"", ""genre"": ""proverb"", ""english_translation"": ""To  see  is  not  to  obtain."", ""note"": ""To  see  a  thing  does  not  necessarily  mean  that  you  will obtain  it.  Chi,  literally  to  eat,  often  means  to obtain."", ""proverb_number"": 57, ""origin"": ""Merrick, G. (1905). Hausa Proverbs. Public domain (archive.org/details/hausaproverbs00merrrich)."", ""license"": ""Public Domain"", ""dialect_assigned_default"": true}"
"Yo da gobe magani'n wata rana","proverb","8","{""source"": ""Hausa Proverbs"", ""genre"": ""proverb"", ""english_translation"": ""To-day    and    to-morrow   are   the   cure   for    wata rana."", ""note"": ""Wata  rana  signifies  an  indefinite  time, — Sai  wata rana, — we  will  meet  again  some  day.  The  idea is  that  every  day  that  passes  brings  \""  wata  rana  \"" nearer."", ""proverb_number"": 58, ""origin"": ""Merrick, G. (1905). Hausa Proverbs. Public domain (archive.org/details/hausaproverbs00merrrich)."", ""license"": ""Public Domain"", ""dialect_assigned_default"": true}"
"Tilas ba ta rassa daki'n kwana","proverb","8","{""source"": ""Hausa Proverbs"", ""genre"": ""proverb"", ""english_translation"": ""Compulsion  does  not  lack  a  house  to  sleep  in."", ""note"": ""Necessity  knows  no  law. Tilas  is  often  pronounced  chilas :  more  especially  in Kabbi  and  Ariawa."", ""proverb_number"": 59, ""origin"": ""Merrick, G. (1905). Hausa Proverbs. Public domain (archive.org/details/hausaproverbs00merrrich)."", ""license"": ""Public Domain"", ""dialect_assigned_default"": true}"
"Tilas kaia'n gwewa, yaro na ganni, babba","proverb","8","{""source"": ""Hausa Proverbs"", ""genre"": ""proverb"", ""english_translation"": ""na  dauka."", ""note"": ""Compulsion  is  the  load  of  ^i^eV-a;  the  boy  looks on  while  his  master  carries  it. Gwewa,  elephantiasis  of  the  testicles ;  it  is  a  disease from  which  a  boy  could  not  sufi'er,  and  is  a  load which  cannot  be  transferred  to  him. Na,  Vide^."", ""proverb_number"": 60, ""origin"": ""Merrick, G. (1905). Hausa Proverbs. Public domain (archive.org/details/hausaproverbs00merrrich)."", ""license"": ""Public Domain"", ""dialect_assigned_default"": true}"
"KafFa'n woni ba ta wa woni taffia","proverb","8","{""source"": ""Hausa Proverbs"", ""genre"": ""proverb"", ""english_translation"": ""The  legs  of  one  man  are  no  good  to  another  for walking."", ""note"": """", ""proverb_number"": 61, ""origin"": ""Merrick, G. (1905). Hausa Proverbs. Public domain (archive.org/details/hausaproverbs00merrrich)."", ""license"": ""Public Domain"", ""dialect_assigned_default"": true}"
"Idan dei a chini (ni=ne) ba a seyer ba, kaza","proverb","8","{""source"": ""Hausa Proverbs"", ""genre"": ""proverb"", ""english_translation"": ""ta  ii  doki."", ""note"": ""If  it  is  a  matter  of  eating  and  not  of  selling,  then the  hen  is  better  than  a  horse. Everything  has  its  own  peculiar  uses."", ""proverb_number"": 62, ""origin"": ""Merrick, G. (1905). Hausa Proverbs. Public domain (archive.org/details/hausaproverbs00merrrich)."", ""license"": ""Public Domain"", ""dialect_assigned_default"": true}"
"Mankadde ba ya saba da tandu ba","proverb","8","{""source"": ""Hausa Proverbs"", ""genre"": ""proverb"", ""english_translation"": ""The    manliadde   is    not    used    to    (fit    for)    the tandu."", ""note"": ""Mankadde,  or  more  correctly  main  kaddu,  is  a  grease or  ointment  (shea  butter), Tandu,  a  narrow-necked  leather  bottle. If  shea   butter   were  put    in    a    tandu    it  could  not easily  be  got  out ;  it  is  not  a  suitfcble  receptacle for  it.     Tide  49."", ""proverb_number"": 63, ""origin"": ""Merrick, G. (1905). Hausa Proverbs. Public domain (archive.org/details/hausaproverbs00merrrich)."", ""license"": ""Public Domain"", ""dialect_assigned_default"": true}"
"Da wutta da sebbi ba su zamma wiiri daia","proverb","8","{""source"": ""Hausa Proverbs"", ""genre"": ""proverb"", ""english_translation"": ""Fire  and  cotton  cannot  live  in  the  same  place. Sebbi,  cotton  in  the  fluffy  state  before  it  is  carded."", ""note"": """", ""proverb_number"": 64, ""origin"": ""Merrick, G. (1905). Hausa Proverbs. Public domain (archive.org/details/hausaproverbs00merrrich)."", ""license"": ""Public Domain"", ""dialect_assigned_default"": true}"
"Da kwoi da duchi ba su gamma wuri daia","proverb","8","{""source"": ""Hausa Proverbs"", ""genre"": ""proverb"", ""english_translation"": ""Eggs  and  stones  will  not  stay  in  the  same  place."", ""note"": ""%Q  Dan  kuka  ba  shi  zamma  dan  tsamia. The  fruit  of  the  kuka  and  the  fruit  of  the  tsamia are  different. The  kuka,  the  baobab  or  monkey  bread  tree ; tsamia,  the  tamarind.  The  fruit  of  the  former  is very  large,  that  of  the  latter  small,  in  a  pod  like peas."", ""proverb_number"": 65, ""origin"": ""Merrick, G. (1905). Hausa Proverbs. Public domain (archive.org/details/hausaproverbs00merrrich)."", ""license"": ""Public Domain"", ""dialect_assigned_default"": true}"
"Taba ta banbanta da gari'n gero","proverb","8","{""source"": ""Hausa Proverbs"", ""genre"": ""proverb"", ""english_translation"": ""Tobacco  and  the  flour  of  millet  are  very  different things."", ""note"": ""Tobacco  is  often  used  in  the  form  of  snuft',  so  that  the outward  appearance  of  gero  flour  and  tobacco would  not  be  very  different."", ""proverb_number"": 67, ""origin"": ""Merrick, G. (1905). Hausa Proverbs. Public domain (archive.org/details/hausaproverbs00merrrich)."", ""license"": ""Public Domain"", ""dialect_assigned_default"": true}"
"Kowa ya seye raria ya san ta zubar da rua","proverb","8","{""source"": ""Hausa Proverbs"", ""genre"": ""proverb"", ""english_translation"": ""Every  one  who  buys  a  raria  knows  that  it  does not  hold  water."", ""note"": ""Raria,  any  kind  of  sieve:  also  the  passages  under the  walls  of  a  town  which  allow  water  to  drain  off. You  know  what  you  are  about.  You  are  doing  it  with your  eyes  open. 22  Hausa  Provei-hs"", ""proverb_number"": 68, ""origin"": ""Merrick, G. (1905). Hausa Proverbs. Public domain (archive.org/details/hausaproverbs00merrrich)."", ""license"": ""Public Domain"", ""dialect_assigned_default"": true}"
"Ni ba ni so na shigga slieguUa, giandumma","proverb","8","{""source"": ""Hausa Proverbs"", ""genre"": ""proverb"", ""english_translation"": ""tana  rawTvah  takkai. I   don^t  want  to  join  in  tliat  business,  it  would be      like     a    yianchimma     playing     with taJcliai."", ""note"": ""Takkai,  when  any  kind  of  feast  or  rejoicing  is  in  pro- gress, among  other  means  of  adding  to  the  noise, men  often  beat  short  sticks  together,  these  sticks are  called  takkai. Giandumma,  the  hollowed  out  gourd  used  to  carry- water  on  a  journey.     It  is  very  fragile.     Vide  4."", ""proverb_number"": 69, ""origin"": ""Merrick, G. (1905). Hausa Proverbs. Public domain (archive.org/details/hausaproverbs00merrrich)."", ""license"": ""Public Domain"", ""dialect_assigned_default"": true}"
"Wonda ya yi tuo achikkin tulu ya san yenda","proverb","8","{""source"": ""Hausa Proverbs"", ""genre"": ""proverb"", ""english_translation"": ""za  ya  yi  kwashashi."", ""note"": ""Whoever  makes  tuo  inside  a  tulu  knows  how  he  is going  to  get  it  out. Tulu,  an  earthenware  jar  with  a  narrow  mouth. Tuo  is  eaten  from  a  calabash.     Each  of  the  party  in turn  puts  in  his  hand.     The  mouth  of  the  tulu will  not  admit  the  hand,  and  it  could  only  be extracted  with  great  difficulty. You  seem  to  be  doing  a  foolish  thing,  but  I  suppose you  know  what  you  are  about.     Vide  3."", ""proverb_number"": 70, ""origin"": ""Merrick, G. (1905). Hausa Proverbs. Public domain (archive.org/details/hausaproverbs00merrrich)."", ""license"": ""Public Domain"", ""dialect_assigned_default"": true}"
"Tnnkn ya san suri da za ya yi mashi kasshi","proverb","8","{""source"": ""Hausa Proverbs"", ""genre"": ""proverb"", ""english_translation"": ""The  tunku  knows  the  hillock  which  is  his  own icuri'n  hasshi. The  tunku,  a  kind  of  wild  cat.     It  is  said  to  be  very"", ""note"": ""strong  smelling. Suri,  an  ant  hill. Foxes  smell  their  own  holes."", ""proverb_number"": 71, ""origin"": ""Merrick, G. (1905). Hausa Proverbs. Public domain (archive.org/details/hausaproverbs00merrrich)."", ""license"": ""Public Domain"", ""dialect_assigned_default"": true}"
"Madaki shi ya san enda rua ke zubar mashi","proverb","8","{""source"": ""Hausa Proverbs"", ""genre"": ""proverb"", ""english_translation"": ""The  ov/ner  of  the  house  knows  from    where  the water  drips  on  him. Every  one  knows  his  own  business  best."", ""note"": """", ""proverb_number"": 72, ""origin"": ""Merrick, G. (1905). Hausa Proverbs. Public domain (archive.org/details/hausaproverbs00merrrich)."", ""license"": ""Public Domain"", ""dialect_assigned_default"": true}"
"Yi nema'n katanga enda ka fi karifi'n tulu","proverb","8","{""source"": ""Hausa Proverbs"", ""genre"": ""proverb"", ""english_translation"": ""Seek  for  hatanga  where  you  are  stronger  than   a tulu. Katanga,  a  fragment  of  pottery. Only  ask  for  a  thing  when  you  are  likely  to  get  it. Ne  ultra  sutor  crepidam."", ""note"": """", ""proverb_number"": 73, ""origin"": ""Merrick, G. (1905). Hausa Proverbs. Public domain (archive.org/details/hausaproverbs00merrrich)."", ""license"": ""Public Domain"", ""dialect_assigned_default"": true}"
"Kworria ta bi kworria, en ta bi akoshi sai ta","proverb","8","{""source"": ""Hausa Proverbs"", ""genre"": ""proverb"", ""english_translation"": ""mutu."", ""note"": ""The  calabash  follows  the  calabash,  when  it  follows the  wooden  basin  it  gets  broken. Don't  meddle  with  anything  which  is   outside  your sphere."", ""proverb_number"": 74, ""origin"": ""Merrick, G. (1905). Hausa Proverbs. Public domain (archive.org/details/hausaproverbs00merrrich)."", ""license"": ""Public Domain"", ""dialect_assigned_default"": true}"
"Mutum ba shi shigga mahauta shi ji'n tsoro'n","proverb","8","{""source"": ""Hausa Proverbs"", ""genre"": ""proverb"", ""english_translation"": ""jinni. A  man  does  not  enter  a  slaughter  honse  if  he  fears blood."", ""note"": """", ""proverb_number"": 75, ""origin"": ""Merrick, G. (1905). Hausa Proverbs. Public domain (archive.org/details/hausaproverbs00merrrich)."", ""license"": ""Public Domain"", ""dialect_assigned_default"": true}"
"Mutum da bunu a gatto ba shi gudumowa","proverb","8","{""source"": ""Hausa Proverbs"", ""genre"": ""proverb"", ""english_translation"": ""gobarra."", ""note"": ""A  man  wdth  grass  on  his  qaito  does  not  help  (to put  out)  a  conflagration."", ""proverb_number"": 76, ""origin"": ""Merrick, G. (1905). Hausa Proverbs. Public domain (archive.org/details/hausaproverbs00merrrich)."", ""license"": ""Public Domain"", ""dialect_assigned_default"": true}"
"Waja'n suka'n doki ba waja'n suka'n jirigi","proverb","8","{""source"": ""Hausa Proverbs"", ""genre"": ""proverb"", ""english_translation"": ""ba. A  horse  at  full  speed  is  a  very  different  thing  to  a boat  at  full  speed,  i.e.,  you  cannot  compare the  two."", ""note"": """", ""proverb_number"": 77, ""origin"": ""Merrick, G. (1905). Hausa Proverbs. Public domain (archive.org/details/hausaproverbs00merrrich)."", ""license"": ""Public Domain"", ""dialect_assigned_default"": true}"
"Mi ya gamma kifi da kaska ?","proverb","8","{""source"": ""Hausa Proverbs"", ""genre"": ""proverb"", ""english_translation"": ""What  will  bring  a  fish  and  a  tick  together Meaning  as  in  77."", ""note"": """", ""proverb_number"": 78, ""origin"": ""Merrick, G. (1905). Hausa Proverbs. Public domain (archive.org/details/hausaproverbs00merrrich)."", ""license"": ""Public Domain"", ""dialect_assigned_default"": true}"
"Aboki'n gammi'n maddi, gari'n tamba","proverb","8","{""source"": ""Hausa Proverbs"", ""genre"": ""proverb"", ""english_translation"": ""Maddi,   a   paste   made  from  the  fruit  of  the  dynnia"", ""note"": ""tree  and  very  black . Tamba,  a  herb  used  for  seasonmg.     It  is  cultivated, and  when  made  into  a  paste  is  also  very  black. The  two  mixed  together  make  a  drink. Where  you  find  the  one  you  find  the  other. Birds  of  a  feather  flock  together."", ""proverb_number"": 79, ""origin"": ""Merrick, G. (1905). Hausa Proverbs. Public domain (archive.org/details/hausaproverbs00merrrich)."", ""license"": ""Public Domain"", ""dialect_assigned_default"": true}"
"Mugu ya san makwanta'n mugu","proverb","8","{""source"": ""Hausa Proverbs"", ""genre"": ""proverb"", ""english_translation"": ""Evil  knows  the  sleeping  place  of  evil."", ""note"": """", ""proverb_number"": 80, ""origin"": ""Merrick, G. (1905). Hausa Proverbs. Public domain (archive.org/details/hausaproverbs00merrrich)."", ""license"": ""Public Domain"", ""dialect_assigned_default"": true}"
"Aboki'n gammi'n masa sure","proverb","8","{""source"": ""Hausa Proverbs"", ""genre"": ""proverb"", ""english_translation"": ""Masa,  baked  cakes;  we   should    call  them  pancakes."", ""note"": ""Sure,  a  herb  used  in  their  seasoning. Exactly  the  same  meaning  as  79."", ""proverb_number"": 81, ""origin"": ""Merrick, G. (1905). Hausa Proverbs. Public domain (archive.org/details/hausaproverbs00merrrich)."", ""license"": ""Public Domain"", ""dialect_assigned_default"": true}"
"Tumbi ba shi ki'n sanfo","proverb","8","{""source"": ""Hausa Proverbs"", ""genre"": ""proverb"", ""english_translation"": ""The  guts  don't  refuse  (or  object  to)  a  basket. Same  meaning  as  the  last  three."", ""note"": """", ""proverb_number"": 82, ""origin"": ""Merrick, G. (1905). Hausa Proverbs. Public domain (archive.org/details/hausaproverbs00merrrich)."", ""license"": ""Public Domain"", ""dialect_assigned_default"": true}"
"Dei-dei dei-dei kunua'n doki","proverb","8","{""source"": ""Hausa Proverbs"", ""genre"": ""proverb"", ""english_translation"": ""A  case  of  six  of  one  and  half  a  dozen  of  the  other."", ""note"": """", ""proverb_number"": 83, ""origin"": ""Merrick, G. (1905). Hausa Proverbs. Public domain (archive.org/details/hausaproverbs00merrrich)."", ""license"": ""Public Domain"", ""dialect_assigned_default"": true}"
"Halli zani'n duchi ne, ba mai iya shafewa,","proverb","8","{""source"": ""Hausa Proverbs"", ""genre"": ""proverb"", ""english_translation"": ""ba  mai  iya  sbafeyslii. Disposition  (or  a  man's  cature)  is  like  the  grain  of stone,  no  one  can  rub  it  out  or  efface  it."", ""note"": """", ""proverb_number"": 84, ""origin"": ""Merrick, G. (1905). Hausa Proverbs. Public domain (archive.org/details/hausaproverbs00merrrich)."", ""license"": ""Public Domain"", ""dialect_assigned_default"": true}"
"Albassa ba ta balli'n rua","proverb","8","{""source"": ""Hausa Proverbs"", ""genre"": ""proverb"", ""english_translation"": ""The  nature  of  an  onion  and  water  are  different (though  one  grows  by  the  help  of  the other)."", ""note"": """", ""proverb_number"": 85, ""origin"": ""Merrick, G. (1905). Hausa Proverbs. Public domain (archive.org/details/hausaproverbs00merrrich)."", ""license"": ""Public Domain"", ""dialect_assigned_default"": true}"
"Kowa da rananshi, mai ido daia ya leka","proverb","8","{""source"": ""Hausa Proverbs"", ""genre"": ""proverb"", ""english_translation"": ""buta. Every  one  has  his  peculiarities,  a  man  with  one eye  squints  down  the  mouth  of  a  buta. Buta,  another  word  for  gora,  a  water  bottle."", ""note"": """", ""proverb_number"": 86, ""origin"": ""Merrick, G. (1905). Hausa Proverbs. Public domain (archive.org/details/hausaproverbs00merrrich)."", ""license"": ""Public Domain"", ""dialect_assigned_default"": true}"
"Halli ya rigaya foro, halli'n mutum kowa da","proverb","8","{""source"": ""Hausa Proverbs"", ""genre"": ""proverb"", ""english_translation"": ""nasa. A  man's  disposition,  or  nature,  precedes  his  educa- tion, and  every  one  has  his  own."", ""note"": """", ""proverb_number"": 87, ""origin"": ""Merrick, G. (1905). Hausa Proverbs. Public domain (archive.org/details/hausaproverbs00merrrich)."", ""license"": ""Public Domain"", ""dialect_assigned_default"": true}"
"Tun randa akayi ginni, ranan akayi zani","proverb","8","{""source"": ""Hausa Proverbs"", ""genre"": ""proverb"", ""english_translation"": ""The  marks  on  the  mud  wall  are  made  at  the  same"", ""note"": ""time  as  the  wall. As   walls   are  built  up  of  mud,   which   is  laid   on   a handful  at  a  time,  the  marks  of  the  fingers  are  all over  the  surface,  and  when  the  mud  dries  they remain  there. The  same  meaning  as  the  last.     You  can't  change  the leopard's  spots."", ""proverb_number"": 88, ""origin"": ""Merrick, G. (1905). Hausa Proverbs. Public domain (archive.org/details/hausaproverbs00merrrich)."", ""license"": ""Public Domain"", ""dialect_assigned_default"": true}"
"Kowa ya ga shamuwa da kwushinta ya","proverb","8","{""source"": ""Hausa Proverbs"", ""genre"": ""proverb"", ""english_translation"": ""ganta."", ""note"": ""Every  one  wlio  sees  the  raven  knows  it   by  its red  legs. Much  the  same  meaning  as  the  last.  Every  one  has some  peculiarity  by  which  they  are  known."", ""proverb_number"": 89, ""origin"": ""Merrick, G. (1905). Hausa Proverbs. Public domain (archive.org/details/hausaproverbs00merrrich)."", ""license"": ""Public Domain"", ""dialect_assigned_default"": true}"
"Kowa ya ga zabua da zaninta ya ganta","proverb","8","{""source"": ""Hausa Proverbs"", ""genre"": ""proverb"", ""english_translation"": ""Every  one  who  sees  the  guinea  fowl  sees  it  with its  marks. Same  meaning  as  89."", ""note"": """", ""proverb_number"": 90, ""origin"": ""Merrick, G. (1905). Hausa Proverbs. Public domain (archive.org/details/hausaproverbs00merrrich)."", ""license"": ""Public Domain"", ""dialect_assigned_default"": true}"
"Woni tsuntsii ya ke gudu rua, agwagwa rua","proverb","8","{""source"": ""Hausa Proverbs"", ""genre"": ""proverb"", ""english_translation"": ""ta  ke  nema. Some  birds  avoid  water,  the  duck  searches  for  it. Every  one  to  his  own  taste."", ""note"": """", ""proverb_number"": 91, ""origin"": ""Merrick, G. (1905). Hausa Proverbs. Public domain (archive.org/details/hausaproverbs00merrrich)."", ""license"": ""Public Domain"", ""dialect_assigned_default"": true}"
"Kowoni tsuntsu ya yi kuka'n giddansa","proverb","8","{""source"": ""Hausa Proverbs"", ""genre"": ""proverb"", ""english_translation"": ""Every  bird  has  the  note  peculiar  to  its  own  kind."", ""note"": ""If  you  are  born  among  people  who  weave,  farm,  &c., you  will  do  the  same."", ""proverb_number"": 92, ""origin"": ""Merrick, G. (1905). Hausa Proverbs. Public domain (archive.org/details/hausaproverbs00merrrich)."", ""license"": ""Public Domain"", ""dialect_assigned_default"": true}"
"Kowa da kiwo da ya karbeslii, makwochi'n","proverb","8","{""source"": ""Hausa Proverbs"", ""genre"": ""proverb"", ""english_translation"": ""mai  akwia  ya  seye  kura."", ""note"": ""Every  one  has  the  food  that  suits  him,  sometimes the  neighbour  of  a  man  who  has  a  goat  will buy  a  kura."", ""proverb_number"": 93, ""origin"": ""Merrick, G. (1905). Hausa Proverbs. Public domain (archive.org/details/hausaproverbs00merrrich)."", ""license"": ""Public Domain"", ""dialect_assigned_default"": true}"
"Fura'n danko, a shekarra dama, ba shi faro-","proverb","8","{""source"": ""Hausa Proverbs"", ""genre"": ""proverb"", ""english_translation"": ""faro,  sai  bakki'n  rua."", ""note"": ""The  jura  of  rubber,  kneaded  for  a  year,  does  not become  white,  but  remains  black  water. Fura,  a  sort  of  dry  porridge  made  of  the  flour  of guinea  corn,  rice,  &c.  It  is  usually  eaten  mixed, with  sour  milk  or  water.  Fura'n  danko,  a  lump  of rubber.  Rubber  is  cleaned,  to  a  certain  extent  in water  before  being  offered  for  sale. 26  Hausa  Provei-bs"", ""proverb_number"": 94, ""origin"": ""Merrick, G. (1905). Hausa Proverbs. Public domain (archive.org/details/hausaproverbs00merrrich)."", ""license"": ""Public Domain"", ""dialect_assigned_default"": true}"
"Sata ta sache sata","proverb","8","{""source"": ""Hausa Proverbs"", ""genre"": ""proverb"", ""english_translation"": ""Does  dog  eat  dog."", ""note"": """", ""proverb_number"": 95, ""origin"": ""Merrick, G. (1905). Hausa Proverbs. Public domain (archive.org/details/hausaproverbs00merrrich)."", ""license"": ""Public Domain"", ""dialect_assigned_default"": true}"
"Shafu ba ya chi'n rabbo'n kunkurru","proverb","8","{""source"": ""Hausa Proverbs"", ""genre"": ""proverb"", ""english_translation"": ""The  hawk  does  not  eat  the  food  of  the  tortoise (because  their  tastes  are  different)."", ""note"": """", ""proverb_number"": 96, ""origin"": ""Merrick, G. (1905). Hausa Proverbs. Public domain (archive.org/details/hausaproverbs00merrrich)."", ""license"": ""Public Domain"", ""dialect_assigned_default"": true}"
"Yungwa na tanda kishinrua","proverb","8","{""source"": ""Hausa Proverbs"", ""genre"": ""proverb"", ""english_translation"": ""Does  hunger  lick  (the  hand  of)  thirst."", ""note"": ""If  one  beggar  had  just  received  something  and  another asked  him  for  a  share  he  might  reply  as  above. Na,  see  8."", ""proverb_number"": 97, ""origin"": ""Merrick, G. (1905). Hausa Proverbs. Public domain (archive.org/details/hausaproverbs00merrrich)."", ""license"": ""Public Domain"", ""dialect_assigned_default"": true}"
"Sabani'n kiwo shi ya sa kura ba ya chi birri","proverb","8","{""source"": ""Hausa Proverbs"", ""genre"": ""proverb"", ""english_translation"": ""ba."", ""note"": ""Difference  of  diet  saves  the  monkey  from  being eaten  by  the  kura. Because  it  is  so  dij5\""erent  that  they  never   meet   in getting  it."", ""proverb_number"": 98, ""origin"": ""Merrick, G. (1905). Hausa Proverbs. Public domain (archive.org/details/hausaproverbs00merrrich)."", ""license"": ""Public Domain"", ""dialect_assigned_default"": true}"
"Zamma da mai dauka'n kanwa shi ya kawo","proverb","8","{""source"": ""Hausa Proverbs"", ""genre"": ""proverb"", ""english_translation"": ""ja'n  kai. Living  with  a  man   who  carries  potash  is  what makes  your  head  red."", ""note"": ""Carrying  potash  on  the  head  makes  the  hair  red. You  can't  touch  pitch  without  being  defiled."", ""proverb_number"": 99, ""origin"": ""Merrick, G. (1905). Hausa Proverbs. Public domain (archive.org/details/hausaproverbs00merrrich)."", ""license"": ""Public Domain"", ""dialect_assigned_default"": true}"
"Zamma da mai zakkanku shi kan kawo","proverb","8","{""source"": ""Hausa Proverbs"", ""genre"": ""proverb"", ""english_translation"": ""dandanna. Associating  with  a  man  who  has  zakhaiikib  makes you  want  to  taste  it. Zakkanku,  the  ash  of   the  wood  of  a   small  thorny shrub  called  kaia'n  rakumi :  this  is  kneaded  into small  cakes  and  used  as  medicine."", ""note"": """", ""proverb_number"": 100, ""origin"": ""Merrick, G. (1905). Hausa Proverbs. Public domain (archive.org/details/hausaproverbs00merrrich)."", ""license"": ""Public Domain"", ""dialect_assigned_default"": true}"
"Idan angulu ta bia maka maradi, zabua ta","proverb","8","{""source"": ""Hausa Proverbs"", ""genre"": ""proverb"", ""english_translation"": ""taffi  da  zanenta. If  the  vulture  fulfils  your  desire,  the  guinea  fowl will  pass  you  by,  (beautiful)  marks  and  all. If  you  are  satisfied  to  associate  with  such  low  people, a  better  class  will  have  nothing  to  do  with  you."", ""note"": """", ""proverb_number"": 101, ""origin"": ""Merrick, G. (1905). Hausa Proverbs. Public domain (archive.org/details/hausaproverbs00merrrich)."", ""license"": ""Public Domain"", ""dialect_assigned_default"": true}"
"Gudu da marri ba shi magani'n bauta","proverb","8","{""source"": ""Hausa Proverbs"", ""genre"": ""proverb"", ""english_translation"": ""To  run  away  with  the  marri  on,  is  not  a  cure for  shwery."", ""note"": ""Marri,   leg  irons   put    on    both   legs.     A  man   can only  shuffle  along  with  them."", ""proverb_number"": 102, ""origin"": ""Merrick, G. (1905). Hausa Proverbs. Public domain (archive.org/details/hausaproverbs00merrrich)."", ""license"": ""Public Domain"", ""dialect_assigned_default"": true}"
"Biizarre ba shi rabba jaki da kaia","proverb","8","{""source"": ""Hausa Proverbs"", ""genre"": ""proverb"", ""english_translation"": ""Bucking  will  not  separate  a  donkey  and  its  load ; for  the  owner  will  merely  put  it  on  again. Don't  kick  against  the  pricks."", ""note"": """", ""proverb_number"": 103, ""origin"": ""Merrick, G. (1905). Hausa Proverbs. Public domain (archive.org/details/hausaproverbs00merrrich)."", ""license"": ""Public Domain"", ""dialect_assigned_default"": true}"
"Tsimmi da kasshi chikki ba shi magani'n","proverb","8","{""source"": ""Hausa Proverbs"", ""genre"": ""proverb"", ""english_translation"": ""yiingwa."", ""note"": ""Eking  out  (or  saving  up  for  another  day)  when your  stomach  is  empty  is  not  a  cure  for hunger."", ""proverb_number"": 104, ""origin"": ""Merrick, G. (1905). Hausa Proverbs. Public domain (archive.org/details/hausaproverbs00merrrich)."", ""license"": ""Public Domain"", ""dialect_assigned_default"": true}"
"A turn ba shi rabba karre da kura","proverb","8","{""source"": ""Hausa Proverbs"", ""genre"": ""proverb"", ""english_translation"": ""Throwing  earth  or  sand  on  them  will  not  separate a  dog  and  a  kura. That's  no  good."", ""note"": """", ""proverb_number"": 105, ""origin"": ""Merrick, G. (1905). Hausa Proverbs. Public domain (archive.org/details/hausaproverbs00merrrich)."", ""license"": ""Public Domain"", ""dialect_assigned_default"": true}"
"Ba aroko'n jinni ga fara","proverb","8","{""source"": ""Hausa Proverbs"", ""genre"": ""proverb"", ""english_translation"": ""Blood  is  not  begged  from  a  locust."", ""note"": ""Blood  from  a  stone."", ""proverb_number"": 106, ""origin"": ""Merrick, G. (1905). Hausa Proverbs. Public domain (archive.org/details/hausaproverbs00merrrich)."", ""license"": ""Public Domain"", ""dialect_assigned_default"": true}"
"Tsaria ba mu boye ne ba","proverb","8","{""source"": ""Hausa Proverbs"", ""genre"": ""proverb"", ""english_translation"": ""The  tsaria,  we  do  not  hide  there."", ""note"": ""Tsaria,  the  small  opening  through  which  jQre  is  put under  an  earth  bed. All  your  efforts  are  futile.     This  might  be  said  to  a man,  who  had  run  away  and   hidden,  after  he had  been  discovered."", ""proverb_number"": 107, ""origin"": ""Merrick, G. (1905). Hausa Proverbs. Public domain (archive.org/details/hausaproverbs00merrrich)."", ""license"": ""Public Domain"", ""dialect_assigned_default"": true}"
"Kana saida baba a rugga","proverb","8","{""source"": ""Hausa Proverbs"", ""genre"": ""proverb"", ""english_translation"": ""You  are  selling  your  indigo  at  a  rugga."", ""note"": ""Rugga,  the  temporary  village  of  nomad  Fulani. They  only  concern  themselves  with  cattle  and do  not  weave,  dye,  &c. ;  it  is  therefore  useless offering  them  indigo  for  sale."", ""proverb_number"": 108, ""origin"": ""Merrick, G. (1905). Hausa Proverbs. Public domain (archive.org/details/hausaproverbs00merrrich)."", ""license"": ""Public Domain"", ""dialect_assigned_default"": true}"
"Anyi berri'n tamba achikkin to-yi, babu","proverb","8","{""source"": ""Hausa Proverbs"", ""genre"": ""proverb"", ""english_translation"": ""mai  iya  sincbewa  sai  rua'n  bazarra  ya sauka."", ""note"": ""Tamba  seeds  are  left\""  in  io-yi^  there  is  no  one who  can  find  them  until  the  first  rains come. To-yi,  a  patch  of  bush  burnt  black. Tamba,  a  grass  with  black  seeds. Looking  for  a  needle  in  a  bundle  of  hay."", ""proverb_number"": 109, ""origin"": ""Merrick, G. (1905). Hausa Proverbs. Public domain (archive.org/details/hausaproverbs00merrrich)."", ""license"": ""Public Domain"", ""dialect_assigned_default"": true}"
"Gudu da susa'n gusu ba shi yi","proverb","8","{""source"": ""Hausa Proverbs"", ""genre"": ""proverb"", ""english_translation"": ""Kunning  and  scratching  oneself  does  not  do. You  can't  do  two  things  at  once."", ""note"": """", ""proverb_number"": 110, ""origin"": ""Merrick, G. (1905). Hausa Proverbs. Public domain (archive.org/details/hausaproverbs00merrrich)."", ""license"": ""Public Domain"", ""dialect_assigned_default"": true}"
"Ba a gammn gudu da susa'n katerri","proverb","8","{""source"": ""Hausa Proverbs"", ""genre"": ""proverb"", ""english_translation"": "";/         Ennning   and   scratching   one's   thigh   don't    go •  together."", ""note"": ""Same  meaning  as  109."", ""proverb_number"": 111, ""origin"": ""Merrick, G. (1905). Hausa Proverbs. Public domain (archive.org/details/hausaproverbs00merrrich)."", ""license"": ""Public Domain"", ""dialect_assigned_default"": true}"
"Ba asa yaya'n taura guda biu a baki","proverb","8","{""source"": ""Hausa Proverbs"", ""genre"": ""proverb"", ""english_translation"": ""You  can't  put   the  fruit  of   the  taura   in  your mouth  two  at  a  time. The  taura  tree  has  a  large  flat  fruit  which  is  edible,"", ""note"": """", ""proverb_number"": 112, ""origin"": ""Merrick, G. (1905). Hausa Proverbs. Public domain (archive.org/details/hausaproverbs00merrrich)."", ""license"": ""Public Domain"", ""dialect_assigned_default"": true}"
"Fura da zai (za ya) zubar ba shi tara'n","proverb","8","{""source"": ""Hausa Proverbs"", ""genre"": ""proverb"", ""english_translation"": ""guribi."", ""note"": ""A  pot  of  fura  that  is  going  to  fall  will  not  stay  in the  hole  hollowed  out  for  it. Guribi,    the    scratching    a    hen    makes    to   lay  an egg  in. What  must  be  must  be."", ""proverb_number"": 113, ""origin"": ""Merrick, G. (1905). Hausa Proverbs. Public domain (archive.org/details/hausaproverbs00merrrich)."", ""license"": ""Public Domain"", ""dialect_assigned_default"": true}"
"Sallati ba shi hanna karba'n rai","proverb","8","{""source"": ""Hausa Proverbs"", ""genre"": ""proverb"", ""english_translation"": ""Prayer  won't  prevent  you  from  dying."", ""note"": """", ""proverb_number"": 114, ""origin"": ""Merrick, G. (1905). Hausa Proverbs. Public domain (archive.org/details/hausaproverbs00merrrich)."", ""license"": ""Public Domain"", ""dialect_assigned_default"": true}"
"Da abinda mutum kan samu, da abinda kan","proverb","8","{""source"": ""Hausa Proverbs"", ""genre"": ""proverb"", ""english_translation"": ""samu  nai,  tun  ran  ta  lialita  shi  ke."", ""note"": ""\""What  a  man  gets  and  what  happens  to  him  is written  from  the  dav  of  his  birth."", ""proverb_number"": 115, ""origin"": ""Merrick, G. (1905). Hausa Proverbs. Public domain (archive.org/details/hausaproverbs00merrrich)."", ""license"": ""Public Domain"", ""dialect_assigned_default"": true}"
"Danda (da wonda) za ya mutu, magani ba","proverb","8","{""source"": ""Hausa Proverbs"", ""genre"": ""proverb"", ""english_translation"": ""ya  seyseyshi."", ""note"": ""The  man  who  is  fated  to  die  medicine  won't  save him. The  same  meaning  as  114."", ""proverb_number"": 116, ""origin"": ""Merrick, G. (1905). Hausa Proverbs. Public domain (archive.org/details/hausaproverbs00merrrich)."", ""license"": ""Public Domain"", ""dialect_assigned_default"": true}"
"Ayi nitso a masekki?","proverb","8","{""source"": ""Hausa Proverbs"", ""genre"": ""proverb"", ""english_translation"": ""Shall  one  drown  in  a  maselcki  ?■"", ""note"": ""Masekki,   a  large   calabash,  generally  used  to  hold water."", ""proverb_number"": 117, ""origin"": ""Merrick, G. (1905). Hausa Proverbs. Public domain (archive.org/details/hausaproverbs00merrrich)."", ""license"": ""Public Domain"", ""dialect_assigned_default"": true}"
"Ba a tasshi achikkin tsaria","proverb","8","{""source"": ""Hausa Proverbs"", ""genre"": ""proverb"", ""english_translation"": ""One  cannot  stand  upright  in  the  tsaria."", ""note"": ""The  tsaria  is  so  narrow  that  no  one,  however  small, could  get  into  it. You  can't  do  the  impossible.     Vide  107."", ""proverb_number"": 118, ""origin"": ""Merrick, G. (1905). Hausa Proverbs. Public domain (archive.org/details/hausaproverbs00merrrich)."", ""license"": ""Public Domain"", ""dialect_assigned_default"": true}"
"Chi loma ya fi jira'n malmala da ba kari","proverb","8","{""source"": ""Hausa Proverbs"", ""genre"": ""proverb"", ""english_translation"": ""ba."", ""note"": ""To  eat  a  mouthful  is  better  than  to  wait  for  a malmala  that  is  not  cooked. Loma,  a  mouthful. Malmala,  a  large    quantity  of  tuo   cooked  in  a  big pot  for  a  feast,  &c. A  bird  in  the  hand  is  worth  two  in  the  bush."", ""proverb_number"": 119, ""origin"": ""Merrick, G. (1905). Hausa Proverbs. Public domain (archive.org/details/hausaproverbs00merrrich)."", ""license"": ""Public Domain"", ""dialect_assigned_default"": true}"
"Mugu'n gatarinka ya ^ "" sare ka bani.""","proverb","8","{""source"": ""Hausa Proverbs"", ""genre"": ""proverb"", ""english_translation"": ""A  bad  axe  of  your  own  is  better  than  one  you have   to   wait   for   until    the   owner   has finished  with  it. Same  meaning  as  119."", ""note"": """", ""proverb_number"": 120, ""origin"": ""Merrick, G. (1905). Hausa Proverbs. Public domain (archive.org/details/hausaproverbs00merrrich)."", ""license"": ""Public Domain"", ""dialect_assigned_default"": true}"
"Kofa'n wutta ta fi enda ba a fura ba","proverb","8","{""source"": ""Hausa Proverbs"", ""genre"": ""proverb"", ""english_translation"": ""The  place  where  there  is  a  fire  is  better  than  the place  where  a  fire  has  not  been  lighted."", ""note"": """", ""proverb_number"": 121, ""origin"": ""Merrick, G. (1905). Hausa Proverbs. Public domain (archive.org/details/hausaproverbs00merrrich)."", ""license"": ""Public Domain"", ""dialect_assigned_default"": true}"
"Kwoi a bakka ya ii kaza achikkin akAvilke","proverb","8","{""source"": ""Hausa Proverbs"", ""genre"": ""proverb"", ""english_translation"": ""An  egg  in  the  mouth  is  better  than  a  hen  in  the coop. Same  meaning  as  119."", ""note"": """", ""proverb_number"": 122, ""origin"": ""Merrick, G. (1905). Hausa Proverbs. Public domain (archive.org/details/hausaproverbs00merrrich)."", ""license"": ""Public Domain"", ""dialect_assigned_default"": true}"
"Zamma da mai rabbo ya fi ^' ga hannuna.""","proverb","8","{""source"": ""Hausa Proverbs"", ""genre"": ""proverb"", ""english_translation"": ""To  live  with  a  man  who  shares  (who  is  liberal)  is better  than  always  having  to  say  \""  see  nay hand.\"""", ""note"": """", ""proverb_number"": 123, ""origin"": ""Merrick, G. (1905). Hausa Proverbs. Public domain (archive.org/details/hausaproverbs00merrrich)."", ""license"": ""Public Domain"", ""dialect_assigned_default"": true}"
"Samu ya fi resshi","proverb","8","{""source"": ""Hausa Proverbs"", ""genre"": ""proverb"", ""english_translation"": ""\""  To  have  \""  is  better  than  \""  not  to  have.\"""", ""note"": """", ""proverb_number"": 124, ""origin"": ""Merrick, G. (1905). Hausa Proverbs. Public domain (archive.org/details/hausaproverbs00merrrich)."", ""license"": ""Public Domain"", ""dialect_assigned_default"": true}"
"Maisamu ya rigaya mainema","proverb","8","{""source"": ""Hausa Proverbs"", ""genre"": ""proverb"", ""english_translation"": ""\""  He  who  has  \""  precedes  \""  he  who  wants.\"""", ""note"": """", ""proverb_number"": 125, ""origin"": ""Merrick, G. (1905). Hausa Proverbs. Public domain (archive.org/details/hausaproverbs00merrrich)."", ""license"": ""Public Domain"", ""dialect_assigned_default"": true}"
"Da babu wawa gara da wawa","proverb","8","{""source"": ""Hausa Proverbs"", ""genre"": ""proverb"", ""english_translation"": ""Better  to  have  a  fool  than  no  fool  at  all."", ""note"": ""Half  a  loaf  is  better  than  no  bread."", ""proverb_number"": 126, ""origin"": ""Merrick, G. (1905). Hausa Proverbs. Public domain (archive.org/details/hausaproverbs00merrrich)."", ""license"": ""Public Domain"", ""dialect_assigned_default"": true}"
"Komi mugu'n bawa ya ^ gidda'n wofi","proverb","8","{""source"": ""Hausa Proverbs"", ""genre"": ""proverb"", ""english_translation"": ""However  bad  a  slave  is  he  is  better  than  \""  empty house.\"""", ""note"": """", ""proverb_number"": 127, ""origin"": ""Merrick, G. (1905). Hausa Proverbs. Public domain (archive.org/details/hausaproverbs00merrrich)."", ""license"": ""Public Domain"", ""dialect_assigned_default"": true}"
"Komi tsannani'n jifa bissa kassa ta ke","proverb","8","{""source"": ""Hausa Proverbs"", ""genre"": ""proverb"", ""english_translation"": ""faddua."", ""note"": ""However  hard  a  thing  is  thrown  into  the  air  it always  falls  to  the  ground. Tsannani,  to  stretch,  of  a  string  or  rope. Woni    abu    ya    tsannancheni.     Something   troubles me. Tsannana,  hard  times."", ""proverb_number"": 128, ""origin"": ""Merrick, G. (1905). Hausa Proverbs. Public domain (archive.org/details/hausaproverbs00merrrich)."", ""license"": ""Public Domain"", ""dialect_assigned_default"": true}"
"Idan ka ji '^ marhaba "" ka ji "" a issa lafia.""","proverb","8","{""source"": ""Hausa Proverbs"", ""genre"": ""proverb"", ""english_translation"": ""If  you  hear  \""  welcome,\""  you  will  also  hear \""  May  you  reach  home  in  safety,\""  i.e.,  the guest  will  not  stay  for  ever."", ""note"": """", ""proverb_number"": 129, ""origin"": ""Merrick, G. (1905). Hausa Proverbs. Public domain (archive.org/details/hausaproverbs00merrrich)."", ""license"": ""Public Domain"", ""dialect_assigned_default"": true}"
"Demmi baki'n rumbu ko yo ko gobe","proverb","8","{""source"": ""Hausa Proverbs"", ""genre"": ""proverb"", ""english_translation"": ""The  bundle  at  the  mouth  of  the  rurahu  may  be taken  any  day."", ""note"": ""Rumbu,  the  large  earth  receptacle  into  which bundles  of  guinea  corn  are  put.  The  only  means of  getting  at  them  is  a  small  door  or  opening,  so that  the  nearest  ones  will  be  taken  first."", ""proverb_number"": 130, ""origin"": ""Merrick, G. (1905). Hausa Proverbs. Public domain (archive.org/details/hausaproverbs00merrrich)."", ""license"": ""Public Domain"", ""dialect_assigned_default"": true}"
"A juri zua rafi dei wata rana ayi berri","proverb","8","{""source"": ""Hausa Proverbs"", ""genre"": ""proverb"", ""english_translation"": ""Continual  going  to  the  stream  one  day  there  is  a leaving. Juri,  jimri,  yana  da  jimri,  he  is  doing  his  best. A  juri,  to  keep  on  going."", ""note"": """", ""proverb_number"": 131, ""origin"": ""Merrick, G. (1905). Hausa Proverbs. Public domain (archive.org/details/hausaproverbs00merrrich)."", ""license"": ""Public Domain"", ""dialect_assigned_default"": true}"
"Komi karko'n rua, ya koma kwarrie","proverb","8","{""source"": ""Hausa Proverbs"", ""genre"": ""proverb"", ""english_translation"": ""Water  always  finds  its  own  level."", ""note"": """", ""proverb_number"": 132, ""origin"": ""Merrick, G. (1905). Hausa Proverbs. Public domain (archive.org/details/hausaproverbs00merrrich)."", ""license"": ""Public Domain"", ""dialect_assigned_default"": true}"
"Banza ba shi kai zomo kasua","proverb","8","{""source"": ""Hausa Proverbs"", ""genre"": ""proverb"", ""english_translation"": ""\""  Do  nothing  \""  does  not  bring  a  hare  to  market. Nothing  can  be  done  without  work."", ""note"": """", ""proverb_number"": 133, ""origin"": ""Merrick, G. (1905). Hausa Proverbs. Public domain (archive.org/details/hausaproverbs00merrrich)."", ""license"": ""Public Domain"", ""dialect_assigned_default"": true}"
"Da resshi'n taye akan ber araha","proverb","8","{""source"": ""Hausa Proverbs"", ""genre"": ""proverb"", ""english_translation"": ""For  lack  of  asking  prices  bargains  are  lost."", ""note"": ""Taye,  to  ask   the   price  of   a   thing.     Ataya  minny shi,  find  out  its  price  for  me. Na  taya  hamsa,  I  offer  5,000."", ""proverb_number"": 134, ""origin"": ""Merrick, G. (1905). Hausa Proverbs. Public domain (archive.org/details/hausaproverbs00merrrich)."", ""license"": ""Public Domain"", ""dialect_assigned_default"": true}"
"Sai ansba wuya akan san babba","proverb","8","{""source"": ""Hausa Proverbs"", ""genre"": ""proverb"", ""english_translation"": ""Greatness  is  only  achieved  by  effort."", ""note"": """", ""proverb_number"": 135, ""origin"": ""Merrick, G. (1905). Hausa Proverbs. Public domain (archive.org/details/hausaproverbs00merrrich)."", ""license"": ""Public Domain"", ""dialect_assigned_default"": true}"
"Sai anbugga akan san beedi","proverb","8","{""source"": ""Hausa Proverbs"", ""genre"": ""proverb"", ""english_translation"": ""Only  by  fighting  can  the  better  man  be  found  out. Ya  bida  shi,  means  he  overcomes  him."", ""note"": """", ""proverb_number"": 136, ""origin"": ""Merrick, G. (1905). Hausa Proverbs. Public domain (archive.org/details/hausaproverbs00merrrich)."", ""license"": ""Public Domain"", ""dialect_assigned_default"": true}"
"Sai angamma jikki, akan san babba","proverb","8","{""source"": ""Hausa Proverbs"", ""genre"": ""proverb"", ""english_translation"": ""Who  is  the  better  man  can  only  be  decided  by \""body  to  body\""  (wrestling)."", ""note"": """", ""proverb_number"": 137, ""origin"": ""Merrick, G. (1905). Hausa Proverbs. Public domain (archive.org/details/hausaproverbs00merrrich)."", ""license"": ""Public Domain"", ""dialect_assigned_default"": true}"
"Wonda ya clii zomo ya clii gudu","proverb","8","{""source"": ""Hausa Proverbs"", ""genre"": ""proverb"", ""english_translation"": ""Whoever  catches  a  hare  has  to  run  for  it."", ""note"": """", ""proverb_number"": 138, ""origin"": ""Merrick, G. (1905). Hausa Proverbs. Public domain (archive.org/details/hausaproverbs00merrrich)."", ""license"": ""Public Domain"", ""dialect_assigned_default"": true}"
"Ba da magana ba shi kai rakumi Asben ba,","proverb","8","{""source"": ""Hausa Proverbs"", ""genre"": ""proverb"", ""english_translation"": ""sai  gammi  da  akala."", ""note"": ""Talking  won't  take  a  camel  to  Asben,  only acquaintance  with  the  nose  string. The  Asbenawa  (Kel  Geres  or  Kel  Owi)  are  the great  camel  owners  to  the  north  of  Nigeria. During  the  rainy  months  they  remain  in  Asben or  Air  (situated  about  latitude  19^),  and  come down  to  trade  in  the  dry."", ""proverb_number"": 139, ""origin"": ""Merrick, G. (1905). Hausa Proverbs. Public domain (archive.org/details/hausaproverbs00merrrich)."", ""license"": ""Public Domain"", ""dialect_assigned_default"": true}"
"Da resshi'n kirra karre'n baibai ya batche","proverb","8","{""source"": ""Hausa Proverbs"", ""genre"": ""proverb"", ""english_translation"": ""It  is  for  lack  of  calling  that  tlie  dumb  man's  dog"", ""note"": ""gets  lost."", ""proverb_number"": 140, ""origin"": ""Merrick, G. (1905). Hausa Proverbs. Public domain (archive.org/details/hausaproverbs00merrrich)."", ""license"": ""Public Domain"", ""dialect_assigned_default"": true}"
"Hang-ye (harara) ba shi kawo wonda ke da","proverb","8","{""source"": ""Hausa Proverbs"", ""genre"": ""proverb"", ""english_translation"": ""nesa. Gazing  at  a  man  who  is  a  long  way  oiff  will  not bring  him  to  you."", ""note"": """", ""proverb_number"": 141, ""origin"": ""Merrick, G. (1905). Hausa Proverbs. Public domain (archive.org/details/hausaproverbs00merrrich)."", ""license"": ""Public Domain"", ""dialect_assigned_default"": true}"
"Ayi taffia ya li zamma","proverb","8","{""source"": ""Hausa Proverbs"", ""genre"": ""proverb"", ""english_translation"": ""\""  Move  about \""  is  better  than  *'  sit  still.\"""", ""note"": ""An  active  (and  therefore  a  willing)  man  is  better  than an  unwilling."", ""proverb_number"": 142, ""origin"": ""Merrick, G. (1905). Hausa Proverbs. Public domain (archive.org/details/hausaproverbs00merrrich)."", ""license"": ""Public Domain"", ""dialect_assigned_default"": true}"
"Dan kuka shi kan ja ma uwanshi jifa","proverb","8","{""source"": ""Hausa Proverbs"", ""genre"": ""proverb"", ""english_translation"": ""It  is  the  fruit  of  the  kuka  tree  that  causes  its"", ""note"": ""mother  to  be  thrown  at. Any  one  who  wants  to  get  the  fruit  of  the  kuka  tree throws  stones  till  he  knocks  one  down.     The  tree is  difficult  to  climb,  and  the  fruit,  which  hangs  by a  long  stalk,  is  easily  knocked  down."", ""proverb_number"": 143, ""origin"": ""Merrick, G. (1905). Hausa Proverbs. Public domain (archive.org/details/hausaproverbs00merrrich)."", ""license"": ""Public Domain"", ""dialect_assigned_default"": true}"
"Dan usuli ya fi shiggegi","proverb","8","{""source"": ""Hausa Proverbs"", ""genre"": ""proverb"", ""english_translation"": ""The  original  inhabitant  is  better  than  a  stranger."", ""note"": """", ""proverb_number"": 144, ""origin"": ""Merrick, G. (1905). Hausa Proverbs. Public domain (archive.org/details/hausaproverbs00merrrich)."", ""license"": ""Public Domain"", ""dialect_assigned_default"": true}"
"Mutum ba slii soka'n chikkinshi, saanan shi","proverb","8","{""source"": ""Hausa Proverbs"", ""genre"": ""proverb"", ""english_translation"": ""komo  shi  yi  kirari. A  man  does  not  stick  a  knife  into  his  stomach  and then  go  and  boast  about  it. A  man  does  not  do  an  injury  to,  or  make  an  accusa- tion against  a  relation  and  then  go  and  boast about  it."", ""note"": """", ""proverb_number"": 145, ""origin"": ""Merrick, G. (1905). Hausa Proverbs. Public domain (archive.org/details/hausaproverbs00merrrich)."", ""license"": ""Public Domain"", ""dialect_assigned_default"": true}"
"Jinni ya fi rua guibi","proverb","8","{""source"": ""Hausa Proverbs"", ""genre"": ""proverb"", ""english_translation"": ""Blood  is  thicker  than  water."", ""note"": """", ""proverb_number"": 146, ""origin"": ""Merrick, G. (1905). Hausa Proverbs. Public domain (archive.org/details/hausaproverbs00merrrich)."", ""license"": ""Public Domain"", ""dialect_assigned_default"": true}"
"Mu dei bera'n rami daia, en ba agamma","proverb","8","{""source"": ""Hausa Proverbs"", ""genre"": ""proverb"", ""english_translation"": ""ashigga  ba,  agamma  a  fita. We  are  mice  of  one  hole,  if  we  don't  meet  going in  we  meet  going  out. If  you  refuse  to  lend  a  man  something  that  he  asks for,  he  might  reply  as  above,  meaning,  \""Any  day you  may  want  to  borrow  from  me.\"""", ""note"": """", ""proverb_number"": 147, ""origin"": ""Merrick, G. (1905). Hausa Proverbs. Public domain (archive.org/details/hausaproverbs00merrrich)."", ""license"": ""Public Domain"", ""dialect_assigned_default"": true}"
"Akwia ta miitii, ta ber fata na sha'n wiiya","proverb","8","{""source"": ""Hausa Proverbs"", ""genre"": ""proverb"", ""english_translation"": ""The  goat  has  died  and  left  its  skin  to  encounter difficulties. The  skin  being  the  children  and  family  generally."", ""note"": """", ""proverb_number"": 148, ""origin"": ""Merrick, G. (1905). Hausa Proverbs. Public domain (archive.org/details/hausaproverbs00merrrich)."", ""license"": ""Public Domain"", ""dialect_assigned_default"": true}"
"Hankuri'n wuya sai naka","proverb","8","{""source"": ""Hausa Proverbs"", ""genre"": ""proverb"", ""english_translation"": ""Only  your  own  people  will  be  patient  under  hard work."", ""note"": """", ""proverb_number"": 149, ""origin"": ""Merrick, G. (1905). Hausa Proverbs. Public domain (archive.org/details/hausaproverbs00merrrich)."", ""license"": ""Public Domain"", ""dialect_assigned_default"": true}"
"Ba samu'n abinchi ke da wuya, wurinda","proverb","8","{""source"": ""Hausa Proverbs"", ""genre"": ""proverb"", ""english_translation"": ""zaka  je  ka  chislii  shi  ke  da  wuya."", ""note"": ""As  the  hen  says,  \""  It  is  easy  enough  to  find  food, but  hard  to  get  away  to  a  place  where  you can  eat  it  in  peace.\"" Your  friends  and  relations  always  want  a  share  of your  goods."", ""proverb_number"": 150, ""origin"": ""Merrick, G. (1905). Hausa Proverbs. Public domain (archive.org/details/hausaproverbs00merrrich)."", ""license"": ""Public Domain"", ""dialect_assigned_default"": true}"
"Dan uwa rebbi'n jikki ne, abinda ya tabbi","proverb","8","{""source"": ""Hausa Proverbs"", ""genre"": ""proverb"", ""english_translation"": ""waje  daia,  komi  kankantanchi,  sai  ka  ji zafi."", ""note"": ""Eelations  are  like  a  part  of  your  body,  if  anything touches  it,  however  small,  you  feel  it."", ""proverb_number"": 151, ""origin"": ""Merrick, G. (1905). Hausa Proverbs. Public domain (archive.org/details/hausaproverbs00merrrich)."", ""license"": ""Public Domain"", ""dialect_assigned_default"": true}"
"Ma fi dadi'n rai dan uwa","proverb","8","{""source"": ""Hausa Proverbs"", ""genre"": ""proverb"", ""english_translation"": ""A  man's  relations  are  the  pleasantest  things  on earth."", ""note"": """", ""proverb_number"": 152, ""origin"": ""Merrick, G. (1905). Hausa Proverbs. Public domain (archive.org/details/hausaproverbs00merrrich)."", ""license"": ""Public Domain"", ""dialect_assigned_default"": true}"
"Dan uwa riga'n kaia (i^>) ne, en ka sashi","proverb","8","{""source"": ""Hausa Proverbs"", ""genre"": ""proverb"", ""english_translation"": ""ya  sokeka,  ba  ka  dama'n  chirreshi,  ka yer  da  shi."", ""note"": ""Eelations  are  like  a  coat  of  thorns,  you  put  it  on and  it  pricks  you,  you  cannot  (are  not \""  fit \""  to)  pull  it  ofi\""  and  throw  it  away."", ""proverb_number"": 153, ""origin"": ""Merrick, G. (1905). Hausa Proverbs. Public domain (archive.org/details/hausaproverbs00merrrich)."", ""license"": ""Public Domain"", ""dialect_assigned_default"": true}"
"Dodowa shina gaia ma manda bakki","proverb","8","{""source"": ""Hausa Proverbs"", ""genre"": ""proverb"", ""english_translation"": ""Dodowa,  the  small  block  of  pounded  dorowa  seeds,"", ""note"": ""sold  in  every  market.     They  are  very  black. Manda,  a  black  salt  from  Bornu. Pot  calling  the  kettle  black. D"", ""proverb_number"": 154, ""origin"": ""Merrick, G. (1905). Hausa Proverbs. Public domain (archive.org/details/hausaproverbs00merrrich)."", ""license"": ""Public Domain"", ""dialect_assigned_default"": true}"
"Daria'n darara, funtu daria'n mai riga","proverb","8","{""source"": ""Hausa Proverbs"", ""genre"": ""proverb"", ""english_translation"": ""To  laugh  at  a  laughing  man  is  like  a  naked  man jeering  at  a  man  with  a  coat. Meaning  as  in  lo4."", ""note"": """", ""proverb_number"": 155, ""origin"": ""Merrick, G. (1905). Hausa Proverbs. Public domain (archive.org/details/hausaproverbs00merrrich)."", ""license"": ""Public Domain"", ""dialect_assigned_default"": true}"
"Madoatchi shina re 'da dumma","proverb","8","{""source"": ""Hausa Proverbs"", ""genre"": ""proverb"", ""english_translation"": ""Madoatchi,  a  bitter-tasting  tree."", ""note"": ""Dumraa,    a   kind    of    calalDash.     Its    inside    is   very bitter. Re'da,  to    whisper,    backbite,    insinuate    something against. Meaning  as  in  154."", ""proverb_number"": 156, ""origin"": ""Merrick, G. (1905). Hausa Proverbs. Public domain (archive.org/details/hausaproverbs00merrrich)."", ""license"": ""Public Domain"", ""dialect_assigned_default"": true}"
"Allah na mutane. jaba ta ga baki'n mijinta","proverb","8","{""source"": ""Hausa Proverbs"", ""genre"": ""proverb"", ""english_translation"": ""Allah  made  all  men,  the  long-nosed  rat  laughs  at her  husband's  snout. Meaning  as  in  154."", ""note"": """", ""proverb_number"": 157, ""origin"": ""Merrick, G. (1905). Hausa Proverbs. Public domain (archive.org/details/hausaproverbs00merrrich)."", ""license"": ""Public Domain"", ""dialect_assigned_default"": true}"
"Abinda ba a-tamaha anyishi","proverb","8","{""source"": ""Hausa Proverbs"", ""genre"": ""proverb"", ""english_translation"": ""The  unexpected  has  happened."", ""note"": """", ""proverb_number"": 158, ""origin"": ""Merrick, G. (1905). Hausa Proverbs. Public domain (archive.org/details/hausaproverbs00merrrich)."", ""license"": ""Public Domain"", ""dialect_assigned_default"": true}"
"Anatamaha wutta makera, anka isketa","proverb","8","{""source"": ""Hausa Proverbs"", ""genre"": ""proverb"", ""english_translation"": ""masaka."", ""note"": ""One  is  expecting  fire  at  a  blacksmith's,  one  gets  it at  the  weaver's."", ""proverb_number"": 159, ""origin"": ""Merrick, G. (1905). Hausa Proverbs. Public domain (archive.org/details/hausaproverbs00merrrich)."", ""license"": ""Public Domain"", ""dialect_assigned_default"": true}"
"Rammamme kada maikibba","proverb","8","{""source"": ""Hausa Proverbs"", ""genre"": ""proverb"", ""english_translation"": ""The  very  thin  defeats  the  very  fat."", ""note"": ""The  unexpected  happens."", ""proverb_number"": 160, ""origin"": ""Merrick, G. (1905). Hausa Proverbs. Public domain (archive.org/details/hausaproverbs00merrrich)."", ""license"": ""Public Domain"", ""dialect_assigned_default"": true}"
"Anyi kunnu don auki, ya komo ya rassa","proverb","8","{""source"": ""Hausa Proverbs"", ""genre"": ""proverb"", ""english_translation"": ""auki."", ""note"": ""Etmnu  was  made  so  as  to  be  in  a  great  quantity, it  turns  round  and  is  not  in  great  quantity. Kunnu,  gari  and  hot  water  mixed  to  form  a  drink. It  is  made  with  a  good   deal  of  water  so  that there  shall  be  plenty  of  it. Auki,  plenty,  a  great  quantity."", ""proverb_number"": 161, ""origin"": ""Merrick, G. (1905). Hausa Proverbs. Public domain (archive.org/details/hausaproverbs00merrrich)."", ""license"": ""Public Domain"", ""dialect_assigned_default"": true}"
"Na dauki karre clon hauslii, ya komo shina","proverb","8","{""source"": ""Hausa Proverbs"", ""genre"": ""proverb"", ""english_translation"": ""tunkwie."", ""note"": ""I  got  the  dog  on  account  of  its  barking  (i.e.  I got  it  as  a  watch  dog)  ;  it  turns  round  and butts  like  a  goat. This  has  turned  out  contrary  to  my  expectation."", ""proverb_number"": 162, ""origin"": ""Merrick, G. (1905). Hausa Proverbs. Public domain (archive.org/details/hausaproverbs00merrrich)."", ""license"": ""Public Domain"", ""dialect_assigned_default"": true}"
"Garaji ba karifi ne ba","proverb","8","{""source"": ""Hausa Proverbs"", ""genre"": ""proverb"", ""english_translation"": ""Garaji  is  not  strength. Garaji,  hurry,  worry."", ""note"": """", ""proverb_number"": 163, ""origin"": ""Merrick, G. (1905). Hausa Proverbs. Public domain (archive.org/details/hausaproverbs00merrrich)."", ""license"": ""Public Domain"", ""dialect_assigned_default"": true}"
"Kwaramnia ba ta dakka","proverb","8","{""source"": ""Hausa Proverbs"", ""genre"": ""proverb"", ""english_translation"": ""Hurry  does  not  stay  at  home."", ""note"": ""More  haste  less  speed. Kwaramnia,     mai    kwaramnia,    a    hasty    man,    an impetuous  man."", ""proverb_number"": 164, ""origin"": ""Merrick, G. (1905). Hausa Proverbs. Public domain (archive.org/details/hausaproverbs00merrrich)."", ""license"": ""Public Domain"", ""dialect_assigned_default"": true}"
"Mai son zaii ya iska nowyi (nowwa)","proverb","8","{""source"": ""Hausa Proverbs"", ""genre"": ""proverb"", ""english_translation"": ""The  impetuous  man  meets  with  delay."", ""note"": ""More  haste  less  speed."", ""proverb_number"": 165, ""origin"": ""Merrick, G. (1905). Hausa Proverbs. Public domain (archive.org/details/hausaproverbs00merrrich)."", ""license"": ""Public Domain"", ""dialect_assigned_default"": true}"
"Taffia sanu sanu kwana nesa","proverb","8","{""source"": ""Hausa Proverbs"", ""genre"": ""proverb"", ""english_translation"": ""Travelling  slowly  (and  with  due  caution)  you  will sleep  far."", ""note"": """", ""proverb_number"": 166, ""origin"": ""Merrick, G. (1905). Hausa Proverbs. Public domain (archive.org/details/hausaproverbs00merrrich)."", ""license"": ""Public Domain"", ""dialect_assigned_default"": true}"
"Hankuri, hatchi'n tukunia ne, ba slii wuya'n","proverb","8","{""source"": ""Hausa Proverbs"", ""genre"": ""proverb"", ""english_translation"": ""kariwa."", ""note"": ""Patience  is  like  grass  for  (lighting  a  fire  to  cook) a  pot,  it  quickly  comes  to  an  end."", ""proverb_number"": 167, ""origin"": ""Merrick, G. (1905). Hausa Proverbs. Public domain (archive.org/details/hausaproverbs00merrrich)."", ""license"": ""Public Domain"", ""dialect_assigned_default"": true}"
"Wa ta dama dunia? Maras hankuri shi ne","proverb","8","{""source"": ""Hausa Proverbs"", ""genre"": ""proverb"", ""english_translation"": ""ta  dama."", ""note"": ""Who  finds  the  world  troublesome  ?  the  impatient man."", ""proverb_number"": 168, ""origin"": ""Merrick, G. (1905). Hausa Proverbs. Public domain (archive.org/details/hausaproverbs00merrrich)."", ""license"": ""Public Domain"", ""dialect_assigned_default"": true}"
"Hankuri'n kaia sal jaki","proverb","8","{""source"": ""Hausa Proverbs"", ""genre"": ""proverb"", ""english_translation"": ""The  donkey  surpasses  all  animals  in  his  endurance in  carrying  a  load."", ""note"": """", ""proverb_number"": 169, ""origin"": ""Merrick, G. (1905). Hausa Proverbs. Public domain (archive.org/details/hausaproverbs00merrrich)."", ""license"": ""Public Domain"", ""dialect_assigned_default"": true}"
"Mahankurclii, mawadd'achi","proverb","8","{""source"": ""Hausa Proverbs"", ""genre"": ""proverb"", ""english_translation"": ""Tlie  man  witli  patience  gets  a  competency. Wadd'a,  to  have  more  than  enough,  to  be  rich."", ""note"": """", ""proverb_number"": 170, ""origin"": ""Merrick, G. (1905). Hausa Proverbs. Public domain (archive.org/details/hausaproverbs00merrrich)."", ""license"": ""Public Domain"", ""dialect_assigned_default"": true}"
"Saba'n ido shi ke sa areni","proverb","8","{""source"": ""Hausa Proverbs"", ""genre"": ""proverb"", ""english_translation"": ""\""  Being  used  to  of  the  eye  \""  causes  contempt. Familiarity  breeds  contempt."", ""note"": """", ""proverb_number"": 171, ""origin"": ""Merrick, G. (1905). Hausa Proverbs. Public domain (archive.org/details/hausaproverbs00merrrich)."", ""license"": ""Public Domain"", ""dialect_assigned_default"": true}"
"Sabo dei (da ya yi) shi ke sa arena mutum","proverb","8","{""source"": ""Hausa Proverbs"", ""genre"": ""proverb"", ""english_translation"": ""Same  meaning  as  above."", ""note"": """", ""proverb_number"": 172, ""origin"": ""Merrick, G. (1905). Hausa Proverbs. Public domain (archive.org/details/hausaproverbs00merrrich)."", ""license"": ""Public Domain"", ""dialect_assigned_default"": true}"
"Ya yi gudu'n garra ya fadi zaggo","proverb","8","{""source"": ""Hausa Proverbs"", ""genre"": ""proverb"", ""english_translation"": ""He  runs  from  the  garra  and  stumbles  over  the 'zaggo. Garra,  the  small  species  of  ant  called  white  ant. Zaggo,  the   large   black   one   whose  sting   is  rather"", ""note"": ""painful. Out  of  the  frying  pan  into  the  fire."", ""proverb_number"": 173, ""origin"": ""Merrick, G. (1905). Hausa Proverbs. Public domain (archive.org/details/hausaproverbs00merrrich)."", ""license"": ""Public Domain"", ""dialect_assigned_default"": true}"
"Ya yi gndu'n chichifi shigga mache mache","proverb","8","{""source"": ""Hausa Proverbs"", ""genre"": ""proverb"", ""english_translation"": ""Ya  yi  gudu'n  yeyefi  shigga  mamako."", ""note"": ""He  runs  from  the  shower  and  enters  a  downpour. The  first  form  is  as  given  in  Kabbi ;  the  second  as given  in  Zaria. 1 75  Kaikai  ya  komo  mai  shakia. Curses  come  home  to  roost. Kaikai,  the  chaff  of  any  grain. Shakia,  pronounce  as  in  English  shake. Shika,  to  keep  on  pouring  grain  from  one  calabash  to another  so  that  the  chaff  may  blow  away  ;    to winnow."", ""proverb_number"": 174, ""origin"": ""Merrick, G. (1905). Hausa Proverbs. Public domain (archive.org/details/hausaproverbs00merrrich)."", ""license"": ""Public Domain"", ""dialect_assigned_default"": true}"
"Bu^nsuru ya je berbera ya dawo da chikki","proverb","8","{""source"": ""Hausa Proverbs"", ""genre"": ""proverb"", ""english_translation"": ""The   he-goat   goes   a-seeking  tiie    she-goat;    he returns  in  child. The  biter  bitten."", ""note"": """", ""proverb_number"": 176, ""origin"": ""Merrick, G. (1905). Hausa Proverbs. Public domain (archive.org/details/hausaproverbs00merrrich)."", ""license"": ""Public Domain"", ""dialect_assigned_default"": true}"
"Masubamu anabasu, mata ta ga anaba miji","proverb","8","{""source"": ""Hausa Proverbs"", ""genre"": ""proverb"", ""english_translation"": ""kasslii."", ""note"": ""The  biter  bitten,  as  a  wife  who  sees  her  husband beaten  (having  beaten  her)."", ""proverb_number"": 177, ""origin"": ""Merrick, G. (1905). Hausa Proverbs. Public domain (archive.org/details/hausaproverbs00merrrich)."", ""license"": ""Public Domain"", ""dialect_assigned_default"": true}"
"Kowa ya clebo da zafi, bakinsa za ya sa","proverb","8","{""source"": ""Hausa Proverbs"", ""genre"": ""proverb"", ""english_translation"": ""Every  one  must  take  the  consequences  of  his  own acts."", ""note"": """", ""proverb_number"": 178, ""origin"": ""Merrick, G. (1905). Hausa Proverbs. Public domain (archive.org/details/hausaproverbs00merrrich)."", ""license"": ""Public Domain"", ""dialect_assigned_default"": true}"
"AYanka'n wiitta ziibawa daia ne","proverb","8","{""source"": ""Hausa Proverbs"", ""genre"": ""proverb"", ""english_translation"": ""Washing  with  fire  ;  one  pour."", ""note"": ""Once  bit  twice  shy."", ""proverb_number"": 179, ""origin"": ""Merrick, G. (1905). Hausa Proverbs. Public domain (archive.org/details/hausaproverbs00merrrich)."", ""license"": ""Public Domain"", ""dialect_assigned_default"": true}"
"So daia giijia'n makafo ta kona, na bin sal","proverb","8","{""source"": ""Hausa Proverbs"", ""genre"": ""proverb"", ""english_translation"": ""shi  cliita  dainya."", ""note"": ""Once  the  blind  man's  ground-nut  is  burnt  (while he  is  cooking  it)  next  time  he  eats  it  raw. A  burnt  child  fears  the  fire."", ""proverb_number"": 180, ""origin"": ""Merrick, G. (1905). Hausa Proverbs. Public domain (archive.org/details/hausaproverbs00merrrich)."", ""license"": ""Public Domain"", ""dialect_assigned_default"": true}"
"Dan buzrua'n akwia, en ba ya yi gaslii","proverb","8","{""source"": ""Hausa Proverbs"", ""genre"": ""proverb"", ""english_translation"": ""koenna  ba,  ya  yi  a  kattaterri."", ""note"": ""Though  the  young  of  the  hairy  goat  may  not have  hair  everywhere,  it  has  on  its  thighs anyhow. The  child  has  always  some  points  of  resemblance  to its  parents."", ""proverb_number"": 181, ""origin"": ""Merrick, G. (1905). Hausa Proverbs. Public domain (archive.org/details/hausaproverbs00merrrich)."", ""license"": ""Public Domain"", ""dialect_assigned_default"": true}"
"Da da mahaifi ba arrabbasn","proverb","8","{""source"": ""Hausa Proverbs"", ""genre"": ""proverb"", ""english_translation"": ""The  son  and  his  father  are  not  to  be  divided. Like  father  like  son."", ""note"": """", ""proverb_number"": 182, ""origin"": ""Merrick, G. (1905). Hausa Proverbs. Public domain (archive.org/details/hausaproverbs00merrrich)."", ""license"": ""Public Domain"", ""dialect_assigned_default"": true}"
"Ba a rerebbi da fusari'n maijego","proverb","8","{""source"": ""Hausa Proverbs"", ""genre"": ""proverb"", ""english_translation"": ""Same  meaning  as  above."", ""note"": """", ""proverb_number"": 183, ""origin"": ""Merrick, G. (1905). Hausa Proverbs. Public domain (archive.org/details/hausaproverbs00merrrich)."", ""license"": ""Public Domain"", ""dialect_assigned_default"": true}"
"Da wasa da varo^ goum mu kwana da","proverb","8","{""source"": ""Hausa Proverbs"", ""genre"": ""proverb"", ""english_translation"": ""y^o"", ""note"": ""frwa, Better  sleep  hungry  than  play  (or  trifle)  with  a boy. This  saying  is  constantly  heard.  It  shows  the  native objection  to  being  too  familiar  with  inferiors. They  invariably  take  advantage  of  it."", ""proverb_number"": 184, ""origin"": ""Merrick, G. (1905). Hausa Proverbs. Public domain (archive.org/details/hausaproverbs00merrrich)."", ""license"": ""Public Domain"", ""dialect_assigned_default"": true}"
"Yaro main kaza ne, en ya ji rana, sai shi","proverb","8","{""source"": ""Hausa Proverbs"", ""genre"": ""proverb"", ""english_translation"": ""narke."", ""note"": ""A  boy  is  like  a  hen's  fat,  when  it  feels  the  sun  it melts. A  boy  has  not  a  man's  endurance,  any  hardship  will overcome  him."", ""proverb_number"": 185, ""origin"": ""Merrick, G. (1905). Hausa Proverbs. Public domain (archive.org/details/hausaproverbs00merrrich)."", ""license"": ""Public Domain"", ""dialect_assigned_default"": true}"
"Zamma da mugun babba, yaro tsak-y^","proverb","8","{""source"": ""Hausa Proverbs"", ""genre"": ""proverb"", ""english_translation"": ""dubara."", ""note"": ""A  boy  whose  master  is  harsh  (evil)  has  to  lookout for  himself  (watch  it)."", ""proverb_number"": 186, ""origin"": ""Merrick, G. (1905). Hausa Proverbs. Public domain (archive.org/details/hausaproverbs00merrrich)."", ""license"": ""Public Domain"", ""dialect_assigned_default"": true}"
"Kadda a kwache ma yaro galma, en ya ji","proverb","8","{""source"": ""Hausa Proverbs"", ""genre"": ""proverb"", ""english_translation"": ""rana  ya  yayes."", ""note"": ""Don't  take  a  boy's  cjalma  from  him  (and  do  his work),  for  he  will  throw  it  down  when  he finds  it  too  hot  to  work. Let  him  alone,  he  will  look  after  himself. Galma,  a  hoe."", ""proverb_number"": 187, ""origin"": ""Merrick, G. (1905). Hausa Proverbs. Public domain (archive.org/details/hausaproverbs00merrrich)."", ""license"": ""Public Domain"", ""dialect_assigned_default"": true}"
"Kworria tagari tana ragaya","proverb","8","{""source"": ""Hausa Proverbs"", ""genre"": ""proverb"", ""english_translation"": ""A  good  woman  stays  at  home  like  the  hworria  in the  ragaya."", ""note"": ""Ragaya,  the  string  basket  or  net  which  \\vill  be  found hanging  from  the  roof  of  any  hut ;  the  woman of  the  house  puts  any  odds  and  ends  into  it. There  is  often  a  small  calabash  or  kworria  at  the bottom  to  hold  the  smaller  articles.      Vide  33."", ""proverb_number"": 188, ""origin"": ""Merrick, G. (1905). Hausa Proverbs. Public domain (archive.org/details/hausaproverbs00merrrich)."", ""license"": ""Public Domain"", ""dialect_assigned_default"": true}"
"Mata'n zamani ba tukunia ne ba, baM","proverb","8","{""source"": ""Hausa Proverbs"", ""genre"": ""proverb"", ""english_translation"": ""akwonkwossa,  aji  wonda  ta  ii  kwahrie."", ""note"": ""A  woman  is  not  like  an  earthen  pot  which  we  try by  tapping  to  see  which  is  strongest. A  man  selling  pots  in  the  market  taps  them  at  the bottom  to  show  that  they  are  quite  sound."", ""proverb_number"": 189, ""origin"": ""Merrick, G. (1905). Hausa Proverbs. Public domain (archive.org/details/hausaproverbs00merrrich)."", ""license"": ""Public Domain"", ""dialect_assigned_default"": true}"
"Karifi'n mata sai yawa'n magana","proverb","8","{""source"": ""Hausa Proverbs"", ""genre"": ""proverb"", ""english_translation"": ""The  strength  of  a  woman  is  in  her  tongue."", ""note"": """", ""proverb_number"": 190, ""origin"": ""Merrick, G. (1905). Hausa Proverbs. Public domain (archive.org/details/hausaproverbs00merrrich)."", ""license"": ""Public Domain"", ""dialect_assigned_default"": true}"
"Hankuri'n wuya sai da","proverb","8","{""source"": ""Hausa Proverbs"", ""genre"": ""proverb"", ""english_translation"": ""Only  a  free  man  is  patient  of  hard  work  (for  he works  for  himself)."", ""note"": """", ""proverb_number"": 191, ""origin"": ""Merrick, G. (1905). Hausa Proverbs. Public domain (archive.org/details/hausaproverbs00merrrich)."", ""license"": ""Public Domain"", ""dialect_assigned_default"": true}"
"Komi akayi ma da, ya rama, amma banda","proverb","8","{""source"": ""Hausa Proverbs"", ""genre"": ""proverb"", ""english_translation"": ""ginna  kushiewa."", ""note"": ""Whatever  you  do  to  a  free  man  he  will  return  it (whether  good  or  evil)  let  us  except,  how- ever, digging  his  grave  (for  if  you  dig  his grave  he  will  be  dead)."", ""proverb_number"": 192, ""origin"": ""Merrick, G. (1905). Hausa Proverbs. Public domain (archive.org/details/hausaproverbs00merrrich)."", ""license"": ""Public Domain"", ""dialect_assigned_default"": true}"
"Doki "" da na sani "" ba shi zua yaki","proverb","8","{""source"": ""Hausa Proverbs"", ""genre"": ""proverb"", ""english_translation"": ""The  horse,  \""had  I  known/^  does  not  go  to  war."", ""note"": ""Compare  another  similar  construction,  ''  Ba  don  sabbo da  duchi  ba,  da  ba  na  fadi  ba.  Had  it  not  been for  the  stone  I  should  not  have  fallen/' 194  ^*  Da  na  sani  \""  kyeya  ne,  abaya  akanbershi. \""  Had  I  known  \""  is  like  the  back  of  a  man^s  head, it  is  always  left  behind. Kyeya,  the  back  of  the  skull."", ""proverb_number"": 193, ""origin"": ""Merrick, G. (1905). Hausa Proverbs. Public domain (archive.org/details/hausaproverbs00merrrich)."", ""license"": ""Public Domain"", ""dialect_assigned_default"": true}"
"Allah ya tseremu da ""da na sani.""","proverb","8","{""source"": ""Hausa Proverbs"", ""genre"": ""proverb"", ""english_translation"": ""Allah  preserve  us  from  \""  had  I  known.\"""", ""note"": """", ""proverb_number"": 195, ""origin"": ""Merrick, G. (1905). Hausa Proverbs. Public domain (archive.org/details/hausaproverbs00merrrich)."", ""license"": ""Public Domain"", ""dialect_assigned_default"": true}"
"Eena kamma ka ga gaiya","proverb","8","{""source"": ""Hausa Proverbs"", ""genre"": ""proverb"", ""english_translation"": ""Despising   on   account    of    appearance    you    see"", ""note"": ""gain  a. Appearances  are  deceptive. If  a  man  gets  the  better  of  you  one  day  and  some other  day  you  get  the  better  of  him,  you  are  said to  \""  ka  ram  a  gaiya.\"" Ya  rama  mashi  gaiya.     He  got  something  back  on him."", ""proverb_number"": 196, ""origin"": ""Merrick, G. (1905). Hausa Proverbs. Public domain (archive.org/details/hausaproverbs00merrrich)."", ""license"": ""Public Domain"", ""dialect_assigned_default"": true}"
"Karmamme da nowyi'n duchi, alura da","proverb","8","{""source"": ""Hausa Proverbs"", ""genre"": ""proverb"", ""english_translation"": ""nowyi'n  galma."", ""note"": ""A  guinea  corn  stalk  as  heavy  as  a  stone,  a  needle as  heavy  as  a  hoe. Two  things  which  one  would  expect  to  find  light, lie  does  not  look  as  if  he  could,  but  he  can."", ""proverb_number"": 197, ""origin"": ""Merrick, G. (1905). Hausa Proverbs. Public domain (archive.org/details/hausaproverbs00merrrich)."", ""license"": ""Public Domain"", ""dialect_assigned_default"": true}"
"Halaamu'n karifi ga maikibba","proverb","8","{""source"": ""Hausa Proverbs"", ""genre"": ""proverb"", ""english_translation"": ""The  appearance  of  strength  is  to  the  fat  man. Same  meaning  as  196."", ""note"": """", ""proverb_number"": 198, ""origin"": ""Merrick, G. (1905). Hausa Proverbs. Public domain (archive.org/details/hausaproverbs00merrrich)."", ""license"": ""Public Domain"", ""dialect_assigned_default"": true}"
"Giingummi'n ayaba, tsofiia na ganninka ta","proverb","8","{""source"": ""Hausa Proverbs"", ""genre"": ""proverb"", ""english_translation"": ""kwana  da  clari."", ""note"": ""0  log  of  the  plaintain,  the  old  woman  sees  you, she  will  sleep  cold. The  log  of  a  plaintain  tree  is  full  of  sap  and  would never  burn.  The  old  woman  sees  the  log  from  a long  way  off,  goes  to  it  and  finds  it  useless.  Her movements  are  so  slow  that  she  has  no  time  to get  another. Na,  usually  tana.  The  word  is  also  used  by  itself in  the  same  way  as  \""  ke.\""'     Vide  8."", ""proverb_number"": 199, ""origin"": ""Merrick, G. (1905). Hausa Proverbs. Public domain (archive.org/details/hausaproverbs00merrrich)."", ""license"": ""Public Domain"", ""dialect_assigned_default"": true}"
"Rama chiuta ga mai cliiuta, ibada ne","proverb","8","{""source"": ""Hausa Proverbs"", ""genre"": ""proverb"", ""english_translation"": ""To  return  evil  for  evil  is  a  praiseworthy  action."", ""note"": """", ""proverb_number"": 200, ""origin"": ""Merrick, G. (1905). Hausa Proverbs. Public domain (archive.org/details/hausaproverbs00merrrich)."", ""license"": ""Public Domain"", ""dialect_assigned_default"": true}"
"Na yi maka chikki a gwiwu, mai wuya'n","proverb","8","{""source"": ""Hausa Proverbs"", ""genre"": ""proverb"", ""english_translation"": ""haifua."", ""note"": ""1  will  make  a  stomach  (swelling  as  if  with  child) on  yonr  knees,  from  which  the  bringing forth  will  be  painful  (difficult). I  will  do  you  an  injury,  and  you  will  not  be  able  to retaliate  (or  which  will  give  you  great  trouble)."", ""proverb_number"": 201, ""origin"": ""Merrick, G. (1905). Hausa Proverbs. Public domain (archive.org/details/hausaproverbs00merrrich)."", ""license"": ""Public Domain"", ""dialect_assigned_default"": true}"
"M da rikewa kafo, woni ya yi tasa ?","proverb","8","{""source"": ""Hausa Proverbs"", ""genre"": ""proverb"", ""english_translation"": ""Am  I  to  hold  the  horns  while  someone  else  gets the  udder. Am  I  to  do  all  the  work,  &c."", ""note"": """", ""proverb_number"": 202, ""origin"": ""Merrick, G. (1905). Hausa Proverbs. Public domain (archive.org/details/hausaproverbs00merrrich)."", ""license"": ""Public Domain"", ""dialect_assigned_default"": true}"
"Ba na gasso gado dan keesbia ya ban","proverb","8","{""source"": ""Hausa Proverbs"", ""genre"": ""proverb"", ""english_translation"": ""I  won't  make  the  oven  bed  for  my  rival's  son  to get  on."", ""note"": ""Shi  ya  zamma  keeshiansa  ;  he  becomes  his  snpplanter. \""When  a  man  takes  a  second  wife  it  may  be  said  of the  first,  \""  Anyi  mata  keeshia.\"" Aboki \""n  keeshi,  a  rival  or  supplanter."", ""proverb_number"": 203, ""origin"": ""Merrick, G. (1905). Hausa Proverbs. Public domain (archive.org/details/hausaproverbs00merrrich)."", ""license"": ""Public Domain"", ""dialect_assigned_default"": true}"
"Woni da toosa, woni da karba'n riga","proverb","8","{""source"": ""Hausa Proverbs"", ""genre"": ""proverb"", ""english_translation"": ""Same  sense  as  202."", ""note"": """", ""proverb_number"": 204, ""origin"": ""Merrick, G. (1905). Hausa Proverbs. Public domain (archive.org/details/hausaproverbs00merrrich)."", ""license"": ""Public Domain"", ""dialect_assigned_default"": true}"
"Wata ya seyray kankantchi'ii garra","proverb","8","{""source"": ""Hausa Proverbs"", ""genre"": ""proverb"", ""english_translation"": ""Does  the  moon  trouble  itself  about  the  punisli-, ment  of  an  ant.  ;"", ""note"": ""I  can't  trouble  myself  about  such  trifles."", ""proverb_number"": 205, ""origin"": ""Merrick, G. (1905). Hausa Proverbs. Public domain (archive.org/details/hausaproverbs00merrrich)."", ""license"": ""Public Domain"", ""dialect_assigned_default"": true}"
"Wiicliiar raknmi ta yi nesa da kassa","proverb","8","{""source"": ""Hausa Proverbs"", ""genre"": ""proverb"", ""english_translation"": ""The  camel's  tail  is  far  from  the  ground."", ""note"": ""Same  meaning  as  205."", ""proverb_number"": 206, ""origin"": ""Merrick, G. (1905). Hausa Proverbs. Public domain (archive.org/details/hausaproverbs00merrrich)."", ""license"": ""Public Domain"", ""dialect_assigned_default"": true}"
"AVonda ya clie ya iya hadie gatari, a rike","proverb","8","{""source"": ""Hausa Proverbs"", ""genre"": ""proverb"", ""english_translation"": ""masa  koata. If  a  man  says  he  can  swallow  a  pickaxe  hold  the handle  for  him."", ""note"": ""If  a  man  says  he  can  do  a  thing,  which  you  suspect  to be  beyond  his  powers,  don't  let  him  get  out  of doing  it,  keep  him  to  his  word. 208  \""Wonda  ya  clie  rino  ba  ya  aiki  ba,  shi  koma matsaya'n  rino,  shi  tsaya,  mu  ganni. Let  the  man  who  says  the  vino  does  not  work  get into  its  place.     Will  he  stop   there  ?  we will  see. If  you  know  so  much  about  it  do  it  yourself. Rino,  a  three-pronged  fork  or  skevrer  used  for  cooking."", ""proverb_number"": 207, ""origin"": ""Merrick, G. (1905). Hausa Proverbs. Public domain (archive.org/details/hausaproverbs00merrrich)."", ""license"": ""Public Domain"", ""dialect_assigned_default"": true}"
"Matsorachi rairai ne, ko ka cliibrashi","proverb","8","{""source"": ""Hausa Proverbs"", ""genre"": ""proverb"", ""english_translation"": ""(churaslii),    idan   ya   ji   sainyi   sai   ya wache. The  coward  is  like  sand,  even  when  you  knead it  together,  if  water  is  poured  on   it,  it falls  to  pieces."", ""note"": """", ""proverb_number"": 209, ""origin"": ""Merrick, G. (1905). Hausa Proverbs. Public domain (archive.org/details/hausaproverbs00merrrich)."", ""license"": ""Public Domain"", ""dialect_assigned_default"": true}"
"Gudii gado'n matsorachi, tsayawa na","proverb","8","{""source"": ""Hausa Proverbs"", ""genre"": ""proverb"", ""english_translation"": ""maikarifi'n  zucbia. To  run  is  the  couch  of  the  coward,  to  stand  fast,  of the  brave  man."", ""note"": """", ""proverb_number"": 210, ""origin"": ""Merrick, G. (1905). Hausa Proverbs. Public domain (archive.org/details/hausaproverbs00merrrich)."", ""license"": ""Public Domain"", ""dialect_assigned_default"": true}"
"Inda halli, muni keau nCj inda ba halli ba,","proverb","8","{""source"": ""Hausa Proverbs"", ""genre"": ""proverb"", ""english_translation"": ""keau  muni  ne."", ""note"": ""Where  there  is  a  (good)  disposition  ugliness  is beanty  (or  evil  is  good),  but  where  there  is no  disposition  beauty  is  ugliness. Handsome  is  as  handsome  does."", ""proverb_number"": 211, ""origin"": ""Merrick, G. (1905). Hausa Proverbs. Public domain (archive.org/details/hausaproverbs00merrrich)."", ""license"": ""Public Domain"", ""dialect_assigned_default"": true}"
"Ba keau ba ga daki'n gona, sbi dei ya yi","proverb","8","{""source"": ""Hausa Proverbs"", ""genre"": ""proverb"", ""english_translation"": ""magani'n  rua."", ""note"": ""The  farm  shelter  is  not  beautiful,  but  it  keeps out  rain. Daki'n  gona,  an  erection  of  grass  put  up  tempo- rarily while  the  owner  of  a  farm  is  working  on  it. Farms  are  often  many  miles  from  the  town. Meaning  as  in  211."", ""proverb_number"": 212, ""origin"": ""Merrick, G. (1905). Hausa Proverbs. Public domain (archive.org/details/hausaproverbs00merrrich)."", ""license"": ""Public Domain"", ""dialect_assigned_default"": true}"
"Karami'n sani kunkummi ne","proverb","8","{""source"": ""Hausa Proverbs"", ""genre"": ""proverb"", ""english_translation"": ""Little  knowledge  is  like  huiikummi."", ""note"": ""Kunkummi,  the  tying  the  hand  to  the  neck,  as  is ,,-^  done  with  prisoners,"", ""proverb_number"": 213, ""origin"": ""Merrick, G. (1905). Hausa Proverbs. Public domain (archive.org/details/hausaproverbs00merrrich)."", ""license"": ""Public Domain"", ""dialect_assigned_default"": true}"
"Ressbi'n sani ya fi derri dufFu","proverb","8","{""source"": ""Hausa Proverbs"", ""genre"": ""proverb"", ""english_translation"": ""Lack  of  knowledge  is  darker  than  night."", ""note"": """", ""proverb_number"": 214, ""origin"": ""Merrick, G. (1905). Hausa Proverbs. Public domain (archive.org/details/hausaproverbs00merrrich)."", ""license"": ""Public Domain"", ""dialect_assigned_default"": true}"
"Resshi'n sani slii kan sa makafo ya taka","proverb","8","{""source"": ""Hausa Proverbs"", ""genre"": ""proverb"", ""english_translation"": ""sariki. It  is  only  lack  of  knowledge  (knowing  where  he is)  which  would  make  a  blind  man  tread on  a  king."", ""note"": """", ""proverb_number"": 215, ""origin"": ""Merrick, G. (1905). Hausa Proverbs. Public domain (archive.org/details/hausaproverbs00merrrich)."", ""license"": ""Public Domain"", ""dialect_assigned_default"": true}"
"Ko a fadi a tassbi salka ya fi giandumma","proverb","8","{""source"": ""Hausa Proverbs"", ""genre"": ""proverb"", ""english_translation"": ""A  salka  is  always  better  than  a  giandumma."", ""note"": ""Salka,  the  leather  skin  for  carrying  water.  It  con- tains more  than  the  giandumma,  and  if  it  falls does  not  break. Giandumma.     Vide  69."", ""proverb_number"": 216, ""origin"": ""Merrick, G. (1905). Hausa Proverbs. Public domain (archive.org/details/hausaproverbs00merrrich)."", ""license"": ""Public Domain"", ""dialect_assigned_default"": true}"
"Feeke ya fi kaia tsini?","proverb","8","{""source"": ""Hausa Proverbs"", ""genre"": ""proverb"", ""english_translation"": ""Does  a  stick  which  has  been  sharpened  surpass  a thorn  in  sharpness  ?"", ""note"": """", ""proverb_number"": 217, ""origin"": ""Merrick, G. (1905). Hausa Proverbs. Public domain (archive.org/details/hausaproverbs00merrrich)."", ""license"": ""Public Domain"", ""dialect_assigned_default"": true}"
"Ko ba a gwodda, linzami ya ii baki'n kaza","proverb","8","{""source"": ""Hausa Proverbs"", ""genre"": ""proverb"", ""english_translation"": ""Even  without  seeing  it  everyone  knows  that  a  bit"", ""note"": ""is  too  big  for  a  hen's  mouth. It  is  pretty  obvious."", ""proverb_number"": 218, ""origin"": ""Merrick, G. (1905). Hausa Proverbs. Public domain (archive.org/details/hausaproverbs00merrrich)."", ""license"": ""Public Domain"", ""dialect_assigned_default"": true}"
"Tun badcluku ba ya mutu ba, akan ga","proverb","8","{""source"": ""Hausa Proverbs"", ""genre"": ""proverb"", ""english_translation"": ""bori'n  tumki  da  jekkansa. The  stork  had  its  pouch  before  the  leather  man died,  i.e.  it  did  not  steal  it  from  him. Eadduku,   a    sewer    of    leather.     They    carry   their"", ""note"": ""tools  in  a  leather  bag. Borin  tilmki,  a  kind  of  stork  with  a  large  red  beak ; there  is  a  pouch  under  this  in  which  it  retains food."", ""proverb_number"": 219, ""origin"": ""Merrick, G. (1905). Hausa Proverbs. Public domain (archive.org/details/hausaproverbs00merrrich)."", ""license"": ""Public Domain"", ""dialect_assigned_default"": true}"
"Wonda ba ya san dundiifFa ba, hakikan ya","proverb","8","{""source"": ""Hausa Proverbs"", ""genre"": ""proverb"", ""english_translation"": ""san  muria  nasa. Though  you  may  not  have  met  a  celebrated  man, at  any  rate  you  will  have  heard  his  name."", ""note"": ""Dundiiffa,  a  large  drum,  too  big  to  be  carried  while it  is  being  beaten."", ""proverb_number"": 220, ""origin"": ""Merrick, G. (1905). Hausa Proverbs. Public domain (archive.org/details/hausaproverbs00merrrich)."", ""license"": ""Public Domain"", ""dialect_assigned_default"": true}"
"Komi tsawo wuya, kai bissa","proverb","8","{""source"": ""Hausa Proverbs"", ""genre"": ""proverb"", ""english_translation"": ""However  long  the  neck  is,  the  head  is  above  it."", ""note"": """", ""proverb_number"": 221, ""origin"": ""Merrick, G. (1905). Hausa Proverbs. Public domain (archive.org/details/hausaproverbs00merrrich)."", ""license"": ""Public Domain"", ""dialect_assigned_default"": true}"
"Karambani akwia gaida kura","proverb","8","{""source"": ""Hausa Proverbs"", ""genre"": ""proverb"", ""english_translation"": ""Eashness,  as  when  a  goat  greets  a  kura."", ""note"": ""You  are  playing  with  edged  tools."", ""proverb_number"": 222, ""origin"": ""Merrick, G. (1905). Hausa Proverbs. Public domain (archive.org/details/hausaproverbs00merrrich)."", ""license"": ""Public Domain"", ""dialect_assigned_default"": true}"
"Mai karambani sbi kan rigaya mai kari'n","proverb","8","{""source"": ""Hausa Proverbs"", ""genre"": ""proverb"", ""english_translation"": ""kwana  mutua. Eashness  is  the  precursor  of  sudden  death."", ""note"": """", ""proverb_number"": 223, ""origin"": ""Merrick, G. (1905). Hausa Proverbs. Public domain (archive.org/details/hausaproverbs00merrrich)."", ""license"": ""Public Domain"", ""dialect_assigned_default"": true}"
"Ban yi maka tona, en yi maka hadeea ba?","proverb","8","{""source"": ""Hausa Proverbs"", ""genre"": ""proverb"", ""english_translation"": ""I  refused  to  chew  it  for  you,  do  you  think  I  will"", ""note"": ""swallow  it  ?"", ""proverb_number"": 224, ""origin"": ""Merrick, G. (1905). Hausa Proverbs. Public domain (archive.org/details/hausaproverbs00merrrich)."", ""license"": ""Public Domain"", ""dialect_assigned_default"": true}"
"Idan dei na rena kaza, ko romunta ba ni","proverb","8","{""source"": ""Hausa Proverbs"", ""genre"": ""proverb"", ""english_translation"": ""so. If  I  despise  the  hen,  you  don't  suppose  that  I will  touch  the  stuff  it  has  been  seasoned (cooked)  with  ?  i.e.  its  gravy."", ""note"": """", ""proverb_number"": 225, ""origin"": ""Merrick, G. (1905). Hausa Proverbs. Public domain (archive.org/details/hausaproverbs00merrrich)."", ""license"": ""Public Domain"", ""dialect_assigned_default"": true}"
"Mai doki ya clie clokinsa ya mutu, berri","proverb","8","{""source"": ""Hausa Proverbs"", ""genre"": ""proverb"", ""english_translation"": ""dan  chiawa."", ""note"": ""If  the  owner  of  the  liorse  tells  us  that  his  horse is  dead,  how  much  sooner  will  the  boy who  cuts  grass  for  it  (for  his  work  is finished)."", ""proverb_number"": 226, ""origin"": ""Merrick, G. (1905). Hausa Proverbs. Public domain (archive.org/details/hausaproverbs00merrrich)."", ""license"": ""Public Domain"", ""dialect_assigned_default"": true}"
"Ban aike fara debo mia, bale ta kawo","proverb","8","{""source"": ""Hausa Proverbs"", ""genre"": ""proverb"", ""english_translation"": ""minny  yokee."", ""note"": ""I  did  not  want  you  to  do  this,  much  less  that  you should  have  had  all  this  trouble. I  don't  send  a  locust  to  fetch  mia  much  less  to  fetch yokee. Yokee,  the  sticky  inside  of  a  kubewa  or  calabash. To  carry  mia  w'ould  be  a  hard  enough  task  for  a locust,  but  to  carry  yokee  would  be  worse. Kubewa  ya  yi  yokee,  the  kubewa's  juice  is  running. Yana  yokee,  of  the  slow  movements  of  a  man  who  is weak  or  weary."", ""proverb_number"": 227, ""origin"": ""Merrick, G. (1905). Hausa Proverbs. Public domain (archive.org/details/hausaproverbs00merrrich)."", ""license"": ""Public Domain"", ""dialect_assigned_default"": true}"
"Kwoi ya yi wayo, bale dan chiako","proverb","8","{""source"": ""Hausa Proverbs"", ""genre"": ""proverb"", ""english_translation"": ""If  the  egg  is  \""  smart,\""  how  much  more  so  is  the young  chicken."", ""note"": """", ""proverb_number"": 228, ""origin"": ""Merrick, G. (1905). Hausa Proverbs. Public domain (archive.org/details/hausaproverbs00merrrich)."", ""license"": ""Public Domain"", ""dialect_assigned_default"": true}"
"Sai anclii moreean ganga, saanan akan","proverb","8","{""source"": ""Hausa Proverbs"", ""genre"": ""proverb"", ""english_translation"": ""yadda  kwongo."", ""note"": ""Only  when  you  have  got  the  profits  of  drumming will  you  throw  away  the  hwongo. To  suck  an  orange  dry.     To  desert  a  friend  when  he is  of  no  further  use  to  you. Kwongo,  the  wooden  frame  of  a  drum."", ""proverb_number"": 229, ""origin"": ""Merrick, G. (1905). Hausa Proverbs. Public domain (archive.org/details/hausaproverbs00merrrich)."", ""license"": ""Public Domain"", ""dialect_assigned_default"": true}"
"Kworria wonda akaginna rijia, ba a shan","proverb","8","{""source"": ""Hausa Proverbs"", ""genre"": ""proverb"", ""english_translation"": ""rua  da  slii."", ""note"": ""The  calabash  vv'ith  which  the  well  has  been  dug, water  is  not  drunk  from  it. When  a  well  is  being  dug  the  earth  is  drawn  up  to the  top  in  calabashes. To  cast  aside  old  friends  who  have  served  their  turn. Hausa  Proz'crbs  45"", ""proverb_number"": 230, ""origin"": ""Merrick, G. (1905). Hausa Proverbs. Public domain (archive.org/details/hausaproverbs00merrrich)."", ""license"": ""Public Domain"", ""dialect_assigned_default"": true}"
"Wonda akoi chiwo chikkiusa ba shi rena","proverb","8","{""source"": ""Hausa Proverbs"", ""genre"": ""proverb"", ""english_translation"": ""magarii. He  who  is  sick  does  not  despise  medicine."", ""note"": """", ""proverb_number"": 231, ""origin"": ""Merrick, G. (1905). Hausa Proverbs. Public domain (archive.org/details/hausaproverbs00merrrich)."", ""license"": ""Public Domain"", ""dialect_assigned_default"": true}"
"Wonda yal fada rijia, ko anbashi kaiii'n","proverb","8","{""source"": ""Hausa Proverbs"", ""genre"": ""proverb"", ""english_translation"": ""takobiyiya  kamashi."", ""note"": ""A  man  wlio  falls  into  a  well  will  seize  even  the edge  of  a  sword. Clutch  at  straws."", ""proverb_number"": 232, ""origin"": ""Merrick, G. (1905). Hausa Proverbs. Public domain (archive.org/details/hausaproverbs00merrrich)."", ""license"": ""Public Domain"", ""dialect_assigned_default"": true}"
"Da yeyefi kwogi kan cHikka","proverb","8","{""source"": ""Hausa Proverbs"", ""genre"": ""proverb"", ""english_translation"": ""Small  showers  fill  the  stream."", ""note"": ""Perseverance  finishes  work.     Vide  174."", ""proverb_number"": 233, ""origin"": ""Merrick, G. (1905). Hausa Proverbs. Public domain (archive.org/details/hausaproverbs00merrrich)."", ""license"": ""Public Domain"", ""dialect_assigned_default"": true}"
"Itachi'n da akanyi chokali da shi, kamma'n","proverb","8","{""source"": ""Hausa Proverbs"", ""genre"": ""proverb"", ""english_translation"": ""ciiinya  ke,  da  sassakk^  ya  kari."", ""note"": ""The  stick  out  of  which  a  spoon  is  made,  though it   be    like    a    man's    thigh,    is    finished (becomes  a  spoon)  by  whittling. Same  meaning  as  233."", ""proverb_number"": 234, ""origin"": ""Merrick, G. (1905). Hausa Proverbs. Public domain (archive.org/details/hausaproverbs00merrrich)."", ""license"": ""Public Domain"", ""dialect_assigned_default"": true}"
"x\llah»ba ya ba gwanni'n tona tsaba","proverb","8","{""source"": ""Hausa Proverbs"", ""genre"": ""proverb"", ""english_translation"": ""Allah^does  not  give  the  expert  in  chewing  any grain."", ""note"": ""A  man  who  is  a  good  rider  (or  good  at  anything) must  not  expect  that  Allah  will  give  him  a  horse, he  has  already  given  him  his  skill. You  can't  have  everything. Tsaba,  grain,  or  cowries  in  a  calabash."", ""proverb_number"": 235, ""origin"": ""Merrick, G. (1905). Hausa Proverbs. Public domain (archive.org/details/hausaproverbs00merrrich)."", ""license"": ""Public Domain"", ""dialect_assigned_default"": true}"
"Samii ya fi iyawa, haw^an doki macbiji","proverb","8","{""source"": ""Hausa Proverbs"", ""genre"": ""proverb"", ""english_translation"": ""\""  To  have \""  is  better  than  \""  to   be    able,\""  as  a snake  (which  cannot  ride)  riding  a  horse."", ""note"": """", ""proverb_number"": 236, ""origin"": ""Merrick, G. (1905). Hausa Proverbs. Public domain (archive.org/details/hausaproverbs00merrrich)."", ""license"": ""Public Domain"", ""dialect_assigned_default"": true}"
"Komi lalachewa'n masa ya fi kassbi'n","proverb","8","{""source"": ""Hausa Proverbs"", ""genre"": ""proverb"", ""english_translation"": ""shanu."", ""note"": ""However  bad  mdsa  may  be  they  are  better  than cow's  dung. Masa,  see  81,  round  cakes."", ""proverb_number"": 237, ""origin"": ""Merrick, G. (1905). Hausa Proverbs. Public domain (archive.org/details/hausaproverbs00merrrich)."", ""license"": ""Public Domain"", ""dialect_assigned_default"": true}"
"Ba a wasosu'n boosliia da mai agalemi","proverb","8","{""source"": ""Hausa Proverbs"", ""genre"": ""proverb"", ""english_translation"": ""No  one  scrambles  for  a  hedgehog  with  a  man  who has  a  leather  apron  (to  throw  over  it) ."", ""note"": ""Wasosu,  to  scramble,  plural  of  wasa."", ""proverb_number"": 238, ""origin"": ""Merrick, G. (1905). Hausa Proverbs. Public domain (archive.org/details/hausaproverbs00merrrich)."", ""license"": ""Public Domain"", ""dialect_assigned_default"": true}"
"Akwilki'n dundu wawa ka sa hannu","proverb","8","{""source"": ""Hausa Proverbs"", ""genre"": ""proverb"", ""english_translation"": ""Only  the  fool  puts  his  hand  into  the  henhouse with  dundu  round  it."", ""note"": ""You  will  be  a  fool  if  you  do  not  keep  out  of  that. Dundu,  a  thorny  bush."", ""proverb_number"": 239, ""origin"": ""Merrick, G. (1905). Hausa Proverbs. Public domain (archive.org/details/hausaproverbs00merrrich)."", ""license"": ""Public Domain"", ""dialect_assigned_default"": true}"
"Rijia na mahasadda, wawa ka sha rua da","proverb","8","{""source"": ""Hausa Proverbs"", ""genre"": ""proverb"", ""english_translation"": ""shi."", ""note"": ""Only  a  simpleton  will  drink  water  at  the  well  of the  backbiter. Same  meaning  as  2-39."", ""proverb_number"": 240, ""origin"": ""Merrick, G. (1905). Hausa Proverbs. Public domain (archive.org/details/hausaproverbs00merrrich)."", ""license"": ""Public Domain"", ""dialect_assigned_default"": true}"
"Koda zaki ya zamma wulakantachi, ba ya","proverb","8","{""source"": ""Hausa Proverbs"", ""genre"": ""proverb"", ""english_translation"": ""yi  wasa  da  khinzeri  ba."", ""note"": ""Though  the  lion  is  humbled,  he  won't  play  with the  pig. I  have  not  fallen  so  low  as  that."", ""proverb_number"": 241, ""origin"": ""Merrick, G. (1905). Hausa Proverbs. Public domain (archive.org/details/hausaproverbs00merrrich)."", ""license"": ""Public Domain"", ""dialect_assigned_default"": true}"
"Koda birri ya zamma wawa, ba ya yi wasa","proverb","8","{""source"": ""Hausa Proverbs"", ""genre"": ""proverb"", ""english_translation"": ""da  itachi  mai  kaia  ba."", ""note"": ""Though  the  monkey  has  lost  its  wits,  it  is  not such  a  fool  as  to  play  with  a  thorn  tree."", ""proverb_number"": 242, ""origin"": ""Merrick, G. (1905). Hausa Proverbs. Public domain (archive.org/details/hausaproverbs00merrrich)."", ""license"": ""Public Domain"", ""dialect_assigned_default"": true}"
"Bera yana ganni'n raminshi, ba ya yi yerda","proverb","8","{""source"": ""Hausa Proverbs"", ""genre"": ""proverb"", ""english_translation"": ""wutta  ta  cliislii  ba."", ""note"": ""A  rat  who  is  in  sight  of  its  hole  will  not  allow the  fire  to  catch  him. A  man  who  sees  safety  ahead  of  him  will  make  a  last effort. Ba  ya  yi  yerda,  he  no  agree. Hausa  Pj'o  verbs  47"", ""proverb_number"": 243, ""origin"": ""Merrick, G. (1905). Hausa Proverbs. Public domain (archive.org/details/hausaproverbs00merrrich)."", ""license"": ""Public Domain"", ""dialect_assigned_default"": true}"
"Komi lalachewa'n giwa, ta fi kwando","proverb","8","{""source"": ""Hausa Proverbs"", ""genre"": ""proverb"", ""english_translation"": ""goma. However  small  an  elephant  may  be,  it  will  fill more  than  ten  hampers,  when  cut  up. Lalachewa,  literally  spoilt."", ""note"": """", ""proverb_number"": 244, ""origin"": ""Merrick, G. (1905). Hausa Proverbs. Public domain (archive.org/details/hausaproverbs00merrrich)."", ""license"": ""Public Domain"", ""dialect_assigned_default"": true}"
"Komi mugu'n taya'n mahauchi, ba ya taya","proverb","8","{""source"": ""Hausa Proverbs"", ""genre"": ""proverb"", ""english_translation"": ""giwa  cleri  bokkoi  ba. However  bad  at  pricing  a  butcher  may  be,  he won't  price  an  elephant  at  700  cowries."", ""note"": """", ""proverb_number"": 245, ""origin"": ""Merrick, G. (1905). Hausa Proverbs. Public domain (archive.org/details/hausaproverbs00merrrich)."", ""license"": ""Public Domain"", ""dialect_assigned_default"": true}"
"Samu'n kai ya fi samu'n fula","proverb","8","{""source"": ""Hausa Proverbs"", ""genre"": ""proverb"", ""english_translation"": ""To  have  your  life  is  better  than  to  have  your  cap. If  the  chief  of  a  town  has  seized  part  of  your  property and  you  escape  you  will  not  be  such  a  fool  as  to go  back  to  try  and  recover  it ;  for  he  wull  pro- bably have  you  killed."", ""note"": """", ""proverb_number"": 246, ""origin"": ""Merrick, G. (1905). Hausa Proverbs. Public domain (archive.org/details/hausaproverbs00merrrich)."", ""license"": ""Public Domain"", ""dialect_assigned_default"": true}"
"Asshe gwano ba shi ji'n wari'n jikkinsa","proverb","8","{""source"": ""Hausa Proverbs"", ""genre"": ""proverb"", ""english_translation"": ""Truly   the    gwano    does    not    perceive   its    own smell."", ""note"": ""A  man  does  not  see  his  own  defects. Gwano,  a  strong  smelling  ant."", ""proverb_number"": 247, ""origin"": ""Merrick, G. (1905). Hausa Proverbs. Public domain (archive.org/details/hausaproverbs00merrrich)."", ""license"": ""Public Domain"", ""dialect_assigned_default"": true}"
"Laifi tuddu ne, sai ka taka naka, saanan","proverb","8","{""source"": ""Hausa Proverbs"", ""genre"": ""proverb"", ""english_translation"": ""ka  gani  na  woni."", ""note"": ""Faults  are  like  a  hill,  you  mount  on  your  own and  then  see  other  people's."", ""proverb_number"": 248, ""origin"": ""Merrick, G. (1905). Hausa Proverbs. Public domain (archive.org/details/hausaproverbs00merrrich)."", ""license"": ""Public Domain"", ""dialect_assigned_default"": true}"
"Muni tuddu ne, kowa nasa ya ke hawa, ya","proverb","8","{""source"": ""Hausa Proverbs"", ""genre"": ""proverb"", ""english_translation"": ""fadi  na  woni."", ""note"": ""Evil  is  a  hill,  every  one  gets  on   his  own  and speaks  about  some  one  else's."", ""proverb_number"": 249, ""origin"": ""Merrick, G. (1905). Hausa Proverbs. Public domain (archive.org/details/hausaproverbs00merrrich)."", ""license"": ""Public Domain"", ""dialect_assigned_default"": true}"
"Kwanchia'n liankali da arne, shi ya kawo","proverb","8","{""source"": ""Hausa Proverbs"", ""genre"": ""proverb"", ""english_translation"": ""chi'n  yankainslii. Familiarity,  or  living  with,  the  pagans  makes  you eat   what   they    have   killed,    and    so   be defiled,  as  they  have  not  ''hallal'd\""  it. Hankalina  ya  kwanta  da  kai,  I  like  you."", ""note"": """", ""proverb_number"": 250, ""origin"": ""Merrick, G. (1905). Hausa Proverbs. Public domain (archive.org/details/hausaproverbs00merrrich)."", ""license"": ""Public Domain"", ""dialect_assigned_default"": true}"
"Cliiniki'n azni noma","proverb","8","{""source"": ""Hausa Proverbs"", ""genre"": ""proverb"", ""english_translation"": ""The  only  trade  that  the  pagans  know  is  farming."", ""note"": """", ""proverb_number"": 251, ""origin"": ""Merrick, G. (1905). Hausa Proverbs. Public domain (archive.org/details/hausaproverbs00merrrich)."", ""license"": ""Public Domain"", ""dialect_assigned_default"": true}"
"Kilishi'n jaba dsomi bori'n gyedda, komi","proverb","8","{""source"": ""Hausa Proverbs"", ""genre"": ""proverb"", ""english_translation"": ""kawa'n  azni  ya  bershi. The  meat  of  the  jdba  steeped   in  bad   gyedda, however  much  the  pagan  wants  (food)  he will  leave  it. Such  a  combination  is  too  much  even  for  his  stomach. Gyedda,  the  seeds  of  a  plant  used   for  seasoning; also   used  by  itself   as  a  food,   not  considered very  sustaining. Jaba,  vide  157."", ""note"": ""2532Jvua  da  kua  ba  ta  clii'n  kaia'n  Buzu. Calling  out  and  calling  out  won't  get  the  property of  a  Buzu. A  peculiarity  of  the  Buzawe  is  that,  when  looking after  their  flocks  and  working  in  the  fields,  they call  out  to  each  other  a  great  deal. The  Hausas,  not  understanding  their  language,  also speak  of  their  ordinary  conversation  as  \""kua.\"" You  won't  get  the  better  of  a  man  in  that  way,  he knows  too  much  about  it."", ""proverb_number"": 252, ""origin"": ""Merrick, G. (1905). Hausa Proverbs. Public domain (archive.org/details/hausaproverbs00merrrich)."", ""license"": ""Public Domain"", ""dialect_assigned_default"": true}"
"Na Ma'azu kasslii'n slianu","proverb","8","{""source"": ""Hausa Proverbs"", ""genre"": ""proverb"", ""english_translation"": ""The   Nupes   are   like   cow's   dung — they   are  so deceitful."", ""note"": ""Cow's  dung  which  has  been  exposed  to  the  air  has  a hard  outside  and  a  soft  inside :  so  the  manner  of a  Nupe  is  sincere  while  his  heart  is  false. Ma'azu,  a  king  of  Nupe."", ""proverb_number"": 254, ""origin"": ""Merrick, G. (1905). Hausa Proverbs. Public domain (archive.org/details/hausaproverbs00merrrich)."", ""license"": ""Public Domain"", ""dialect_assigned_default"": true}"
"Wanzami'n Bohnu, ka slia' v^^oni, ba a slia'","proverb","8","{""source"": ""Hausa Proverbs"", ""genre"": ""proverb"", ""english_translation"": ""ka  ba. 0  barber  of  the  Bohnu,  you  circumcize  but  no one  circumcizes  you. Bohnu,  a  district  west  of  Nigeria."", ""note"": """", ""proverb_number"": 255, ""origin"": ""Merrick, G. (1905). Hausa Proverbs. Public domain (archive.org/details/hausaproverbs00merrrich)."", ""license"": ""Public Domain"", ""dialect_assigned_default"": true}"
"Bohnu kasua da gado","proverb","8","{""source"": ""Hausa Proverbs"", ""genre"": ""proverb"", ""english_translation"": ""The  stupid  Bohnu  bring  their  beds  to  market with  them."", ""note"": """", ""proverb_number"": 256, ""origin"": ""Merrick, G. (1905). Hausa Proverbs. Public domain (archive.org/details/hausaproverbs00merrrich)."", ""license"": ""Public Domain"", ""dialect_assigned_default"": true}"
"Cliasau shina raw wall, Sarra na kallo","proverb","8","{""source"": ""Hausa Proverbs"", ""genre"": ""proverb"", ""english_translation"": ""Shall  Chasau  dance  with  Sarra  looking  on."", ""note"": ""These  are  the  names  of  two  well  known  dancers,  of which  Sarra  was  the  best. Do  you  think  I  am  going  to  make  a  fool  of  myself before  him \""?"", ""proverb_number"": 257, ""origin"": ""Merrick, G. (1905). Hausa Proverbs. Public domain (archive.org/details/hausaproverbs00merrrich)."", ""license"": ""Public Domain"", ""dialect_assigned_default"": true}"
"Abinda Jeeka ke so, ba slii Buzu ke so","proverb","8","{""source"": ""Hausa Proverbs"", ""genre"": ""proverb"", ""english_translation"": ""The  requirements  of  Jeeka  and  the  Buzu  are quite  different."", ""note"": ""Jeeka  was  a  horse   dealer ;  the   Buzawe   are  slave dealers."", ""proverb_number"": 258, ""origin"": ""Merrick, G. (1905). Hausa Proverbs. Public domain (archive.org/details/hausaproverbs00merrrich)."", ""license"": ""Public Domain"", ""dialect_assigned_default"": true}"
"Buzu akoreka kua, eu ka yi kora kua","proverb","8","{""source"": ""Hausa Proverbs"", ""genre"": ""proverb"", ""english_translation"": ""O  Buzu,  when  you  are  chased  you  cry  out_,  and when  you  chase  you  cry  out."", ""note"": ""The  Buzu  or  Buzawe  are  the  offspring  of  Tawarek females  with  black  men. See  Barth,  vol.  i.  ch.  xiv.,  p.  343."", ""proverb_number"": 259, ""origin"": ""Merrick, G. (1905). Hausa Proverbs. Public domain (archive.org/details/hausaproverbs00merrrich)."", ""license"": ""Public Domain"", ""dialect_assigned_default"": true}"
"Fad da Gogo a kofar","proverb","8","{""source"": ""Hausa Proverbs"", ""genre"": ""proverb"", ""english_translation"": ""The  scolding  of  Gogo  at  the  gate."", ""note"": ""Gogo,  the  name  of  a  well-known  \""  scold  \""  in  Kano."", ""proverb_number"": 260, ""origin"": ""Merrick, G. (1905). Hausa Proverbs. Public domain (archive.org/details/hausaproverbs00merrrich)."", ""license"": ""Public Domain"", ""dialect_assigned_default"": true}"
"Muua da nia (neea) ma-je Gwonja ya kasa","proverb","8","{""source"": ""Hausa Proverbs"", ""genre"": ""proverb"", ""english_translation"": ""Waterri."", ""note"": ""We  are  full  of  great  resolve,  the  traveller  for Gwonja  grows  weary  at  the  Waterri crossing. Great  promise,  little  result. Gwonja,  the  kola-nut  district  near  Ashanti. Waterri,  a  stream  close  to  Kano."", ""proverb_number"": 261, ""origin"": ""Merrick, G. (1905). Hausa Proverbs. Public domain (archive.org/details/hausaproverbs00merrrich)."", ""license"": ""Public Domain"", ""dialect_assigned_default"": true}"
"Zua fara da rani a Gherku, akache mi zata","proverb","8","{""source"": ""Hausa Proverbs"", ""genre"": ""proverb"", ""english_translation"": ""chi."", ""note"": ""The  arrival  of  the  locust  at  Gherku  in  the  dry weather,  people  say  what  will  it  eat. Gherku,  a  town  some  three  days  from  Zaria. Ka  yi  zua'n  fara  da  rani  a  Gherku.     You  are  late there  is  nothing  left  for  you. E"", ""proverb_number"": 262, ""origin"": ""Merrick, G. (1905). Hausa Proverbs. Public domain (archive.org/details/hausaproverbs00merrrich)."", ""license"": ""Public Domain"", ""dialect_assigned_default"": true}"
"Gidda'n Zahanna maiwuya'n zua, sai a nuna","proverb","8","{""source"": ""Hausa Proverbs"", ""genre"": ""proverb"", ""english_translation"": ""da  karra."", ""note"": ""Zahanna's  village  is  hard  to  get  at,  people  will only  point  it  out  with  a  cornstalk. Zahanna,  the  village  of  Tanimo,  a  Kanuri  famous  for his  warlike  qualities  ;  no  one  would  conduct  you to  it,  only  point  it  out  with  a  cornstalk."", ""proverb_number"": 263, ""origin"": ""Merrick, G. (1905). Hausa Proverbs. Public domain (archive.org/details/hausaproverbs00merrrich)."", ""license"": ""Public Domain"", ""dialect_assigned_default"": true}"
"Aboki'n kiyayi zamma'n zauri, ka san","proverb","8","{""source"": ""Hausa Proverbs"", ""genre"": ""proverb"", ""english_translation"": ""gussuri,  ka  ba  hauri,  gidda  ba  samu komi  ba. Sitting  in  a  zauri  is  a  thing  to  be  avoided,  there you    get    giissuri,    you   give   it   to   your teeth,  the  gidda  gets  nothing."", ""note"": ""Aboki'n  kiyayi,  a  thing  to  be  avoided. Gussuri,  the  section  of  kola-nut  given  to  every  one sitting  round  :  usually  means  supplies  generally. San,  samu. Husbands   should  not   waste   their   time  loafing  in zauris,  but  look  after  their  family  affairs."", ""proverb_number"": 264, ""origin"": ""Merrick, G. (1905). Hausa Proverbs. Public domain (archive.org/details/hausaproverbs00merrrich)."", ""license"": ""Public Domain"", ""dialect_assigned_default"": true}"
"Idan gora tana rawwah, ba chikka ne ba","proverb","8","{""source"": ""Hausa Proverbs"", ""genre"": ""proverb"", ""english_translation"": ""If  the  bottle  is  shaking  it  will  not  be  filled. A  rolling  stone  gathers  no  moss."", ""note"": """", ""proverb_number"": 265, ""origin"": ""Merrick, G. (1905). Hausa Proverbs. Public domain (archive.org/details/hausaproverbs00merrrich)."", ""license"": ""Public Domain"", ""dialect_assigned_default"": true}"
"Ennua'n giginia na nesa ka sha sainyi","proverb","8","{""source"": ""Hausa Proverbs"", ""genre"": ""proverb"", ""english_translation"": ""The  shade  of  the  palm  tree  (deleb)  only  from  a"", ""note"": ""distance  do  you  enjoy  its  coolness. Said  of  a  man  who  entertains  strangers  well,  but neglects  his  own  family."", ""proverb_number"": 266, ""origin"": ""Merrick, G. (1905). Hausa Proverbs. Public domain (archive.org/details/hausaproverbs00merrrich)."", ""license"": ""Public Domain"", ""dialect_assigned_default"": true}"
"Dan banzarairaine, ko andunkullaysbi, sai","proverb","8","{""source"": ""Hausa Proverbs"", ""genre"": ""proverb"", ""english_translation"": ""shi  wache."", ""note"": ""The  \""  waster  \""  is  like  sand,  though  he  is  kneaded together  he  falls  to  pieces."", ""proverb_number"": 267, ""origin"": ""Merrick, G. (1905). Hausa Proverbs. Public domain (archive.org/details/hausaproverbs00merrrich)."", ""license"": ""Public Domain"", ""dialect_assigned_default"": true}"
"Gaadu'n gidda, wohalla ga raggo","proverb","8","{""source"": ""Hausa Proverbs"", ""genre"": ""proverb"", ""english_translation"": ""To  inherit  a  gidda  is  a  trouble  to  a  \""  waster.\"""", ""note"": ""Gidda,  the  compound  containing  several  huts ;  it would  include  farms  and  establishment  generally and  would  entail  a  good  deal  of  labour."", ""proverb_number"": 268, ""origin"": ""Merrick, G. (1905). Hausa Proverbs. Public domain (archive.org/details/hausaproverbs00merrrich)."", ""license"": ""Public Domain"", ""dialect_assigned_default"": true}"
"Raggo ba shi chi'n abin ginna","proverb","8","{""source"": ""Hausa Proverbs"", ""genre"": ""proverb"", ""english_translation"": ""The  \""  waster  \""  lias  no  use  for  digging  tools."", ""note"": """", ""proverb_number"": 269, ""origin"": ""Merrick, G. (1905). Hausa Proverbs. Public domain (archive.org/details/hausaproverbs00merrrich)."", ""license"": ""Public Domain"", ""dialect_assigned_default"": true}"
"Ya chi deri'n masa, ya kasa dauka'n deri'n","proverb","8","{""source"": ""Hausa Proverbs"", ""genre"": ""proverb"", ""english_translation"": ""tamfassua."", ""note"": ""He  will  eat  100  masa  cakes,  but  if  he  is  given 100  needles  to  carry  he  says  he  is  tired. Tamfassua,  alura,  needles."", ""proverb_number"": 270, ""origin"": ""Merrick, G. (1905). Hausa Proverbs. Public domain (archive.org/details/hausaproverbs00merrrich)."", ""license"": ""Public Domain"", ""dialect_assigned_default"": true}"
"Tuo'n girima miyatasa nama ne","proverb","8","{""source"": ""Hausa Proverbs"", ""genre"": ""proverb"", ""english_translation"": ""The  present  for  the  man  whom   you  desire   to honour  should  be  a  very  good  one. The  tuo  of  honour  its  mia  (soup)  is  meat."", ""note"": """", ""proverb_number"": 271, ""origin"": ""Merrick, G. (1905). Hausa Proverbs. Public domain (archive.org/details/hausaproverbs00merrrich)."", ""license"": ""Public Domain"", ""dialect_assigned_default"": true}"
"Kabbakk-ye'n girima ya fi kabbakk-ye'n","proverb","8","{""source"": ""Hausa Proverbs"", ""genre"": ""proverb"", ""english_translation"": ""kankantchi."", ""note"": ""The  big  calabash  of  honour  is  better  than  one  of punishment."", ""proverb_number"": 272, ""origin"": ""Merrick, G. (1905). Hausa Proverbs. Public domain (archive.org/details/hausaproverbs00merrrich)."", ""license"": ""Public Domain"", ""dialect_assigned_default"": true}"
"Kowa ya ke so mussaya da abin woni ya","proverb","8","{""source"": ""Hausa Proverbs"", ""genre"": ""proverb"", ""english_translation"": ""rena  nasbi."", ""note"": ""A  man  who  wants  to  exchange  with  some  one  else is  dissatisfied  with  his  own  property."", ""proverb_number"": 273, ""origin"": ""Merrick, G. (1905). Hausa Proverbs. Public domain (archive.org/details/hausaproverbs00merrrich)."", ""license"": ""Public Domain"", ""dialect_assigned_default"": true}"
"Mai son sbi chi doki'n woni nasbi sbi ke","proverb","8","{""source"": ""Hausa Proverbs"", ""genre"": ""proverb"", ""english_translation"": ""kai."", ""note"": ""A  man  who  wants  any  one  else's  horse  brings  his own  (to  exchange)."", ""proverb_number"": 274, ""origin"": ""Merrick, G. (1905). Hausa Proverbs. Public domain (archive.org/details/hausaproverbs00merrrich)."", ""license"": ""Public Domain"", ""dialect_assigned_default"": true}"
"Dunia birgima bankaka, en ka ga fari ka","proverb","8","{""source"": ""Hausa Proverbs"", ""genre"": ""proverb"", ""english_translation"": ""ga  bakki."", ""note"": ""The  world  is  full  of  changes  and  chances. The  hankaka,  or  crow,  has  a  white  breast,  and  if  it rolls  in  the  dust  one  sees  first  its  black  back  and then  its  white  breast."", ""proverb_number"": 275, ""origin"": ""Merrick, G. (1905). Hausa Proverbs. Public domain (archive.org/details/hausaproverbs00merrrich)."", ""license"": ""Public Domain"", ""dialect_assigned_default"": true}"
"Dunia rawwali yan mata ne, na galDa shi","proverb","8","{""source"": ""Hausa Proverbs"", ""genre"": ""proverb"", ""english_translation"": ""koma  baya. The  world  is  like  tlie  play  of  children,  the  one in  front  often  becomes  the  one  behind."", ""note"": """", ""proverb_number"": 276, ""origin"": ""Merrick, G. (1905). Hausa Proverbs. Public domain (archive.org/details/hausaproverbs00merrrich)."", ""license"": ""Public Domain"", ""dialect_assigned_default"": true}"
"Alhaki da romo, ashigga iyaka wuya","proverb","8","{""source"": ""Hausa Proverbs"", ""genre"": ""proverb"", ""english_translation"": ""The  lawful  wage,  with  a  little  added,  will  make  a man  Avork  his  hardest. A  tip  is  a  good  thing  to  make  ^  man  work  his  best. Romo,  tit-bit."", ""note"": """", ""proverb_number"": 277, ""origin"": ""Merrick, G. (1905). Hausa Proverbs. Public domain (archive.org/details/hausaproverbs00merrrich)."", ""license"": ""Public Domain"", ""dialect_assigned_default"": true}"
"A wanki kifi da ruanslii","proverb","8","{""source"": ""Hausa Proverbs"", ""genre"": ""proverb"", ""english_translation"": ""Washing  a  fish  with  its  own  water."", ""note"": ""Giving  a  present  in  return  which  is  of  less  vakie  than the  one  which  has  been  given  j;ou.  Or  giving  in return  some  present  which  has  cost  you  nothing."", ""proverb_number"": 278, ""origin"": ""Merrick, G. (1905). Hausa Proverbs. Public domain (archive.org/details/hausaproverbs00merrrich)."", ""license"": ""Public Domain"", ""dialect_assigned_default"": true}"
"A dauki kanwa'n baki (jIj), a ba awaki'n","proverb","8","{""source"": ""Hausa Proverbs"", ""genre"": ""proverb"", ""english_translation"": ""baki. To  accept  the  present  of  potash  which  one  stranger gives  you  and  to  give  in  return  the  goat which  some  other  stranger  has  given  you. The  custom  of  a  traveller  giving  his  host  a  present  is universal.  It  is  merely  the  equivalent  of  paying for  board  and  lodging,  only  it  is  done  in  advance."", ""note"": """", ""proverb_number"": 279, ""origin"": ""Merrick, G. (1905). Hausa Proverbs. Public domain (archive.org/details/hausaproverbs00merrrich)."", ""license"": ""Public Domain"", ""dialect_assigned_default"": true}"
"Laifi'n babba, rowa, laiii'n yaro, kiwuya","proverb","8","{""source"": ""Hausa Proverbs"", ""genre"": ""proverb"", ""english_translation"": ""The  boy  complains  that  his  master  is  stingy,  the"", ""note"": ""master  that  his  boy  is  lazy. These  are  the  two  faults  which  masters  and  servants respectively  find  most  objectionable."", ""proverb_number"": 280, ""origin"": ""Merrick, G. (1905). Hausa Proverbs. Public domain (archive.org/details/hausaproverbs00merrrich)."", ""license"": ""Public Domain"", ""dialect_assigned_default"": true}"
"Kai ka ja rowa, ni kua ja mako","proverb","8","{""source"": ""Hausa Proverbs"", ""genre"": ""proverb"", ""english_translation"": ""You  are  stingy,  but  I  will  wear  you  out."", ""note"": """", ""proverb_number"": 281, ""origin"": ""Merrick, G. (1905). Hausa Proverbs. Public domain (archive.org/details/hausaproverbs00merrrich)."", ""license"": ""Public Domain"", ""dialect_assigned_default"": true}"
"Chiwu mai tauri'n liantchi, ka nuna ka ki","proverb","8","{""source"": ""Hausa Proverbs"", ""genre"": ""proverb"", ""english_translation"": ""fadua. 0  chiwu,  you  are  hard  at  the  fork,  you  ripen  but you  do  not  fall, Chiwu,  a  shrub  very  tough  where  the  branches  join. Said  to  a  stingy  man."", ""note"": """", ""proverb_number"": 282, ""origin"": ""Merrick, G. (1905). Hausa Proverbs. Public domain (archive.org/details/hausaproverbs00merrrich)."", ""license"": ""Public Domain"", ""dialect_assigned_default"": true}"
"Don gobe akeyi'n wanka'n derri","proverb","8","{""source"": ""Hausa Proverbs"", ""genre"": ""proverb"", ""english_translation"": ""It  is  because  of  to-morrow  that  one  cleans  up  at night."", ""note"": ""A  man  borrows  a  hoe  (or  any  other  article),  he  wants to  do  so  again,  so  he  brings  it  back  as  soon  as  he has  finished  with  it,  so  that  it  may  not  be  refused next  time  because  he  kept  it  too  long  the  first."", ""proverb_number"": 283, ""origin"": ""Merrick, G. (1905). Hausa Proverbs. Public domain (archive.org/details/hausaproverbs00merrrich)."", ""license"": ""Public Domain"", ""dialect_assigned_default"": true}"
"Don tuo'n gobe akeyi'n wanka'n tuknnia","proverb","8","{""source"": ""Hausa Proverbs"", ""genre"": ""proverb"", ""english_translation"": ""It  is  because  of  to-morrow's  tuo  that  the  pot  is washed. Same  meaning  as  283."", ""note"": """", ""proverb_number"": 284, ""origin"": ""Merrick, G. (1905). Hausa Proverbs. Public domain (archive.org/details/hausaproverbs00merrrich)."", ""license"": ""Public Domain"", ""dialect_assigned_default"": true}"
"Talaka ba aboki, ko ka sosbi, ran btikki ka","proverb","8","{""source"": ""Hausa Proverbs"", ""genre"": ""proverb"", ""english_translation"": ""kisbi."", ""note"": ""You  can't  make  a  friend  of  a  poor  man  even  if you  are  fond  of  him ;  on  a  feast  day  you will  dislike  him."", ""proverb_number"": 285, ""origin"": ""Merrick, G. (1905). Hausa Proverbs. Public domain (archive.org/details/hausaproverbs00merrrich)."", ""license"": ""Public Domain"", ""dialect_assigned_default"": true}"
"Mai kwarka sbi ne aboki'n maikiwuya","proverb","8","{""source"": ""Hausa Proverbs"", ""genre"": ""proverb"", ""english_translation"": ""The  beggar  is  the  companion  of  the  loafer."", ""note"": """", ""proverb_number"": 286, ""origin"": ""Merrick, G. (1905). Hausa Proverbs. Public domain (archive.org/details/hausaproverbs00merrrich)."", ""license"": ""Public Domain"", ""dialect_assigned_default"": true}"
"En anki fimtu ran biikki, ansoshi ran","proverb","8","{""source"": ""Hausa Proverbs"", ""genre"": ""proverb"", ""english_translation"": ""kwaba."", ""note"": ""One  may  dislike  the  naked  man  on  a  feast  day, but  when  it  comes  to  kneading  mud  (for building  a  house)  one  will  like  him."", ""proverb_number"": 287, ""origin"": ""Merrick, G. (1905). Hausa Proverbs. Public domain (archive.org/details/hausaproverbs00merrrich)."", ""license"": ""Public Domain"", ""dialect_assigned_default"": true}"
"Onfani'n kwarka tari (tuari)","proverb","8","{""source"": ""Hausa Proverbs"", ""genre"": ""proverb"", ""english_translation"": ""The  beggar^s  weapon  is  his  cough."", ""note"": ""Beggars,  if  not  attended  to,  always  attract  attention by  coughing. Onfani,  anfani,  use,  also  prosperous,  fertile."", ""proverb_number"": 288, ""origin"": ""Merrick, G. (1905). Hausa Proverbs. Public domain (archive.org/details/hausaproverbs00merrrich)."", ""license"": ""Public Domain"", ""dialect_assigned_default"": true}"
"Da karre da daagummi duka malakka'n","proverb","8","{""source"": ""Hausa Proverbs"", ""genre"": ""proverb"", ""english_translation"": ""knra  ne."", ""note"": ""The  dog  and  his  collar  are  both  the  property  of the  kura."", ""proverb_number"": 289, ""origin"": ""Merrick, G. (1905). Hausa Proverbs. Public domain (archive.org/details/hausaproverbs00merrrich)."", ""license"": ""Public Domain"", ""dialect_assigned_default"": true}"
"Da kai da kaia duka malakka'n wiiya","proverb","8","{""source"": ""Hausa Proverbs"", ""genre"": ""proverb"", ""english_translation"": ""The  head  and  the  load  are  both  the  possession  of the  neck."", ""note"": """", ""proverb_number"": 290, ""origin"": ""Merrick, G. (1905). Hausa Proverbs. Public domain (archive.org/details/hausaproverbs00merrrich)."", ""license"": ""Public Domain"", ""dialect_assigned_default"": true}"
"Abinda ke chikkin aljifu duka malakka'n","proverb","8","{""source"": ""Hausa Proverbs"", ""genre"": ""proverb"", ""english_translation"": ""mai  riga  ne."", ""note"": ""Everything  that  is  in  the  pocket  is  the  property of  the  coat  man."", ""proverb_number"": 291, ""origin"": ""Merrick, G. (1905). Hausa Proverbs. Public domain (archive.org/details/hausaproverbs00merrrich)."", ""license"": ""Public Domain"", ""dialect_assigned_default"": true}"
"Ana mugunia shekarra, kwado ya ji rua'n","proverb","8","{""source"": ""Hausa Proverbs"", ""genre"": ""proverb"", ""english_translation"": ""zafi."", ""note"": ""It  has  been  a  bad  season  (year),  like  a  frog  being in  hot  water."", ""proverb_number"": 292, ""origin"": ""Merrick, G. (1905). Hausa Proverbs. Public domain (archive.org/details/hausaproverbs00merrrich)."", ""license"": ""Public Domain"", ""dialect_assigned_default"": true}"
"Zomo ba shi fasshi da makasshinshi sai","proverb","8","{""source"": ""Hausa Proverbs"", ""genre"": ""proverb"", ""english_translation"": ""maratayinsbi."", ""note"": ""The  hare  is  not  angry  with  the  man  who  actually kills  him,  but  with  the  man  who  prompted him  to  do  so. This  saying  has  given  rise  to  a  peculiar  use  of  the word  rataya  which  usually  means  to  hang  or sling. For  instance,  a  man,  being  called  by  another,  might call  out  in  reply,  Wa  ya  kirra  ?  and  be  answered, Ni  ne !  He  would  then  ask,  Rataya  ko  da kanka  ?  meaning,  Did  you  call  me  yourself  or did  some  one  tell  you  to  ? A  hare  when  killed  is  always  carried  slung  by  the hind  legs ;  the  man  who  slings  it  and  carries  it off  is,  presumably,  the  one  who  is  going  to  eat  it : he  is  the  real  cause  of  the  hare's  death,  though some  one  else  may  have  struck  the  blow."", ""proverb_number"": 293, ""origin"": ""Merrick, G. (1905). Hausa Proverbs. Public domain (archive.org/details/hausaproverbs00merrrich)."", ""license"": ""Public Domain"", ""dialect_assigned_default"": true}"
"Ba ni na kassbi zomo ba, rataya akabani","proverb","8","{""source"": ""Hausa Proverbs"", ""genre"": ""proverb"", ""english_translation"": ""I  did  not  kill  the  hare,  it  was  given  me  slung."", ""note"": ""I  am  only  doing  what  I  have  been  told  to  do ;  I  can't help  myself."", ""proverb_number"": 294, ""origin"": ""Merrick, G. (1905). Hausa Proverbs. Public domain (archive.org/details/hausaproverbs00merrrich)."", ""license"": ""Public Domain"", ""dialect_assigned_default"": true}"
"Sai anyi kamma'n kura, saanan akan clii","proverb","8","{""source"": ""Hausa Proverbs"", ""genre"": ""proverb"", ""english_translation"": ""akwia. Only  by  doing  as  a  kura  will  you  get  a  goat."", ""note"": """", ""proverb_number"": 295, ""origin"": ""Merrick, G. (1905). Hausa Proverbs. Public domain (archive.org/details/hausaproverbs00merrrich)."", ""license"": ""Public Domain"", ""dialect_assigned_default"": true}"
"Sliigga uku goro (gobro) da yaye","proverb","8","{""source"": ""Hausa Proverbs"", ""genre"": ""proverb"", ""english_translation"": ""The   bachelor   with   a   weaned   child   has  treble trouble. Yaye,    anyayeshi,    he    is    weaned,    his    mother    has stopped  suckHng  him."", ""note"": """", ""proverb_number"": 296, ""origin"": ""Merrick, G. (1905). Hausa Proverbs. Public domain (archive.org/details/hausaproverbs00merrrich)."", ""license"": ""Public Domain"", ""dialect_assigned_default"": true}"
"Hauka sania ta ga malka, ta yi gudu","proverb","8","{""source"": ""Hausa Proverbs"", ""genre"": ""proverb"", ""english_translation"": ""The  silly  cow  when  it  sees  rain  coming  runs (though  it  is  useless  to  try  to  escape  it  in that  way) ."", ""note"": """", ""proverb_number"": 297, ""origin"": ""Merrick, G. (1905). Hausa Proverbs. Public domain (archive.org/details/hausaproverbs00merrrich)."", ""license"": ""Public Domain"", ""dialect_assigned_default"": true}"
"Ido ba mudu ba ne, ya san kima","proverb","8","{""source"": ""Hausa Proverbs"", ""genre"": ""proverb"", ""english_translation"": ""The  eye  is  not  a  measure,  but  it  knows  what  is small."", ""note"": ""Kima,   probably   from   the   Arabic    «uJ,    price ;    its signification  here  is  \""  small.\"""", ""proverb_number"": 298, ""origin"": ""Merrick, G. (1905). Hausa Proverbs. Public domain (archive.org/details/hausaproverbs00merrrich)."", ""license"": ""Public Domain"", ""dialect_assigned_default"": true}"
"Dabbenka ya ji makubba","proverb","8","{""source"": ""Hausa Proverbs"", ""genre"": ""proverb"", ""english_translation"": ""To  receive  the  finishing  touch."", ""note"": ""Dabbe,  the  beaten  pebble  floor  of  a  hut. Makubba,    the    water   in   which   the    pods    of    the dorowa  have  been  boiled  or  soaked.     This  water is    used    for   putting   on    a    floor  or    dabbe    to harden  and  blacken  it. The   dabbe  is  a  good   floor,  but  when   makubba   is put  on  it  is  really  good."", ""proverb_number"": 299, ""origin"": ""Merrick, G. (1905). Hausa Proverbs. Public domain (archive.org/details/hausaproverbs00merrrich)."", ""license"": ""Public Domain"", ""dialect_assigned_default"": true}"
"Tsuntsu da ya kirra'n rua, shi rua kan","proverb","8","{""source"": ""Hausa Proverbs"", ""genre"": ""proverb"", ""english_translation"": ""diika. The  bird  that  calls  out  for  rain,  the  rain  strikes it. It  gets  more  than  it  asked  for."", ""note"": """", ""proverb_number"": 300, ""origin"": ""Merrick, G. (1905). Hausa Proverbs. Public domain (archive.org/details/hausaproverbs00merrrich)."", ""license"": ""Public Domain"", ""dialect_assigned_default"": true}"
"Sabo turki'n wawa. -?","proverb","8","{""source"": ""Hausa Proverbs"", ""genre"": ""proverb"", ""english_translation"": ""Familiarity  with  a  thing  is  the  tethering  stick  of a  simpleton."", ""note"": """", ""proverb_number"": 301, ""origin"": ""Merrick, G. (1905). Hausa Proverbs. Public domain (archive.org/details/hausaproverbs00merrrich)."", ""license"": ""Public Domain"", ""dialect_assigned_default"": true}"
"Idan kunni ya ji, jikki ya tsira","proverb","8","{""source"": ""Hausa Proverbs"", ""genre"": ""proverb"", ""english_translation"": ""If  the  ear  hears  the  body  is  saved."", ""note"": ""If  you  do  as  you  are  told  you  will  not  be  punished."", ""proverb_number"": 302, ""origin"": ""Merrick, G. (1905). Hausa Proverbs. Public domain (archive.org/details/hausaproverbs00merrrich)."", ""license"": ""Public Domain"", ""dialect_assigned_default"": true}"
"Idan ka ji makafo ya che ^^zo mu yi","proverb","8","{""source"": ""Hausa Proverbs"", ""genre"": ""proverb"", ""english_translation"": ""wasa'n  jifa  \""  ya  taka  cluchi  ne."", ""note"": ""Beware  of  a  blind  man  wko  says,  \""Let  us  play  at stone  throwing,\""  for  lie  most  likely  has  a stone  under  his  foot. Be  on  your  guard  against  a  man  who  invites  you  to compete  at  anything  you  know  he  is  not  generally good  at."", ""proverb_number"": 303, ""origin"": ""Merrick, G. (1905). Hausa Proverbs. Public domain (archive.org/details/hausaproverbs00merrrich)."", ""license"": ""Public Domain"", ""dialect_assigned_default"": true}"
"Idan jifa shi ketarre kanka, ko kan wa shi","proverb","8","{""source"": ""Hausa Proverbs"", ""genre"": ""proverb"", ""english_translation"": ""fada."", ""note"": ""As  long  as  it  does  not  hit  you,  let  it  hit  whom  it may."", ""proverb_number"": 304, ""origin"": ""Merrick, G. (1905). Hausa Proverbs. Public domain (archive.org/details/hausaproverbs00merrrich)."", ""license"": ""Public Domain"", ""dialect_assigned_default"": true}"
"Enna tukunia'n dammu, enna na guzza","proverb","8","{""source"": ""Hausa Proverbs"", ""genre"": ""proverb"", ""english_translation"": ""AVhere  is  the  pot  of  the  damnnu  and  where  is  that of  the  giizza."", ""note"": ""The  dammu  and  the  guzza  are  both  lizards  ;  the guzza  is  scaly,  the  dammu  is  not ;  they  are much  alike,  the  dammu  being  the  smaller. There  is  practically  no  difference  between  two  things."", ""proverb_number"": 305, ""origin"": ""Merrick, G. (1905). Hausa Proverbs. Public domain (archive.org/details/hausaproverbs00merrrich)."", ""license"": ""Public Domain"", ""dialect_assigned_default"": true}"
"Aboki'n kuka ba a boye masa mutiia","proverb","8","{""source"": ""Hausa Proverbs"", ""genre"": ""proverb"", ""english_translation"": ""The  man  who  is  such  a  friend  that  he  will  weep for  your  sorrows,  will  you  hide  from  him  the fact  that  one  of  your  family  has  died,  and weep  by  yourself."", ""note"": """", ""proverb_number"": 306, ""origin"": ""Merrick, G. (1905). Hausa Proverbs. Public domain (archive.org/details/hausaproverbs00merrrich)."", ""license"": ""Public Domain"", ""dialect_assigned_default"": true}"
"Kadda ka yi fasshi'n majibaari, wonda ya","proverb","8","{""source"": ""Hausa Proverbs"", ""genre"": ""proverb"", ""english_translation"": ""yi  fasslii  ya  fadda  wiitta."", ""note"": ""Don^t  be  (foolishly)  angry,  like  a  moth  ;  the  man who  gets  an^-ry  falls  into  the  fire. The  moth  flying  against  a  light  is  supposed  to  be angry  with  it."", ""proverb_number"": 307, ""origin"": ""Merrick, G. (1905). Hausa Proverbs. Public domain (archive.org/details/hausaproverbs00merrrich)."", ""license"": ""Public Domain"", ""dialect_assigned_default"": true}"
"Ka aje tukwa kamma'n gauraka","proverb","8","{""source"": ""Hausa Proverbs"", ""genre"": ""proverb"", ""english_translation"": ""You  have  a  crest  like  a  crown  bird."", ""note"": ""You  are  very  proud."", ""proverb_number"": 308, ""origin"": ""Merrick, G. (1905). Hausa Proverbs. Public domain (archive.org/details/hausaproverbs00merrrich)."", ""license"": ""Public Domain"", ""dialect_assigned_default"": true}"
"Gidda bin magani'n gobarra","proverb","8","{""source"": ""Hausa Proverbs"", ""genre"": ""proverb"", ""english_translation"": ""The   cure   for   a   conflagration   is   to   have   two houses."", ""note"": """", ""proverb_number"": 309, ""origin"": ""Merrick, G. (1905). Hausa Proverbs. Public domain (archive.org/details/hausaproverbs00merrrich)."", ""license"": ""Public Domain"", ""dialect_assigned_default"": true}"
"Waiwaiya magani'n mantua","proverb","8","{""source"": ""Hausa Proverbs"", ""genre"": ""proverb"", ""english_translation"": ""Keturning  (for  a  thing  forgotten)  is  the  cure  for forgetfulness."", ""note"": """", ""proverb_number"": 310, ""origin"": ""Merrick, G. (1905). Hausa Proverbs. Public domain (archive.org/details/hausaproverbs00merrrich)."", ""license"": ""Public Domain"", ""dialect_assigned_default"": true}"
"Dauka'n wuya ba ya san gari da nesa","proverb","8","{""source"": ""Hausa Proverbs"", ""genre"": ""proverb"", ""english_translation"": ""A  man  who  is  carried  on  some  one's  neck  does not  notice  the  distance  of  a  town. As  a  horseman."", ""note"": """", ""proverb_number"": 311, ""origin"": ""Merrick, G. (1905). Hausa Proverbs. Public domain (archive.org/details/hausaproverbs00merrrich)."", ""license"": ""Public Domain"", ""dialect_assigned_default"": true}"
"Ni da abina, ina so emba karre, emba","proverb","8","{""source"": ""Hausa Proverbs"", ""genre"": ""proverb"", ""english_translation"": ""doki."", ""note"": ""My  property  is  my  own.     I  will  do  what  I  like with  it."", ""proverb_number"": 312, ""origin"": ""Merrick, G. (1905). Hausa Proverbs. Public domain (archive.org/details/hausaproverbs00merrrich)."", ""license"": ""Public Domain"", ""dialect_assigned_default"": true}"
"Kun so dara, Allah ya hanna","proverb","8","{""source"": ""Hausa Proverbs"", ""genre"": ""proverb"", ""english_translation"": ""You  wanted  to  laugh  but  Allah  prevented  you."", ""note"": ""Said  to  a  man  who  has  had  bad  luck  suddenly.  He was  quite  secure  in  his  liappiness  when  some sudden  misfortune  happened  to  him."", ""proverb_number"": 313, ""origin"": ""Merrick, G. (1905). Hausa Proverbs. Public domain (archive.org/details/hausaproverbs00merrrich)."", ""license"": ""Public Domain"", ""dialect_assigned_default"": true}"
"Zona garinka mugu. Dan gujia ba","proverb","8","{""source"": ""Hausa Proverbs"", ""genre"": ""proverb"", ""english_translation"": ""mutiim  ne  ba."", ""note"": ""Get  away,  I  don't  want  to  have  anything  to  do with  you. Dan   gujia,    a   chacha   player,    mostly    used   in   the northern  dialects. Chacha  is  not  a  game  that  a  respectable  man  would be  seen  playing  in  public."", ""proverb_number"": 314, ""origin"": ""Merrick, G. (1905). Hausa Proverbs. Public domain (archive.org/details/hausaproverbs00merrrich)."", ""license"": ""Public Domain"", ""dialect_assigned_default"": true}"
"Koshi kan maida tsofo yaro","proverb","8","{""source"": ""Hausa Proverbs"", ""genre"": ""proverb"", ""english_translation"": ""Sufficiency,  a  good  feed,  will   render  an  old  man like  a  boy."", ""note"": """", ""proverb_number"": 315, ""origin"": ""Merrick, G. (1905). Hausa Proverbs. Public domain (archive.org/details/hausaproverbs00merrrich)."", ""license"": ""Public Domain"", ""dialect_assigned_default"": true}"
"Yimgwa shi kan maida yaro tsofo","proverb","8","{""source"": ""Hausa Proverbs"", ""genre"": ""proverb"", ""english_translation"": ""Hunger  will  render  a  boy  like  an  old  man."", ""note"": """", ""proverb_number"": 316, ""origin"": ""Merrick, G. (1905). Hausa Proverbs. Public domain (archive.org/details/hausaproverbs00merrrich)."", ""license"": ""Public Domain"", ""dialect_assigned_default"": true}"
"Wayo kamma'n bera","proverb","8","{""source"": ""Hausa Proverbs"", ""genre"": ""proverb"", ""english_translation"": ""Cunning  as  a  rat."", ""note"": """", ""proverb_number"": 317, ""origin"": ""Merrick, G. (1905). Hausa Proverbs. Public domain (archive.org/details/hausaproverbs00merrrich)."", ""license"": ""Public Domain"", ""dialect_assigned_default"": true}"
"Rua ga wuya magani'n ma ki wanka","proverb","8","{""source"": ""Hausa Proverbs"", ""genre"": ""proverb"", ""english_translation"": ""Water  up  to  Ms  neck  is  the  cure  for  a  man  wlio does  not  like  washing."", ""note"": """", ""proverb_number"": 318, ""origin"": ""Merrick, G. (1905). Hausa Proverbs. Public domain (archive.org/details/hausaproverbs00merrrich)."", ""license"": ""Public Domain"", ""dialect_assigned_default"": true}"
"Suka'n rua magani'n hauka doki","proverb","8","{""source"": ""Hausa Proverbs"", ""genre"": ""proverb"", ""english_translation"": ""Galloping  in  water  is  the  cure  for  a  restive  horse."", ""note"": """", ""proverb_number"": 319, ""origin"": ""Merrick, G. (1905). Hausa Proverbs. Public domain (archive.org/details/hausaproverbs00merrrich)."", ""license"": ""Public Domain"", ""dialect_assigned_default"": true}"
"KaiFa ba ta zamma enda babu kassa","proverb","8","{""source"": ""Hausa Proverbs"", ""genre"": ""proverb"", ""english_translation"": ""The  feet  will  not  rest  where  there  is  no  earth."", ""note"": """", ""proverb_number"": 320, ""origin"": ""Merrick, G. (1905). Hausa Proverbs. Public domain (archive.org/details/hausaproverbs00merrrich)."", ""license"": ""Public Domain"", ""dialect_assigned_default"": true}"
"Eana'n wanka ba a boye'n tcliibi","proverb","8","{""source"": ""Hausa Proverbs"", ""genre"": ""proverb"", ""english_translation"": ""One   does   not   hide   one's    navel   the    day    one washes. When  you  go  before  the  judge  do  not  hide  the  truth."", ""note"": """", ""proverb_number"": 321, ""origin"": ""Merrick, G. (1905). Hausa Proverbs. Public domain (archive.org/details/hausaproverbs00merrrich)."", ""license"": ""Public Domain"", ""dialect_assigned_default"": true}"
"Dukawa'n wada ba shi lianna ka tasslii da","proverb","8","{""source"": ""Hausa Proverbs"", ""genre"": ""proverb"", ""english_translation"": ""tsawonka."", ""note"": ""To  salute  a  dwarf  by  bowing  will  not  prevent  you from  rising  to  your  full  height  again. It  will  not  do  you  anj^  harm  to  do  that."", ""proverb_number"": 322, ""origin"": ""Merrick, G. (1905). Hausa Proverbs. Public domain (archive.org/details/hausaproverbs00merrrich)."", ""license"": ""Public Domain"", ""dialect_assigned_default"": true}"
"So kainka woni ya ki ka, ki kainka woni","proverb","8","{""source"": ""Hausa Proverbs"", ""genre"": ""proverb"", ""english_translation"": ""ya  so  ka. If  you  love  yourself  people  will  hate  you,  if  you are  unselfish  people  will  love  you."", ""note"": """", ""proverb_number"": 323, ""origin"": ""Merrick, G. (1905). Hausa Proverbs. Public domain (archive.org/details/hausaproverbs00merrrich)."", ""license"": ""Public Domain"", ""dialect_assigned_default"": true}"
"Zabe'n tummu'n derri","proverb","8","{""source"": ""Hausa Proverbs"", ""genre"": ""proverb"", ""english_translation"": ""To  choose  a  bundle  in  the  dark."", ""note"": ""Tummu,  a  bundle  of  corn  on  the  stalk. Kai  ma  kanka  zabe'n  tummu'n  derri. You  are  taking  a  leap  in  the  dark."", ""proverb_number"": 324, ""origin"": ""Merrick, G. (1905). Hausa Proverbs. Public domain (archive.org/details/hausaproverbs00merrrich)."", ""license"": ""Public Domain"", ""dialect_assigned_default"": true}"
"Mi na bissa ya clii","proverb","8","{""source"": ""Hausa Proverbs"", ""genre"": ""proverb"", ""english_translation"": ""What  is  the  one  above  to  eat."", ""note"": ""If  my  master  has  no  money,  where  am  I  to  get  it  ? The  idea  appears  to  be  that  a  servant  would  be  sent up  a  tree  to  shake  fruit  down,  the  master  being at  the  bottom  ready  to  pick  it  up  ;  if  he  ate  it all,  or  if  there  was  very  little  of  it,  there  would  be none  for  the  servant  when  he  descended."", ""proverb_number"": 325, ""origin"": ""Merrick, G. (1905). Hausa Proverbs. Public domain (archive.org/details/hausaproverbs00merrrich)."", ""license"": ""Public Domain"", ""dialect_assigned_default"": true}"
"Ganni en ba chi, karre kan kwana da","proverb","8","{""source"": ""Hausa Proverbs"", ""genre"": ""proverb"", ""english_translation"": ""yungwa."", ""note"": ""To  see  and  not  to  eat  leaves  the  dog  to  sleep hungry.     Vide  57."", ""proverb_number"": 326, ""origin"": ""Merrick, G. (1905). Hausa Proverbs. Public domain (archive.org/details/hausaproverbs00merrrich)."", ""license"": ""Public Domain"", ""dialect_assigned_default"": true}"
"Mutum da gishirinsa sai ya dafFa kafo","proverb","8","{""source"": ""Hausa Proverbs"", ""genre"": ""proverb"", ""english_translation"": ""A  man  and  his  salt,  he  only  cooks  a  horn  with  it."", ""note"": ""Sooner  than  give  you  any  of  his  salt  he  would  waste it  on  cooking  a  horn."", ""proverb_number"": 327, ""origin"": ""Merrick, G. (1905). Hausa Proverbs. Public domain (archive.org/details/hausaproverbs00merrrich)."", ""license"": ""Public Domain"", ""dialect_assigned_default"": true}"
"Goro'n magana ga mabaki, kuruma sai ya","proverb","8","{""source"": ""Hausa Proverbs"", ""genre"": ""proverb"", ""english_translation"": ""danganna."", ""note"": ""The  kola-nut  for  talking  is  to  the  man  who  talks, the  dumb  man,  to  him  only  patience."", ""proverb_number"": 328, ""origin"": ""Merrick, G. (1905). Hausa Proverbs. Public domain (archive.org/details/hausaproverbs00merrrich)."", ""license"": ""Public Domain"", ""dialect_assigned_default"": true}"
"Kurdi'n gudu ka bai angarama, kirru","proverb","8","{""source"": ""Hausa Proverbs"", ""genre"": ""proverb"", ""english_translation"": ""yana  ganni,  ba  ya  karba  ba."", ""note"": ""The  prize  for  running  is  given  to  the  big  horse, the  small  one  looks  on  but  gets  nothing."", ""proverb_number"": 329, ""origin"": ""Merrick, G. (1905). Hausa Proverbs. Public domain (archive.org/details/hausaproverbs00merrrich)."", ""license"": ""Public Domain"", ""dialect_assigned_default"": true}"
"Saura'n kurdi ka ba wa zomo, kwado sai","proverb","8","{""source"": ""Hausa Proverbs"", ""genre"": ""proverb"", ""english_translation"": ""ya  danganna."", ""note"": ""The  prize  for  swiftness  is  given  to  the  hare,  the frog  has  to  be  patient."", ""proverb_number"": 330, ""origin"": ""Merrick, G. (1905). Hausa Proverbs. Public domain (archive.org/details/hausaproverbs00merrrich)."", ""license"": ""Public Domain"", ""dialect_assigned_default"": true}"
"Allah shi ne maisani, ba bawa ba","proverb","8","{""source"": ""Hausa Proverbs"", ""genre"": ""proverb"", ""english_translation"": ""Allah  is  the  one  who  knows  everything,  not  man."", ""note"": """", ""proverb_number"": 331, ""origin"": ""Merrick, G. (1905). Hausa Proverbs. Public domain (archive.org/details/hausaproverbs00merrrich)."", ""license"": ""Public Domain"", ""dialect_assigned_default"": true}"
"Zomo ba bawa'n giwa ba ne, dowwa suka","proverb","8","{""source"": ""Hausa Proverbs"", ""genre"": ""proverb"", ""english_translation"": ""tara."", ""note"": ""The  hare  is  not  the  slave  of  the  elephant  when they  meet  in  the  bush."", ""proverb_number"": 332, ""origin"": ""Merrick, G. (1905). Hausa Proverbs. Public domain (archive.org/details/hausaproverbs00merrrich)."", ""license"": ""Public Domain"", ""dialect_assigned_default"": true}"
"Mai abin rufe. slii ne ya ke kuka'n dari,","proverb","8","{""source"": ""Hausa Proverbs"", ""genre"": ""proverb"", ""english_translation"": ""funtu  ya  ba  gaskia  ga  itachi."", ""note"": ""The  man  with  a  covering  shivers,  the  naked  man pins  his  faith  to  a  fire."", ""proverb_number"": 333, ""origin"": ""Merrick, G. (1905). Hausa Proverbs. Public domain (archive.org/details/hausaproverbs00merrrich)."", ""license"": ""Public Domain"", ""dialect_assigned_default"": true}"
"Kishinrua ba ruanta da worigi, karba","proverb","8","{""source"": ""Hausa Proverbs"", ""genre"": ""proverb"", ""english_translation"": ""rangamma  sai  yungwa."", ""note"": ""Thirst  is  not  a  thing  to  joke  about,  a  man  who gets  goods  in  exchange  for  what  he  sells goes  hungry."", ""proverb_number"": 334, ""origin"": ""Merrick, G. (1905). Hausa Proverbs. Public domain (archive.org/details/hausaproverbs00merrrich)."", ""license"": ""Public Domain"", ""dialect_assigned_default"": true}"
"Masoyi ya fi yerda","proverb","8","{""source"": ""Hausa Proverbs"", ""genre"": ""proverb"", ""english_translation"": ""One  volunteer  is  worth  ten  pressed  men."", ""note"": """", ""proverb_number"": 335, ""origin"": ""Merrick, G. (1905). Hausa Proverbs. Public domain (archive.org/details/hausaproverbs00merrrich)."", ""license"": ""Public Domain"", ""dialect_assigned_default"": true}"
"Damina da zata yi alberka, timda bazarra","proverb","8","{""source"": ""Hausa Proverbs"", ""genre"": ""proverb"", ""english_translation"": ""akanganni."", ""note"": ""The  rainy  season  which  is  going  to  be  a  good  one is  known  when  the  first  rains  fall. From   the  way  a  man  begins  his  work   you   know whether  he  is  going  to  make  a  good  job  of  it. Coming  events  cast  their  shadows  before."", ""proverb_number"": 336, ""origin"": ""Merrick, G. (1905). Hausa Proverbs. Public domain (archive.org/details/hausaproverbs00merrrich)."", ""license"": ""Public Domain"", ""dialect_assigned_default"": true}"
"Alkemma bissa duclii, Allah slii kan baslii","proverb","8","{""source"": ""Hausa Proverbs"", ""genre"": ""proverb"", ""english_translation"": ""rua. Allah  will  give  water  to  the  wheat  on  a  rock. Allah  will  look  after  you  if  no  one  else  will."", ""note"": """", ""proverb_number"": 337, ""origin"": ""Merrick, G. (1905). Hausa Proverbs. Public domain (archive.org/details/hausaproverbs00merrrich)."", ""license"": ""Public Domain"", ""dialect_assigned_default"": true}"
"Kwache goruba a liannu'n kuturu ba shi","proverb","8","{""source"": ""Hausa Proverbs"", ""genre"": ""proverb"", ""english_translation"": ""da  wuya."", ""note"": ""To  snatch  the  fruit  of  the  dum-palm  from  the hand  of  a  leper  is  not  hard. Nothing  to  boast  about."", ""proverb_number"": 338, ""origin"": ""Merrick, G. (1905). Hausa Proverbs. Public domain (archive.org/details/hausaproverbs00merrrich)."", ""license"": ""Public Domain"", ""dialect_assigned_default"": true}"
"Da sabo'n ginna gouma yaabi","proverb","8","{""source"": ""Hausa Proverbs"", ""genre"": ""proverb"", ""english_translation"": ""Better  plaster  np  an  old  wall  tlian  build  a  new one."", ""note"": ""Make  the  best  of  what  you  have."", ""proverb_number"": 339, ""origin"": ""Merrick, G. (1905). Hausa Proverbs. Public domain (archive.org/details/hausaproverbs00merrrich)."", ""license"": ""Public Domain"", ""dialect_assigned_default"": true}"
"A yerda kaiira rana'n tiio, shinkafFa abin","proverb","8","{""source"": ""Hausa Proverbs"", ""genre"": ""proverb"", ""english_translation"": ""marmarri  ne."", ""note"": ""Be  content  with  what  you  have,  you  can't  have everything. Kaiira,  a  very  red  variety  of  guinea  corn,  some- times called  ibirni. Marmarri,  a  luxury,  a  thing  one  wants  but  cannot always  afford."", ""proverb_number"": 340, ""origin"": ""Merrick, G. (1905). Hausa Proverbs. Public domain (archive.org/details/hausaproverbs00merrrich)."", ""license"": ""Public Domain"", ""dialect_assigned_default"": true}"
"Fadda'n bata kai, goiima ka yi shiru da","proverb","8","{""source"": ""Hausa Proverbs"", ""genre"": ""proverb"", ""english_translation"": ""bakinka."", ""note"": ""Bather  be  silent  than  enter  into  a  controversy  in which  you  will  be  worsted."", ""proverb_number"": 341, ""origin"": ""Merrick, G. (1905). Hausa Proverbs. Public domain (archive.org/details/hausaproverbs00merrrich)."", ""license"": ""Public Domain"", ""dialect_assigned_default"": true}"
"Idan gulbi ya hanna ketarre, ba ya hanna","proverb","8","{""source"": ""Hausa Proverbs"", ""genre"": ""proverb"", ""english_translation"": ""davrowa  ba."", ""note"": ""The  stream  may  prevent  you  from  crossing,  but  it cannot  prevent  you  from  retracing  your steps. There  is  a  limit  to  every  one's  powers."", ""proverb_number"": 342, ""origin"": ""Merrick, G. (1905). Hausa Proverbs. Public domain (archive.org/details/hausaproverbs00merrrich)."", ""license"": ""Public Domain"", ""dialect_assigned_default"": true}"
"Idan magani ya ki shaowa, ba ya ki zubar","proverb","8","{""source"": ""Hausa Proverbs"", ""genre"": ""proverb"", ""english_translation"": ""rua  ba."", ""note"": ""Medicine  may  be  so  nasty  that  it  prevents  your drinking  it,  but  it  can't  stop  your  throwing it  away  (or  it  can't  prevent  your  mixing  it with  water  so  as  to  be  able  to  drink  it). I  can't  do  so  and  so,  but  I  can  and  will  do  so  and  so. 344  ^Ivlainema'nrangaminaba  shi  hanna  cliiniki. Because  a  man  only  wants  to  barter  there  is  no reason  why  you  should  not  do  business with  him."", ""proverb_number"": 343, ""origin"": ""Merrick, G. (1905). Hausa Proverbs. Public domain (archive.org/details/hausaproverbs00merrrich)."", ""license"": ""Public Domain"", ""dialect_assigned_default"": true}"
"Sai anbatta ke bauta","proverb","8","{""source"": ""Hausa Proverbs"", ""genre"": ""proverb"", ""english_translation"": ""A  fool  is  always  a  slave."", ""note"": ""In  old  days  a  man  who  lost  himself  in  Hausa  was probably  made  a  slave,  so  a  man  who  always makes  mistakes  will  never  rise. This  is  one  of  those  sayings  whose  sense  is  somewhat uncertain."", ""proverb_number"": 345, ""origin"": ""Merrick, G. (1905). Hausa Proverbs. Public domain (archive.org/details/hausaproverbs00merrrich)."", ""license"": ""Public Domain"", ""dialect_assigned_default"": true}"
"En mutum ya yi maka rana, ka yi masa","proverb","8","{""source"": ""Hausa Proverbs"", ""genre"": ""proverb"", ""english_translation"": ""derri. Keturn  good  for  evil."", ""note"": """", ""proverb_number"": 346, ""origin"": ""Merrick, G. (1905). Hausa Proverbs. Public domain (archive.org/details/hausaproverbs00merrrich)."", ""license"": ""Public Domain"", ""dialect_assigned_default"": true}"
"Mutum ba slii tube minny riga a kasua,","proverb","8","{""source"": ""Hausa Proverbs"", ""genre"": ""proverb"", ""english_translation"": ""saanan  ya  komo  gidda  ya  clie  za  ya  sa minny."", ""note"": ""A  man  will   not   publicly   insiilt   me    and   tlien apologize  privately."", ""proverb_number"": 347, ""origin"": ""Merrick, G. (1905). Hausa Proverbs. Public domain (archive.org/details/hausaproverbs00merrrich)."", ""license"": ""Public Domain"", ""dialect_assigned_default"": true}"
"Ana magana'n kaia'n kai, ba a magana na","proverb","8","{""source"": ""Hausa Proverbs"", ""genre"": ""proverb"", ""english_translation"": ""rataya."", ""note"": ""We  are  talking  of  the  head  load,  not  of  tlie  one slung  over  the  shoulder. Don't  shove  your  oar  in,  you  are  much  too  small  a man. The  load  carried  on   the  head  is  a  heavy  one,  one merely  slung  would  be  something  small,  done  up in  a  bag  or  handkerchief."", ""proverb_number"": 348, ""origin"": ""Merrick, G. (1905). Hausa Proverbs. Public domain (archive.org/details/hausaproverbs00merrrich)."", ""license"": ""Public Domain"", ""dialect_assigned_default"": true}"
"Fure tagari ba shi da dadi'n kamsbi","proverb","8","{""source"": ""Hausa Proverbs"", ""genre"": ""proverb"", ""english_translation"": ""koyauslii. A  good  fire  is  not  always  sweet  smelling."", ""note"": """", ""proverb_number"": 349, ""origin"": ""Merrick, G. (1905). Hausa Proverbs. Public domain (archive.org/details/hausaproverbs00merrrich)."", ""license"": ""Public Domain"", ""dialect_assigned_default"": true}"
"Mai ido daia ba ya gode Allah ba, sai ya","proverb","8","{""source"": ""Hausa Proverbs"", ""genre"": ""proverb"", ""english_translation"": ""ga  makafo."", ""note"": ""The  one-eyed  man  only  thanks  Allah  for  his  one eye  when  he  sees  a  totally  blind  man. You  never  know  when  you  are  well  off."", ""proverb_number"": 350, ""origin"": ""Merrick, G. (1905). Hausa Proverbs. Public domain (archive.org/details/hausaproverbs00merrrich)."", ""license"": ""Public Domain"", ""dialect_assigned_default"": true}"
"Juga rabbo'n cluffu, mai kaza ya tasshi da","proverb","8","{""source"": ""Hausa Proverbs"", ""genre"": ""proverb"", ""english_translation"": ""kai."", ""note"": ""Sharing  in  tlie  dark  is  not  a  good  thing,  the owner  of  the  fowl  (shared)  may  come  off with  the  head. Anajuga  masa  da  yawa,  he  has  had  much  more  than his  share."", ""proverb_number"": 351, ""origin"": ""Merrick, G. (1905). Hausa Proverbs. Public domain (archive.org/details/hausaproverbs00merrrich)."", ""license"": ""Public Domain"", ""dialect_assigned_default"": true}"
"Kowa na Allah ne, amma dammu na","proverb","8","{""source"": ""Hausa Proverbs"", ""genre"": ""proverb"", ""english_translation"": ""maigona  ne. Every   one   belongs   to   Allah,    but   the  dammu belongs  to  the  owner  of  the  farm. That  at  any  rate  is  mine. Dammu,  a  Hzard."", ""note"": """", ""proverb_number"": 352, ""origin"": ""Merrick, G. (1905). Hausa Proverbs. Public domain (archive.org/details/hausaproverbs00merrrich)."", ""license"": ""Public Domain"", ""dialect_assigned_default"": true}"
"Arziki ba riga ba ne, bale a tube","proverb","8","{""source"": ""Hausa Proverbs"", ""genre"": ""proverb"", ""english_translation"": ""Good  luck  is  not  like  a  coat  which  you  can  take off  and  on."", ""note"": """", ""proverb_number"": 353, ""origin"": ""Merrick, G. (1905). Hausa Proverbs. Public domain (archive.org/details/hausaproverbs00merrrich)."", ""license"": ""Public Domain"", ""dialect_assigned_default"": true}"
"Zuma da zaki (jl;) da harbi","proverb","8","{""source"": ""Hausa Proverbs"", ""genre"": ""proverb"", ""english_translation"": ""The  bee  has  both  sweetness  and  a  sting  (zuma, honey,  a  bee). There  are  two  sides  to  every  question."", ""note"": """", ""proverb_number"": 354, ""origin"": ""Merrick, G. (1905). Hausa Proverbs. Public domain (archive.org/details/hausaproverbs00merrrich)."", ""license"": ""Public Domain"", ""dialect_assigned_default"": true}"
"Dukia magani'n kankantchi","proverb","8","{""source"": ""Hausa Proverbs"", ""genre"": ""proverb"", ""english_translation"": ""Wealth  is  the  cure  for  punishment."", ""note"": """", ""proverb_number"": 355, ""origin"": ""Merrick, G. (1905). Hausa Proverbs. Public domain (archive.org/details/hausaproverbs00merrrich)."", ""license"": ""Public Domain"", ""dialect_assigned_default"": true}"
"Barewa ta yi gudu, danta shi rereffi","proverb","8","{""source"": ""Hausa Proverbs"", ""genre"": ""proverb"", ""english_translation"": ""When  the  bareica  runs  shall  its  young  one  crawl. When  my  master  goes  out  shall  I  stay  at  home. Barewa,  the  gazelle,  the  Senegal  antelope."", ""note"": """", ""proverb_number"": 356, ""origin"": ""Merrick, G. (1905). Hausa Proverbs. Public domain (archive.org/details/hausaproverbs00merrrich)."", ""license"": ""Public Domain"", ""dialect_assigned_default"": true}"
"Kura na sba'n rua, karre ya leka","proverb","8","{""source"": ""Hausa Proverbs"", ""genre"": ""proverb"", ""english_translation"": ""The  dog  looks  on  while  the  kura  drinks."", ""note"": ""Na,  vide  8."", ""proverb_number"": 357, ""origin"": ""Merrick, G. (1905). Hausa Proverbs. Public domain (archive.org/details/hausaproverbs00merrrich)."", ""license"": ""Public Domain"", ""dialect_assigned_default"": true}"
"Litafi'n makariacbi, shi ka yi karatu'n","proverb","8","{""source"": ""Hausa Proverbs"", ""genre"": ""proverb"", ""english_translation"": ""abinshi  rana'n  taro."", ""note"": ""The  record  of  the  liar,  you  read  it  the  day  you meet."", ""proverb_number"": 358, ""origin"": ""Merrick, G. (1905). Hausa Proverbs. Public domain (archive.org/details/hausaproverbs00merrrich)."", ""license"": ""Public Domain"", ""dialect_assigned_default"": true}"
"Dasshe ya fi sirreri (or sliukakye)","proverb","8","{""source"": ""Hausa Proverbs"", ""genre"": ""proverb"", ""english_translation"": ""Planting  out  or  transplanting  is  better  than  sow- ing seeds."", ""note"": """", ""proverb_number"": 359, ""origin"": ""Merrick, G. (1905). Hausa Proverbs. Public domain (archive.org/details/hausaproverbs00merrrich)."", ""license"": ""Public Domain"", ""dialect_assigned_default"": true}"
"Dan maigona ya fi dan mai gaiya","proverb","8","{""source"": ""Hausa Proverbs"", ""genre"": ""proverb"", ""english_translation"": ""The  son  of  a  man  who  owns  a  farm  is  better than  the  son  of  the  man  who  has  only  got a  piece  of  ground  which  he  intends  to gaiya."", ""note"": ""Gaiya,  to  collect  a  number  of  men  together  to  hoe your  farm  ;  a  feast  is  usually  prepared  for  them."", ""proverb_number"": 360, ""origin"": ""Merrick, G. (1905). Hausa Proverbs. Public domain (archive.org/details/hausaproverbs00merrrich)."", ""license"": ""Public Domain"", ""dialect_assigned_default"": true}"
"Mai koda ba ta so mai koda","proverb","8","{""source"": ""Hausa Proverbs"", ""genre"": ""proverb"", ""english_translation"": ""Maikoda,  maikodia,  a  woman  who  pounds  corn. Rivals  do  not  agree."", ""note"": """", ""proverb_number"": 361, ""origin"": ""Merrick, G. (1905). Hausa Proverbs. Public domain (archive.org/details/hausaproverbs00merrrich)."", ""license"": ""Public Domain"", ""dialect_assigned_default"": true}"
"Dadi'n magana ka jira shi tarsheka","proverb","8","{""source"": ""Hausa Proverbs"", ""genre"": ""proverb"", ""english_translation"": ""One  does  not  seek  to  avoid  pleasant  talk."", ""note"": """", ""proverb_number"": 362, ""origin"": ""Merrick, G. (1905). Hausa Proverbs. Public domain (archive.org/details/hausaproverbs00merrrich)."", ""license"": ""Public Domain"", ""dialect_assigned_default"": true}"
"Wa ya ki faddua'n rumbu, mata'n gidda","proverb","8","{""source"": ""Hausa Proverbs"", ""genre"": ""proverb"", ""english_translation"": ""ko  kaji  ?"", ""note"": ""Do  the  women  of  the  house  or  the  hens  object  to the  falling  down  of  the  rumbu  ? Rumbu,  the  earthen  receptacle  for  corn,  usually  with a  grass  roof. They  don't  object,  because  it  gives  both  less  trouble to  get  the  corn.     Vide  129."", ""proverb_number"": 363, ""origin"": ""Merrick, G. (1905). Hausa Proverbs. Public domain (archive.org/details/hausaproverbs00merrrich)."", ""license"": ""Public Domain"", ""dialect_assigned_default"": true}"
"Mai kaia ke tsoro'n fuslii, dan alaaro sai","proverb","8","{""source"": ""Hausa Proverbs"", ""genre"": ""proverb"", ""english_translation"": ""anbasbi  magana."", ""note"": ""The  owner  of  the  load  fears  robbers  (he  acts  with caution  for  fear  of  losing  his  property),  the carrier  does  not  care  (all  you  can  do  is  to warn  him)."", ""proverb_number"": 364, ""origin"": ""Merrick, G. (1905). Hausa Proverbs. Public domain (archive.org/details/hausaproverbs00merrrich)."", ""license"": ""Public Domain"", ""dialect_assigned_default"": true}"
"Rena kiwo makwaidaitchi, ko ya yi keau,","proverb","8","{""source"": ""Hausa Proverbs"", ""genre"": ""proverb"", ""english_translation"": ""ya  chinye  abinshi."", ""note"": ""Do  not  take  any  account  of  what  the  *' sponger  \"" has,  even  if  it  is  good  he  eats  up  his  all. Makwadai,  a  man  who  lives  on  his  neighbours,  not necessarily  a  beggar."", ""proverb_number"": 365, ""origin"": ""Merrick, G. (1905). Hausa Proverbs. Public domain (archive.org/details/hausaproverbs00merrrich)."", ""license"": ""Public Domain"", ""dialect_assigned_default"": true}"
"Mainama shi kan nema wutta","proverb","8","{""source"": ""Hausa Proverbs"", ""genre"": ""proverb"", ""english_translation"": ""The  man  with  meat  seeks  fire."", ""note"": """", ""proverb_number"": 366, ""origin"": ""Merrick, G. (1905). Hausa Proverbs. Public domain (archive.org/details/hausaproverbs00merrrich)."", ""license"": ""Public Domain"", ""dialect_assigned_default"": true}"
"Ta fi chikka kasua'n munafukai","proverb","8","{""source"": ""Hausa Proverbs"", ""genre"": ""proverb"", ""english_translation"": ""The  market  of  evildoers  is  always  fullest."", ""note"": """", ""proverb_number"": 367, ""origin"": ""Merrick, G. (1905). Hausa Proverbs. Public domain (archive.org/details/hausaproverbs00merrrich)."", ""license"": ""Public Domain"", ""dialect_assigned_default"": true}"
"Resshi'n tuo kan chi wake akona","proverb","8","{""source"": ""Hausa Proverbs"", ""genre"": ""proverb"", ""english_translation"": ""\""  Lack  of  tuo  \""  has  to  eat  burnt  beans."", ""note"": ""Make  the  best  of  a  thing. Wakd,  beans,  the  food  of  the  poorest  people."", ""proverb_number"": 368, ""origin"": ""Merrick, G. (1905). Hausa Proverbs. Public domain (archive.org/details/hausaproverbs00merrrich)."", ""license"": ""Public Domain"", ""dialect_assigned_default"": true}"
"Wonda ya dauki birri, sandanshi ba ya","proverb","8","{""source"": ""Hausa Proverbs"", ""genre"": ""proverb"", ""english_translation"": ""makki  abissa  ba."", ""note"": ""The  stick  of  the  monkey  man  will  not  be  hidden in  the  tree  long  (for  the  monkey  will  bring it  down  for  him)."", ""proverb_number"": 369, ""origin"": ""Merrick, G. (1905). Hausa Proverbs. Public domain (archive.org/details/hausaproverbs00merrrich)."", ""license"": ""Public Domain"", ""dialect_assigned_default"": true}"
"Tsuguni ba kari ba, anseyer da karre,","proverb","8","{""source"": ""Hausa Proverbs"", ""genre"": ""proverb"", ""english_translation"": ""anseye  birri. The  matter  is  not  to  be  settled  in  that  way."", ""note"": ""The  dog  and  the  monkey  both  squat,  so  that  it  is  no good  selling  your  dog  and  buying  a  monkey because  you  are  tired  of  an  animal  that  squats."", ""proverb_number"": 370, ""origin"": ""Merrick, G. (1905). Hausa Proverbs. Public domain (archive.org/details/hausaproverbs00merrrich)."", ""license"": ""Public Domain"", ""dialect_assigned_default"": true}"
"Wake daia bata gari","proverb","8","{""source"": ""Hausa Proverbs"", ""genre"": ""proverb"", ""english_translation"": ""\""—       One  bean  will  spoil  the  flour."", ""note"": """", ""proverb_number"": 371, ""origin"": ""Merrick, G. (1905). Hausa Proverbs. Public domain (archive.org/details/hausaproverbs00merrrich)."", ""license"": ""Public Domain"", ""dialect_assigned_default"": true}"
"Ka fei banna, kamman gata'n birri","proverb","8","{""source"": ""Hausa Proverbs"", ""genre"": ""proverb"", ""english_translation"": ""You  are  as  destructive  (mischievous)  as  a  baboon."", ""note"": """", ""proverb_number"": 372, ""origin"": ""Merrick, G. (1905). Hausa Proverbs. Public domain (archive.org/details/hausaproverbs00merrrich)."", ""license"": ""Public Domain"", ""dialect_assigned_default"": true}"
"Toosa ya kari a wuri'n bu derri","proverb","8","{""source"": ""Hausa Proverbs"", ""genre"": ""proverb"", ""english_translation"": ""There's  an  end  of  that.  He  won^t  do  any  more harm."", ""note"": ""Bu  derri,  a  strong-smelling  animal,  a  wild  cat  or  a kind  of  tortoise."", ""proverb_number"": 373, ""origin"": ""Merrick, G. (1905). Hausa Proverbs. Public domain (archive.org/details/hausaproverbs00merrrich)."", ""license"": ""Public Domain"", ""dialect_assigned_default"": true}"
"Gulbi ba ya chi ni ba, koramma ba ya","proverb","8","{""source"": ""Hausa Proverbs"", ""genre"": ""proverb"", ""english_translation"": ""cbi  na."", ""note"": ""The  river  has  not  been  too  much  for  me,  its  bed won't  be."", ""proverb_number"": 374, ""origin"": ""Merrick, G. (1905). Hausa Proverbs. Public domain (archive.org/details/hausaproverbs00merrrich)."", ""license"": ""Public Domain"", ""dialect_assigned_default"": true}"
"Gajiawa'n kurege a baki'n rami","proverb","8","{""source"": ""Hausa Proverbs"", ""genre"": ""proverb"", ""english_translation"": ""To  fail  at  the  last  minnte,  like  a  IcuTege  which has  reached  the  mouth  of  its  hole  and  is too  tired  to  enter."", ""note"": """", ""proverb_number"": 375, ""origin"": ""Merrick, G. (1905). Hausa Proverbs. Public domain (archive.org/details/hausaproverbs00merrrich)."", ""license"": ""Public Domain"", ""dialect_assigned_default"": true}"
"Wasa'n kurege a baki'n raminshi","proverb","8","{""source"": ""Hausa Proverbs"", ""genre"": ""proverb"", ""english_translation"": ""The  playing  of  a  jerboa  at  the  mouth  of  its  hole (where  it  is  safe)."", ""note"": ""Like   a  man  who   defies  his   enemies   from   a  safe distance."", ""proverb_number"": 376, ""origin"": ""Merrick, G. (1905). Hausa Proverbs. Public domain (archive.org/details/hausaproverbs00merrrich)."", ""license"": ""Public Domain"", ""dialect_assigned_default"": true}"
"Kasslii a cbikkin turmi, ba na wada'n","proverb","8","{""source"": ""Hausa Proverbs"", ""genre"": ""proverb"", ""english_translation"": ""karre  ne  ba."", ""note"": ""A  dwarf  dog  cannot  leave  its  excrement  inside  a turmi. Turmi,  the  mortar  of  wood  in  which  corn  is  pounded. Some  one  else  must  have  done  this,  it  is  not  like  his work."", ""proverb_number"": 377, ""origin"": ""Merrick, G. (1905). Hausa Proverbs. Public domain (archive.org/details/hausaproverbs00merrrich)."", ""license"": ""Public Domain"", ""dialect_assigned_default"": true}"
"Kyeta'n gwewa shi kan kassbi ubangij-","proverb","8","{""source"": ""Hausa Proverbs"", ""genre"": ""proverb"", ""english_translation"": ""jinsa. To  jeer  at  or  neglect  gwewa  kills  the  master. Almost  our  \""  A  stitch  in  time  saves  nine.\""     Vide  60."", ""note"": """", ""proverb_number"": 378, ""origin"": ""Merrick, G. (1905). Hausa Proverbs. Public domain (archive.org/details/hausaproverbs00merrrich)."", ""license"": ""Public Domain"", ""dialect_assigned_default"": true}"
"Kaia na chi, gammu na cbi","proverb","8","{""source"": ""Hausa Proverbs"", ""genre"": ""proverb"", ""english_translation"": ""The  load  troubles  you  (for  it  is  heavy),  but  don't let  the  gammu  do  so  (for  it  is  light). Vide  6."", ""note"": """", ""proverb_number"": 379, ""origin"": ""Merrick, G. (1905). Hausa Proverbs. Public domain (archive.org/details/hausaproverbs00merrrich)."", ""license"": ""Public Domain"", ""dialect_assigned_default"": true}"
"Talaala mai kamman sekk-ye, nesa mai","proverb","8","{""source"": ""Hausa Proverbs"", ""genre"": ""proverb"", ""english_translation"": ""kamman  kussa."", ""note"": ""Talaala  is  like  being  loose^  as  if  a  far  away  thing were  close. To  an  animal  to  be  tied  with  a  long  string,  which  it does  not  notice,  is  like  being  untied. Ya  yi  masu  talaala,  he  watches  them  unawares."", ""proverb_number"": 380, ""origin"": ""Merrick, G. (1905). Hausa Proverbs. Public domain (archive.org/details/hausaproverbs00merrrich)."", ""license"": ""Public Domain"", ""dialect_assigned_default"": true}"
"Maduki kussa, macheto nesa","proverb","8","{""source"": ""Hausa Proverbs"", ""genre"": ""proverb"", ""english_translation"": ""The  striker  near,  the  refuge  far."", ""note"": """", ""proverb_number"": 381, ""origin"": ""Merrick, G. (1905). Hausa Proverbs. Public domain (archive.org/details/hausaproverbs00merrrich)."", ""license"": ""Public Domain"", ""dialect_assigned_default"": true}"
"Abin duk da kaza achikkin chi'n danko","proverb","8","{""source"": ""Hausa Proverbs"", ""genre"": ""proverb"", ""english_translation"": ""It  is  all  the  same  to  a  hen  what  rubber  it  eats  (for it  does  not  eat  rubber  at  all). It  is  all  the  same  to  me."", ""note"": """", ""proverb_number"": 382, ""origin"": ""Merrick, G. (1905). Hausa Proverbs. Public domain (archive.org/details/hausaproverbs00merrrich)."", ""license"": ""Public Domain"", ""dialect_assigned_default"": true}"
"Bakkai'n gizzu, shi ba Allah ba, shi ya","proverb","8","{""source"": ""Hausa Proverbs"", ""genre"": ""proverb"", ""english_translation"": ""hanna  Allah  rua."", ""note"": ""The  spider's  web  is  not  Allah,  but  it  prevents  the rain  falling. The  heavy  black  clouds  that  hang  about  before  a tornado  are  supposed  to  be  like  a  spider's  web and  to  prevent  rain  from  falling."", ""proverb_number"": 383, ""origin"": ""Merrick, G. (1905). Hausa Proverbs. Public domain (archive.org/details/hausaproverbs00merrrich)."", ""license"": ""Public Domain"", ""dialect_assigned_default"": true}"
"Taffia'n itachi'n kaddangari","proverb","8","{""source"": ""Hausa Proverbs"", ""genre"": ""proverb"", ""english_translation"": ""Good  intentions."", ""note"": ""The  lizard,  when  it  feels  cold  at  night,  says  to  itself \""  to-morrow  I  will  find  a  smouldering  tree  to sleep  in  so  that  I  shall  be  warm.\""  Next  day when  it  basks  in  the  sun  it  forgets  and  does  not do  it ;  the  consequence  is  that  it  feels  cold  again next  night."", ""proverb_number"": 384, ""origin"": ""Merrick, G. (1905). Hausa Proverbs. Public domain (archive.org/details/hausaproverbs00merrrich)."", ""license"": ""Public Domain"", ""dialect_assigned_default"": true}"
"Mahasadda kuna zatto'n fari, Allah ya","proverb","8","{""source"": ""Hausa Proverbs"", ""genre"": ""proverb"", ""english_translation"": ""sakko  da  rua."", ""note"": ""0  slanderers,  you  think  a  thing  is  white  (withered), but  Allah  will  freshen  it  with  water. Slanderers  do  a  man  great  harm  by  their  slander,  but Allah  will  put  it  right."", ""proverb_number"": 385, ""origin"": ""Merrick, G. (1905). Hausa Proverbs. Public domain (archive.org/details/hausaproverbs00merrrich)."", ""license"": ""Public Domain"", ""dialect_assigned_default"": true}"
"Kirra da hannu magani'n wonda ya yi","proverb","8","{""source"": ""Hausa Proverbs"", ""genre"": ""proverb"", ""english_translation"": ""nesa."", ""note"": ""Calling  with  the  hand  is  the  remedy  for  one  who is  a  long  way  off."", ""proverb_number"": 386, ""origin"": ""Merrick, G. (1905). Hausa Proverbs. Public domain (archive.org/details/hausaproverbs00merrrich)."", ""license"": ""Public Domain"", ""dialect_assigned_default"": true}"
"Da terbache giwa ta fi dengi","proverb","8","{""source"": ""Hausa Proverbs"", ""genre"": ""proverb"", ""english_translation"": ""By  reason  of  collecting  all  round  the  elephant  is the  biggest  beast."", ""note"": ""If  everyone  gives  a  little  to  make  up  one  thing  it  will become  biggest  of  all."", ""proverb_number"": 387, ""origin"": ""Merrick, G. (1905). Hausa Proverbs. Public domain (archive.org/details/hausaproverbs00merrrich)."", ""license"": ""Public Domain"", ""dialect_assigned_default"": true}"
"Ya samu laamuni ga Dodo, shigga rua ba","proverb","8","{""source"": ""Hausa Proverbs"", ""genre"": ""proverb"", ""english_translation"": ""woni  abu  ne  ba."", ""note"": ""He  has  a  safe  conduct  from  Dodo  (the  devil),  if  he enters  water  no  harm  will  come  to  him. The  devil  looks  after  his  own. 339  So'n  rakumi'n  yara  dagga  nesa,  en  ya  zo kussa  sal  su  gudu. Children  love  the  camel  when  it  is  afar  off,  when it  approaches  they  run  away. Don't  be  in  a  hurry  to  choose,  be  sure  you  want  it."", ""proverb_number"": 388, ""origin"": ""Merrick, G. (1905). Hausa Proverbs. Public domain (archive.org/details/hausaproverbs00merrrich)."", ""license"": ""Public Domain"", ""dialect_assigned_default"": true}"
"Muna shiri'n ganni kariwa'n booshia da","proverb","8","{""source"": ""Hausa Proverbs"", ""genre"": ""proverb"", ""english_translation"": ""fari'n  wata."", ""note"": ""We  are  getting  ready  to  see  the  catching  of  the hedgehog  in  the  moonlight. We  are  expecting  a  day  of  reckoning  or  exposure for  him. The  hedgehog  moves  at  night ;  it  requires  moonlight to  see  it."", ""proverb_number"": 390, ""origin"": ""Merrick, G. (1905). Hausa Proverbs. Public domain (archive.org/details/hausaproverbs00merrrich)."", ""license"": ""Public Domain"", ""dialect_assigned_default"": true}"
"Miskin, mai shigga rijia ya je da dawu","proverb","8","{""source"": ""Hausa Proverbs"", ""genre"": ""proverb"", ""english_translation"": ""A  lucky  man  is  like  a  man  who  having  fura (which  is  dry)  enters  or  comes  on  a  well (which  has  water)."", ""note"": """", ""proverb_number"": 391, ""origin"": ""Merrick, G. (1905). Hausa Proverbs. Public domain (archive.org/details/hausaproverbs00merrrich)."", ""license"": ""Public Domain"", ""dialect_assigned_default"": true}"
"Kurum bakka, amaria ta hadie kasshe","proverb","8","{""source"": ""Hausa Proverbs"", ""genre"": ""proverb"", ""english_translation"": ""Silence,  indeed,  as  a  bride  who  has  swallowed  a bone  on  her  wedding-day."", ""note"": """", ""proverb_number"": 392, ""origin"": ""Merrick, G. (1905). Hausa Proverbs. Public domain (archive.org/details/hausaproverbs00merrrich)."", ""license"": ""Public Domain"", ""dialect_assigned_default"": true}"
"Daji ba kari chi'n wiitta ba, fara ba ta yi","proverb","8","{""source"": ""Hausa Proverbs"", ""genre"": ""proverb"", ""english_translation"": ""ma  yar  mvatata  berk  a."", ""note"": ""While  the  bush  is  still  burning  the  locust  does  not congratulate  its  friend. Do  not  cry  out  till  you  are  out  of  the  wood,"", ""proverb_number"": 393, ""origin"": ""Merrick, G. (1905). Hausa Proverbs. Public domain (archive.org/details/hausaproverbs00merrrich)."", ""license"": ""Public Domain"", ""dialect_assigned_default"": true}"
"Chan gasso gadda, zoiiio ya ji kiddi'n","proverb","8","{""source"": ""Hausa Proverbs"", ""genre"": ""proverb"", ""english_translation"": ""farauta."", ""note"": ""There   where  the   gadda  is  the  hare  hears   the sound  of  the  beating  of  drums. Antelope  are  driven  by  a  large  crowd  of  shouting people  who  beat  drums,  &c. At  any  rate  the  hare  is  warned  in  time.     It  is  an  ill wind  that  blows  no  one  any  good. Gadda,  the  duiker."", ""proverb_number"": 394, ""origin"": ""Merrick, G. (1905). Hausa Proverbs. Public domain (archive.org/details/hausaproverbs00merrrich)."", ""license"": ""Public Domain"", ""dialect_assigned_default"": true}"
"Koenna funtu zashi, da sanni'n mairio^a","proverb","8","{""source"": ""Hausa Proverbs"", ""genre"": ""proverb"", ""english_translation"": ""Wherever  the  naked  man  goes,  the  man  with  a coat  knows  where  he  is. A  naked  man  is  always  conspicuous."", ""note"": """", ""proverb_number"": 395, ""origin"": ""Merrick, G. (1905). Hausa Proverbs. Public domain (archive.org/details/hausaproverbs00merrrich)."", ""license"": ""Public Domain"", ""dialect_assigned_default"": true}"
"Kadda mu yi sara'n itcbi da mutum bissa","proverb","8","{""source"": ""Hausa Proverbs"", ""genre"": ""proverb"", ""english_translation"": ""Don't  let  us  talk  of  him,  there  he  is."", ""note"": """", ""proverb_number"": 396, ""origin"": ""Merrick, G. (1905). Hausa Proverbs. Public domain (archive.org/details/hausaproverbs00merrrich)."", ""license"": ""Public Domain"", ""dialect_assigned_default"": true}"
"Ido ba ma gani ba, sai hankali ke gani","proverb","8","{""source"": ""Hausa Proverbs"", ""genre"": ""proverb"", ""english_translation"": ""It  is  not  the  eye  that  understands,  but  the  mind."", ""note"": """", ""proverb_number"": 397, ""origin"": ""Merrick, G. (1905). Hausa Proverbs. Public domain (archive.org/details/hausaproverbs00merrrich)."", ""license"": ""Public Domain"", ""dialect_assigned_default"": true}"
"Man rua ya sha kai, shakirra muburmi","proverb","8","{""source"": ""Hausa Proverbs"", ""genre"": ""proverb"", ""english_translation"": ""If  water  is  up  to  your  head  the  buttocks  are  like"", ""note"": ""a  muburmi  in  a  masekhi. To  plunge  deeper  into  the  mire. Muburmi,  the  small  calabash  used  to  bale  water  out of  a  larger  one.  It  would  usually  be  at  the bottom. Shakirra,  the  buttocks."", ""proverb_number"": 398, ""origin"": ""Merrick, G. (1905). Hausa Proverbs. Public domain (archive.org/details/hausaproverbs00merrrich)."", ""license"": ""Public Domain"", ""dialect_assigned_default"": true}"
"Kwadai ka kasshe'n karre, ba yungwa ba","proverb","8","{""source"": ""Hausa Proverbs"", ""genre"": ""proverb"", ""english_translation"": ""It  is  not  liimger  that  kills  the  dog  but  continually hanging  round  for  food;  for  people  get angry  and  throw  stones  at  it."", ""note"": """", ""proverb_number"": 399, ""origin"": ""Merrick, G. (1905). Hausa Proverbs. Public domain (archive.org/details/hausaproverbs00merrrich)."", ""license"": ""Public Domain"", ""dialect_assigned_default"": true}"
"Da kuiTU gadda ta yi sunna","proverb","8","{""source"": ""Hausa Proverbs"", ""genre"": ""proverb"", ""english_translation"": ""The  gadda  has  a  reputation  for  courage,  or  on account  of  its  small  size. Gadda,  a  very  small  antelope,  duiker.     Vide  394."", ""note"": """", ""proverb_number"": 400, ""origin"": ""Merrick, G. (1905). Hausa Proverbs. Public domain (archive.org/details/hausaproverbs00merrrich)."", ""license"": ""Public Domain"", ""dialect_assigned_default"": true}"
"Koyanzu kasua ta tasshi, angulu ta sha","proverb","8","{""source"": ""Hausa Proverbs"", ""genre"": ""proverb"", ""english_translation"": ""jinni."", ""note"": ""As  soon  as  the  market  breaks  up  the  vulture begins  to  drink  blood."", ""proverb_number"": 401, ""origin"": ""Merrick, G. (1905). Hausa Proverbs. Public domain (archive.org/details/hausaproverbs00merrrich)."", ""license"": ""Public Domain"", ""dialect_assigned_default"": true}"
"Saba da maifito, tun kwoginshi ba kawo","proverb","8","{""source"": ""Hausa Proverbs"", ""genre"": ""proverb"", ""english_translation"": ""rua  ba,  randa  rua  ya  bayenna  kai  ne fito'n  farko."", ""note"": ""Familiarity  with  a  boatman,  before  his  river  fills with  water,  causes  you  to  be  the  first  to benefit  by  his  boat  when  the  water  appears. Maifito,  a  boatman,  one  who  puts  you  out."", ""proverb_number"": 402, ""origin"": ""Merrick, G. (1905). Hausa Proverbs. Public domain (archive.org/details/hausaproverbs00merrrich)."", ""license"": ""Public Domain"", ""dialect_assigned_default"": true}"
"Saba da kwana'n rami, ko mutua ya","proverb","8","{""source"": ""Hausa Proverbs"", ""genre"": ""proverb"", ""english_translation"": ""sameka."", ""note"": ""A  man  who  is  accustomed  to  hardship  will  not mind  a  little  extra."", ""proverb_number"": 403, ""origin"": ""Merrick, G. (1905). Hausa Proverbs. Public domain (archive.org/details/hausaproverbs00merrrich)."", ""license"": ""Public Domain"", ""dialect_assigned_default"": true}"
"Kowa ta kai, gobarra yan bera","proverb","8","{""source"": ""Hausa Proverbs"", ""genre"": ""proverb"", ""english_translation"": ""Every  one  for  himself."", ""note"": """", ""proverb_number"": 404, ""origin"": ""Merrick, G. (1905). Hausa Proverbs. Public domain (archive.org/details/hausaproverbs00merrrich)."", ""license"": ""Public Domain"", ""dialect_assigned_default"": true}"
"Shi ke nan birni, en ji ba kowye","proverb","8","{""source"": ""Hausa Proverbs"", ""genre"": ""proverb"", ""english_translation"": ""0  see  the  city,  so  says  the  rustic !"", ""note"": ""Kowye  the  small  hamlets  within  a  radius  of  ten  miles or  so  from  a  walled  town ;  in  a  larger  sense, sometimes  for  all  towns  depending  on  the  \""  birni.\"""", ""proverb_number"": 405, ""origin"": ""Merrick, G. (1905). Hausa Proverbs. Public domain (archive.org/details/hausaproverbs00merrrich)."", ""license"": ""Public Domain"", ""dialect_assigned_default"": true}"
"Da angansu, sai anclie "" kworria akarabba.""","proverb","8","{""source"": ""Hausa Proverbs"", ""genre"": ""proverb"", ""english_translation"": ""On  seeing  them  one  would  say,  '*  A  calabash  cut in  half.\"" As  like  as  two  peas."", ""note"": """", ""proverb_number"": 406, ""origin"": ""Merrick, G. (1905). Hausa Proverbs. Public domain (archive.org/details/hausaproverbs00merrrich)."", ""license"": ""Public Domain"", ""dialect_assigned_default"": true}"
"Kaddangari ka shigga rua ka zamma kadda","proverb","8","{""source"": ""Hausa Proverbs"", ""genre"": ""proverb"", ""english_translation"": ""0,  lizard,  if  you  ent'er  the  water  you  will  become a  crocodile."", ""note"": ""As  if  one  said  to  a  man,  \""  Yes,  go  on,  you  can  do  it,\"" knowing  well  that  he  cannot.     To  egg  him  on."", ""proverb_number"": 407, ""origin"": ""Merrick, G. (1905). Hausa Proverbs. Public domain (archive.org/details/hausaproverbs00merrrich)."", ""license"": ""Public Domain"", ""dialect_assigned_default"": true}"
"Wonda a rua ba ya san tuddn anarana ba","proverb","8","{""source"": ""Hausa Proverbs"", ""genre"": ""proverb"", ""english_translation"": ""He  who  is  at  his  ease  does  not  know  what  it  is  to be  in  want."", ""note"": """", ""proverb_number"": 408, ""origin"": ""Merrick, G. (1905). Hausa Proverbs. Public domain (archive.org/details/hausaproverbs00merrrich)."", ""license"": ""Public Domain"", ""dialect_assigned_default"": true}"
"Tulu ne, ya ke ka kawo, randa tana dakka","proverb","8","{""source"": ""Hausa Proverbs"", ""genre"": ""proverb"", ""english_translation"": ""The  tulu  you  carry  to  and  fro,  the  randa  remains in  the  house."", ""note"": ""The  owner  of  the  house  is  always  there,  he  does  not do  the  fetching  and  carrying.     Vide  12."", ""proverb_number"": 409, ""origin"": ""Merrick, G. (1905). Hausa Proverbs. Public domain (archive.org/details/hausaproverbs00merrrich)."", ""license"": ""Public Domain"", ""dialect_assigned_default"": true}"
"Maigado ya so kwana mai taberma nadde","proverb","8","{""source"": ""Hausa Proverbs"", ""genre"": ""proverb"", ""english_translation"": ""The  owner  of  the  bed  wants  to  sleep,  and  the owner  of  the  mat  (who  has  spread  it  on  the bed)  must  pack  up."", ""note"": """", ""proverb_number"": 410, ""origin"": ""Merrick, G. (1905). Hausa Proverbs. Public domain (archive.org/details/hausaproverbs00merrrich)."", ""license"": ""Public Domain"", ""dialect_assigned_default"": true}"
"Kwana bukka ya ii kwana soro (da ba","proverb","8","{""source"": ""Hausa Proverbs"", ""genre"": ""proverb"", ""english_translation"": ""kurdi)."", ""note"": ""To  sleep  in  the  grass  shelter  of  the  trader  (and have  plenty  of  food)  is  better  than  to  sleep in  a  soro  without  any. Soro,  the  flat-roofed  mud  hut,  the  best  kind  known in  the  Central  Soudan."", ""proverb_number"": 411, ""origin"": ""Merrick, G. (1905). Hausa Proverbs. Public domain (archive.org/details/hausaproverbs00merrrich)."", ""license"": ""Public Domain"", ""dialect_assigned_default"": true}"
"Akwoi mai- abut a uku zamma'n dunia, da","proverb","8","{""source"": ""Hausa Proverbs"", ""genre"": ""proverb"", ""english_translation"": ""zuchia,  da  hankali,  da  leura."", ""note"": ""There  are  three  things  worth  having  in  this  world, courage,  good  sense,  and  caution."", ""proverb_number"": 412, ""origin"": ""Merrick, G. (1905). Hausa Proverbs. Public domain (archive.org/details/hausaproverbs00merrrich)."", ""license"": ""Public Domain"", ""dialect_assigned_default"": true}"
"Enna rua'n gusu da taba","proverb","8","{""source"": ""Hausa Proverbs"", ""genre"": ""proverb"", ""english_translation"": ""They  are  two  entirely  different  things."", ""note"": """", ""proverb_number"": 413, ""origin"": ""Merrick, G. (1905). Hausa Proverbs. Public domain (archive.org/details/hausaproverbs00merrrich)."", ""license"": ""Public Domain"", ""dialect_assigned_default"": true}"
"Muna da nia (neea) maje samma ya hau","proverb","8","{""source"": ""Hausa Proverbs"", ""genre"": ""proverb"", ""english_translation"": ""giginia."", ""note"": ""We  are  full  of  zeal,  the  goer  to  the  sky  climbs  a palm  tree  (deleb). Much  promise,  little  result."", ""proverb_number"": 414, ""origin"": ""Merrick, G. (1905). Hausa Proverbs. Public domain (archive.org/details/hausaproverbs00merrrich)."", ""license"": ""Public Domain"", ""dialect_assigned_default"": true}"
"Ido'n da ya ga hayaki shi kan debo wutta","proverb","8","{""source"": ""Hausa Proverbs"", ""genre"": ""proverb"", ""english_translation"": ""The  eye  that  sees  smoke  looks  for  fire."", ""note"": """", ""proverb_number"": 415, ""origin"": ""Merrick, G. (1905). Hausa Proverbs. Public domain (archive.org/details/hausaproverbs00merrrich)."", ""license"": ""Public Domain"", ""dialect_assigned_default"": true}"
"Zamani'n da doki da jaki ba su mutu ba,","proverb","8","{""source"": ""Hausa Proverbs"", ""genre"": ""proverb"", ""english_translation"": ""mi  maikia  ta  chi  ta  yi  rai."", ""note"": ""What  is  the  vulture  to  eat  if  horses  and  donkeys don't  die. It  is  an  ill  wind  that  blows  no  one  any  good."", ""proverb_number"": 416, ""origin"": ""Merrick, G. (1905). Hausa Proverbs. Public domain (archive.org/details/hausaproverbs00merrrich)."", ""license"": ""Public Domain"", ""dialect_assigned_default"": true}"
"Wawa ba mabaukaclii ba ne, en ya chi","proverb","8","{""source"": ""Hausa Proverbs"", ""genre"": ""proverb"", ""english_translation"": ""kasua  giddansa  sai  ya  komo."", ""note"": ""The  simpleton  is  not  absolutely  devoid  of  sense, if  he  visits  the  market  he  will  return home."", ""proverb_number"": 417, ""origin"": ""Merrick, G. (1905). Hausa Proverbs. Public domain (archive.org/details/hausaproverbs00merrrich)."", ""license"": ""Public Domain"", ""dialect_assigned_default"": true}"
"Da bagarua da abin gari ne, da ba aber na","proverb","8","{""source"": ""Hausa Proverbs"", ""genre"": ""proverb"", ""english_translation"": ""majema  ba."", ""note"": ""Had  the  bagama  been  of  any  other  use  it  would not  have  been  left  to  the  tanner. Bagarua,  acacia  tree,  its  wood  is  very  hard  and  is  used for  the  handles  of  axes,  &c.,  the  bark  for  tanning. Majema,  masu  gyetta  fata,  tanners."", ""proverb_number"": 418, ""origin"": ""Merrick, G. (1905). Hausa Proverbs. Public domain (archive.org/details/hausaproverbs00merrrich)."", ""license"": ""Public Domain"", ""dialect_assigned_default"": true}"
"Sabta'n tsoola, ka debi fusari ka wanka","proverb","8","{""source"": ""Hausa Proverbs"", ""genre"": ""proverb"", ""english_translation"": ""kasshi. To  rob  Peter  to  pay  Paul."", ""note"": """", ""proverb_number"": 419, ""origin"": ""Merrick, G. (1905). Hausa Proverbs. Public domain (archive.org/details/hausaproverbs00merrrich)."", ""license"": ""Public Domain"", ""dialect_assigned_default"": true}"
"Hallali'n gimda itachi'n gao","proverb","8","{""source"": ""Hausa Proverbs"", ""genre"": ""proverb"", ""english_translation"": ""The  proper  food  for  the  gunda  is  the  wood  of  the gao  tree."", ""note"": ""Gunda,  the  insect  that  bores  holes  in  wood."", ""proverb_number"": 420, ""origin"": ""Merrick, G. (1905). Hausa Proverbs. Public domain (archive.org/details/hausaproverbs00merrrich)."", ""license"": ""Public Domain"", ""dialect_assigned_default"": true}"
"Kufan mai ta fi. na rua","proverb","8","{""source"": ""Hausa Proverbs"", ""genre"": ""proverb"", ""english_translation"": ""A  grease  stain  is  more  lasting  than  one  of  water."", ""note"": """", ""proverb_number"": 421, ""origin"": ""Merrick, G. (1905). Hausa Proverbs. Public domain (archive.org/details/hausaproverbs00merrrich)."", ""license"": ""Public Domain"", ""dialect_assigned_default"": true}"
"Makafo ba ya san anaganninsa ba, sai ansa","proverb","8","{""source"": ""Hausa Proverbs"", ""genre"": ""proverb"", ""english_translation"": ""sanda  anzungereshi."", ""note"": ""A  blind  man  does  not  know  that  he  is  being looked  at  until  one  takes  a  stick  and pokes  him."", ""proverb_number"": 422, ""origin"": ""Merrick, G. (1905). Hausa Proverbs. Public domain (archive.org/details/hausaproverbs00merrrich)."", ""license"": ""Public Domain"", ""dialect_assigned_default"": true}"
"Inda rua, garra ya yi ginna, in ba rua ba,","proverb","8","{""source"": ""Hausa Proverbs"", ""genre"": ""proverb"", ""english_translation"": ""garra  ya  yi  ginni."", ""note"": ""The  garra  (white  ant)  builds  with  or  without water."", ""proverb_number"": 423, ""origin"": ""Merrick, G. (1905). Hausa Proverbs. Public domain (archive.org/details/hausaproverbs00merrrich)."", ""license"": ""Public Domain"", ""dialect_assigned_default"": true}"
"Karriya ne, kunne ba slii iinn kai","proverb","8","{""source"": ""Hausa Proverbs"", ""genre"": ""proverb"", ""english_translation"": ""It  is  a  lie,  the  ears  are  not  bigger  than  the  head. The  servant  is  not  a  bigger  man  than  his  master."", ""note"": """", ""proverb_number"": 424, ""origin"": ""Merrick, G. (1905). Hausa Proverbs. Public domain (archive.org/details/hausaproverbs00merrrich)."", ""license"": ""Public Domain"", ""dialect_assigned_default"": true}"
"Aki maraya da riga'nbuzu, a ganshi da na","proverb","8","{""source"": ""Hausa Proverbs"", ""genre"": ""proverb"", ""english_translation"": ""kariii."", ""note"": ""You  refuse  the  orphan  a  leather  rig  a  (or  you object  to  him  with  a  leather  riga  on), you  meet  him  with  one  of  iron."", ""proverb_number"": 425, ""origin"": ""Merrick, G. (1905). Hausa Proverbs. Public domain (archive.org/details/hausaproverbs00merrrich)."", ""license"": ""Public Domain"", ""dialect_assigned_default"": true}"
"Kadda ayi ""ban rua albassa/' a deeba","proverb","8","{""source"": ""Hausa Proverbs"", ""genre"": ""proverb"", ""english_translation"": ""akassa,  a  zubass  akassa."", ""note"": ""Don't  do  \""  giving  an  onion  water ; \""  it  is  taken from  the  ground  and  poured  out  on  the ground. Don't  do  that  kind  of  thing,  there  is  no  end  to  it."", ""proverb_number"": 426, ""origin"": ""Merrick, G. (1905). Hausa Proverbs. Public domain (archive.org/details/hausaproverbs00merrrich)."", ""license"": ""Public Domain"", ""dialect_assigned_default"": true}"
"Masiachi, ko ansakkaslii achikkin tandu'n","proverb","8","{""source"": ""Hausa Proverbs"", ""genre"": ""proverb"", ""english_translation"": ""mai,  sai  slii  fito  busasslii."", ""note"": ""A  poor  (unsuccessful)  man,  if  lie  was  put  into  a pot  of  grease  lie  would  come  out  dry. If  a  man  is  fated  to  be  poor,  nothing  will  enrich  him."", ""proverb_number"": 427, ""origin"": ""Merrick, G. (1905). Hausa Proverbs. Public domain (archive.org/details/hausaproverbs00merrrich)."", ""license"": ""Public Domain"", ""dialect_assigned_default"": true}"
"Blikki'n kuUa, aska ta bata a wuri'n","proverb","8","{""source"": ""Hausa Proverbs"", ""genre"": ""proverb"", ""english_translation"": ""maikora."", ""note"": ""\""  Looking  feast \""  is  like  spoiling  a  razor  on  a  bald bead. It  is  a  waste  of  time."", ""proverb_number"": 428, ""origin"": ""Merrick, G. (1905). Hausa Proverbs. Public domain (archive.org/details/hausaproverbs00merrrich)."", ""license"": ""Public Domain"", ""dialect_assigned_default"": true}"
"Malakka'n karre da banta'n kura","proverb","8","{""source"": ""Hausa Proverbs"", ""genre"": ""proverb"", ""english_translation"": ""Tbe  kura's  liver  and  tbe  property  of  a  dog  !"", ""note"": ""A  thing  he  is  not  likely  to  have."", ""proverb_number"": 429, ""origin"": ""Merrick, G. (1905). Hausa Proverbs. Public domain (archive.org/details/hausaproverbs00merrrich)."", ""license"": ""Public Domain"", ""dialect_assigned_default"": true}"
"Sai ansba wuya akantunna AUab","proverb","8","{""source"": ""Hausa Proverbs"", ""genre"": ""proverb"", ""english_translation"": ""When  in  trouble  one  remembers  Allah."", ""note"": """", ""proverb_number"": 430, ""origin"": ""Merrick, G. (1905). Hausa Proverbs. Public domain (archive.org/details/hausaproverbs00merrrich)."", ""license"": ""Public Domain"", ""dialect_assigned_default"": true}"
"Mai babetcbi maso fadda, wonda ya tanka","proverb","8","{""source"": ""Hausa Proverbs"", ""genre"": ""proverb"", ""english_translation"": ""ko  ya  fisbi."", ""note"": ""Tbe  man  who  is  full  of  trite  sayings  rejoices  in a  discussion  ;  it  is  not  impossible  tbat  tbe .man  wbo  answers  may  silence  bim. Tbe  following  twenty-two  sentences,  wbicb  define  tbe peculiarities  of  certain  tbings  and  animals,  are  often used  wben  tbey  are  considered  to  tbe  point  as : — 11  Meaning  he  may  be  ugly  and  stupid,  but  he  does us  no  harm. 15  What  a  chatterbox. 16  He  would  not  come  here  without  a  reason. An  officer  well  known  in  North  Nigeria  was  commonly spoken  of  among  the  soldiers  in  a  similar  way : Ku-ado,  hicado  ha  I'ct  chi'n  ivoni. 1  Dila  maishenchia,  maiwayo,  sha  rua  da  na gobe. The  dila  with  a  bushy  tail  is  a  wily  animal,  he drinks  to-morrow's  water  as  well  as  to-day's. 2  Kaza,  bata  wiiri'n  kwananki. 0  hen,  you  foul  your  own  nest. 3  Yawa'n  daria  kamma'n  gona'n  abduga. A  great  deal  of  laughter  is  like  a  cotton  field  (for the  white  teeth  show). 4  Rangamma  kina  da  kamma'n  anseyes  a  koma talha. 0,  rangamma,  you  are  like  \""sold  and  cried  for  sale again.\"" Rangamma,  to  barter,  to  get  goods  in  exchange,  not money. Talha,  to  cry  anything  for  sale  in  the  market. 5  Giwa'n  bassa,  ko  miitum  ya  massu,  ba  ya seyer  da  shi  ya  seye  fur  a. Giwa'n  bassa,  a  large  hamper  of  butter  (shea) ;  it  is very  carefully  closed,  and  a  carrier  would  not think  of  opening  it  to  buy  himself  food  with,  even if  he  were  hungry. 6  Tolo-tolo  ka  fi  yanka'n  baki  (Jk), 0,  turkey,  you  are  too  good  (expensive)  to  kill  for a  stranger  to  eat. 7  Dammu  sariki'n  hankuri,  kurrum  ya  gum- slieka  da  kowa,  wanda  ya  che  \""  ka  che  \"" shi  ya  che. The  dammic  is  the  prince  of  patience,  he  tries  to please  every  one,  if  any  one  says,  \""  speak,\"" he  speaks. 8  Tsari  mai  ba  haushi  akoreka  ka  fada  riia. 0  tsari,  you  give  disappointment,  when  you  are chased  you  drop  into  the  water. Tsari,  said  to  be  a  small  alligator. 9  Iska  ba   ki   da   nowyi,  kina   kada  mainya mainyan  itachi. 0  wind  you  have  no  weight,  but  you  cut  down  the biggest  trees. 10  Kitse   mugu'n   nama,    ba   ka  nima  ba,   ka kasshe  wutta. 0  fat,  you  are  an  evil  kind  of  meat,  you  do  not  get cooked  and  you  put  out  the  fire. 11  Enna  laifi'n  angulu,  kaza'n  birni,  wonda  ba  ta tona  sbuka. Why  do  people  find  fault  with  the  vulture ;  it  is  a town  bird,  it  does  not  eat  seeds  (that  have been  sown). 12  Man  ka  ji  zuma  yana  kugi,  ya  yi  rua  ne, shina  nema'n  maichinsa. When  you  hear  the  bee  buzzing,  you  know  it  is making  honey  and  wants  some  one  to  take  it. 13  Laya'n  karra  da  keau,  ba  magani. Laya  (charms)  made  of  guinea  corn  stalk  sewn  in leather  are  nice  to  look  at,  but  they  are not  real  \""  juju.\"" Hausa  Pi'overbs  yy 14  Hansekkye'n  darma,  ka  kai  ba  ka  kawo  ba. 0  pincers  made  of  lead,  you  can  bring  up  iron  to the  fire  but  cannot  carry  it  away  again. 15  Sooda  maiyawa'n  labari  fadi  ba  a  tambayeka ba. 0  sooda,  you  are  full  of  noise,  tliougb  no  one  asks you  to  make  it. Sooda,  a  small  bird  which  makes  a  great  twittering. 16  Maikia  ba  ki  sauka'n  banza,  sai  maidalili. 0  vulture,  you  do  not  settle  on  the  ground  without a  reason. 17  Belbela  chi  da  motsi'n  woni. 0  belbela,  you  live  by  the  movements  of  others. Belbela,  the    paddy  bird  of  India;  it  is  always  seen near  cattle,  &c.,  and  feeds  off  the  ticks. 18  Gona'n  tofa  kewoya  dagga  nesa. Go  a  long  way  round  to  avoid  the  fields  where  tofa is  growing. Tofa,  a  grass  which  leaves  prickles  in  the  feet. 19  Karre'n  ramma  ba  ruanka  da  kanzo. 0  dog,  made  of  tie-tie,  you  have  no  concern  with 'kanzo. Ramma,  a  straight  bush ;    tie-tie  is  made  out  of  its bark. Tie-tie,  the  native  English  for  string  made  out  of  bark. Karre'n  ramma,  a  basket  made  out  of  this  tie-tie  filled with  rubbish,  which  children  play  with,  supposed to  be  a  dog. Kanzo,  the   dry  remains  of  yesterday's  tuo,  usually thrown  to  hens  or  dogs. 20  Hankaka  maicla  dan  woni  shi  zamma  naka. 0  haiikaka,  make   some  one  else's  child   become yours. The  hankaka,  or  crow,  is  supposed  not  to  have  young  of its  own  but  to  appropriate  those  of  other  birds. 21  Gaiwa  chi  jikkinki. 0  gaiiva,  eat  your  own  body. Gaiwa,  the  mud  fish,  found  under  the  mud  after  water has  fallen  below  its  usual  level ;  it  is,  during  the dry  weather,  supposed  to  live  on  the  secretions  of its  own  body. 22  Faran  tunfafia  ba  achinki,  ba  ka  chin  woni. 0  locust  of  tbe  tunfafia  tree,  you  are  not  eaten,  you do  no  one  any  barm. RIDDLES. 1  Rigata  biu,  wonda  ni  ke  sawa  shi  ne  sabua, won  da  ba  ni  sawa  ita  che  tsofiia. I  have  two  coats,  tlie  one  wliich  I  always  wear  is new,  and  the  one  I  don^t  wear  is  old. Ansiver. — A  road. 2  Rigata  guda  daia,  aljifunta  deri. I  have  a  coat  with  a  hundred  pockets. Answer. — An  anthill. 3  Godiata  da  chikki  ba  na  bawa'n  doki,  sai chikki  ni  ke  hau. When  my  mare  is  in  foal  I  don't  ride  her,  but  I ride  the  unborn  foal. Ansicer. — A  house  with  a  bed  inside. 4  Shanunsa  deri,  madaurinsa  daia. Answer. — A  broom,  which  has  a  hundred  pieces  of  grass, but  only  one  string  to  tie  them  with. 5  Babba  na  chikki  gemansa  na  waje. The  master  of  the  house  is  inside  but  his  beard  is outside. Answer. — A   hut  with   a    fire   inside   and   the   smoke coming  out  of  the  roof.      Vide  8  na. 6  Dan  karami'n  abu  gamma  dunia. A  very  small  thing,  but  the  world  is  not  complete without  it. Answer. — The  moon. 7  Afallalu   kan   dabobi,   dukia  mai  kamma'n Iblis,  kowa  ya  sekkyeka  ya  nemoka. Largest   of  beasts,  devilisli  property,   every   one who  loses  you  has  to  look  for  you. Answer. — A  camel. 8  Fura'n  uri,  dama  kwogi. A  cowrie's  worth  of  fura  wbicli  whitens  tke  pool  or stream. Answer. — The  moon. 9  Akoshi'n  babba  faskarra  sudewa. The  basin  of  a  great  man  which  cannot  be  emptied. Answer. — The  kuddu'n  diiflS,  the  pits  from  which  earth has  been  dug  to  build  walls,  they  fill  with  water during  the  rains. Soodi  or  suddi,  the  remains  of  a  dish ;  you  may  keep on  baling   out   \""  kuddu'n  diiffi,\""  but    will   never empty  them. 10  Rawani'n  babba  faskarra  naddawa. The  chiefs  headdress  defies  rolling  up. Rawani,  the  strip  of  cloth  wrapped  round  the  face  and head — Puggari. Anm)er. — A  road. 11  Na  wanka  kworriata,  na  je  da  ita  gabbass, na  je  da  ita  yamma,  na  dawo,    ba   ta booshe  ba. I  clean  my  calabash,  I  go  east  with  it,  I  go  west with  it,  still  it  won't  dry. Ansxcer.—k  dog's  tongue. 12  Uku,  Tiku  ta  gamma  gari. Three,   three    complete    the    town;    no   town   is complete  without  them. Answer. — The  three  stones  or  lumps  of  earth  on  which pots  are  put  to  stand  when  cooking. COMMON   HAUSA  EXPRESSIONS. 1  Ba  don  na  gani  ya  dauka  ba,   sai    en  che ba  ya  iya  dauka'n  shi  ba. Had  I  not  seen  him  carrying  it,  I  should  have  said that  he  was  unable  to. 2  Ba  don  sabboda  da  duchi  ba,  da  ba  na  fadi ba. Had  it  not  been  for  the  stone,  I  should  not  have fallen. 3  ]\\Iutum  dei  shi  kanwa  a  kainsa. He  brought  it  on  himself. 4  Idonka  ya  rassa  gani  ne  ? Can't  you  see  ? 5  Nama'n  daji  ya  gilma  a  banya. Some  animal  has  crossed  the  road. 6  Ya  gaaji  yaki  waja'n  ubanshi. He  inherits  his  taste  for  war  from  his  father. 7  Anyi  tsimmi  da  shi. I  have  saved  it  up  (for  another  time). 8  Da  kai  da  wonan  sai  wata  rana. You  are  never  likely  to  get  this. 9  Wa  ya  fara  tono'n  wonan  fadda  ? Who  started  this  disturbance  ? 10  Ka  fei  tsauri'n  ido. You  are  very  disrespectful  (or  disobedient). 11  Na  koasa  da  kai. I  am  sick  of  you. 12  Ka  terri  minny  shi. Catch  or  get  hold  of  him  for  me. 13  Ya  rassa  ni  da  gani. He  did  not  see  me. 14  Kadda  ka  rigaya  wokachinka. Don't  come  before  your  time. 15  Kowa  ya  ga  dama,  ya  ba. Every  one,  who  sees  fit,  can  give. 16  Shi  ya  sab  a  da  shi. He  is  familiar  with  it. 17  Anfi  sabo  da  shi. More  familiar  with  it. 18  Ka  gurguntchi  kainka  don  wuya. You  are  pretending  to  be  lame  to  avoid  work. 19  Gari  ya  tsake  minny. I  don't  recognize  the  town. 20  Ya  sa  baki  achikkin  magananmu. He  joined  in  our  conversation  (uninvited). Coniino7i  Hmisa  Expressions  83 21  Ataya  masu  aiki. Help  them  in  tlieir  work. 22  Ya  che  a  gai  masa  da  kai. He  said,  salute  you  for  him. 23  Ku  Hausawa,  kii  kan  sa  ma  mutum  sunna kamman  wonan? Is  this  a  common  Hausa  name  ? 24  Gaba'n  Kwarra  yana  gabchewa. The  banks  of  the  river  (Niger)  are  falling  in. 25  Akoi  king!  ko  babu  ? Is  there  any  left  or  not  ? 2^  Ya  dauki  zobe. He  knows  we  are  talking  about  him. 27  Doiya  ya  fooda  minny  jikki. I  am  full  up  with  yam. 28  Samma  yana  halaamu'n  yi'n  rua. It  looks  like  rain. 29  Shina  da  halaamu'n  kammanshi. It  looks  like  him. 30  Anajuga  masa  da  yawa. He  has  been  given  much  more  than  his  share. 31  Ka  tabba  masuwa  ? Are  you  afflicted,  or  in  straitened  circumstances  ? 32  Kowa  ya  niffi  kainshi  da  alheri. Every  one  is  fond  of  a  present. 33  Waneni  ya  kada  woni  da  magana  a  waja'n sheria. In  whose  favour  was  judgment  given. 34  Kadda  ka  kauchi  kanka. Don't  duck  your  head. 35  Sanche  ya  dauki  woni. Some  one  has  slipped. 36  Hanya  ta  yi  sanche. The  road  is  slippery. 37  Dari  ya  taakurraka  wuri  daia. Cold  makes  you  sit  crouched  up. 38  Woni  abu  ya  tsannancheni. Something  is  troubling  me. 39  Yana  da  wolkia. His  face  shines. 40  Ya  bugga  waya. He  tells  a  lie,  is  deceitful. 41  Dauki  lumfaashinka. Hold  your  breath. 42  Na  seyeshi  hagye. I  bought  it  on  credit. Common  Hausa  Expressions  85 43  Tosheyshi  da  kadda. Fill  it  up  with  cotton,  i.e.,  stuff  up  a  crack  with  it. 44  Rabbu  da  ni. Get  away  from  me. 45  Fashi'n  kwana  biu  ya  kan  zo. He  comes  at  intervals  of  two  days. 46  Fataki  suna  zua,  ba  su  fasawa. Traders  keep  on  coming,  there  is  a  continual  stream of  them. 47  Abajjeshi  baya  daia,  or  abajjeshi. Level  it  (of  ground). 48  A  maida  wonan  a  mazonin  wonan. Change  this  one  with  that. 49  Bani  magammi'n  fata  wonda  ke  zua  gaba. Give  me  the  leather  thing  which  goes  in  front. 50  Zo  nan  kowache  rana  kadda  ka  chirr  a  rana, ko  daia. Come  here  every  day,  don't  miss  one. 51  Ka  zona  daura  (dough-ra)  da  ni. Sit  opposite  to  me. 52  Kadda  ka  wohalla  kainka  achikkin  rana. Don't  overwork  yourself. 53  Wane  gari  za  afara  issa  ? What  town  shall  we  reach  first  ? 54  Ka  yi  wasosunshi. Scramble  for  it. 55  Kadda  ka  sa  ya  falka. Don't  wake  him  up, 56  Bakinshi  yana  kwatta. He  has  an  accent. 57  Danko  ya  leeke  minny  a  hannu. Kubber  is  sticking  to  my  hand. 58  Ya  fansamma  minny  rua. He  is  splashing  me  with  water. 59  Maganataka  magana  mabi  ne. Your  talk  is  senseless. 60  Ya  bini  bashi. He  follows  me  for  what  I  owe  him.     He  is  dunning me. 61  Ka  chikka  dauda. You  are  filthily  dirty. 62  Bashi  da  chi. He  is  not  feeding.     He  is  off  his  feed. 63  Kadda  ka  Iwasashi. Don't  squash  or  crush  it  (of  a  frog,  egg,  &c,). Of  paper,  \""  mursekk-yeshi  \""  (crumple  up  in  hand). Of  a   handkerchief,  \""  dandonneshi,\""  (to  crush  up  in one's  hand). Coimnon  Hausa  Expressions  87 64  Ya    shigga    a    chikkin    hatem.      Ya    sha haterri  da  yawa. He  ran  a  great  risk. This  word  \""  haterri \""  is  not  common,  it  is  derived  from the  Arabic,  and  is  probably  only  known  to educated  men. 65  Bani  iyaka'n  alhakina. Give  me  the  limit  that  is  due  to  me. %Q  Ba  ya  sonka  da  riga. He  does  not  value  you  at  a  coat. He  does  not  like  you  well  enough  to  give  you  a  coat. 67  Tushiansu  daia. Their  stock,  or  origin,  is  the  same. 68  Kadda  ka  yi  minny  shishiggi  don  resshi'n kumia. Don't  be  so  lacking  in  respect  as  to  interrupt  me. 69  AYa  ya  mutu,  xlbdu  ya  chi  ? Who  was  king  before  Abdu  ? 70  A  fiadishi. Knock  it  down  (of  a  earthen  hut  or  wall). A  gotcheshi  (of  a  grass  hut). 71  A  kankarreshi. Scrape  it  (of  a  piece  of  iron  or  wood  from  which one  wishes  the  paint  removed). 72  Kai  maisabta  ne. You  are  a  ^'  smart \""  man,  i.e.  well  turned  out. 73  Kai  kazami'n  mutum  ne. You  are  a  dirty  beast. 74  Kaia'n  sariki  ba  kamma'n  naka  ba  ne,  bale ka  seyer  da  shi. Uniform  is  not  the  sort  of  thing  you  can  sell. 75  Ka  tsak-ye  tasshi. Get  up  again. Ka  tasshi  kuma  is  rather  a  clumsy  way  of  speaking, what  the  native  calls  \""  Hausa'n  turawa.\"" 76  Turawa  suna  Hausa  berkatai. The  white  men  are  all  over  Hausa. 77  Ya  doora  minny  batchi. He  abuses  me. Doora,  pronounced  like  English  door. 78  Anadinga  magana. There  is  a  lot  of  talking  going  on. 79  Chi  dununka  (da  hannu). Put  your  arms  akimbo. Kamashi  a  dunu. Seize  him  by  the  waist. 80  Kadda  woni  ya  goata  woni. Don't  let  any  one  project  beyond  his  fellows. Useful  in  explaining  the  idea  of  dressing  to  a  soldier, or  a  line  of  them. 81  Anyi  minny  lalle  na  bashi. I  was  obliged  to  give  it  him. Co7nvw7i  Hmisa  Expressions  89 82  Marrike,  or  marke,  mai  dan  jikki. A  spare  man  or  horse,  well  nourished,  but  with  no superfluous  flesh  on  him. 83  Ya  kada  girimanka. He  pays  you  no  respect,  he  disregards  you. 84  Na  rebbi  da  slii. I  recognize  him.     I  know  all  about  him. 85  Ya  yi  sulfu  majunansu. He    reconciled   them.     He   made    peace   between them. 86  Yana  yagewa  chiawa  kamma'n  dan  jaki. He  \""  noses\""  the  grass  like  a  young  donkey. He  pushes  about  the  grass  on  the  top  of  a  pool  like  a young  ass  to  get  a  place  to  drink. 87  Zaami  nana. Pull  up  here. To  a  man  riding. 88  Soma  wonan  chikkin  rua. Dip  this  in  the  water. 89  Ya  soma  yi. He  has  begun  to  do.     He  is  on  the  point  of  doing. 90  Fita  da  hannu'n  riga  waje. Turn  the  sleeves  inside  out. Yana  jn-ye. It  is  inside  out. 91  Minene  kana  sumani  achikkin  liankalinka. What   do   you   think   yourself?      What   is   your opinion  ? 92  Yi  magana  da  karifi. Speak  up. 93  Ya  ji  dadi,  yana  tunna  giddansa. He  is  happy,  thinking  of  his  home. 94  Magana'n  mi  ku  ke  yi  ? What  are  you  talking  about  ? 95  Kai  tari  da  junansu? Were  you  with  them  ? 96  Ya  yi  kua  har  muria  ta  diisshe. He  kept  on  shouting  till  he  became  hoarse. 97  Yana  orunnaao^imni. He  is  grumbling. 98  Zuchiata  ta  niffeni  da  riga  wonan. I  want  this  coat. 99  Na  kari  aiki. I  finish  work. Na  kare  bugu. I  ward  off  a  blow.     (Note  the  difference  of  termina- tion, in  one  case  hari  in  the  other  'kare,) 100  Rigata  ya  taakurra. My  coat  has  shrunk. 101  Chirri    cliiawa    duk   da  soyanta   (sowuya soiya). Pull  up  the  grass,  root  and  all. 102  Ka  gamma  kanka  da  ni  ? Do  you  set  yourself  against  me  ?     Do  you  wish  to compete  with  me  ? GENERAL. THE   NAME   HAUSA. The  origin  of  the  name  Hausa  has  been  the  subject  of some  discussion.  Leo  Africanus,  in  his  travels,  in  the first  half  of  the  sixteenth  century,  did  not,  apparently, know  the  name,  for  he  says  that  the  people  of  Katzena, Zanfara,  &c.,  talked  the  language  of  Gober. Ibn  Batuta,  the  famous  Arab  traveller  also  mentions Gober  in  his  travels  (a.d.  1353). In  the  translation  of  the  \""  Tarikh  es  Sudan  \""  (a history  of  the  Songhai  Empire  in  Arabic  dating,  from 1600  A.D.),  we  find  the  name  Hausa  (Haoussa)  men- tioned five  times ;  the  name  was  therefore  well  known at  that  time. The  country  appears  to  have  served  as  a  shelter  for fugitives  from  Songhai,  and  to  have  consisted  of  a number  of  independent  tribes  not  worth  while  conquer- ing, or  perhaps  too  troublesome. Barth  suggests  that  the  name  Hausa  may  have originated  from  the  northern  tribes  and  be  identical with  A'usa,  by  which  name  the  Western  Tuareg  denote the  country  on  the  north  side  of  the  Niger  near Timbuktu. It  is  not  impossible  that  the  name  is  derived  from the    Arabic    name     for     the    Abyssinians,    viz. (Habbash),  which  would  become  Haushi. To  neighbonring  tribes  tliey  are  known  by  a  great variety  of  names  : — Zaberma Hausanke Bolewa usually  Kanawa,  but  also  Hausa and  Afuno' Fulani Hausiyen Gerawa Bau  Hakkini Kerrikerri Mugdu  or  Mugadu Bagarmi Afuno Sarra Dum Kanuri Afunu Shuwwa  Arabs Afunu  or  Hausa Margbi Hosab  or  Hausa Ɗjuknm Mbakpwa Ɗakerkerri Ukwundi Nupe Gincbi The  name  Hausa,  then,  is  by  no  means  universal. Afunu,  tbe  name  by  wbicb  the  eastern  peoples  know them,  is  almost  as  common.  Nearly  all  Hausas,  if asked  to  what  race  they  belong,  will  answer,  ba  Kat- seni,  ba  Zanfara,  &c. The  smaller  tribes  bordering  on  Hausa  call  their nearest  neighbours  Goberawa,  Kanawa,  Zanfarawa,  &c., as  the  case  may  be. Barth  suggests  that  the  name  Afunu  originated  from the  name  of  a  king  of  Kano. So  little  is  known  of  the  subject  that  it  may  be worth  while  giving  a  derivation  of  the  word  suggested by  a  Fulani  tradition ;  though  I  am  bound  to  say  that the  authority  for  the  tradition  is  not  very  reliable. The  Kanuri  are  called  by  the  Fulani  Sirratiyen,  and Tribal  Marks  93 there  is  a  tradition  that  this  is  the  name  of  an  ancestor common  to  both  Kanuri  and  Fulani.  If  this  has  any foundation,  it  might  be  possible  to  trace  the  meaning of  Afunii  to  Fulani,  in  which  language  fiinah  means east  and  A-funu  might  mean  \""  not  eastern.\"" The  Kerrikerri  name  Mugadu  is  said  to  mean ^*  Western  people.\"" The  natives,  however,  from  whom  I  got  a  few  words of  Kerrikerri,  knew  Hausa  so  very  imperfectly  that  it is  more  than  likely  that  I  misunderstood  them. Funeh,  or  Founey,  means  East  also  in  Songhai. Waiuii  funne  means  East  in  Zaberma.  (A  fuun  = he  goes,  or  comes,  out.) TRIBAL   MARKS. Tribal  marks  have  not  been  much  studied,  and  there seems  to  be  very  little  system  in  their  arrangement. Every  man  carries  the  name  of  his  district  on  his  face, and,  in  addition,  there  are  all  kinds  of  marks  and  cuts on  the  limbs  and  body.  These  marks  are,  so  to  speak, the  armorial  bearings  of  a  tribe,  but  whether  they  have any  special  meaning,  or  whether  there  is  any  reason  for the  various  patterns,  it  is  impossible  to  say.  Speaking generally,  the  more  uncivilized  a  tribe  the  larger  the number  of  marks,  though  there  are  many  exceptions  to this — the  Ngaz,  for  instance,  a  pagan  tribe  in  Eautchi, have  only  one  cut,  a  prominent  one,  like  a  chinstrap. If  two  tribes,  a  long  distance  apart,  liave  the  same marks,  it  is  probable  that  they  once  had  some  connec- tion. The  only  instance  of  this,  that  I  know,  is  Daura and  Ariawa,  and  the  Ariawa  people  claim  to  have  come from  Danra ;  their  marks,  two  long  lines  from  corner of  mouth  towards  the  ear,  are  the  same. People  who  have  been  settled  for  generations  in  a foreign  district  still  continue  to  put  the  old  tribal  marks on  their  children.  A  knowledge  of  marks  is  useful,  for, in  addition  to  knowing  a  man's  district,  one  knows  roughly his  special  aptitudes.  For  example,  a  man  with  Kabbi marks  would  probably  be  able  to  swim  ;  one  with  Gober marks  would  know  about  camel  and  donkey  transport ; one  with  Bornu  marks  would  know  about  ox  transport, &c.     One  can  also  trace  criminals  and  deserters. The  marks  of  the  Hausa  States  proper  are,  as  a rule,  neatly  executed  and  well  defined.  No  one  could mistake  the  Katzena  or  G-ober  marks. Tribal  marks  are  cut,  not  branded,  and  for  this reason  Eabeh's  mark  is  easily  distinguished,  as  it  was generally  branded. Marks  with  a  large  number  of  lines,  such  as  Bornu, Kabbi,  &c.,  are  known  as  zuhhe. The  mark  which  slants  down,  bisecting  the  angle made  by  the  nose  and  eye,  like  the  Nupe,  is,  in  con- junction with  tribal  marks,  called  shdtanni.  In Kabbi,  if  a  man  has  a  shdtanni  on  each  side,  it signifies  that  both  his  father  and  mother  are  Kabawa. In  Gober,  a  shdtanni  on  the  right  side  signifies good  birth. Keshestu  are  small  marks  or  dots  in  parallel  lines. Akanza   are   marks    tattooed    with    blue    pigment, Hausa  Proper  Names  95 usually  on  the  side  of  the  frontal  bones,  but  also  in other  places. Katamhirri  are  the  marks,  usually  black,  which women  paint  on  their  faces. When  it  is  remembered  that  each  tribe  and  sub- division have  different  marks,  it  is  apparent  that  the subject  is  a  large  one.  This  note  merely  calls  attention to  it. HAUSA  PROPER   NAMES. Most  natives  who  are  nominally  Muhammadans,  in- cluding nearly  all  soldiers  and  men  who  come  in  con- tact with  Europeans  and  are  more  or  less  civilized, have  adopted  names  from  the  Quran,  or  the  common corruptions  of  them,  and  by  these  they  are  known  in their  ''book,\""  though  their  names  among  their  friends are  often  quite  different.  The  correct  spelling  of  these proper  names  has  received  very  little  attention,  though, being  derived  from  Arabic,  their  orthography  is  more or  less  fixed. To  follow  all  the  vagaries  of  uneducated  pronuncia- tion creates  unnecessary  confusion.  It  is  just  as  absurd to  write  Jakge  instead  of  George  as  to  write  Aloo instead  of  Aliyu  or  Alihu. Such  names  are: — Audu,  Abdu,  Aliyu,  Alihu,  Ali (not  Ally),  Mahmadu  (not  Mamadu),  Mahama  (not Momma  or  Mamma),  Muhammadu  (not  Mohamedu), Ahmadu  (not  Amadu),  Saidu  (not  Seydu),  Hassan, Alhassan,  Sani,  Sanusi,  Husaini  (not  Oseni),  Suli  (not Suley),    Sulimanu,   Musa,   Moshi,   Bakri,  Bekri,  Abu Bakri,  Bubar  (a  contraction  of  Bu  Bakr),  Usumanu, Usman  (Issuman  and  Suman  are  tlie  same  name  mis- pronounced), Zubehru  (not  Seberu),  Shefu,  Ibrahim, Grabima,  Brahima,  Adamu,  Isa  (not  Esa),  Umoru, Abdullabi  (not  Abdulai),  Atabiru,  Salufu,  Hamma, Albamdu,  Haji,  Yesufu,  Ismaila  (not  Smaila),  Yakiibu, Iliasu,  Idrisu,  Kadiri. Other  names  of  a  religious  character  are  similar  to the  Puritan  names  of  Cromwell's  times.  Such  are  : — Samu  ga  Allah  (pronounced  Sangalla),  Alia  Eama, Na'  Allah,  Allah  Nana,  Allah  Sariki.  These  names are  common  among  converted  pagans. Some  are  genuine  native  names,  most  of  which  occur in  the  genealogical  lists  of  the  ruling  families  of  various tribes.  Such  are : — Gambo,  Jimba,  Garba,  Dankassa, Bermu,  Nebo,  Kure,  Ɗangude,  Majinyawa,  Mayaki, Gomki,  Baw^a,  Bunzulu,  Anbanga,  Halbo,  Gurnu,  Tomo, Kutum. Some  are  rather  \\vhat  we  should  call  nicknames (suna'n  wasa) .  Such  are  : — Ɗogo,  Maiwuya,  Maikarifi, Kuruma,  Madugu,  Barau,  Mumini,  Angulu,  Djinjeri, Mai  Damiisa,  Dan  Dogari,  Maigari,  Bako,  Doclo,  Dogo'n Yaro,  Na  Koko  (I  beg  you),  Maki-gudu  (he  won't  run away),  Ba  Chikkinka,  Dan  Makadda,  Mai-reggoma, Neminaka  (look  out  for  yourself),  Dan  Giwa,  Yaro, Damana,  Sooda. Other  common  ones  are  : — Ari  (K.),  Bello  (F.),  Bairu, Kiari  (K.),  Billama  (K.),  Bokpa  (F.),  Aruna,  Manzo, Mainassara,  Babba,  Tanko,  Jidda,  Sambo,  Ba  Goberi (not  Bogoberri),  Kolo,  Salu,  Balarabi,  Miko,  Magaaji, Ma-ji'n-dadi,  Arzika,  Jatau,  Korau,  Jibu,  Labbu,  Ango, JimS,  Maina. Camel  and  Giraffe  97 COLOUR. The  European  classes  all  natives  together  as  \""  black men.\""  The  native  himself  recognizes  many  diifferent shades  of  colour. The  down-river  native  of  Asaba  or  Onicha  is  about the  only  man  whom  all  agree  in  calling  black. There  is  a  peculiar  shade  between  black  and  red known  as  wanhan  tarwada.  The  tarwada  is  a  fish, and  it  is  the  grey  appearance  of  its  skin  when  washed which  represents  the  colour. CAMEL   AND    GIRAFFE. OxE  of  the  first  things  that  strikes  any  one  who  is interested  in  the  Hausa  names  for  animals  is  that  the camel  should  be  called  rahumi  and  the  giraffe  the raliicmi^n  daji. Hausa  alone  compares  the  giraffe  to  the  camel, though  some  of  the  pagan  tribes  to  the  south  have borrowed  both  names. Now  the  camel  is  an  introduced  animal,  and  the names  by  which  practically  all  the  tribes  east  of  the Niger  call  it  are  corruptions  of  the  Arabic  al  jamaL jJlI,  our  own  word  camel. *Nyillim  luguma fSarra  langamm Bagarmi  luguma *  Nyillim,  a  tribe  on  the  Logoiie. t  Sarra,  S.E.  of  Lake  Tchad,  on  Ghari. H g8  Proverbs  in  the  Hausa  Language Bolewa reemo' Marghi lugomm Kanuri karigyimmo* Hausa rakumi The  word  may  be  traced  roughly  as  follows  : — Aljamal Algimal Lagumal  (luguma  in  Bagarmi) raguma  (karigyimmo  in  Kanuri) rakumi  (in  Hausa) The  giraffe,  on  the  other  hand,  is  an  indigenous animal,  and  these  same  languages,  with  the  exception of  Hausa,  have  a  distinct  name  for  it. Nyillim  nyamboh Sarra  kolloh Bagarmi  korloh Kanuri  kinjirr Marghi  meetsku Bolewa  tell'emm Hausa  rakumi 'n  daji Incidentally  the  Songhai  language,  or  rather  the Zaberma  dialect  of  it,  though  not  using  the  same  word for  camel,  also  calls  the  giraffe  the  bush  camel,  or gangi  yoh  ;  where  gangi  =  bush  and  yoh  =  camel. These  names  indicate  that  the  camel  was  known before  the  giraffe,  and  as  a  consequeuce  that  the  Hausa did  not  originate  in  a  country  where  the  giraffe  was known. *  Barth  derives  this  word  from  the  Kanuri  word  for  a  plant on  which  camels  feed. House  Building  99 The  adaptability  of  the  language  and  the  readiness with  which  it  assimilates  new  ideas  and  absorbs foreign  words  give  some  ground  for  another  explana- tion. His  every-day  life,  once  he  was  acquainted  with it,  would  bring  the  Hausa  into  daily  ^contact  with  the camel,  whereas  the  giraffe  would  only  be  seen  occasion- ally ;  it  would  not  be  unnatural  for  him,  then,  to discard  the  old  barbarous  name  for  giraffe  and substitute  for  it  the  name  rakumVn  daji,  which, owing  to  his  familiarity  with  the  camel,  would  better represent  that  animal  to  his  imagination  than  the  old one.  He  has  discarded  his  old  system  of  numeration in  a  similar  way. HOUSE  BUILDING,   ETC. There  are  several  varieties  of  house  : — Daki  The  conical  :roofed   hut    with    the wall  made  of  mud. Dauke  or  taffe         Very  often  this  hut  is  also  called daJii,    but,    strictly   speaking,    it   is built  of  z ana  mats  throughout. Bukka  or  Booka     The  grass  shelter  of  traders.     The hut  that  the  Bornu  people  build  is also  given  this  name. Soro  The  flat-roofed  house,  built  of  mud. Zauri  The  entrance   to   a   gidda ;   it  has two  doors  and  is  where  visitors  sit and  gossip. 100  Proverbs  in  the  Hausa  Language Taferferra  A    four-cornered    house,  after    tlie Yoruba  style. Ginna,  to  build  a  house.  Yaahi,  to  patch  a  crack up  with  mud.  There  is  a  proverb,  No.  339,  referring to  these  two  words. Goffa  (pronounced  like  our  coffer),  the  fork  of  a  stick: itachi  maigoffa  the  stick  or  pole  with  a  fork  at  the top,  mostly  used  for  the  support  of  a  house. Mafiadi,  the  cross-piece  which  rests  on  two  goffa. Dirlvohi,  the  short  poles  which  are  put  round  the circle  or  square  marked  out  for  a  new  house ;  on  these the  framework  will  rest Tsayko,  the  sticks  which  slope  from  the  dirkoki  to the  mafiadi. Karra'n  taiika,  the  cross-pieces  tied  to  tsaylco  for  the grass  of  the  roof  to  rest  on  (Ajarra^ guinea-corn  stalk). Sahga'n  or  Sauga'n  tmika,  the  same  use  as  harrcCn tanha,  but  consists  of  stripped  rods  or  branches. Jinka,  the  roof  proper,  i.e.,  the  conical  erection  of grass,  &c.,  put  on  a  house. Yanta,  the  stringing  grass  together  to  make  roofing. A  common  saying  is  Aihin  malalachi  yanta.  Yanta is  the  work  of  a  useless  man. Dahho,  or  conjuring.  The  tricks  performed  by these  conjurors  are  said  to  be  very  similar  to  those performed  by  natives  of  India.  A  guinea-corn  plant grows  from  a  seed,  &c.,  a  child  is  killed,  chopped  up, and  brought  to  life  again,  &c. It  often  happens  that  one  wants  to  use  the   word '  - '    •    Ch^i^'ins- '  '^s  *  '•■*.  >  / ' .  loi for  a  piece  of  something.     Tliere   is   do   word  corres- pondiBg  to  ours.     Everything  has  a  special  name  :  — Tsoka  a  piece  of  meat. Katanga  a  piece  of  broken  pottery. Sakaiiya  a  piece  of  calabash. Kelle  a  piece  of  cloth. One  can,  of  course,  say  dan  duchi,  dan  takarda,  etc. but  this  rather  means  not  a  \""  piece  of,\""  but  a  small stone^  a  small  sheet  of  paper,  Sec. Lai/a.  The  ordinary  Inya  are  scraps  of  paper  with a  text  from  the  Koran  written  on  them  :  they  are  then wrapped  in  cotton  and  enclosed  in  leather.  They  are the  mdgani  for  every  kind  of  danger  or  sickness, being  looked  on  rather  as  a  preventative  than  a  cure. A  mallam,  who  is  well  up  in  the  Quran,  will  often put  in  an  appropriate  text ;  for  instance,  I  have  found the  \""  Chargers  \""  verse  in  the  charm  tied  to  a  horse's mane  or  bridle,  but  as  a  rule  any  unmeaning  scrawl  is sufficient  as  long  as  the  words  and  characters  are Arabic. The  mdgani  for  curing  disease,  &c.,  is  to  write  on the  slate  or  alio,  wash  off  the  ink  and  drink  it ;  such are  love  charms,  &c. Another  is  to  tamhaija  itachi.  A  certain  sum  is paid,  and  the  maimdgaui  indicates  certain  trees  from which  the  bark,  leaves,  &c.,  are  to  be  collected  ;  these are  pounded  up  and  the  resulting  concoction  drunk. Other  rites  survive  in  some  districts,  but  the  people are  rather  chary  of  talking  to  Europeans  on  this subject. I C2  Provt-H^J'  in  the  Ilai/sa  Lariguage UNUSUAL  FORMS  IX  VERBS. There  are  two  words  in  common  use  which  are somewhat  different  from  other  verbal  forms  in  that the  personal  pronouns  are  placed  after  the  verb. These  are  jeka  and  ijaka^  meaning  go  and  come respectively. The  true  explanation  of  this  anomaly  is,  I  think, that  what  appears  to  be  a  personal  pronoun  is,  in reality,  not  so :  or  at  any  rate  the  word  is  borrowed from  another  language. Yoka,  the  Soughai  word  for  come  is  A:«,  and  yaka is  probably  derived  from  this. Jeka  the  Bolewa  for  go  is  jikho.  This  word  jeha  is, possibly,  a  reminiscence  of  a  time  when  Hausa  was closely  connected  with  this  language. 1.    SYSTEM    OF    NUMERATION. Among  uncultivated  races  the  formation  of  the numerals  on  a  base  of  ten  rather  than  on  one  of  five is  usually  held  to  be  an  indication  of  a  higher  degree of  civilization. The  numerals  of  the  two  principal  neighbours  of Hausa,  viz.  Songhai  and  Kanuri,  have  a  base  of  ten, and  it  is  always  assumed  that  the  Hausa  base  is  the same. To  all  intents  and  purposes  this  is  so,  but  it  was originally  five  and  has  only  gradually  developed  into one  of  ten. In  order  to  show  that  there  is  some  foundation  for System  of  Numeration this  statement,  let  us  compare  the  numerals  up  to  ten in  Hausa  and  three  neighbouring  dialects  which  appear kin  to  it,  viz.  Kerrikerri,  Bolewa,  Gerawa.* Hausa. Bolewa. Kerrikerri. Gerawa. 1.  dia maudi wudi moiee 2.  biu bollo' belu bullu 3.  uku kunnii kunnu kunnu 4.  fudu fo'do' fudu fedu 5.  biar,  biat baddi bad baadi 6.  shidda ba  shi  maudi ba  shogu be  shimi 7.  bokkoi ba  ouloh ba  shi  belu ba  shim  bollo 8.  tokkos hordo feefedu hordo 9.  tara bonumm bannu banninja 10.  goma bimbaddi biimbad barr The  connection  between  the  numbers  from  one  to five  in  these  four  languages  is  very  striking,  and  such a  similarity  cannot  easily  be  explained  away.  It  is interesting  to  note  that  three  dialects  of  Marghi  have a  word  for  four  similar  io  fudu. As  regards  the  numbers  from  six  to  ten,  it  appears that  in  Bolewa,  Kerrikerri,  and  Gerawa  they  are  formed from  the  five  base. It  is  suggested  that  this  is  the  case  also  with  Hausa, and  that  the  formation  comes  about  as  follows : — Shidda. This  is  probably  a  contraction  of  slia  dia  (Barth  also holds  this  opinion) ;  it  resembles  the  method  of  forma- tion in  the  other  three  languages. It  may  also  be  connected  with  the  Songhai  word  for six,  which  is  iddou,  and  be  formed  by  joining  it  with another  Songhai  word,  tji. *   Vide  Note  at  commencement  of  book. 104  Proverbs  in  the  Hans  a  Language BOKKOI. May  be  a  contraction  of  hiii  and  the  Songhai  word lioi^  meaning  owner  of. There  is  another  possible  explanation  :  the  Bolewa people  have  a  great  difficulty  in  pronouncing  the  letter Zu  in  some  words,  and  bokhoi  may  be  connected  -with ha  oulohj  7,  as  ha-h-ouloh. TOKKOS. The  same  contraction  of  uhu  and  hoi  is  suggested. Taka. No  connection  can  be  traced  with  any  other  dialect. GOMA. Either  from  gou,  which  in  Songhai  means  5  :  or  it may  be  connected  with  the  Kanuri  megu,  ten. When  counting  in  tens  the  Bolewa  have  a  similar word,  A:o,  to  represent  10. Again,  in  Kanuri,  Songhai,  and  Hausa  the  same method  of  combining  numerals  and  the  thing  numbered prevails : — Hausa mutum  daia man  one Kanuri kamm  tilo man  one Songhai boro  f o man  one Hausa mutum  ashirin man  twenty Kanuri kamm  piasku man  thirty Songhai boro  waranka man  twenty Also,  in  expressing  numbers,  such  as  18,  28,  38,  or 19,  29,  39,  i.e.  20,  30,  40,  less  two  or  less  one,  both System  of  Numeration  105 [ansa  use uses  the  same  for  less  one. Songhai   and  Hausa  use  the  same  form,  and  Kanuri Hausa ashirin  biu  babu SONQHAI waranka  hinka  si,  i.e. twenty  two  not Hausa ashirin  daia  babu SONGHAI waranka  afo  si,  i.e.  twenty one  not Kanuri piasku  tilo  bawo,  i.e.  thirty one  not Again,  the  words  for  100  and  1,000  are  the  same  in Hausa  and  Songhai. Hausa  100  zango Songhai  100  djongo Hausa  1000  zambar Songhai  1000  djomber In  all  the  languages  which  have  been  mentioned, Songhai,  Kanuri,  Bolewa,  &c.,  the  numbers  for  20,  30, 40,  &c.,  are  formed  by  saying  \""  ten  two,\""  \""  ten  three,\"" &c. Hausa  must  have  had  a  similar  system,  but  it  has now  been  entirely  replaced  by  the  Arabic. It  is  worth  remarking  again,  in  this  connection,  that in  Bolewa,  when  forming  the  numbers  for  20,  30,  &c._, the  word  for  10  is  Izo. Again,  in  the  ordinary  transactions  with  cowries  both Hausa  and  Songhai  have  special  words  for  a  heap  of cowries  (20),  Hausa  hauia,  Songhai  tohoij,  and  both carry  on  the  system  mentioned  above  of  \""less  one,\"" \""  less  two,\""  in  the  tens. The  cowrie  was  current  in  Songhai  in  the  fourteenth <ientury  (Ibn  Batuta),  and  the  Hausa  2iri  is  probably derived  from  the  Songhai  otmi. I06  Proverbs  in  the  Hausa  Language 2.  THE   NUMBER   FORMATIOISL Hausa  is  an  uncultivated  language  ;  it  can  be,  and sometimes  is,  written  in  Arabic  characters,  but  it  has no  literature.  It  has  not  long  passed  its  primitive stage,  and  therefore  it  is  to  primitive  methods  that  we must  turn  when  we  study  the  grammatical  structure. Primitive  language  may  be  said  roughly  to  have  two ways  of  expressing  number — (a)  By  reduplication. (6)    By  the  addition  of  some  word  or termination  signifying  mass. The  so-called  English,  talked  by  natives  in  Nigeria, gives  a  clue  to  their  idea. Ex.  Boy-boy,  boys.     Plenty  beef.     Plenty  man, &c.,  &c. An  examination  of  Hausa  shows  that  the  number  of plural  forms  in  common  use  is  not  large;  it  also  shows that  such  plural  words  are  used  in  a  collective  sense and  not  with  numerals  to  denote  a  particular  number. Nearly  all  these  common  plurals  may  be  shown  to  have been  formed  by  reduplication,  which  may  be  assumed to  have  been  the  method  by  which  the  Hausa  language first  expressed  its  idea  of  number. The  second  method,  which,  subject  to  certain  phonetic- laws,  is  regular,  is  to  add  aiji  to  the  singular. Compare  this  to  the  Songhai,  which  adds  ijo  and Zaberma,  which  adds  ijann  to  the  singular.  It  is- possible  that  some  connection  may  be  established  with yawa  much. The  third  method,  a  similar  one,  forms  the  plural  by The  NiLviber  Formation adding  the  termination  una  to  the  singular  form.  As a  rule,  it  forms  the  plural  of  words  which  are  fairly recent,  and  may  be  due  to  Arabic  influence. The  fourth  method,  which  at  first  sight  resembles  the broken  plurals  of  Arabic,  forms  the  plural  by  internal and  sometimes  by  both  internal  and  external  change : it  is  extremely  interesting,  as  it  gives  a  clue  to  the original  roots  of  many  icords. The  plurals  which  do  not  come  under  any  of  these heads  must,  at  present,  be  classed  together  as  irregular : when  allied  languages  are  better  known  their  formation will,  no  doubt,  be  explained.  An  examination  of  these four  methods  wall,  it  is  believed,  show  that  there  is,  at any  rate,  some  ground  for  such  a  classification. 1.  Eeduplication. The  following  common  words  are  instances  of  re- duplication : — gona gona-gona gonagi gonaki kwana kwana-kvvana kwanakwa kwanaki gidda gidda-gidda giddagi giddaji tufa tufafi bissa bissassa bissashi yasa yasasa yasosi waka wakaka wakoki hainya hanyaya hainyoyi kariya karairai gari garrurua  (gari is        some- times   pro- n  0  u  n  c  e  d garu) ja  jajayi It  is,  with  our  present  knowledge  of  Central  African io8  Proverbs  m  the  Hausa  Language languages,  impossible  to  trace  the  laws  which  govern the  change  of  letters,  and  therefore  the  above  attempt to  follow  the  process  of  reduplication  has  no  scientific support.  Speaking  generally,  the  tendency  is  to  soften the  harsher  sounds,  the  principle  of  least  effort. 2.  Adding  \""ayi\""  to  the  Singular. dorina  dorina-ayi  dorinai aboki  aboki-ayi  abokai alura  alura-ayi  *               alurai giwa  giwa-ayi  giwayi birri  birri-ayi  birrayi barao  barayi The  termination  of  these  words  is,  in  reality,  formed in  the  same  way.  The  usual  rule  in  Hausa  is  that the  accent  shall  be  on  the  penultimate,  and  we  find  it so  in  giwdyi,  etc.  But  in  dorina  the  accent  is  on  the i,  in  ahohi  on  the  o,  and  in  alura  on  the  u. The  reason  is  that  these  three  words  being  com- pounds the  accent  still  remains  in  its  old  place,  with a  consequent  shortening  of  the  a  in  ayi. dorina  doki'n  rua aboki  a  ba  koi  (Songhai) alura  al  ibra  (Arabic) 3.  The  third  Method,  by  adding  ''una\""  to  the Singular. sanda tulu sanduna tuluna riga daki surdi riguna dakuna surduna Number  Formation  1 09 4.  Formation  of  Plukal  by  internal  Change. The  true  explanation  of  this  is  that  these  words  are really  compounds.  In  most  cases  the  first  half  of  the compound  undergoes  change,  in  some  cases  both. -^^\""^^z^ ]ira  gi sariki sara  kiina doki dawa  ki akwia awwa  ki mark(5 mara  ki  (a  kind  of  tree) tumkia tuma  ki duchi dua  tsu itachi ita  tua mashi maa  su jijia jiwoji  (a  form  of  re-duplication) Take  the  following  words  of  this  list  : — jirigi,  doki, aTiU'ia. (a)  JiPJGl. Compare  the  words  for  a  boat  in  the  neighbouring languages  : — Hausa.     I^nuri.      Bolewa.      Kerrikerei.      Zaberma. jirigi         magaara        gerre  jirigi  garrba Here  the  root  appears  to  be  itri  or  gerre  with  the suffix  gi,  hi,  or  hoi. (h)  Ɗ0KI. Hausa.  Bolewa.  Kerrikerri. doki  dohsho  dohku The  plural  of  the  Bolewa  word  dohsho  is  do-oivi. The  plural  of  the  Hausa  word  dohi  is  do-uicivi-hi or  davahi. I  lO  Proverbs  in  the  Hausa  Language It  is  possible  that  tlie  terminations  lii  and  slio were  originally  tlie  same,  and  that  when  the  Songhai termination  Izi  or  Itoi  became  common  the  origin of  the  lil  of  doki  was  forgotten,  and  it  was  added  to the  old  plural. (c)  Akwia. Hausa.  Bolewa. akwia  ohsho  (pi.  oo-wi) How  aliicia  reached  its  present  form  it  is  impossible to  say ;  possibly  olisho-iceh  {iceh  or  tcey  =  woman  in Songhai)  thence  oli-hi-weh,  and  so  akwia.  The  plural is  oowa-hi  or  awahi,  the  M  being  retained  for  the same  reason  as  in  doki. 5.  Ireegular  Plurals. The  following  are  a  few  examples  : — ido  idanu mutum  mutane mache  mata hannu  hannua kafo  kafoni zanne  zanua sa  shanii rakumi  rakuma shekarra  shekarru Of  these  plurals  rakuma  may  be  a  reminiscence of  the  Arabic  plural.  (^Vide  note  on  Camel  and Giraffe.) The  anu  and  ane  of  ido  and  mutum  may  be  a survival  of  a  long  lost  dual  form,  but  are  more  likely connected  with  the  Kanuri  plural  termination  aanyi, etc. Formation  of  the  Noun  of  Action III a.  FORMATION    OF  THE   NOUN   OF ACTION. In  Hausa  this  is  formed  by  prefixing  mai  (sing.),  masu (plural)  to  a  noun,  verb,  or  adjective. A  similar  construction  is  to  be  found  in  most  neigb- bouring    langu ages,    the    word corresponding   to  mai being  sometimes  prefixed  and  sometimes  suflSxed. Hausa mai-taffia man  going. Kanuri kamm  ledjinn man  going. Hausa mai  kiwo'n  doki man  feed  horse. Kanuri fiirr  nyogo  ma horse  feed  man. Hausa mai  doki man  horse. BOLEWA aim  dohsho » Kerrikerri ba  dohkii » SONGHAI windi  koi house  man  or  owner. J> kwara  koi village  man  or  owner, BOLEWA ann  subba man  coat. Kanuri sagama weave  man. M magaarama boat  man. Our  own  horseman,  milkman,  and  Hindustani  pani- wallah,  punkahwallah,  etc.,  are  very  similar. Mai.,  then,  has  the  signification  of  man,  and  it  may perhaps  be  found  that  there  is  some  common  root  con- nected with  the  words  H^^-j^,  m^c-ticm,  ma-clie^  ma-tay mu-tane,  ma-za.^' Ma-su  is  the  same  word  made  plural  by  the  addition of  su.  Mai  is  sometimes  pronounced  ma  before  a word  beginning  with  a  long  syllable  as  ma-saka,  a weaver,  where  it  is  desired  for  some  reason  to  keep  that syllable  long. 112  Proverbs  in  the  Hausa  Language Other  instances  are  ma-dahi,  ma-hafoj  ma-yahij ma-hauka,  etc. A  similar  word  or  prefix  ma  is  in  very  common  use with  the  signification  to,  place  of. Ansa  masa  kaia,  a  load  has  been  put  on  him. Ataya  masu  aiki,  help  them  work. Ya  gaia  masu,  he  said  to  them. Kadda  a  hivache  ma  yaro  galma,  don't  steal  his  hoe from  the  boy. Its  use  has  been  further  extended,  and  in  proverbs, songs,  etc.,  it  is  commonly  used  instead  of  the  more clumsy  wurin,  as  : — Ma-tsaya  instead  of  ivuri'n  tsaya,  place  of  stopping. Ma-hauta,  instead  of  u-urin  hauta,  slaughter  house. Ma-fufa  instead  of  uurinfuta,  resting  place. Kanuri  has  a  similar  word,  na,  with  the  same  signifi- cation. Lene  na  reehramah  hero,  go  to  the  tailor's. Na  hushaa  todduh  he,  by  that  tree. With  such  words  as  mafahha,  sanctuary,  masallatclii, mosque,  etc.,  the  ma  is  probably  due  to  Arabic  in- fluences, and  the  extended  use  mentioned  above  may also  owe  something  to  the  same  language. 4.  GENDER  FORMATION  IN   HAUSA. The  original  dialect  of  Hausa  probably  had  no  gender formation,  and  so  we  find  that  the  sex  of  such  indivi- duals and  animals  as  have  always  been  familiar  to  him are  distinguished  by  separate  words.     In  the  majority Gender  Formation  in  Hausa.  113 of  words  if  a  feminine  is  used  at  all,  it  is  formed  in  two ways : — (1)  By  adding  nia, (2)  By  adding  ua,  (weh). These  terminations  are  directly  borrowed  from  SoNG- HAi,  in  which  language  nia  means  \""  mother  producer,\"" as, — you  nia bee, I.e.  producer  ( of  honey touri  nia tree, ,  fruit  bearing and in which  iveh  means  woman,  as, — boro  = man boro  wey  = woman fegi  = ram f  egi  wey  = sheep The  first  termination  nia  is  merely  added  to  the masculine. The  second  weh  is  more  usually  used  with  adjec- tives, and  becomes  '?^a. The  following  are  examples  : — sariki fem. saraunia barau j> baraunia gado }i gadonia yaro 5> yarinia kanne W kanua da )) dia dogo JJ dogua  (dogo  weh) Nearly  all  words  ending  in  a  are  feminine,  but this  is  probably  due  to  the  influence  of  Aeabic,  and also  to  a  desire  to  assimilate  all  words  to  a  common rule. — PERIOD USE Reewob  °\""d:!l_^_---rrTr5enBEL0>N — d  recharges  may -^-T^^TriSM FOR^A  NO.  DD6,60nn.  12/80 U.C.BERKELEY  LIBRARIES CDMb^bflfllD 4mf4i UNIVERSITY  OF  CALIFORNIA  LIBRARY  i"", ""proverb_number"": 431, ""origin"": ""Merrick, G. (1905). Hausa Proverbs. Public domain (archive.org/details/hausaproverbs00merrrich)."", ""license"": ""Public Domain"", ""dialect_assigned_default"": true}"
