"headword","pos","dialect_id","jsonb_data"
"A","character","8","{""source"": ""Wiktionary Hausa"", ""license"": ""CC BY-SA"", ""attribution"": ""Wiktionary via kaikki.org"", ""definitions"": [""The first letter of the Hausa alphabet, written in the Latin script.""], ""parts_of_speech"": [""character""], ""ipa"": [], ""examples"": [], ""dialect_assigned_default"": true}"
"abada","adv","8","{""source"": ""Wiktionary Hausa"", ""license"": ""CC BY-SA"", ""attribution"": ""Wiktionary via kaikki.org"", ""definitions"": [""always""], ""parts_of_speech"": [""adv""], ""ipa"": [""/ʔà.bà.dâː/"", ""[ʔà.bə̀.dâː]""], ""examples"": [], ""dialect_assigned_default"": true}"
"Japan","name","8","{""source"": ""Wiktionary Hausa"", ""license"": ""CC BY-SA"", ""attribution"": ""Wiktionary via kaikki.org"", ""definitions"": [""Japan (a country in East Asia)""], ""parts_of_speech"": [""name""], ""ipa"": [""/(d)ʒà.pân/"", ""[d͡ʒə̀.pâŋ]""], ""examples"": [], ""dialect_assigned_default"": true}"
"ci","verb","8","{""source"": ""Wiktionary Hausa"", ""license"": ""CC BY-SA"", ""attribution"": ""Wiktionary via kaikki.org"", ""definitions"": [""to eat, to eat soft things""], ""parts_of_speech"": [""verb""], ""ipa"": [""/t͡ʃí/"", ""[t͡ʃɪ́]""], ""examples"": [], ""dialect_assigned_default"": true}"
"Pakistan","name","8","{""source"": ""Wiktionary Hausa"", ""license"": ""CC BY-SA"", ""attribution"": ""Wiktionary via kaikki.org"", ""definitions"": [""Pakistan (a country in South Asia)""], ""parts_of_speech"": [""name""], ""ipa"": [""/páː.kís.tàn/"", ""[páː.cɪ́s.tàŋ]""], ""examples"": [], ""dialect_assigned_default"": true}"
"sol","noun","8","{""source"": ""Wiktionary Hausa"", ""license"": ""CC BY-SA"", ""attribution"": ""Wiktionary via kaikki.org"", ""definitions"": [""very white""], ""parts_of_speech"": [""noun""], ""ipa"": [""/sól/"", ""[sɔ́l]""], ""examples"": [], ""dialect_assigned_default"": true}"
"malam","noun","8","{""source"": ""Wiktionary Hausa"", ""license"": ""CC BY-SA"", ""attribution"": ""Wiktionary via kaikki.org"", ""definitions"": [""mister, Mr.""], ""parts_of_speech"": [""noun""], ""ipa"": [""/máː.làm/"", ""[máː.làŋ]""], ""examples"": [], ""dialect_assigned_default"": true}"
"hole","verb","8","{""source"": ""Wiktionary Hausa"", ""license"": ""CC BY-SA"", ""attribution"": ""Wiktionary via kaikki.org"", ""definitions"": [""to relax, to enjoy oneself""], ""parts_of_speech"": [""verb""], ""ipa"": [""/hóː.lèː/"", ""[hóː.lèː]""], ""examples"": [], ""dialect_assigned_default"": true}"
"tutu","noun","8","{""source"": ""Wiktionary Hausa"", ""license"": ""CC BY-SA"", ""attribution"": ""Wiktionary via kaikki.org"", ""definitions"": [""poop""], ""parts_of_speech"": [""noun""], ""ipa"": [""/túː.tù/"", ""[túː.tɪ̀]""], ""examples"": [], ""dialect_assigned_default"": true}"
"bal","noun","8","{""source"": ""Wiktionary Hausa"", ""license"": ""CC BY-SA"", ""attribution"": ""Wiktionary via kaikki.org"", ""definitions"": [""ball""], ""parts_of_speech"": [""noun""], ""ipa"": [""/bâl/"", ""[bâl]""], ""examples"": [], ""dialect_assigned_default"": true}"
"bel","noun","8","{""source"": ""Wiktionary Hausa"", ""license"": ""CC BY-SA"", ""attribution"": ""Wiktionary via kaikki.org"", ""definitions"": [""belt"", ""seatbelt""], ""parts_of_speech"": [""noun""], ""ipa"": [""/bél/"", ""[bál]""], ""examples"": [], ""dialect_assigned_default"": true}"
"safe","adv","8","{""source"": ""Wiktionary Hausa"", ""license"": ""CC BY-SA"", ""attribution"": ""Wiktionary via kaikki.org"", ""definitions"": [""in the morning""], ""parts_of_speech"": [""adv""], ""ipa"": [""/sáː.fé/"", ""[sáː.ɸé]""], ""examples"": [], ""dialect_assigned_default"": true}"
"kurwa","noun","8","{""source"": ""Wiktionary Hausa"", ""license"": ""CC BY-SA"", ""attribution"": ""Wiktionary via kaikki.org"", ""definitions"": [""soul""], ""parts_of_speech"": [""noun""], ""ipa"": [""/kùɽ.wáː/"", ""[kʷʊ̀ɽ.wáː]""], ""examples"": [], ""dialect_assigned_default"": true}"
"amana","noun","8","{""source"": ""Wiktionary Hausa"", ""license"": ""CC BY-SA"", ""attribution"": ""Wiktionary via kaikki.org"", ""definitions"": [""trust, mutual respect"", ""honesty, reliability"", ""alliance""], ""parts_of_speech"": [""noun""], ""ipa"": [""/ʔà.máː.nàː/"", ""[ʔà.máː.nàː]""], ""examples"": [], ""dialect_assigned_default"": true}"
"uba","noun","8","{""source"": ""Wiktionary Hausa"", ""license"": ""CC BY-SA"", ""attribution"": ""Wiktionary via kaikki.org"", ""definitions"": [""father"", ""head, leader, patron""], ""parts_of_speech"": [""noun""], ""ipa"": [""/ʔù.báː/"", ""[ʔʊ̀.báː]""], ""examples"": [], ""dialect_assigned_default"": true}"
"sama","noun","8","{""source"": ""Wiktionary Hausa"", ""license"": ""CC BY-SA"", ""attribution"": ""Wiktionary via kaikki.org"", ""definitions"": [""sky, heavens"", ""top"", ""on top"", ""in the sky""], ""parts_of_speech"": [""noun"", ""adv""], ""ipa"": [""/sá.mà/"", ""[sə́.mə̀]"", ""/sá.mà/"", ""[sə́.mə̀]""], ""examples"": [], ""dialect_assigned_default"": true}"
"mama","noun","8","{""source"": ""Wiktionary Hausa"", ""license"": ""CC BY-SA"", ""attribution"": ""Wiktionary via kaikki.org"", ""definitions"": [""mother"", ""breast""], ""parts_of_speech"": [""noun""], ""ipa"": [""/màː.má/"", ""[màː.mə́]"", ""/màː.má/"", ""[màː.mə́]""], ""examples"": [], ""dialect_assigned_default"": true}"
"lam","noun","8","{""source"": ""Wiktionary Hausa"", ""license"": ""CC BY-SA"", ""attribution"": ""Wiktionary via kaikki.org"", ""definitions"": [""lam (letter of the Arabic alphabet)""], ""parts_of_speech"": [""noun""], ""ipa"": [""/lám/"", ""[láŋ]""], ""examples"": [], ""dialect_assigned_default"": true}"
"rake","noun","8","{""source"": ""Wiktionary Hausa"", ""license"": ""CC BY-SA"", ""attribution"": ""Wiktionary via kaikki.org"", ""definitions"": [""sugarcane""], ""parts_of_speech"": [""noun""], ""ipa"": [""/ɽà.kéː/"", ""[ɽə̀.céː]""], ""examples"": [], ""dialect_assigned_default"": true}"
"sin","noun","8","{""source"": ""Wiktionary Hausa"", ""license"": ""CC BY-SA"", ""attribution"": ""Wiktionary via kaikki.org"", ""definitions"": [""sin (letter of the Arabic alphabet)""], ""parts_of_speech"": [""noun""], ""ipa"": [""/sín/"", ""[sɪ́ŋ]""], ""examples"": [], ""dialect_assigned_default"": true}"
"shat","noun","8","{""source"": ""Wiktionary Hausa"", ""license"": ""CC BY-SA"", ""attribution"": ""Wiktionary via kaikki.org"", ""definitions"": [""shirt""], ""parts_of_speech"": [""noun""], ""ipa"": [""/ʃât/"", ""[ʃât]""], ""examples"": [], ""dialect_assigned_default"": true}"
"ice","noun","8","{""source"": ""Wiktionary Hausa"", ""license"": ""CC BY-SA"", ""attribution"": ""Wiktionary via kaikki.org"", ""definitions"": [""wood"", ""tree"", ""stick""], ""parts_of_speech"": [""noun""], ""ipa"": [""/ʔí.t͡ʃèː/"", ""[ʔɪ́.t͡ʃèː]""], ""examples"": [], ""dialect_assigned_default"": true}"
"bil","noun","8","{""source"": ""Wiktionary Hausa"", ""license"": ""CC BY-SA"", ""attribution"": ""Wiktionary via kaikki.org"", ""definitions"": [""bill, invoice""], ""parts_of_speech"": [""noun""], ""ipa"": [""/bîl/"", ""[bɪ̂l]""], ""examples"": [], ""dialect_assigned_default"": true}"
"sake","noun","8","{""source"": ""Wiktionary Hausa"", ""license"": ""CC BY-SA"", ""attribution"": ""Wiktionary via kaikki.org"", ""definitions"": [""slackness""], ""parts_of_speech"": [""noun""], ""ipa"": [""/sà.kéː/"", ""[sə̀.céː]""], ""examples"": [], ""dialect_assigned_default"": true}"
"wal","noun","8","{""source"": ""Wiktionary Hausa"", ""license"": ""CC BY-SA"", ""attribution"": ""Wiktionary via kaikki.org"", ""definitions"": [""sudden flash of light""], ""parts_of_speech"": [""noun""], ""ipa"": [""/wàl/"", ""[wàl]""], ""examples"": [], ""dialect_assigned_default"": true}"
"ni","pron","8","{""source"": ""Wiktionary Hausa"", ""license"": ""CC BY-SA"", ""attribution"": ""Wiktionary via kaikki.org"", ""definitions"": [""I (1st person singular pronoun)""], ""parts_of_speech"": [""pron""], ""ipa"": [""/níː/"", ""[níː]""], ""examples"": [], ""dialect_assigned_default"": true}"
"Paris","name","8","{""source"": ""Wiktionary Hausa"", ""license"": ""CC BY-SA"", ""attribution"": ""Wiktionary via kaikki.org"", ""definitions"": [""Paris (a city in France)""], ""parts_of_speech"": [""name""], ""ipa"": [""/páː.rìs/"", ""[páː.rɪ̀s]""], ""examples"": [], ""dialect_assigned_default"": true}"
"Ankara","name","8","{""source"": ""Wiktionary Hausa"", ""license"": ""CC BY-SA"", ""attribution"": ""Wiktionary via kaikki.org"", ""definitions"": [""Accra (the capital city of Ghana)""], ""parts_of_speech"": [""name""], ""ipa"": [""/ʔán.kà.rà/"", ""[ʔáŋ.kə̀.rə̀]""], ""examples"": [], ""dialect_assigned_default"": true}"
"mu","pron","8","{""source"": ""Wiktionary Hausa"", ""license"": ""CC BY-SA"", ""attribution"": ""Wiktionary via kaikki.org"", ""definitions"": [""we (1st person plural pronoun)""], ""parts_of_speech"": [""pron""], ""ipa"": [""/múː/"", ""[múː]""], ""examples"": [], ""dialect_assigned_default"": true}"
"ar","intj","8","{""source"": ""Wiktionary Hausa"", ""license"": ""CC BY-SA"", ""attribution"": ""Wiktionary via kaikki.org"", ""definitions"": [""damn it""], ""parts_of_speech"": [""intj""], ""ipa"": [""/ʔár/"", ""[ʔár]""], ""examples"": [], ""dialect_assigned_default"": true}"
"ca","noun","8","{""source"": ""Wiktionary Hausa"", ""license"": ""CC BY-SA"", ""attribution"": ""Wiktionary via kaikki.org"", ""definitions"": [""splattering of boiling fat""], ""parts_of_speech"": [""noun""], ""ipa"": [""/t͡ʃáː/"", ""/t͡ʃâː/"", ""[t͡ʃáː]"", ""[t͡ʃâː]""], ""examples"": [], ""dialect_assigned_default"": true}"
"ti","noun","8","{""source"": ""Wiktionary Hausa"", ""license"": ""CC BY-SA"", ""attribution"": ""Wiktionary via kaikki.org"", ""definitions"": [""tea""], ""parts_of_speech"": [""noun""], ""ipa"": [""/tîː/"", ""[tîː]""], ""examples"": [], ""dialect_assigned_default"": true}"
"lu","noun","8","{""source"": ""Wiktionary Hausa"", ""license"": ""CC BY-SA"", ""attribution"": ""Wiktionary via kaikki.org"", ""definitions"": [""swinging motion""], ""parts_of_speech"": [""noun""], ""ipa"": [""/lûː/"", ""[lûː]""], ""examples"": [], ""dialect_assigned_default"": true}"
"po","noun","8","{""source"": ""Wiktionary Hausa"", ""license"": ""CC BY-SA"", ""attribution"": ""Wiktionary via kaikki.org"", ""definitions"": [""children's toilet""], ""parts_of_speech"": [""noun""], ""ipa"": [""/pôː/"", ""[pôː]""], ""examples"": [], ""dialect_assigned_default"": true}"
"baba","noun","8","{""source"": ""Wiktionary Hausa"", ""license"": ""CC BY-SA"", ""attribution"": ""Wiktionary via kaikki.org"", ""definitions"": [""father"", ""Used as a term of address for a man of appropriate age to be one's father, or who shares one's father's name."", ""eunuch"", ""impotent man"", ""paternal aunt"", ""indigo (the plant, or the dye from it)""], ""parts_of_speech"": [""noun""], ""ipa"": [""/bàː.bá/"", ""[bàː.bə́]"", ""/bàː.báː/"", ""[bàː.báː]"", ""/báː.bà/"", ""[báː.bə̀]"", ""/báː.báː/"", ""[báː.báː]""], ""examples"": [], ""dialect_assigned_default"": true}"
"halal","noun","8","{""source"": ""Wiktionary Hausa"", ""license"": ""CC BY-SA"", ""attribution"": ""Wiktionary via kaikki.org"", ""definitions"": [""any halal act; any act permissible in Islam""], ""parts_of_speech"": [""noun""], ""ipa"": [""/hà.lâl/"", ""[hà.lâl]""], ""examples"": [], ""dialect_assigned_default"": true}"
"ido","noun","8","{""source"": ""Wiktionary Hausa"", ""license"": ""CC BY-SA"", ""attribution"": ""Wiktionary via kaikki.org"", ""definitions"": [""eye""], ""parts_of_speech"": [""noun""], ""ipa"": [""/ʔí.dòː/"", ""[ʔɪ́.dòː]""], ""examples"": [], ""dialect_assigned_default"": true}"
"Allah","name","8","{""source"": ""Wiktionary Hausa"", ""license"": ""CC BY-SA"", ""attribution"": ""Wiktionary via kaikki.org"", ""definitions"": [""Allah, God""], ""parts_of_speech"": [""name""], ""ipa"": [""/ʔál.làː/"", ""[ʔál.làː]""], ""examples"": [], ""dialect_assigned_default"": true}"
"tire","noun","8","{""source"": ""Wiktionary Hausa"", ""license"": ""CC BY-SA"", ""attribution"": ""Wiktionary via kaikki.org"", ""definitions"": [""tray""], ""parts_of_speech"": [""noun""], ""ipa"": [""/tì.ré/"", ""[tɪ̀.ré]""], ""examples"": [], ""dialect_assigned_default"": true}"
"idi","noun","8","{""source"": ""Wiktionary Hausa"", ""license"": ""CC BY-SA"", ""attribution"": ""Wiktionary via kaikki.org"", ""definitions"": [""any Muslim holiday""], ""parts_of_speech"": [""noun""], ""ipa"": [""/ʔíː.dìː/"", ""[ʔíː.dìː]""], ""examples"": [], ""dialect_assigned_default"": true}"
"riga","noun","8","{""source"": ""Wiktionary Hausa"", ""license"": ""CC BY-SA"", ""attribution"": ""Wiktionary via kaikki.org"", ""definitions"": [""a robe"", ""an agbada or similar, the standard garb of men"", ""a robe"", ""a dress, the standard garb of women""], ""parts_of_speech"": [""noun""], ""ipa"": [""/ɽìː.ɡáː/"", ""[ɽìː.ɡáː]""], ""examples"": [], ""dialect_assigned_default"": true}"
"kissa","noun","8","{""source"": ""Wiktionary Hausa"", ""license"": ""CC BY-SA"", ""attribution"": ""Wiktionary via kaikki.org"", ""definitions"": [""intrigue, underhand dealing, any deceitful means to accomplishing something""], ""parts_of_speech"": [""noun""], ""ipa"": [""/kís.sà/"", ""[cɪ́s.sə̀]""], ""examples"": [], ""dialect_assigned_default"": true}"
"dari","noun","8","{""source"": ""Wiktionary Hausa"", ""license"": ""CC BY-SA"", ""attribution"": ""Wiktionary via kaikki.org"", ""definitions"": [""korrigum (a kind of antelope)""], ""parts_of_speech"": [""noun""], ""ipa"": [""/dá.ɽìː/"", ""[də́.ɽìː]""], ""examples"": [], ""dialect_assigned_default"": true}"
"sum","noun","8","{""source"": ""Wiktionary Hausa"", ""license"": ""CC BY-SA"", ""attribution"": ""Wiktionary via kaikki.org"", ""definitions"": [""alternative form of gùm (“smelling bad”)""], ""parts_of_speech"": [""noun""], ""ipa"": [""/sùm/"", ""[sɪ̀m]""], ""examples"": [], ""dialect_assigned_default"": true}"
"ton","noun","8","{""source"": ""Wiktionary Hausa"", ""license"": ""CC BY-SA"", ""attribution"": ""Wiktionary via kaikki.org"", ""definitions"": [""ton (unit of weight)""], ""parts_of_speech"": [""noun""], ""ipa"": [""/tón/"", ""[táŋ]""], ""examples"": [], ""dialect_assigned_default"": true}"
"ja","adj","8","{""source"": ""Wiktionary Hausa"", ""license"": ""CC BY-SA"", ""attribution"": ""Wiktionary via kaikki.org"", ""definitions"": [""red""], ""parts_of_speech"": [""adj""], ""ipa"": [""/(d)ʒáː/"", ""[d͡ʒáː]""], ""examples"": [], ""dialect_assigned_default"": true}"
"rana","noun","8","{""source"": ""Wiktionary Hausa"", ""license"": ""CC BY-SA"", ""attribution"": ""Wiktionary via kaikki.org"", ""definitions"": [""sun"", ""heat of the sun"", ""day"", ""in the daytime""], ""parts_of_speech"": [""noun"", ""adv""], ""ipa"": [""/ɽáː.náː/"", ""[ɽáː.náː]"", ""/ɽáː.ná/"", ""[ɽáː.nə́]""], ""examples"": [], ""dialect_assigned_default"": true}"
"tik","noun","8","{""source"": ""Wiktionary Hausa"", ""license"": ""CC BY-SA"", ""attribution"": ""Wiktionary via kaikki.org"", ""definitions"": [""something heavy falling""], ""parts_of_speech"": [""noun""], ""ipa"": [""/tîk/"", ""[tɪ̂k]""], ""examples"": [], ""dialect_assigned_default"": true}"
"nun","noun","8","{""source"": ""Wiktionary Hausa"", ""license"": ""CC BY-SA"", ""attribution"": ""Wiktionary via kaikki.org"", ""definitions"": [""nun (letter of the Arabic alphabet)""], ""parts_of_speech"": [""noun""], ""ipa"": [""/nún/"", ""[nɪ́ŋ]""], ""examples"": [], ""dialect_assigned_default"": true}"
"alkali","noun","8","{""source"": ""Wiktionary Hausa"", ""license"": ""CC BY-SA"", ""attribution"": ""Wiktionary via kaikki.org"", ""definitions"": [""alternative form of alƙali""], ""parts_of_speech"": [""noun""], ""ipa"": [""/ʔàl.káː.líː/"", ""[ʔàl.káː.líː]""], ""examples"": [], ""dialect_assigned_default"": true}"
"kam","noun","8","{""source"": ""Wiktionary Hausa"", ""license"": ""CC BY-SA"", ""attribution"": ""Wiktionary via kaikki.org"", ""definitions"": [""firmly, tightly"", ""adamant, insistent""], ""parts_of_speech"": [""noun""], ""ipa"": [""/kám/"", ""[kám]""], ""examples"": [], ""dialect_assigned_default"": true}"
"abu","noun","8","{""source"": ""Wiktionary Hausa"", ""license"": ""CC BY-SA"", ""attribution"": ""Wiktionary via kaikki.org"", ""definitions"": [""thing, object"", ""matter, affair, situation"", ""possession, property""], ""parts_of_speech"": [""noun""], ""ipa"": [""/ʔà.bù/"", ""[ʔà.bʊ̀]""], ""examples"": [], ""dialect_assigned_default"": true}"
"sata","noun","8","{""source"": ""Wiktionary Hausa"", ""license"": ""CC BY-SA"", ""attribution"": ""Wiktionary via kaikki.org"", ""definitions"": [""theft, robbery""], ""parts_of_speech"": [""noun""], ""ipa"": [""/sáː.tàː/"", ""[sáː.tàː]""], ""examples"": [], ""dialect_assigned_default"": true}"
"gum","noun","8","{""source"": ""Wiktionary Hausa"", ""license"": ""CC BY-SA"", ""attribution"": ""Wiktionary via kaikki.org"", ""definitions"": [""smelling bad""], ""parts_of_speech"": [""noun""], ""ipa"": [""/ɡùm/"", ""[ɡʷʊ̀m]""], ""examples"": [], ""dialect_assigned_default"": true}"
"sa","noun","8","{""source"": ""Wiktionary Hausa"", ""license"": ""CC BY-SA"", ""attribution"": ""Wiktionary via kaikki.org"", ""definitions"": [""bull, ox, cattle""], ""parts_of_speech"": [""noun""], ""ipa"": [""/sâː/"", ""[sâː]""], ""examples"": [], ""dialect_assigned_default"": true}"
"kura","noun","8","{""source"": ""Wiktionary Hausa"", ""license"": ""CC BY-SA"", ""attribution"": ""Wiktionary via kaikki.org"", ""definitions"": [""hyena""], ""parts_of_speech"": [""noun""], ""ipa"": [], ""examples"": [], ""dialect_assigned_default"": true}"
"nono","noun","8","{""source"": ""Wiktionary Hausa"", ""license"": ""CC BY-SA"", ""attribution"": ""Wiktionary via kaikki.org"", ""definitions"": [""milk"", ""a woman's breast""], ""parts_of_speech"": [""noun""], ""ipa"": [""/nóː.nòː/"", ""[nóː.nòː]""], ""examples"": [], ""dialect_assigned_default"": true}"
"matala","noun","8","{""source"": ""Wiktionary Hausa"", ""license"": ""CC BY-SA"", ""attribution"": ""Wiktionary via kaikki.org"", ""definitions"": [""mattress""], ""parts_of_speech"": [""noun""], ""ipa"": [""/mà.tà.lâː/""], ""examples"": [], ""dialect_assigned_default"": true}"
"mesa","noun","8","{""source"": ""Wiktionary Hausa"", ""license"": ""CC BY-SA"", ""attribution"": ""Wiktionary via kaikki.org"", ""definitions"": [""python"", ""rubber hose""], ""parts_of_speech"": [""noun""], ""ipa"": [""/méː.sàː/"", ""[méː.sàː]""], ""examples"": [], ""dialect_assigned_default"": true}"
"gato","noun","8","{""source"": ""Wiktionary Hausa"", ""license"": ""CC BY-SA"", ""attribution"": ""Wiktionary via kaikki.org"", ""definitions"": [""cake""], ""parts_of_speech"": [""noun""], ""ipa"": [""/ɡàː.tôː/""], ""examples"": [], ""dialect_assigned_default"": true}"
"diga","noun","8","{""source"": ""Wiktionary Hausa"", ""license"": ""CC BY-SA"", ""attribution"": ""Wiktionary via kaikki.org"", ""definitions"": [""pickaxe""], ""parts_of_speech"": [""noun""], ""ipa"": [""/dí.ɡàː/"", ""[dɪ́.ɡàː]""], ""examples"": [], ""dialect_assigned_default"": true}"
"nama","noun","8","{""source"": ""Wiktionary Hausa"", ""license"": ""CC BY-SA"", ""attribution"": ""Wiktionary via kaikki.org"", ""definitions"": [""meat"", ""wild animal""], ""parts_of_speech"": [""noun""], ""ipa"": [""/náː.màː/"", ""[náː.màː]""], ""examples"": [], ""dialect_assigned_default"": true}"
"gero","noun","8","{""source"": ""Wiktionary Hausa"", ""license"": ""CC BY-SA"", ""attribution"": ""Wiktionary via kaikki.org"", ""definitions"": [""pearl millet (Pennisetum glaucum)"", ""a short-season, non photoperiod sensitive variety of pearl millet""], ""parts_of_speech"": [""noun""], ""ipa"": [""/ɡéː.ɽóː/"", ""[ɟéː.ɽóː]""], ""examples"": [], ""dialect_assigned_default"": true}"
"kai","pron","8","{""source"": ""Wiktionary Hausa"", ""license"": ""CC BY-SA"", ""attribution"": ""Wiktionary via kaikki.org"", ""definitions"": [""you (2nd person singular subject pronoun)"", ""head""], ""parts_of_speech"": [""pron"", ""noun""], ""ipa"": [""/kái/"", ""[kéi]"", ""/kâi/"", ""[kâi]""], ""examples"": [], ""dialect_assigned_default"": true}"
"su","pron","8","{""source"": ""Wiktionary Hausa"", ""license"": ""CC BY-SA"", ""attribution"": ""Wiktionary via kaikki.org"", ""definitions"": [""they (third person plural independent subject pronoun)"", ""slithering, sliding""], ""parts_of_speech"": [""pron"", ""noun""], ""ipa"": [""/sùː/"", ""[sùː]""], ""examples"": [], ""dialect_assigned_default"": true}"
"bana","adv","8","{""source"": ""Wiktionary Hausa"", ""license"": ""CC BY-SA"", ""attribution"": ""Wiktionary via kaikki.org"", ""definitions"": [""this year""], ""parts_of_speech"": [""adv""], ""ipa"": [""/bá.ná/"", ""[bə́.nə́]""], ""examples"": [], ""dialect_assigned_default"": true}"
"guma","verb","8","{""source"": ""Wiktionary Hausa"", ""license"": ""CC BY-SA"", ""attribution"": ""Wiktionary via kaikki.org"", ""definitions"": [""to fill one's mouth with a liquid""], ""parts_of_speech"": [""verb""], ""ipa"": [""/ɡú.màː/"", ""[ɡʷʊ́.màː]""], ""examples"": [], ""dialect_assigned_default"": true}"
"mace","noun","8","{""source"": ""Wiktionary Hausa"", ""license"": ""CC BY-SA"", ""attribution"": ""Wiktionary via kaikki.org"", ""definitions"": [""woman"", ""female""], ""parts_of_speech"": [""noun""], ""ipa"": [""/mà.t͡ʃèː/"", ""[mə̀.t͡ʃèː]""], ""examples"": [], ""dialect_assigned_default"": true}"
"Adam","name","8","{""source"": ""Wiktionary Hausa"", ""license"": ""CC BY-SA"", ""attribution"": ""Wiktionary via kaikki.org"", ""definitions"": [""Adam (biblical character)""], ""parts_of_speech"": [""name""], ""ipa"": [""/ʔá.dàm/"", ""[ʔá.dàŋ]""], ""examples"": [], ""dialect_assigned_default"": true}"
"sauna","noun","8","{""source"": ""Wiktionary Hausa"", ""license"": ""CC BY-SA"", ""attribution"": ""Wiktionary via kaikki.org"", ""definitions"": [""fool, incompetent person""], ""parts_of_speech"": [""noun""], ""ipa"": [""/sáu.nàː/"", ""[sáu.nàː]""], ""examples"": [], ""dialect_assigned_default"": true}"
"haja","noun","8","{""source"": ""Wiktionary Hausa"", ""license"": ""CC BY-SA"", ""attribution"": ""Wiktionary via kaikki.org"", ""definitions"": [""goods, merchandise""], ""parts_of_speech"": [""noun""], ""ipa"": [""/háː.(d)ʒàː/"", ""[háː.d͡ʒàː]""], ""examples"": [], ""dialect_assigned_default"": true}"
"kudu","adv","8","{""source"": ""Wiktionary Hausa"", ""license"": ""CC BY-SA"", ""attribution"": ""Wiktionary via kaikki.org"", ""definitions"": [""south, southwards""], ""parts_of_speech"": [""adv""], ""ipa"": [""/kú.dù/"", ""[kʷʊ́.dɪ̀]""], ""examples"": [], ""dialect_assigned_default"": true}"
"acca","noun","8","{""source"": ""Wiktionary Hausa"", ""license"": ""CC BY-SA"", ""attribution"": ""Wiktionary via kaikki.org"", ""definitions"": [""acha, fonio (Digitaria exilis)""], ""parts_of_speech"": [""noun""], ""ipa"": [""/ʔát͡ʃ.t͡ʃàː/"", ""[ʔát.t͡ʃàː]""], ""examples"": [], ""dialect_assigned_default"": true}"
"r̃","character","8","{""source"": ""Wiktionary Hausa"", ""license"": ""CC BY-SA"", ""attribution"": ""Wiktionary via kaikki.org"", ""definitions"": [""The Hausa letter r when transcribing a trill.""], ""parts_of_speech"": [""character""], ""ipa"": [], ""examples"": [""A tilde over an r indicates that it is rolled/trilled, not flapped: r̃, R̃."", ""The symbol r̃ (with the tilde diacritic) differentiates the alveolar tap/roll from the retroflex native flap r [ɽ], a phonemic contrast which is not marked in Hausa orthography (§16)."", ""Hausa has two partially contrastive R sounds: a retroflex flap and a roll/tap. These are not distinguished in the standard orthography nor in Hausa written in Arabic script (termed ajami). In this dictionary (as well as in the companion English–Hausa Dicitonary and The Hausa Language), the difference between the two R’s is overtly marked as a pronunciation guide. (The distinction is, however, ignored for the purposes of alphabetization.) The flap R, e.g., rānā “sun”, is transcribed with the ordinary r symbol. The roll/tap R, e.g., r̃ahā̀ “pleasant chatting”, is written as r̃ (i.e., r with a tilde).""], ""dialect_assigned_default"": true}"
"ɓ","character","8","{""source"": ""Wiktionary Hausa"", ""license"": ""CC BY-SA"", ""attribution"": ""Wiktionary via kaikki.org"", ""definitions"": [""The third letter of the Hausa alphabet, written in the Latin script. Preceded by B and followed by C, and representing /ɓ/.""], ""parts_of_speech"": [""character""], ""ipa"": [], ""examples"": [], ""dialect_assigned_default"": true}"
"ƴ","character","8","{""source"": ""Wiktionary Hausa"", ""license"": ""CC BY-SA"", ""attribution"": ""Wiktionary via kaikki.org"", ""definitions"": [""A letter of the Hausa alphabet, written in the Latin script..""], ""parts_of_speech"": [""character""], ""ipa"": [""/j̰/"", ""[j̰]""], ""examples"": [], ""dialect_assigned_default"": true}"
"tun","prep","8","{""source"": ""Wiktionary Hausa"", ""license"": ""CC BY-SA"", ""attribution"": ""Wiktionary via kaikki.org"", ""definitions"": [""since, ever since""], ""parts_of_speech"": [""prep""], ""ipa"": [""/tún/"", ""[tɪ́ŋ]""], ""examples"": [], ""dialect_assigned_default"": true}"
"lada","noun","8","{""source"": ""Wiktionary Hausa"", ""license"": ""CC BY-SA"", ""attribution"": ""Wiktionary via kaikki.org"", ""definitions"": [""wages"", ""reward""], ""parts_of_speech"": [""noun""], ""ipa"": [""/láː.dáː/"", ""[láː.dáː]""], ""examples"": [], ""dialect_assigned_default"": true}"
"ita","pron","8","{""source"": ""Wiktionary Hausa"", ""license"": ""CC BY-SA"", ""attribution"": ""Wiktionary via kaikki.org"", ""definitions"": [""she (3rd person singular pronoun)""], ""parts_of_speech"": [""pron""], ""ipa"": [""/ʔí.tá/"", ""[ʔɪ́.tə́]""], ""examples"": [], ""dialect_assigned_default"": true}"
"laya","noun","8","{""source"": ""Wiktionary Hausa"", ""license"": ""CC BY-SA"", ""attribution"": ""Wiktionary via kaikki.org"", ""definitions"": [""a charm or talisman made of verses from the Qur'an""], ""parts_of_speech"": [""noun""], ""ipa"": [""/láː.jàː/"", ""[láː.jàː]""], ""examples"": [], ""dialect_assigned_default"": true}"
"hajji","noun","8","{""source"": ""Wiktionary Hausa"", ""license"": ""CC BY-SA"", ""attribution"": ""Wiktionary via kaikki.org"", ""definitions"": [""hajj (pilgrimage to Mecca)""], ""parts_of_speech"": [""noun""], ""ipa"": [""/há(d)ʒ.(d)ʒì/"", ""[hád.d͡ʒɪ̀]"", ""/ʔàl.há.(d)ʒí/"", ""[ʔàl.há.d͡ʒɪ́]""], ""examples"": [], ""dialect_assigned_default"": true}"
"manja","noun","8","{""source"": ""Wiktionary Hausa"", ""license"": ""CC BY-SA"", ""attribution"": ""Wiktionary via kaikki.org"", ""definitions"": [""alternative form of manjò""], ""parts_of_speech"": [""noun""], ""ipa"": [""/mán.(d)ʒà/"", ""[mán.d͡ʒə̀]""], ""examples"": [], ""dialect_assigned_default"": true}"
"guru","noun","8","{""source"": ""Wiktionary Hausa"", ""license"": ""CC BY-SA"", ""attribution"": ""Wiktionary via kaikki.org"", ""definitions"": [""A large leather belt, usually containing charms.""], ""parts_of_speech"": [""noun""], ""ipa"": [""/ɡúː.rúː/"", ""[ɡʷúː.rúː]""], ""examples"": [], ""dialect_assigned_default"": true}"
"keso","noun","8","{""source"": ""Wiktionary Hausa"", ""license"": ""CC BY-SA"", ""attribution"": ""Wiktionary via kaikki.org"", ""definitions"": [""worn-out mat""], ""parts_of_speech"": [""noun""], ""ipa"": [""/kéː.sòː/"", ""[céː.sòː]""], ""examples"": [], ""dialect_assigned_default"": true}"
"amo","noun","8","{""source"": ""Wiktionary Hausa"", ""license"": ""CC BY-SA"", ""attribution"": ""Wiktionary via kaikki.org"", ""definitions"": [""sound; noise""], ""parts_of_speech"": [""noun""], ""ipa"": [""/ʔá.móː/"", ""[ʔá.móː]""], ""examples"": [], ""dialect_assigned_default"": true}"
"duma","noun","8","{""source"": ""Wiktionary Hausa"", ""license"": ""CC BY-SA"", ""attribution"": ""Wiktionary via kaikki.org"", ""definitions"": [""calabash, gourd (Lagenaria siceraria)"", ""To put one's mouth deeply into something"", ""To strike a person with something""], ""parts_of_speech"": [""noun"", ""verb""], ""ipa"": [""/dú.máː/"", ""[dɪ́.máː]"", ""/dú.màː/"", ""[dɪ́.màː]""], ""examples"": [], ""dialect_assigned_default"": true}"
"fetal","noun","8","{""source"": ""Wiktionary Hausa"", ""license"": ""CC BY-SA"", ""attribution"": ""Wiktionary via kaikki.org"", ""definitions"": [""open""], ""parts_of_speech"": [""noun""], ""ipa"": [""/fèː.tál/"", ""[ɸèː.tál]""], ""examples"": [], ""dialect_assigned_default"": true}"
"gam","noun","8","{""source"": ""Wiktionary Hausa"", ""license"": ""CC BY-SA"", ""attribution"": ""Wiktionary via kaikki.org"", ""definitions"": [""glue, paste""], ""parts_of_speech"": [""noun""], ""ipa"": [""/ɡâm/"", ""[ɡâŋ]""], ""examples"": [], ""dialect_assigned_default"": true}"
"sage","verb","8","{""source"": ""Wiktionary Hausa"", ""license"": ""CC BY-SA"", ""attribution"": ""Wiktionary via kaikki.org"", ""definitions"": [""to become stiff or paralyzed""], ""parts_of_speech"": [""verb""], ""ipa"": [""/sá.ɡèː/"", ""[sə́.ɟèː]""], ""examples"": [], ""dialect_assigned_default"": true}"
"sago","noun","8","{""source"": ""Wiktionary Hausa"", ""license"": ""CC BY-SA"", ""attribution"": ""Wiktionary via kaikki.org"", ""definitions"": [""snake""], ""parts_of_speech"": [""noun""], ""ipa"": [""/sá.ɡóː/"", ""[sə́.ɡʷóː]""], ""examples"": [], ""dialect_assigned_default"": true}"
"farce","noun","8","{""source"": ""Wiktionary Hausa"", ""license"": ""CC BY-SA"", ""attribution"": ""Wiktionary via kaikki.org"", ""definitions"": [""fingernail""], ""parts_of_speech"": [""noun""], ""ipa"": [""/fáɽ.t͡ʃèː/"", ""[ɸáɽ.t͡ʃèː]""], ""examples"": [], ""dialect_assigned_default"": true}"
"mai","noun","8","{""source"": ""Wiktionary Hausa"", ""license"": ""CC BY-SA"", ""attribution"": ""Wiktionary via kaikki.org"", ""definitions"": [""oil, fat, grease"", ""gasoline, petrol""], ""parts_of_speech"": [""noun""], ""ipa"": [""/mâi/"", ""[mâi]""], ""examples"": [], ""dialect_assigned_default"": true}"
"babi","noun","8","{""source"": ""Wiktionary Hausa"", ""license"": ""CC BY-SA"", ""attribution"": ""Wiktionary via kaikki.org"", ""definitions"": [""chapter (section of a book)""], ""parts_of_speech"": [""noun""], ""ipa"": [""/báː.bìː/"", ""[báː.bìː]""], ""examples"": [], ""dialect_assigned_default"": true}"
"pil","noun","8","{""source"": ""Wiktionary Hausa"", ""license"": ""CC BY-SA"", ""attribution"": ""Wiktionary via kaikki.org"", ""definitions"": [""battery (especially of a flashlight)""], ""parts_of_speech"": [""noun""], ""ipa"": [""/pîl/""], ""examples"": [], ""dialect_assigned_default"": true}"
"kaf","noun","8","{""source"": ""Wiktionary Hausa"", ""license"": ""CC BY-SA"", ""attribution"": ""Wiktionary via kaikki.org"", ""definitions"": [""stealing everything""], ""parts_of_speech"": [""noun""], ""ipa"": [""/káp/"", ""[káp]""], ""examples"": [], ""dialect_assigned_default"": true}"
"shin","noun","8","{""source"": ""Wiktionary Hausa"", ""license"": ""CC BY-SA"", ""attribution"": ""Wiktionary via kaikki.org"", ""definitions"": [""shin (letter of the Arabic alphabet)""], ""parts_of_speech"": [""noun""], ""ipa"": [""/ʃín/"", ""[ʃɪ́ŋ]""], ""examples"": [], ""dialect_assigned_default"": true}"
"manzo","noun","8","{""source"": ""Wiktionary Hausa"", ""license"": ""CC BY-SA"", ""attribution"": ""Wiktionary via kaikki.org"", ""definitions"": [""messenger""], ""parts_of_speech"": [""noun""], ""ipa"": [""/màn.zóː/"", ""[màn.zóː]""], ""examples"": [], ""dialect_assigned_default"": true}"
"minti","noun","8","{""source"": ""Wiktionary Hausa"", ""license"": ""CC BY-SA"", ""attribution"": ""Wiktionary via kaikki.org"", ""definitions"": [""minute (unit of time)"", ""peppermint candy""], ""parts_of_speech"": [""noun""], ""ipa"": [""/mín.tìː/"", ""[mɪ́n.tìː]"", ""/mín.tìː/"", ""[mɪ́n.tìː]""], ""examples"": [], ""dialect_assigned_default"": true}"
"ulu","noun","8","{""source"": ""Wiktionary Hausa"", ""license"": ""CC BY-SA"", ""attribution"": ""Wiktionary via kaikki.org"", ""definitions"": [""wool"", ""wool thread""], ""parts_of_speech"": [""noun""], ""ipa"": [""/ʔúː.lù/"", ""[ʔúː.lɪ̀]""], ""examples"": [], ""dialect_assigned_default"": true}"
"sila","noun","8","{""source"": ""Wiktionary Hausa"", ""license"": ""CC BY-SA"", ""attribution"": ""Wiktionary via kaikki.org"", ""definitions"": [""cause""], ""parts_of_speech"": [""noun""], ""ipa"": [""/sí.làː/"", ""[sɪ́.làː]""], ""examples"": [], ""dialect_assigned_default"": true}"
"nuna","verb","8","{""source"": ""Wiktionary Hausa"", ""license"": ""CC BY-SA"", ""attribution"": ""Wiktionary via kaikki.org"", ""definitions"": [""to show, point out, indicate""], ""parts_of_speech"": [""verb""], ""ipa"": [""/núː.nàː/"", ""[núː.nàː]""], ""examples"": [], ""dialect_assigned_default"": true}"
"fara","noun","8","{""source"": ""Wiktionary Hausa"", ""license"": ""CC BY-SA"", ""attribution"": ""Wiktionary via kaikki.org"", ""definitions"": [""locust, grasshopper""], ""parts_of_speech"": [""noun""], ""ipa"": [""/fàː.ɽáː/"", ""[ɸàː.ɽáː]""], ""examples"": [], ""dialect_assigned_default"": true}"
"dau","noun","8","{""source"": ""Wiktionary Hausa"", ""license"": ""CC BY-SA"", ""attribution"": ""Wiktionary via kaikki.org"", ""definitions"": [""deep""], ""parts_of_speech"": [""noun""], ""ipa"": [""/dàu/"", ""[dàu]""], ""examples"": [], ""dialect_assigned_default"": true}"
"illa","prep","8","{""source"": ""Wiktionary Hausa"", ""license"": ""CC BY-SA"", ""attribution"": ""Wiktionary via kaikki.org"", ""definitions"": [""except"", ""fault, blemish""], ""parts_of_speech"": [""prep"", ""noun""], ""ipa"": [""/ʔíl.láː/"", ""[ʔɪ́l.láː]"", ""/ʔíl.làː/"", ""[ʔɪ́l.làː]""], ""examples"": [], ""dialect_assigned_default"": true}"
"gula","noun","8","{""source"": ""Wiktionary Hausa"", ""license"": ""CC BY-SA"", ""attribution"": ""Wiktionary via kaikki.org"", ""definitions"": [""a kind of drumstick with a large head (for beating drums)""], ""parts_of_speech"": [""noun""], ""ipa"": [""/ɡú.làː/"", ""[ɡʷʊ́.làː]""], ""examples"": [], ""dialect_assigned_default"": true}"
"banda","noun","8","{""source"": ""Wiktionary Hausa"", ""license"": ""CC BY-SA"", ""attribution"": ""Wiktionary via kaikki.org"", ""definitions"": [""meat or fish dried over a fire""], ""parts_of_speech"": [""noun""], ""ipa"": [""/bàn.dáː/"", ""[bàn.dáː]""], ""examples"": [], ""dialect_assigned_default"": true}"
"hula","noun","8","{""source"": ""Wiktionary Hausa"", ""license"": ""CC BY-SA"", ""attribution"": ""Wiktionary via kaikki.org"", ""definitions"": [""cap, hat - especially, the traditional embroidered cap worn by Hausa men""], ""parts_of_speech"": [""noun""], ""ipa"": [""/hùː.láː/"", ""[hùː.láː]""], ""examples"": [], ""dialect_assigned_default"": true}"
"baki","noun","8","{""source"": ""Wiktionary Hausa"", ""license"": ""CC BY-SA"", ""attribution"": ""Wiktionary via kaikki.org"", ""definitions"": [""mouth, beak"", ""mouth of a vessel, opening, entrance"", ""speaking, speech"", ""edge"", ""limit""], ""parts_of_speech"": [""noun""], ""ipa"": [""/bàː.kíː/"", ""[bàː.cíː]""], ""examples"": [], ""dialect_assigned_default"": true}"
"bindi","noun","8","{""source"": ""Wiktionary Hausa"", ""license"": ""CC BY-SA"", ""attribution"": ""Wiktionary via kaikki.org"", ""definitions"": [""tail"", ""penis""], ""parts_of_speech"": [""noun""], ""ipa"": [""/bín.dìː/"", ""[bɪ́n.dìː]""], ""examples"": [], ""dialect_assigned_default"": true}"
"bori","noun","8","{""source"": ""Wiktionary Hausa"", ""license"": ""CC BY-SA"", ""attribution"": ""Wiktionary via kaikki.org"", ""definitions"": [""animistic spirit possession religion""], ""parts_of_speech"": [""noun""], ""ipa"": [""/bòː.ɽíː/"", ""[bòː.ɽíː]""], ""examples"": [], ""dialect_assigned_default"": true}"
"titi","noun","8","{""source"": ""Wiktionary Hausa"", ""license"": ""CC BY-SA"", ""attribution"": ""Wiktionary via kaikki.org"", ""definitions"": [""street""], ""parts_of_speech"": [""noun""], ""ipa"": [""/tíː.tìː/"", ""[tíː.tìː]""], ""examples"": [], ""dialect_assigned_default"": true}"
"rai","noun","8","{""source"": ""Wiktionary Hausa"", ""license"": ""CC BY-SA"", ""attribution"": ""Wiktionary via kaikki.org"", ""definitions"": [""life"", ""spirit, mind"", ""hope, salvation"", ""prosperity""], ""parts_of_speech"": [""noun""], ""ipa"": [""/ɽâi/"", ""[ɽâi]""], ""examples"": [], ""dialect_assigned_default"": true}"
"bas","noun","8","{""source"": ""Wiktionary Hausa"", ""license"": ""CC BY-SA"", ""attribution"": ""Wiktionary via kaikki.org"", ""definitions"": [""bus""], ""parts_of_speech"": [""noun""], ""ipa"": [""/bâs/"", ""[bâs]""], ""examples"": [], ""dialect_assigned_default"": true}"
"goba","noun","8","{""source"": ""Wiktionary Hausa"", ""license"": ""CC BY-SA"", ""attribution"": ""Wiktionary via kaikki.org"", ""definitions"": [""guava""], ""parts_of_speech"": [""noun""], ""ipa"": [""/ɡóː.bàː/"", ""[ɡʷóː.bàː]""], ""examples"": [], ""dialect_assigned_default"": true}"
"ri","noun","8","{""source"": ""Wiktionary Hausa"", ""license"": ""CC BY-SA"", ""attribution"": ""Wiktionary via kaikki.org"", ""definitions"": [""people or animals moving as a group""], ""parts_of_speech"": [""noun""], ""ipa"": [""/rìː/"", ""[rìː]""], ""examples"": [], ""dialect_assigned_default"": true}"
"yaro","noun","8","{""source"": ""Wiktionary Hausa"", ""license"": ""CC BY-SA"", ""attribution"": ""Wiktionary via kaikki.org"", ""definitions"": [""boy, child"", ""A follower of a chief or similar person."", ""servant, retainer""], ""parts_of_speech"": [""noun""], ""ipa"": [""/jáː.ɽòː/"", ""[jáː.ɽòː]""], ""examples"": [], ""dialect_assigned_default"": true}"
"bora","noun","8","{""source"": ""Wiktionary Hausa"", ""license"": ""CC BY-SA"", ""attribution"": ""Wiktionary via kaikki.org"", ""definitions"": [""less-favored wife, wife who is not her husband's favorite""], ""parts_of_speech"": [""noun""], ""ipa"": [""/bóː.ɽàː/"", ""[bóː.ɽàː]""], ""examples"": [], ""dialect_assigned_default"": true}"
"ware","verb","8","{""source"": ""Wiktionary Hausa"", ""license"": ""CC BY-SA"", ""attribution"": ""Wiktionary via kaikki.org"", ""definitions"": [""to separate things, to set things aside"", ""to secede""], ""parts_of_speech"": [""verb""], ""ipa"": [""/wáː.ɽèː/"", ""[wáː.ɽèː]""], ""examples"": [], ""dialect_assigned_default"": true}"
"ت","character","8","{""source"": ""Wiktionary Hausa"", ""license"": ""CC BY-SA"", ""attribution"": ""Wiktionary via kaikki.org"", ""definitions"": [""The eighteenth letter of the Hausa alphabet, written in the Arabic script.""], ""parts_of_speech"": [""character""], ""ipa"": [], ""examples"": [], ""dialect_assigned_default"": true}"
"gagai","noun","8","{""source"": ""Wiktionary Hausa"", ""license"": ""CC BY-SA"", ""attribution"": ""Wiktionary via kaikki.org"", ""definitions"": [""aphrodisiac""], ""parts_of_speech"": [""noun""], ""ipa"": [""/ɡá.ɡài/"", ""[ɡə́.ɡèi]""], ""examples"": [], ""dialect_assigned_default"": true}"
"ka","adv","8","{""source"": ""Wiktionary Hausa"", ""license"": ""CC BY-SA"", ""attribution"": ""Wiktionary via kaikki.org"", ""definitions"": [""in or on""], ""parts_of_speech"": [""adv""], ""ipa"": [""/káː/"", ""[káː]""], ""examples"": [], ""dialect_assigned_default"": true}"
"baka","noun","8","{""source"": ""Wiktionary Hausa"", ""license"": ""CC BY-SA"", ""attribution"": ""Wiktionary via kaikki.org"", ""definitions"": [""bow"", ""hacksaw"", ""catch of a lock"", ""in the mouth""], ""parts_of_speech"": [""noun"", ""adv""], ""ipa"": [""/bà.káː/"", ""[bə̀.káː]"", ""/bá.kà/"", ""[bə́.kə̀]""], ""examples"": [], ""dialect_assigned_default"": true}"
"coi","noun","8","{""source"": ""Wiktionary Hausa"", ""license"": ""CC BY-SA"", ""attribution"": ""Wiktionary via kaikki.org"", ""definitions"": [""very sweet""], ""parts_of_speech"": [""noun""], ""ipa"": [""/t͡ʃóí/"", ""[t͡ʃóɪ́]""], ""examples"": [], ""dialect_assigned_default"": true}"
"mata","noun","8","{""source"": ""Wiktionary Hausa"", ""license"": ""CC BY-SA"", ""attribution"": ""Wiktionary via kaikki.org"", ""definitions"": [""woman"", ""wife"", ""plural of mata"", ""plural of mace""], ""parts_of_speech"": [""noun""], ""ipa"": [""/màː.táː/"", ""[màː.táː]"", ""/máː.táː/"", ""[máː.táː]""], ""examples"": [], ""dialect_assigned_default"": true}"
"koko","noun","8","{""source"": ""Wiktionary Hausa"", ""license"": ""CC BY-SA"", ""attribution"": ""Wiktionary via kaikki.org"", ""definitions"": [""a porridge made from soaked durra flour"", ""cocoa""], ""parts_of_speech"": [""noun""], ""ipa"": [""/kóː.kó/"", ""[kʷóː.kʷó]"", ""/kòː.kóː/"", ""[kʷòː.kʷóː]""], ""examples"": [], ""dialect_assigned_default"": true}"
"boca","noun","8","{""source"": ""Wiktionary Hausa"", ""license"": ""CC BY-SA"", ""attribution"": ""Wiktionary via kaikki.org"", ""definitions"": [""financial voucher""], ""parts_of_speech"": [""noun""], ""ipa"": [""/bóː.t͡ʃàː/"", ""[bóː.t͡ʃàː]""], ""examples"": [], ""dialect_assigned_default"": true}"
"mugu","adj","8","{""source"": ""Wiktionary Hausa"", ""license"": ""CC BY-SA"", ""attribution"": ""Wiktionary via kaikki.org"", ""definitions"": [""bad, evil"", ""an evil thing or person""], ""parts_of_speech"": [""adj"", ""noun""], ""ipa"": [""/múː.ɡùː/"", ""[múː.ɡʷùː]"", ""/múː.ɡùː/"", ""[múː.ɡʷùː]""], ""examples"": [], ""dialect_assigned_default"": true}"
"sili","noun","8","{""source"": ""Wiktionary Hausa"", ""license"": ""CC BY-SA"", ""attribution"": ""Wiktionary via kaikki.org"", ""definitions"": [""alternative form of silin""], ""parts_of_speech"": [""noun""], ""ipa"": [""/síː.lìː/"", ""[síː.lìː]""], ""examples"": [], ""dialect_assigned_default"": true}"
"kamala","noun","8","{""source"": ""Wiktionary Hausa"", ""license"": ""CC BY-SA"", ""attribution"": ""Wiktionary via kaikki.org"", ""definitions"": [""decency, dignity""], ""parts_of_speech"": [""noun""], ""ipa"": [""/kà.máː.làː/"", ""[kə̀.máː.làː]""], ""examples"": [], ""dialect_assigned_default"": true}"
"Ali","name","8","{""source"": ""Wiktionary Hausa"", ""license"": ""CC BY-SA"", ""attribution"": ""Wiktionary via kaikki.org"", ""definitions"": [""Ali (son-in-law of Muhammad)"", ""a male given name, equivalent to English Ali""], ""parts_of_speech"": [""name""], ""ipa"": [""/ʔà.lí/"", ""[ʔà.lɪ́]""], ""examples"": [], ""dialect_assigned_default"": true}"
"Nil","name","8","{""source"": ""Wiktionary Hausa"", ""license"": ""CC BY-SA"", ""attribution"": ""Wiktionary via kaikki.org"", ""definitions"": [""Nile (a large river in Africa, usually considered to be the longest river in the world; its basin covers Burundi, Rwanda, Tanzania, Kenya, Uganda, the Democratic Republic of the Congo, Ethiopia, Eritrea, South Sudan, Sudan, and Egypt, flowing north through Khartoum and Cairo into the Mediterranean Sea)""], ""parts_of_speech"": [""name""], ""ipa"": [""/nîl/"", ""[nɪ̂l]""], ""examples"": [], ""dialect_assigned_default"": true}"
"Sin","name","8","{""source"": ""Wiktionary Hausa"", ""license"": ""CC BY-SA"", ""attribution"": ""Wiktionary via kaikki.org"", ""definitions"": [""China (a country in Asia)""], ""parts_of_speech"": [""name""], ""ipa"": [""/sín/"", ""[sɪ́ŋ]""], ""examples"": [], ""dialect_assigned_default"": true}"
"fula","noun","8","{""source"": ""Wiktionary Hausa"", ""license"": ""CC BY-SA"", ""attribution"": ""Wiktionary via kaikki.org"", ""definitions"": [""alternative form of hū̀lā (“hat, fez”)""], ""parts_of_speech"": [""noun""], ""ipa"": [""/fùː.láː/"", ""[ɸùː.láː]""], ""examples"": [], ""dialect_assigned_default"": true}"
"cali","noun","8","{""source"": ""Wiktionary Hausa"", ""license"": ""CC BY-SA"", ""attribution"": ""Wiktionary via kaikki.org"", ""definitions"": [""mesh bag"", ""a person full of excuses"", ""someone who clowns around; the humorous character in a film; a funnyman""], ""parts_of_speech"": [""noun""], ""ipa"": [""/t͡ʃáː.líː/"", ""[t͡ʃáː.líː]"", ""/t͡ʃàː.lí/"", ""[t͡ʃàː.lɪ́]"", ""/t͡ʃáː.líː/"", ""[t͡ʃáː.líː]"", ""/t͡ʃàː.lí/"", ""[t͡ʃàː.lɪ́]""], ""examples"": [], ""dialect_assigned_default"": true}"
"tim","noun","8","{""source"": ""Wiktionary Hausa"", ""license"": ""CC BY-SA"", ""attribution"": ""Wiktionary via kaikki.org"", ""definitions"": [""sports team"", ""alternative form of tîk (“something heavy falling”)""], ""parts_of_speech"": [""noun""], ""ipa"": [""/tîm/"", ""[tɪ̂ŋ]"", ""/tîm/"", ""[tɪ̂m]""], ""examples"": [], ""dialect_assigned_default"": true}"
"Mohammed","name","8","{""source"": ""Wiktionary Hausa"", ""license"": ""CC BY-SA"", ""attribution"": ""Wiktionary via kaikki.org"", ""definitions"": [""a male given name: alternative form of Muhammadu""], ""parts_of_speech"": [""name""], ""ipa"": [""/mù.hám.màd/"", ""[mʊ̀.hám.màd]""], ""examples"": [], ""dialect_assigned_default"": true}"
"Ibrahim","name","8","{""source"": ""Wiktionary Hausa"", ""license"": ""CC BY-SA"", ""attribution"": ""Wiktionary via kaikki.org"", ""definitions"": [""Abraham (biblical character)"", ""a male given name, Abraham or Ibrahim""], ""parts_of_speech"": [""name""], ""ipa"": [""/ʔìb.ráː.hìm/"", ""[ʔɪ̀b.ráː.hɪ̀ŋ]""], ""examples"": [], ""dialect_assigned_default"": true}"
"shari'a","noun","8","{""source"": ""Wiktionary Hausa"", ""license"": ""CC BY-SA"", ""attribution"": ""Wiktionary via kaikki.org"", ""definitions"": [""law, justice"", ""law, justice"", ""shari'a (Islamic law)""], ""parts_of_speech"": [""noun""], ""ipa"": [""/ʃà.rí.ʔàː/"", ""[ʃə̀.rɪ́.ʔàː]""], ""examples"": [], ""dialect_assigned_default"": true}"
"Muharram","name","8","{""source"": ""Wiktionary Hausa"", ""license"": ""CC BY-SA"", ""attribution"": ""Wiktionary via kaikki.org"", ""definitions"": [""Muharram""], ""parts_of_speech"": [""name""], ""ipa"": [""/mù.hár.ràm/"", ""[mʊ̀.hár.ràŋ]""], ""examples"": [], ""dialect_assigned_default"": true}"
"Rajab","name","8","{""source"": ""Wiktionary Hausa"", ""license"": ""CC BY-SA"", ""attribution"": ""Wiktionary via kaikki.org"", ""definitions"": [""Rajab""], ""parts_of_speech"": [""name""], ""ipa"": [""/ɽá.(d)ʒàb/"", ""[ɽə́.d͡ʒàb]""], ""examples"": [], ""dialect_assigned_default"": true}"
"Safar","name","8","{""source"": ""Wiktionary Hausa"", ""license"": ""CC BY-SA"", ""attribution"": ""Wiktionary via kaikki.org"", ""definitions"": [""Safar""], ""parts_of_speech"": [""name""], ""ipa"": [""/sá.fàr/"", ""[sə́.ɸàr]""], ""examples"": [], ""dialect_assigned_default"": true}"
"Sha'aban","name","8","{""source"": ""Wiktionary Hausa"", ""license"": ""CC BY-SA"", ""attribution"": ""Wiktionary via kaikki.org"", ""definitions"": [""Sha'aban""], ""parts_of_speech"": [""name""], ""ipa"": [""/ʃà.ʔà.bân/"", ""[ʃə̀.ʔà.bâŋ]""], ""examples"": [], ""dialect_assigned_default"": true}"
"Shawwal","name","8","{""source"": ""Wiktionary Hausa"", ""license"": ""CC BY-SA"", ""attribution"": ""Wiktionary via kaikki.org"", ""definitions"": [""Shawwal""], ""parts_of_speech"": [""name""], ""ipa"": [""/ʃàw.wâl/"", ""[ʃàw.wâl]""], ""examples"": [], ""dialect_assigned_default"": true}"
"Hasan","name","8","{""source"": ""Wiktionary Hausa"", ""license"": ""CC BY-SA"", ""attribution"": ""Wiktionary via kaikki.org"", ""definitions"": [""a male given name, Hasan, traditionally given to a first-born twin""], ""parts_of_speech"": [""name""], ""ipa"": [""/há.sàn/"", ""[há.sàŋ]""], ""examples"": [], ""dialect_assigned_default"": true}"
"shahada","noun","8","{""source"": ""Wiktionary Hausa"", ""license"": ""CC BY-SA"", ""attribution"": ""Wiktionary via kaikki.org"", ""definitions"": [""shahada"", ""martyrdom, death in a holy war"", ""certificate""], ""parts_of_speech"": [""noun""], ""ipa"": [""/ʃà.háː.dàː/"", ""[ʃə̀.háː.dàː]""], ""examples"": [], ""dialect_assigned_default"": true}"
"sura","noun","8","{""source"": ""Wiktionary Hausa"", ""license"": ""CC BY-SA"", ""attribution"": ""Wiktionary via kaikki.org"", ""definitions"": [""sura"", ""image, picture, form, appearance"", ""swoop down to grab something""], ""parts_of_speech"": [""noun"", ""verb""], ""ipa"": [""/súː.ràː/"", ""[súː.ràː]"", ""/súː.ràː/"", ""[súː.ràː]"", ""/sùː.ráː/"", ""[sùː.ráː]""], ""examples"": [], ""dialect_assigned_default"": true}"
"koma","noun","8","{""source"": ""Wiktionary Hausa"", ""license"": ""CC BY-SA"", ""attribution"": ""Wiktionary via kaikki.org"", ""definitions"": [""fishing net""], ""parts_of_speech"": [""noun""], ""ipa"": [""/kóː.máː/"", ""[kʷóː.máː]""], ""examples"": [], ""dialect_assigned_default"": true}"
"hau","noun","8","{""source"": ""Wiktionary Hausa"", ""license"": ""CC BY-SA"", ""attribution"": ""Wiktionary via kaikki.org"", ""definitions"": [""misfortune, being bewitched""], ""parts_of_speech"": [""noun""], ""ipa"": [""/hâu/"", ""[hâu]""], ""examples"": [], ""dialect_assigned_default"": true}"
"sada","verb","8","{""source"": ""Wiktionary Hausa"", ""license"": ""CC BY-SA"", ""attribution"": ""Wiktionary via kaikki.org"", ""definitions"": [""to cause to meet, to introduce""], ""parts_of_speech"": [""verb""], ""ipa"": [""/sáː.dàː/"", ""[sáː.dàː]""], ""examples"": [], ""dialect_assigned_default"": true}"
"Hausa","name","8","{""source"": ""Wiktionary Hausa"", ""license"": ""CC BY-SA"", ""attribution"": ""Wiktionary via kaikki.org"", ""definitions"": [""Hausa language""], ""parts_of_speech"": [""name""], ""ipa"": [""/háu.sá/"", ""[háu.sə́]""], ""examples"": [], ""dialect_assigned_default"": true}"
"kallo","noun","8","{""source"": ""Wiktionary Hausa"", ""license"": ""CC BY-SA"", ""attribution"": ""Wiktionary via kaikki.org"", ""definitions"": [""looking, watching"", ""facing""], ""parts_of_speech"": [""noun""], ""ipa"": [""/kál.lóː/"", ""[kál.lóː]""], ""examples"": [], ""dialect_assigned_default"": true}"
"bajo","noun","8","{""source"": ""Wiktionary Hausa"", ""license"": ""CC BY-SA"", ""attribution"": ""Wiktionary via kaikki.org"", ""definitions"": [""badge""], ""parts_of_speech"": [""noun""], ""ipa"": [""/báː.(d)ʒòː/"", ""[báː.d͡ʒòː]""], ""examples"": [], ""dialect_assigned_default"": true}"
"har","prep","8","{""source"": ""Wiktionary Hausa"", ""license"": ""CC BY-SA"", ""attribution"": ""Wiktionary via kaikki.org"", ""definitions"": [""until, up to"", ""even, including"", ""until"", ""even though, despite""], ""parts_of_speech"": [""prep"", ""conj""], ""ipa"": [""/hár/"", ""[hár]"", ""/hár/"", ""[hár]""], ""examples"": [], ""dialect_assigned_default"": true}"
"sau","noun","8","{""source"": ""Wiktionary Hausa"", ""license"": ""CC BY-SA"", ""attribution"": ""Wiktionary via kaikki.org"", ""definitions"": [""foot"", ""footprint, trace"", ""time"", ""trip (travel)"", ""times (multiplication)"", ""clipping of sàkā (“release”) (used before an object)""], ""parts_of_speech"": [""noun"", ""verb""], ""ipa"": [""/sáu/"", ""[sáu]"", ""/sàu/"", ""[sàu]"", ""/sáu/"", ""[sáu]""], ""examples"": [], ""dialect_assigned_default"": true}"
"Kairo","name","8","{""source"": ""Wiktionary Hausa"", ""license"": ""CC BY-SA"", ""attribution"": ""Wiktionary via kaikki.org"", ""definitions"": [""Cairo (the capital city of Egypt)""], ""parts_of_speech"": [""name""], ""ipa"": [""/kái.rò/"", ""[kéi.rɔ̀]""], ""examples"": [], ""dialect_assigned_default"": true}"
"parmi","noun","8","{""source"": ""Wiktionary Hausa"", ""license"": ""CC BY-SA"", ""attribution"": ""Wiktionary via kaikki.org"", ""definitions"": [""driver's license, driving licence""], ""parts_of_speech"": [""noun""], ""ipa"": [""/pàr.mîː/""], ""examples"": [], ""dialect_assigned_default"": true}"
"mota","noun","8","{""source"": ""Wiktionary Hausa"", ""license"": ""CC BY-SA"", ""attribution"": ""Wiktionary via kaikki.org"", ""definitions"": [""automobile, car""], ""parts_of_speech"": [""noun""], ""ipa"": [""/móː.tàː/"", ""[móː.tàː]""], ""examples"": [], ""dialect_assigned_default"": true}"
"fari","adj","8","{""source"": ""Wiktionary Hausa"", ""license"": ""CC BY-SA"", ""attribution"": ""Wiktionary via kaikki.org"", ""definitions"": [""white"", ""a strip of white cloth"", ""a (white) shroud"", ""something good or positive"", ""a vowel in Arabic script"", ""beginning, start""], ""parts_of_speech"": [""adj"", ""noun""], ""ipa"": [""/fá.ɽíː/"", ""[ɸə́.ɽíː]"", ""/fáː.ɽì/"", ""[ɸáː.ɽɪ̀]"", ""/fá.ɽíː/"", ""[ɸə́.ɽíː]"", ""/fáː.ɽì/"", ""[ɸáː.ɽɪ̀]"", ""/fá.ɽíː/"", ""[ɸə́.ɽíː]"", ""/fáː.ɽì/"", ""[ɸáː.ɽɪ̀]"", ""/fá.ɽíː/"", ""[ɸə́.ɽíː]"", ""/fáː.ɽì/"", ""[ɸáː.ɽɪ̀]""], ""examples"": [], ""dialect_assigned_default"": true}"
"amma","conj","8","{""source"": ""Wiktionary Hausa"", ""license"": ""CC BY-SA"", ""attribution"": ""Wiktionary via kaikki.org"", ""definitions"": [""but""], ""parts_of_speech"": [""conj""], ""ipa"": [""/ʔàm.máː/"", ""[ʔàm.máː]""], ""examples"": [], ""dialect_assigned_default"": true}"
"bara","noun","8","{""source"": ""Wiktionary Hausa"", ""license"": ""CC BY-SA"", ""attribution"": ""Wiktionary via kaikki.org"", ""definitions"": [""servant"", ""servant"", ""A young person who out of respect volunteers to work for someone from time to time."", ""A beggar for alms"", ""one's focus (e.g., in aiming at or attempting to catch something)"", ""last year"", ""last year""], ""parts_of_speech"": [""noun"", ""adv""], ""ipa"": [""/bá.ɽàː/"", ""[bə́.ɽàː]"", ""/bá.ràː/"", ""[bə́.ràː]"", ""/bàː.ráː/"", ""[bàː.ráː]"", ""/bàː.ɽá/"", ""[bàː.ɽə́]"", ""/bàː.ɽá/"", ""[bàː.ɽə́]""], ""examples"": [], ""dialect_assigned_default"": true}"
"maye","noun","8","{""source"": ""Wiktionary Hausa"", ""license"": ""CC BY-SA"", ""attribution"": ""Wiktionary via kaikki.org"", ""definitions"": [""intoxication, drunkenness""], ""parts_of_speech"": [""noun""], ""ipa"": [""/màː.jéː/"", ""[màː.jéː]""], ""examples"": [], ""dialect_assigned_default"": true}"
"tuta","noun","8","{""source"": ""Wiktionary Hausa"", ""license"": ""CC BY-SA"", ""attribution"": ""Wiktionary via kaikki.org"", ""definitions"": [""flag, banner""], ""parts_of_speech"": [""noun""], ""ipa"": [""/túː.tàː/"", ""[túː.tàː]""], ""examples"": [], ""dialect_assigned_default"": true}"
"taska","noun","8","{""source"": ""Wiktionary Hausa"", ""license"": ""CC BY-SA"", ""attribution"": ""Wiktionary via kaikki.org"", ""definitions"": [""personal room of the head of the household"", ""storeroom"", ""safe, strongbox""], ""parts_of_speech"": [""noun""], ""ipa"": [""/tás.kàː/"", ""[tás.kàː]""], ""examples"": [], ""dialect_assigned_default"": true}"
"hali","noun","8","{""source"": ""Wiktionary Hausa"", ""license"": ""CC BY-SA"", ""attribution"": ""Wiktionary via kaikki.org"", ""definitions"": [""condition, situation""], ""parts_of_speech"": [""noun""], ""ipa"": [""/háː.líː/"", ""[háː.líː]""], ""examples"": [], ""dialect_assigned_default"": true}"
"kanti","noun","8","{""source"": ""Wiktionary Hausa"", ""license"": ""CC BY-SA"", ""attribution"": ""Wiktionary via kaikki.org"", ""definitions"": [""shop, store""], ""parts_of_speech"": [""noun""], ""ipa"": [""/kàn.tíː/"", ""[kàn.tíː]""], ""examples"": [], ""dialect_assigned_default"": true}"
"kafa","noun","8","{""source"": ""Wiktionary Hausa"", ""license"": ""CC BY-SA"", ""attribution"": ""Wiktionary via kaikki.org"", ""definitions"": [""leg"", ""to erect, to put up"", ""to stick something into"", ""to form, to establish"", ""to proclaim, to issue a law""], ""parts_of_speech"": [""noun"", ""verb""], ""ipa"": [""/ká.fáː/"", ""[kə́.ɸáː]"", ""/ká.fàː/"", ""[kə́.ɸàː]""], ""examples"": [], ""dialect_assigned_default"": true}"
"tela","noun","8","{""source"": ""Wiktionary Hausa"", ""license"": ""CC BY-SA"", ""attribution"": ""Wiktionary via kaikki.org"", ""definitions"": [""tailor""], ""parts_of_speech"": [""noun""], ""ipa"": [""/téː.là/"", ""[téː.lə̀]""], ""examples"": [], ""dialect_assigned_default"": true}"
"citta","noun","8","{""source"": ""Wiktionary Hausa"", ""license"": ""CC BY-SA"", ""attribution"": ""Wiktionary via kaikki.org"", ""definitions"": [""ginger root (generic term)"", ""Aframomum melegueta"", ""chili, Capsicum annuum"", ""four days from today""], ""parts_of_speech"": [""noun"", ""adv""], ""ipa"": [""/t͡ʃìt.tá/"", ""[t͡ʃɪ̀t.tə́]"", ""/t͡ʃít.tà/"", ""[t͡ʃɪ́t.tə̀]""], ""examples"": [], ""dialect_assigned_default"": true}"
"sati","noun","8","{""source"": ""Wiktionary Hausa"", ""license"": ""CC BY-SA"", ""attribution"": ""Wiktionary via kaikki.org"", ""definitions"": [""week""], ""parts_of_speech"": [""noun""], ""ipa"": [""/sáː.tíː/"", ""[sáː.tíː]""], ""examples"": [], ""dialect_assigned_default"": true}"
"sandal","noun","8","{""source"": ""Wiktionary Hausa"", ""license"": ""CC BY-SA"", ""attribution"": ""Wiktionary via kaikki.org"", ""definitions"": [""sandal(s) (footwear)"", ""sandalwood"", ""perfume derived from sandalwood""], ""parts_of_speech"": [""noun""], ""ipa"": [""/sán.dàl/"", ""[sán.dàl]""], ""examples"": [], ""dialect_assigned_default"": true}"
"kolo","noun","8","{""source"": ""Wiktionary Hausa"", ""license"": ""CC BY-SA"", ""attribution"": ""Wiktionary via kaikki.org"", ""definitions"": [""A fixed-pitch drum, similar to the jauje."", ""dog (abusive way to refer to a person)""], ""parts_of_speech"": [""noun""], ""ipa"": [""/kóː.lóː/"", ""[kʷóː.lóː]"", ""/kóː.lóː/"", ""[kʷóː.lóː]""], ""examples"": [], ""dialect_assigned_default"": true}"
"Maroko","name","8","{""source"": ""Wiktionary Hausa"", ""license"": ""CC BY-SA"", ""attribution"": ""Wiktionary via kaikki.org"", ""definitions"": [""Morocco (a country in North Africa)""], ""parts_of_speech"": [""name""], ""ipa"": [""/mà.róː.kò/"", ""[mə̀.róː.kʷò]""], ""examples"": [], ""dialect_assigned_default"": true}"
"maya","noun","8","{""source"": ""Wiktionary Hausa"", ""license"": ""CC BY-SA"", ""attribution"": ""Wiktionary via kaikki.org"", ""definitions"": [""weevil""], ""parts_of_speech"": [""noun""], ""ipa"": [""/màː.jáː/"", ""[màː.jáː]""], ""examples"": [], ""dialect_assigned_default"": true}"
"kare","noun","8","{""source"": ""Wiktionary Hausa"", ""license"": ""CC BY-SA"", ""attribution"": ""Wiktionary via kaikki.org"", ""definitions"": [""dog"", ""quarter (of a city)""], ""parts_of_speech"": [""noun""], ""ipa"": [""/kà.ɽéː/"", ""[kə̀.ɽéː]"", ""/kàː.rêː/""], ""examples"": [], ""dialect_assigned_default"": true}"
"awa","noun","8","{""source"": ""Wiktionary Hausa"", ""license"": ""CC BY-SA"", ""attribution"": ""Wiktionary via kaikki.org"", ""definitions"": [""hour""], ""parts_of_speech"": [""noun""], ""ipa"": [""/ʔá.wàː/"", ""[ʔá.wàː]""], ""examples"": [], ""dialect_assigned_default"": true}"
"isha","noun","8","{""source"": ""Wiktionary Hausa"", ""license"": ""CC BY-SA"", ""attribution"": ""Wiktionary via kaikki.org"", ""definitions"": [""alternative form of lī̀shā""], ""parts_of_speech"": [""noun""], ""ipa"": [""/ʔìː.ʃáː/"", ""[ʔìː.ʃáː]""], ""examples"": [], ""dialect_assigned_default"": true}"
"goma","num","8","{""source"": ""Wiktionary Hausa"", ""license"": ""CC BY-SA"", ""attribution"": ""Wiktionary via kaikki.org"", ""definitions"": [""ten""], ""parts_of_speech"": [""num""], ""ipa"": [""/ɡóː.mà/"", ""[ɡʷóː.mə̀]""], ""examples"": [], ""dialect_assigned_default"": true}"
"tasa","noun","8","{""source"": ""Wiktionary Hausa"", ""license"": ""CC BY-SA"", ""attribution"": ""Wiktionary via kaikki.org"", ""definitions"": [""metal bowl or basin"", ""plate"", ""to rise up; to grow up""], ""parts_of_speech"": [""noun"", ""verb""], ""ipa"": [""/táː.sàː/"", ""[táː.sàː]"", ""/táː.sàː/"", ""[táː.sàː]""], ""examples"": [], ""dialect_assigned_default"": true}"
"kimsa","verb","8","{""source"": ""Wiktionary Hausa"", ""license"": ""CC BY-SA"", ""attribution"": ""Wiktionary via kaikki.org"", ""definitions"": [""to stuff or cram something untidily into a container"", ""to stab or punch someone"", ""to rush into""], ""parts_of_speech"": [""verb""], ""ipa"": [""/kím.sàː/"", ""[cɪ́m.sàː]""], ""examples"": [], ""dialect_assigned_default"": true}"
"kuni","noun","8","{""source"": ""Wiktionary Hausa"", ""license"": ""CC BY-SA"", ""attribution"": ""Wiktionary via kaikki.org"", ""definitions"": [""quinine""], ""parts_of_speech"": [""noun""], ""ipa"": [""/kù.nîː/"", ""[kʷʊ̀.nîː]""], ""examples"": [], ""dialect_assigned_default"": true}"
"kore","adj","8","{""source"": ""Wiktionary Hausa"", ""license"": ""CC BY-SA"", ""attribution"": ""Wiktionary via kaikki.org"", ""definitions"": [""green""], ""parts_of_speech"": [""adj""], ""ipa"": [""/kóː.rèː/"", ""[kʷóː.rèː]""], ""examples"": [], ""dialect_assigned_default"": true}"
"dama","noun","8","{""source"": ""Wiktionary Hausa"", ""license"": ""CC BY-SA"", ""attribution"": ""Wiktionary via kaikki.org"", ""definitions"": [""chance, opportunity, possibility"", ""equal, something comparable"", ""improvement""], ""parts_of_speech"": [""noun""], ""ipa"": [""/dáː.máː/"", ""[dáː.máː]""], ""examples"": [], ""dialect_assigned_default"": true}"
"tama","noun","8","{""source"": ""Wiktionary Hausa"", ""license"": ""CC BY-SA"", ""attribution"": ""Wiktionary via kaikki.org"", ""definitions"": [""iron ore""], ""parts_of_speech"": [""noun""], ""ipa"": [""/tá.máː/"", ""[tə́.máː]""], ""examples"": [], ""dialect_assigned_default"": true}"
"bahar","noun","8","{""source"": ""Wiktionary Hausa"", ""license"": ""CC BY-SA"", ""attribution"": ""Wiktionary via kaikki.org"", ""definitions"": [""sea""], ""parts_of_speech"": [""noun""], ""ipa"": [""/bá.hàr/"", ""[bə́.hàr]""], ""examples"": [], ""dialect_assigned_default"": true}"
"rama","noun","8","{""source"": ""Wiktionary Hausa"", ""license"": ""CC BY-SA"", ""attribution"": ""Wiktionary via kaikki.org"", ""definitions"": [""hemp, jute"", ""emaciation""], ""parts_of_speech"": [""noun""], ""ipa"": [""/ɽá.màː/"", ""[ɽə́.màː]"", ""/ɽàː.má/"", ""[ɽàː.mə́]""], ""examples"": [], ""dialect_assigned_default"": true}"
"jim","noun","8","{""source"": ""Wiktionary Hausa"", ""license"": ""CC BY-SA"", ""attribution"": ""Wiktionary via kaikki.org"", ""definitions"": [""jeem (letter of the Arabic alphabet)""], ""parts_of_speech"": [""noun""], ""ipa"": [""/(d)ʒím/"", ""[d͡ʒɪ́ŋ]""], ""examples"": [], ""dialect_assigned_default"": true}"
"mago","noun","8","{""source"": ""Wiktionary Hausa"", ""license"": ""CC BY-SA"", ""attribution"": ""Wiktionary via kaikki.org"", ""definitions"": [""Cream-colored horse.""], ""parts_of_speech"": [""noun""], ""ipa"": [""/má.ɡó/"", ""[mə́.ɡʷó]""], ""examples"": [], ""dialect_assigned_default"": true}"
"tara","num","8","{""source"": ""Wiktionary Hausa"", ""license"": ""CC BY-SA"", ""attribution"": ""Wiktionary via kaikki.org"", ""definitions"": [""nine"", ""collect, gather"", ""add up"", ""go to meet or welcome someone"", ""buy up something to resell later"", ""fine (of money)"", ""being mindful, caring about something""], ""parts_of_speech"": [""num"", ""verb"", ""noun""], ""ipa"": [""/tá.rà/"", ""[tə́.rə̀]"", ""/táː.ɽàː/"", ""[táː.ɽàː]"", ""/tà.ɽáː/"", ""[tə̀.ɽáː]"", ""/tàː.ɽáː/"", ""[tàː.ɽáː]"", ""/tàː.ɽáː/"", ""[tàː.ɽáː]""], ""examples"": [], ""dialect_assigned_default"": true}"
"halwa","noun","8","{""source"": ""Wiktionary Hausa"", ""license"": ""CC BY-SA"", ""attribution"": ""Wiktionary via kaikki.org"", ""definitions"": [""khalwa, a religious retreat in Sufism""], ""parts_of_speech"": [""noun""], ""ipa"": [""/hál.wàː/"", ""[hál.wàː]""], ""examples"": [], ""dialect_assigned_default"": true}"
"shi","pron","8","{""source"": ""Wiktionary Hausa"", ""license"": ""CC BY-SA"", ""attribution"": ""Wiktionary via kaikki.org"", ""definitions"": [""he (3rd person singular pronoun)""], ""parts_of_speech"": [""pron""], ""ipa"": [""/ʃí/"", ""[ʃɪ́]""], ""examples"": [], ""dialect_assigned_default"": true}"
"riba","noun","8","{""source"": ""Wiktionary Hausa"", ""license"": ""CC BY-SA"", ""attribution"": ""Wiktionary via kaikki.org"", ""definitions"": [""bank interest, usury"", ""profit"", ""benefit, gain, advantage""], ""parts_of_speech"": [""noun""], ""ipa"": [""/rì.bá/"", ""[rɪ̀.bə́]"", ""/ríː.bàː/"", ""[ríː.bàː]""], ""examples"": [], ""dialect_assigned_default"": true}"
"ji","verb","8","{""source"": ""Wiktionary Hausa"", ""license"": ""CC BY-SA"", ""attribution"": ""Wiktionary via kaikki.org"", ""definitions"": [""to hear"", ""to understand"", ""to listen"", ""to feel, taste, smell"", ""to injure, cause to feel""], ""parts_of_speech"": [""verb""], ""ipa"": [""/(d)ʒí/"", ""[d͡ʒɪ́]""], ""examples"": [], ""dialect_assigned_default"": true}"
"soso","noun","8","{""source"": ""Wiktionary Hausa"", ""license"": ""CC BY-SA"", ""attribution"": ""Wiktionary via kaikki.org"", ""definitions"": [""loofah, sponge""], ""parts_of_speech"": [""noun""], ""ipa"": [""/sòː.sóː/"", ""[sòː.sóː]""], ""examples"": [], ""dialect_assigned_default"": true}"
"kado","noun","8","{""source"": ""Wiktionary Hausa"", ""license"": ""CC BY-SA"", ""attribution"": ""Wiktionary via kaikki.org"", ""definitions"": [""gift for children""], ""parts_of_speech"": [""noun""], ""ipa"": [""/kàː.dôː/""], ""examples"": [], ""dialect_assigned_default"": true}"
"cura","verb","8","{""source"": ""Wiktionary Hausa"", ""license"": ""CC BY-SA"", ""attribution"": ""Wiktionary via kaikki.org"", ""definitions"": [""to knead into balls""], ""parts_of_speech"": [""verb""], ""ipa"": [""/t͡ʃúː.ɽàː/"", ""[t͡ʃúː.ɽàː]""], ""examples"": [], ""dialect_assigned_default"": true}"
"tabo","noun","8","{""source"": ""Wiktionary Hausa"", ""license"": ""CC BY-SA"", ""attribution"": ""Wiktionary via kaikki.org"", ""definitions"": [""scar""], ""parts_of_speech"": [""noun""], ""ipa"": [""/tá.bòː/"", ""[tə́.bòː]""], ""examples"": [], ""dialect_assigned_default"": true}"
"naira","noun","8","{""source"": ""Wiktionary Hausa"", ""license"": ""CC BY-SA"", ""attribution"": ""Wiktionary via kaikki.org"", ""definitions"": [""naira (currency of Nigeria)""], ""parts_of_speech"": [""noun""], ""ipa"": [""/nái.ràː/"", ""[néi.ràː]""], ""examples"": [], ""dialect_assigned_default"": true}"
"dubu","num","8","{""source"": ""Wiktionary Hausa"", ""license"": ""CC BY-SA"", ""attribution"": ""Wiktionary via kaikki.org"", ""definitions"": [""thousand""], ""parts_of_speech"": [""num""], ""ipa"": [""/dú.búː/"", ""[dɪ́.búː]""], ""examples"": [], ""dialect_assigned_default"": true}"
"kos","noun","8","{""source"": ""Wiktionary Hausa"", ""license"": ""CC BY-SA"", ""attribution"": ""Wiktionary via kaikki.org"", ""definitions"": [""trump card""], ""parts_of_speech"": [""noun""], ""ipa"": [""/kôs/"", ""[kʷâs]""], ""examples"": [], ""dialect_assigned_default"": true}"
"kunne","noun","8","{""source"": ""Wiktionary Hausa"", ""license"": ""CC BY-SA"", ""attribution"": ""Wiktionary via kaikki.org"", ""definitions"": [""ear"", ""leaf (of a plant)"", ""in or on the ear""], ""parts_of_speech"": [""noun"", ""adv""], ""ipa"": [""/kûn.néː/"", ""[kʷʊ̂n.néː]"", ""/kûn.néː/"", ""[kʷʊ̂n.néː]"", ""/kún.né/"", ""[kʷʊ́n.né]""], ""examples"": [], ""dialect_assigned_default"": true}"
"Musa","name","8","{""source"": ""Wiktionary Hausa"", ""license"": ""CC BY-SA"", ""attribution"": ""Wiktionary via kaikki.org"", ""definitions"": [""Moses (biblical character)"", ""a male given name, Musa, from Arabic, equivalent to English Moses""], ""parts_of_speech"": [""name""], ""ipa"": [""/múː.sáː/"", ""[múː.sáː]""], ""examples"": [], ""dialect_assigned_default"": true}"
"buta","noun","8","{""source"": ""Wiktionary Hausa"", ""license"": ""CC BY-SA"", ""attribution"": ""Wiktionary via kaikki.org"", ""definitions"": [""jug or ewer for holding water"", ""kettle, teapot"", ""gourd""], ""parts_of_speech"": [""noun""], ""ipa"": [""/búː.tàː/"", ""[búː.tàː]""], ""examples"": [], ""dialect_assigned_default"": true}"
"fura","noun","8","{""source"": ""Wiktionary Hausa"", ""license"": ""CC BY-SA"", ""attribution"": ""Wiktionary via kaikki.org"", ""definitions"": [""Balls of cooked millet in cultured milk."", ""Gruel made by mixing the aforementioned balls with sour milk or, less often, with water and tamarind.""], ""parts_of_speech"": [""noun""], ""ipa"": [""/fú.ɽáː/"", ""[ɸʊ́.ɽáː]""], ""examples"": [], ""dialect_assigned_default"": true}"
"guba","noun","8","{""source"": ""Wiktionary Hausa"", ""license"": ""CC BY-SA"", ""attribution"": ""Wiktionary via kaikki.org"", ""definitions"": [""poison, toxin""], ""parts_of_speech"": [""noun""], ""ipa"": [""/ɡú.bàː/"", ""[ɡʷʊ́.bàː]""], ""examples"": [], ""dialect_assigned_default"": true}"
"tandu","noun","8","{""source"": ""Wiktionary Hausa"", ""license"": ""CC BY-SA"", ""attribution"": ""Wiktionary via kaikki.org"", ""definitions"": [""A small, leather container for oil, honey, or antimony."", ""A gourd-shaped hide drum.""], ""parts_of_speech"": [""noun""], ""ipa"": [""/tán.dúː/"", ""[tán.dúː]""], ""examples"": [], ""dialect_assigned_default"": true}"
"huntu","adj","8","{""source"": ""Wiktionary Hausa"", ""license"": ""CC BY-SA"", ""attribution"": ""Wiktionary via kaikki.org"", ""definitions"": [""naked, at least partly unclothed"", ""naked person"", ""destitute person""], ""parts_of_speech"": [""adj"", ""noun""], ""ipa"": [""/hún.túː/"", ""[hʊ́n.túː]"", ""/hún.túː/"", ""[hʊ́n.túː]""], ""examples"": [], ""dialect_assigned_default"": true}"
"bura","noun","8","{""source"": ""Wiktionary Hausa"", ""license"": ""CC BY-SA"", ""attribution"": ""Wiktionary via kaikki.org"", ""definitions"": [""penis""], ""parts_of_speech"": [""noun""], ""ipa"": [""/búː.ɽáː/"", ""[búː.ɽáː]""], ""examples"": [], ""dialect_assigned_default"": true}"
"taga","noun","8","{""source"": ""Wiktionary Hausa"", ""license"": ""CC BY-SA"", ""attribution"": ""Wiktionary via kaikki.org"", ""definitions"": [""window""], ""parts_of_speech"": [""noun""], ""ipa"": [""/táː.ɡàː/"", ""[táː.ɡàː]""], ""examples"": [], ""dialect_assigned_default"": true}"
"toka","noun","8","{""source"": ""Wiktionary Hausa"", ""license"": ""CC BY-SA"", ""attribution"": ""Wiktionary via kaikki.org"", ""definitions"": [""ashes""], ""parts_of_speech"": [""noun""], ""ipa"": [""/tòː.káː/"", ""[tòː.káː]""], ""examples"": [], ""dialect_assigned_default"": true}"
"kanta","noun","8","{""source"": ""Wiktionary Hausa"", ""license"": ""CC BY-SA"", ""attribution"": ""Wiktionary via kaikki.org"", ""definitions"": [""callus"", ""counter, shelf""], ""parts_of_speech"": [""noun""], ""ipa"": [""/kán.táː/"", ""[kán.táː]"", ""/kán.tàː/"", ""[kán.tàː]""], ""examples"": [], ""dialect_assigned_default"": true}"
"jaki","noun","8","{""source"": ""Wiktionary Hausa"", ""license"": ""CC BY-SA"", ""attribution"": ""Wiktionary via kaikki.org"", ""definitions"": [""donkey""], ""parts_of_speech"": [""noun""], ""ipa"": [""/(d)ʒàː.kíː/"", ""[d͡ʒàː.cíː]""], ""examples"": [], ""dialect_assigned_default"": true}"
"siga","noun","8","{""source"": ""Wiktionary Hausa"", ""license"": ""CC BY-SA"", ""attribution"": ""Wiktionary via kaikki.org"", ""definitions"": [""form, structure"", ""clause, proviso""], ""parts_of_speech"": [""noun""], ""ipa"": [""/síː.ɡàː/"", ""[síː.ɡàː]""], ""examples"": [], ""dialect_assigned_default"": true}"
"mur","noun","8","{""source"": ""Wiktionary Hausa"", ""license"": ""CC BY-SA"", ""attribution"": ""Wiktionary via kaikki.org"", ""definitions"": [""myrrh""], ""parts_of_speech"": [""noun""], ""ipa"": [""/mûr/"", ""[mʊ̂r]""], ""examples"": [], ""dialect_assigned_default"": true}"
"fis","noun","8","{""source"": ""Wiktionary Hausa"", ""license"": ""CC BY-SA"", ""attribution"": ""Wiktionary via kaikki.org"", ""definitions"": [""fuse""], ""parts_of_speech"": [""noun""], ""ipa"": [""/fîs/"", ""[ɸɪ̂s]""], ""examples"": [], ""dialect_assigned_default"": true}"
"kyat","noun","8","{""source"": ""Wiktionary Hausa"", ""license"": ""CC BY-SA"", ""attribution"": ""Wiktionary via kaikki.org"", ""definitions"": [""cake""], ""parts_of_speech"": [""noun""], ""ipa"": [""/cât/"", ""[cɛ̂t]""], ""examples"": [], ""dialect_assigned_default"": true}"
"kori","noun","8","{""source"": ""Wiktionary Hausa"", ""license"": ""CC BY-SA"", ""attribution"": ""Wiktionary via kaikki.org"", ""definitions"": [""curry""], ""parts_of_speech"": [""noun""], ""ipa"": [""/kóː.rìː/"", ""[kʷóː.rìː]""], ""examples"": [], ""dialect_assigned_default"": true}"
"gida","noun","8","{""source"": ""Wiktionary Hausa"", ""license"": ""CC BY-SA"", ""attribution"": ""Wiktionary via kaikki.org"", ""definitions"": [""home"", ""compound""], ""parts_of_speech"": [""noun""], ""ipa"": [""/ɡí.dáː/"", ""[ɟɪ́.dáː]""], ""examples"": [], ""dialect_assigned_default"": true}"
"hura","verb","8","{""source"": ""Wiktionary Hausa"", ""license"": ""CC BY-SA"", ""attribution"": ""Wiktionary via kaikki.org"", ""definitions"": [""to blow on something, to inflate""], ""parts_of_speech"": [""verb""], ""ipa"": [""/húː.ɽàː/"", ""[húː.ɽàː]""], ""examples"": [], ""dialect_assigned_default"": true}"
"komi","noun","8","{""source"": ""Wiktionary Hausa"", ""license"": ""CC BY-SA"", ""attribution"": ""Wiktionary via kaikki.org"", ""definitions"": [""canoe, a small boat for one person"", ""canoe-shaped watering trough""], ""parts_of_speech"": [""noun""], ""ipa"": [""/kóː.míː/"", ""[kʷóː.míː]""], ""examples"": [], ""dialect_assigned_default"": true}"
"nas","noun","8","{""source"": ""Wiktionary Hausa"", ""license"": ""CC BY-SA"", ""attribution"": ""Wiktionary via kaikki.org"", ""definitions"": [""nurse""], ""parts_of_speech"": [""noun""], ""ipa"": [""/nâs/"", ""[nâs]""], ""examples"": [], ""dialect_assigned_default"": true}"
"wata","noun","8","{""source"": ""Wiktionary Hausa"", ""license"": ""CC BY-SA"", ""attribution"": ""Wiktionary via kaikki.org"", ""definitions"": [""moon"", ""month"", ""feminine of wani""], ""parts_of_speech"": [""noun"", ""pron""], ""ipa"": [""/wá.tàː/"", ""[wə́.tàː]"", ""/wá.tá/"", ""[wə́.tə́]""], ""examples"": [], ""dialect_assigned_default"": true}"
"oga","noun","8","{""source"": ""Wiktionary Hausa"", ""license"": ""CC BY-SA"", ""attribution"": ""Wiktionary via kaikki.org"", ""definitions"": [""boss, someone in charge""], ""parts_of_speech"": [""noun""], ""ipa"": [""/ʔò.ɡáː/"", ""[ʔò.ɡáː]""], ""examples"": [], ""dialect_assigned_default"": true}"
"fom","noun","8","{""source"": ""Wiktionary Hausa"", ""license"": ""CC BY-SA"", ""attribution"": ""Wiktionary via kaikki.org"", ""definitions"": [""form""], ""parts_of_speech"": [""noun""], ""ipa"": [""/fôm/"", ""[ɸâŋ]""], ""examples"": [], ""dialect_assigned_default"": true}"
"lif","noun","8","{""source"": ""Wiktionary Hausa"", ""license"": ""CC BY-SA"", ""attribution"": ""Wiktionary via kaikki.org"", ""definitions"": [""elevator, lift""], ""parts_of_speech"": [""noun""], ""ipa"": [""/lîf/"", ""[lɪ̂ɸ]""], ""examples"": [], ""dialect_assigned_default"": true}"
"guna","noun","8","{""source"": ""Wiktionary Hausa"", ""license"": ""CC BY-SA"", ""attribution"": ""Wiktionary via kaikki.org"", ""definitions"": [""tsamma (a bitter melon, Citrullus lanatus)"", ""An epithet for someone who is not as strong as expected."", ""A girl who is physically mature with developed breasts.""], ""parts_of_speech"": [""noun""], ""ipa"": [""/ɡú.nàː/"", ""[ɡʷʊ́.nàː]""], ""examples"": [], ""dialect_assigned_default"": true}"
"sito","noun","8","{""source"": ""Wiktionary Hausa"", ""license"": ""CC BY-SA"", ""attribution"": ""Wiktionary via kaikki.org"", ""definitions"": [""storeroom""], ""parts_of_speech"": [""noun""], ""ipa"": [""/sì.tó/"", ""[sɪ̀.tó]""], ""examples"": [], ""dialect_assigned_default"": true}"
"salo","noun","8","{""source"": ""Wiktionary Hausa"", ""license"": ""CC BY-SA"", ""attribution"": ""Wiktionary via kaikki.org"", ""definitions"": [""style, fashion, pattern"", ""affectation""], ""parts_of_speech"": [""noun""], ""ipa"": [""/sá.lóː/"", ""[sə́.lóː]""], ""examples"": [], ""dialect_assigned_default"": true}"
"walau","noun","8","{""source"": ""Wiktionary Hausa"", ""license"": ""CC BY-SA"", ""attribution"": ""Wiktionary via kaikki.org"", ""definitions"": [""showing open palms""], ""parts_of_speech"": [""noun""], ""ipa"": [""/wà.làu/"", ""[wə̀.làu]""], ""examples"": [], ""dialect_assigned_default"": true}"
"hanya","noun","8","{""source"": ""Wiktionary Hausa"", ""license"": ""CC BY-SA"", ""attribution"": ""Wiktionary via kaikki.org"", ""definitions"": [""road, path"", ""way, means, method, opportunity""], ""parts_of_speech"": [""noun""], ""ipa"": [""/hán.jàː/"", ""[hɛ́ɲ.jàː]""], ""examples"": [], ""dialect_assigned_default"": true}"
"saja","noun","8","{""source"": ""Wiktionary Hausa"", ""license"": ""CC BY-SA"", ""attribution"": ""Wiktionary via kaikki.org"", ""definitions"": [""sergeant (military rank)""], ""parts_of_speech"": [""noun""], ""ipa"": [""/sáː.(d)ʒàː/"", ""[sáː.d͡ʒàː]""], ""examples"": [], ""dialect_assigned_default"": true}"
"rogo","noun","8","{""source"": ""Wiktionary Hausa"", ""license"": ""CC BY-SA"", ""attribution"": ""Wiktionary via kaikki.org"", ""definitions"": [""cassava, Manihot esculenta"", ""various other tubers, including Ampelocissus and Dioscorea dumetorum""], ""parts_of_speech"": [""noun""], ""ipa"": [""/ɽóː.ɡòː/"", ""[ɽóː.ɡʷòː]""], ""examples"": [], ""dialect_assigned_default"": true}"
"dogo","adj","8","{""source"": ""Wiktionary Hausa"", ""license"": ""CC BY-SA"", ""attribution"": ""Wiktionary via kaikki.org"", ""definitions"": [""long, tall"", ""someone or something which is long or tall""], ""parts_of_speech"": [""adj"", ""noun""], ""ipa"": [""/dóː.ɡóː/"", ""[dóː.ɡʷóː]"", ""/dóː.ɡóː/"", ""[dóː.ɡʷóː]""], ""examples"": [], ""dialect_assigned_default"": true}"
"wasa","noun","8","{""source"": ""Wiktionary Hausa"", ""license"": ""CC BY-SA"", ""attribution"": ""Wiktionary via kaikki.org"", ""definitions"": [""sport, game""], ""parts_of_speech"": [""noun""], ""ipa"": [""/wàː.sáː/"", ""[wàː.sáː]""], ""examples"": [], ""dialect_assigned_default"": true}"
"kunci","noun","8","{""source"": ""Wiktionary Hausa"", ""license"": ""CC BY-SA"", ""attribution"": ""Wiktionary via kaikki.org"", ""definitions"": [""cheek""], ""parts_of_speech"": [""noun""], ""ipa"": [""/kún.t͡ʃìː/"", ""[kʷʊ́n.t͡ʃìː]""], ""examples"": [], ""dialect_assigned_default"": true}"
"laba","noun","8","{""source"": ""Wiktionary Hausa"", ""license"": ""CC BY-SA"", ""attribution"": ""Wiktionary via kaikki.org"", ""definitions"": [""pound (unit of weight)""], ""parts_of_speech"": [""noun""], ""ipa"": [""/láː.bàː/"", ""[láː.bàː]""], ""examples"": [], ""dialect_assigned_default"": true}"
"mula","verb","8","{""source"": ""Wiktionary Hausa"", ""license"": ""CC BY-SA"", ""attribution"": ""Wiktionary via kaikki.org"", ""definitions"": [""to disappear, be gone""], ""parts_of_speech"": [""verb""], ""ipa"": [""/mù.lá/"", ""[mʊ̀.lə́]""], ""examples"": [], ""dialect_assigned_default"": true}"
"duri","noun","8","{""source"": ""Wiktionary Hausa"", ""license"": ""CC BY-SA"", ""attribution"": ""Wiktionary via kaikki.org"", ""definitions"": [""vagina""], ""parts_of_speech"": [""noun""], ""ipa"": [""/dúː.ɽìː/"", ""[dúː.ɽìː]""], ""examples"": [], ""dialect_assigned_default"": true}"
"kamin","conj","8","{""source"": ""Wiktionary Hausa"", ""license"": ""CC BY-SA"", ""attribution"": ""Wiktionary via kaikki.org"", ""definitions"": [""alternative form of kafin""], ""parts_of_speech"": [""conj""], ""ipa"": [], ""examples"": [], ""dialect_assigned_default"": true}"
"fili","noun","8","{""source"": ""Wiktionary Hausa"", ""license"": ""CC BY-SA"", ""attribution"": ""Wiktionary via kaikki.org"", ""definitions"": [""open field, plot of land, square"", ""opportunity, chance, opening""], ""parts_of_speech"": [""noun""], ""ipa"": [""/fíː.líː/"", ""[ɸíː.líː]""], ""examples"": [], ""dialect_assigned_default"": true}"
"canko","noun","8","{""source"": ""Wiktionary Hausa"", ""license"": ""CC BY-SA"", ""attribution"": ""Wiktionary via kaikki.org"", ""definitions"": [""A type of fish trap."", ""An apparatus for winding thread.""], ""parts_of_speech"": [""noun""], ""ipa"": [""/t͡ʃàn.kóː/"", ""[t͡ʃàŋ.kʷóː]""], ""examples"": [], ""dialect_assigned_default"": true}"
"mutu","verb","8","{""source"": ""Wiktionary Hausa"", ""license"": ""CC BY-SA"", ""attribution"": ""Wiktionary via kaikki.org"", ""definitions"": [""to die""], ""parts_of_speech"": [""verb""], ""ipa"": [""/mú.tù/"", ""[mʊ́.tɪ̀]""], ""examples"": [], ""dialect_assigned_default"": true}"
"raki","noun","8","{""source"": ""Wiktionary Hausa"", ""license"": ""CC BY-SA"", ""attribution"": ""Wiktionary via kaikki.org"", ""definitions"": [""fear, cowardice"", ""argumentativeness""], ""parts_of_speech"": [""noun""], ""ipa"": [""/ɽáː.kìː/"", ""[ɽáː.cìː]""], ""examples"": [], ""dialect_assigned_default"": true}"
"wanka","noun","8","{""source"": ""Wiktionary Hausa"", ""license"": ""CC BY-SA"", ""attribution"": ""Wiktionary via kaikki.org"", ""definitions"": [""bathing"", ""to wash""], ""parts_of_speech"": [""noun"", ""verb""], ""ipa"": [""/wán.káː/"", ""[wáŋ.káː]"", ""/wán.kàː/"", ""[wáŋ.kàː]""], ""examples"": [], ""dialect_assigned_default"": true}"
"zi","noun","8","{""source"": ""Wiktionary Hausa"", ""license"": ""CC BY-SA"", ""attribution"": ""Wiktionary via kaikki.org"", ""definitions"": [""diamonds""], ""parts_of_speech"": [""noun""], ""ipa"": [""/zîː/"", ""[zîː]""], ""examples"": [], ""dialect_assigned_default"": true}"
"daina","verb","8","{""source"": ""Wiktionary Hausa"", ""license"": ""CC BY-SA"", ""attribution"": ""Wiktionary via kaikki.org"", ""definitions"": [""to quit doing, to cease""], ""parts_of_speech"": [""verb""], ""ipa"": [""/dái.nàː/"", ""[déi.nàː]""], ""examples"": [], ""dialect_assigned_default"": true}"
"suna","noun","8","{""source"": ""Wiktionary Hausa"", ""license"": ""CC BY-SA"", ""attribution"": ""Wiktionary via kaikki.org"", ""definitions"": [""name"", ""naming ceremony"", ""the first price offered in bargaining"", ""reputation""], ""parts_of_speech"": [""noun""], ""ipa"": [""/súː.náː/"", ""[súː.náː]""], ""examples"": [], ""dialect_assigned_default"": true}"
"sista","noun","8","{""source"": ""Wiktionary Hausa"", ""license"": ""CC BY-SA"", ""attribution"": ""Wiktionary via kaikki.org"", ""definitions"": [""nurse"", ""nun""], ""parts_of_speech"": [""noun""], ""ipa"": [""/sís.tàː/"", ""[sɪ́s.tàː]""], ""examples"": [], ""dialect_assigned_default"": true}"
"garu","noun","8","{""source"": ""Wiktionary Hausa"", ""license"": ""CC BY-SA"", ""attribution"": ""Wiktionary via kaikki.org"", ""definitions"": [""wall around a settlement or compound""], ""parts_of_speech"": [""noun""], ""ipa"": [""/ɡàː.rúː/"", ""[ɡàː.rúː]""], ""examples"": [], ""dialect_assigned_default"": true}"
"salama","noun","8","{""source"": ""Wiktionary Hausa"", ""license"": ""CC BY-SA"", ""attribution"": ""Wiktionary via kaikki.org"", ""definitions"": [""safety, ease""], ""parts_of_speech"": [""noun""], ""ipa"": [""/sà.láː.màː/"", ""[sə̀.láː.màː]""], ""examples"": [], ""dialect_assigned_default"": true}"
"talla","noun","8","{""source"": ""Wiktionary Hausa"", ""license"": ""CC BY-SA"", ""attribution"": ""Wiktionary via kaikki.org"", ""definitions"": [""Hawking goods for sale."", ""advertising""], ""parts_of_speech"": [""noun""], ""ipa"": [""/tàl.là/"", ""[tàl.lə̀]""], ""examples"": [], ""dialect_assigned_default"": true}"
"hama","noun","8","{""source"": ""Wiktionary Hausa"", ""license"": ""CC BY-SA"", ""attribution"": ""Wiktionary via kaikki.org"", ""definitions"": [""hammer""], ""parts_of_speech"": [""noun""], ""ipa"": [""/há.màː/"", ""[há.màː]""], ""examples"": [], ""dialect_assigned_default"": true}"
"huhu","noun","8","{""source"": ""Wiktionary Hausa"", ""license"": ""CC BY-SA"", ""attribution"": ""Wiktionary via kaikki.org"", ""definitions"": [""lung"", ""wrapping used to store kola nuts""], ""parts_of_speech"": [""noun""], ""ipa"": [""/hùː.húː/"", ""[hùː.húː]"", ""/húː.hùː/"", ""[húː.hùː]""], ""examples"": [], ""dialect_assigned_default"": true}"
"aya","noun","8","{""source"": ""Wiktionary Hausa"", ""license"": ""CC BY-SA"", ""attribution"": ""Wiktionary via kaikki.org"", ""definitions"": [""verse (usually of the Qur'an)"", ""punctuation mark"", ""pause"", ""tiger nut (Cyperus esculentus) (a plant)"", ""tiger nut (a fruit)""], ""parts_of_speech"": [""noun""], ""ipa"": [""/ʔáː.jàː/"", ""[ʔáː.jàː]"", ""/ʔáː.jàː/"", ""[ʔáː.jàː]""], ""examples"": [], ""dialect_assigned_default"": true}"
"loga","noun","8","{""source"": ""Wiktionary Hausa"", ""license"": ""CC BY-SA"", ""attribution"": ""Wiktionary via kaikki.org"", ""definitions"": [""a careful investigation or inquiry""], ""parts_of_speech"": [""noun""], ""ipa"": [""/lóː.ɡàː/"", ""[lóː.ɡàː]""], ""examples"": [], ""dialect_assigned_default"": true}"
"bika","noun","8","{""source"": ""Wiktionary Hausa"", ""license"": ""CC BY-SA"", ""attribution"": ""Wiktionary via kaikki.org"", ""definitions"": [""baboon""], ""parts_of_speech"": [""noun""], ""ipa"": [""/bì.káː/"", ""[bɪ̀.káː]""], ""examples"": [], ""dialect_assigned_default"": true}"
"molo","noun","8","{""source"": ""Wiktionary Hausa"", ""license"": ""CC BY-SA"", ""attribution"": ""Wiktionary via kaikki.org"", ""definitions"": [""A three-stringed lute, sintir""], ""parts_of_speech"": [""noun""], ""ipa"": [""/móː.lóː/"", ""[móː.lóː]""], ""examples"": [], ""dialect_assigned_default"": true}"
"sunna","noun","8","{""source"": ""Wiktionary Hausa"", ""license"": ""CC BY-SA"", ""attribution"": ""Wiktionary via kaikki.org"", ""definitions"": [""sunnah"", ""To give something secretly to someone.""], ""parts_of_speech"": [""noun"", ""verb""], ""ipa"": [""/sún.nàː/"", ""[sɪ́n.nàː]"", ""/sún.nàː/"", ""[sɪ́n.nàː]""], ""examples"": [], ""dialect_assigned_default"": true}"
"zago","noun","8","{""source"": ""Wiktionary Hausa"", ""license"": ""CC BY-SA"", ""attribution"": ""Wiktionary via kaikki.org"", ""definitions"": [""large termites""], ""parts_of_speech"": [""noun""], ""ipa"": [""/zá.ɡóː/"", ""[zə́.ɡʷóː]""], ""examples"": [], ""dialect_assigned_default"": true}"
"waga","noun","8","{""source"": ""Wiktionary Hausa"", ""license"": ""CC BY-SA"", ""attribution"": ""Wiktionary via kaikki.org"", ""definitions"": [""A pair of (hide) bags for carrying goods (e.g., on a pack animal or a motorcycle)"", ""A grass bag for packing kola nuts.""], ""parts_of_speech"": [""noun""], ""ipa"": [""/wáː.ɡáː/"", ""[wáː.ɡáː]""], ""examples"": [], ""dialect_assigned_default"": true}"
"wala","noun","8","{""source"": ""Wiktionary Hausa"", ""license"": ""CC BY-SA"", ""attribution"": ""Wiktionary via kaikki.org"", ""definitions"": [""turtledove"", ""to relax""], ""parts_of_speech"": [""noun"", ""verb""], ""ipa"": [""/wáː.láː/"", ""[wáː.láː]"", ""/wáː.làː/"", ""[wáː.làː]""], ""examples"": [], ""dialect_assigned_default"": true}"
"mele","noun","8","{""source"": ""Wiktionary Hausa"", ""license"": ""CC BY-SA"", ""attribution"": ""Wiktionary via kaikki.org"", ""definitions"": [""loss of pigmentation""], ""parts_of_speech"": [""noun""], ""ipa"": [""/méː.léː/"", ""[méː.léː]""], ""examples"": [], ""dialect_assigned_default"": true}"
"shuri","noun","8","{""source"": ""Wiktionary Hausa"", ""license"": ""CC BY-SA"", ""attribution"": ""Wiktionary via kaikki.org"", ""definitions"": [""termite mound""], ""parts_of_speech"": [""noun""], ""ipa"": [""/ʃúː.ɽìː/"", ""[ʃúː.ɽìː]""], ""examples"": [], ""dialect_assigned_default"": true}"
"lamba","noun","8","{""source"": ""Wiktionary Hausa"", ""license"": ""CC BY-SA"", ""attribution"": ""Wiktionary via kaikki.org"", ""definitions"": [""sign, distinguishing mark, trademark"", ""registration number"", ""vaccination"", ""scratch on enamel bowl/plate""], ""parts_of_speech"": [""noun""], ""ipa"": [""/lám.bàː/"", ""[lám.bàː]""], ""examples"": [], ""dialect_assigned_default"": true}"
"kati","noun","8","{""source"": ""Wiktionary Hausa"", ""license"": ""CC BY-SA"", ""attribution"": ""Wiktionary via kaikki.org"", ""definitions"": [""card"", ""playing card"", ""gambling with cards""], ""parts_of_speech"": [""noun""], ""ipa"": [""/káː.tìː/"", ""[káː.tìː]""], ""examples"": [], ""dialect_assigned_default"": true}"
"uda","noun","8","{""source"": ""Wiktionary Hausa"", ""license"": ""CC BY-SA"", ""attribution"": ""Wiktionary via kaikki.org"", ""definitions"": [""black and white sheep""], ""parts_of_speech"": [""noun""], ""ipa"": [""/ʔúː.dà/"", ""[ʔúː.də̀]""], ""examples"": [], ""dialect_assigned_default"": true}"
"gunya","noun","8","{""source"": ""Wiktionary Hausa"", ""license"": ""CC BY-SA"", ""attribution"": ""Wiktionary via kaikki.org"", ""definitions"": [""dun-colored horse""], ""parts_of_speech"": [""noun""], ""ipa"": [""/ɡún.jáː/"", ""[ɡʷʊ́ɲ.jáː]""], ""examples"": [], ""dialect_assigned_default"": true}"
"kife","verb","8","{""source"": ""Wiktionary Hausa"", ""license"": ""CC BY-SA"", ""attribution"": ""Wiktionary via kaikki.org"", ""definitions"": [""to turn something over"", ""to overturn"", ""to tip over, to capsize""], ""parts_of_speech"": [""verb""], ""ipa"": [""/kí.fèː/"", ""[cɪ́.ɸèː]""], ""examples"": [], ""dialect_assigned_default"": true}"
"boko","noun","8","{""source"": ""Wiktionary Hausa"", ""license"": ""CC BY-SA"", ""attribution"": ""Wiktionary via kaikki.org"", ""definitions"": [""fraud, deceit, trick"", ""a mock or imitation version of something real"", ""Western education"", ""Boko alphabet (Latin script used to write Hausa)""], ""parts_of_speech"": [""noun""], ""ipa"": [""/bóː.kòː/"", ""[bóː.kʷòː]""], ""examples"": [], ""dialect_assigned_default"": true}"
"eka","noun","8","{""source"": ""Wiktionary Hausa"", ""license"": ""CC BY-SA"", ""attribution"": ""Wiktionary via kaikki.org"", ""definitions"": [""acre""], ""parts_of_speech"": [""noun""], ""ipa"": [""/ʔéː.kàː/"", ""[ʔéː.kàː]""], ""examples"": [], ""dialect_assigned_default"": true}"
"dina","noun","8","{""source"": ""Wiktionary Hausa"", ""license"": ""CC BY-SA"", ""attribution"": ""Wiktionary via kaikki.org"", ""definitions"": [""dinner party""], ""parts_of_speech"": [""noun""], ""ipa"": [""/dí.nàː/"", ""[dɪ́.nàː]""], ""examples"": [], ""dialect_assigned_default"": true}"
"tulu","noun","8","{""source"": ""Wiktionary Hausa"", ""license"": ""CC BY-SA"", ""attribution"": ""Wiktionary via kaikki.org"", ""definitions"": [""A water pot with a narrow neck that is shaped like a bottle gourd.""], ""parts_of_speech"": [""noun""], ""ipa"": [""/tùː.lúː/"", ""[tùː.lúː]""], ""examples"": [], ""dialect_assigned_default"": true}"
"Ahmad","name","8","{""source"": ""Wiktionary Hausa"", ""license"": ""CC BY-SA"", ""attribution"": ""Wiktionary via kaikki.org"", ""definitions"": [""a male given name""], ""parts_of_speech"": [""name""], ""ipa"": [""/ʔáː.màd/"", ""[ʔáː.màd]""], ""examples"": [], ""dialect_assigned_default"": true}"
"kaka","noun","8","{""source"": ""Wiktionary Hausa"", ""license"": ""CC BY-SA"", ""attribution"": ""Wiktionary via kaikki.org"", ""definitions"": [""grandfather, grandmother"", ""harvest season""], ""parts_of_speech"": [""noun""], ""ipa"": [""/kàː.káː/"", ""[kàː.káː]"", ""/kàː.káː/"", ""[kàː.káː]""], ""examples"": [], ""dialect_assigned_default"": true}"
"daimon","noun","8","{""source"": ""Wiktionary Hausa"", ""license"": ""CC BY-SA"", ""attribution"": ""Wiktionary via kaikki.org"", ""definitions"": [""diamond""], ""parts_of_speech"": [""noun""], ""ipa"": [""/dái.mòn/"", ""[déi.mɔ̀ŋ]""], ""examples"": [], ""dialect_assigned_default"": true}"
"sadin","noun","8","{""source"": ""Wiktionary Hausa"", ""license"": ""CC BY-SA"", ""attribution"": ""Wiktionary via kaikki.org"", ""definitions"": [""sardine""], ""parts_of_speech"": [""noun""], ""ipa"": [""/sàː.dîn/"", ""[sàː.dɪ̂ŋ]""], ""examples"": [], ""dialect_assigned_default"": true}"
"uwa","noun","8","{""source"": ""Wiktionary Hausa"", ""license"": ""CC BY-SA"", ""attribution"": ""Wiktionary via kaikki.org"", ""definitions"": [""mother"", ""largest or chief part""], ""parts_of_speech"": [""noun""], ""ipa"": [""/ʔú.wáː/"", ""[ʔʊ́.wáː]""], ""examples"": [], ""dialect_assigned_default"": true}"
"rami","noun","8","{""source"": ""Wiktionary Hausa"", ""license"": ""CC BY-SA"", ""attribution"": ""Wiktionary via kaikki.org"", ""definitions"": [""hole, pit"", ""den"", ""tomb""], ""parts_of_speech"": [""noun""], ""ipa"": [""/ɽáː.mìː/"", ""[ɽáː.mìː]""], ""examples"": [], ""dialect_assigned_default"": true}"
"duna","noun","8","{""source"": ""Wiktionary Hausa"", ""license"": ""CC BY-SA"", ""attribution"": ""Wiktionary via kaikki.org"", ""definitions"": [""very black person or thing""], ""parts_of_speech"": [""noun""], ""ipa"": [""/dúː.nàː/"", ""[dúː.nàː]""], ""examples"": [], ""dialect_assigned_default"": true}"
"batir","noun","8","{""source"": ""Wiktionary Hausa"", ""license"": ""CC BY-SA"", ""attribution"": ""Wiktionary via kaikki.org"", ""definitions"": [""battery (for a car or flashlight)""], ""parts_of_speech"": [""noun""], ""ipa"": [""/báː.tìr/"", ""[báː.tɪ̀r]""], ""examples"": [], ""dialect_assigned_default"": true}"
"alabo","noun","8","{""source"": ""Wiktionary Hausa"", ""license"": ""CC BY-SA"", ""attribution"": ""Wiktionary via kaikki.org"", ""definitions"": [""yam"", ""cassava flour""], ""parts_of_speech"": [""noun""], ""ipa"": [""/ʔà.là.bóː/"", ""[ʔà.lə̀.bóː]""], ""examples"": [], ""dialect_assigned_default"": true}"
"alabe","noun","8","{""source"": ""Wiktionary Hausa"", ""license"": ""CC BY-SA"", ""attribution"": ""Wiktionary via kaikki.org"", ""definitions"": [""leather wallet (often carried hanging from the neck)""], ""parts_of_speech"": [""noun""], ""ipa"": [""/ʔà.lá.bèː/"", ""[ʔà.lə́.bèː]""], ""examples"": [], ""dialect_assigned_default"": true}"
"anta","noun","8","{""source"": ""Wiktionary Hausa"", ""license"": ""CC BY-SA"", ""attribution"": ""Wiktionary via kaikki.org"", ""definitions"": [""alternative spelling of hanta""], ""parts_of_speech"": [""noun""], ""ipa"": [""/ʔán.tàː/"", ""[ʔán.tàː]""], ""examples"": [], ""dialect_assigned_default"": true}"
"balas","noun","8","{""source"": ""Wiktionary Hausa"", ""license"": ""CC BY-SA"", ""attribution"": ""Wiktionary via kaikki.org"", ""definitions"": [""balance"", ""payment due for work done""], ""parts_of_speech"": [""noun""], ""ipa"": [""/bá.làs/"", ""[bə́.làs]""], ""examples"": [], ""dialect_assigned_default"": true}"
"cata","noun","8","{""source"": ""Wiktionary Hausa"", ""license"": ""CC BY-SA"", ""attribution"": ""Wiktionary via kaikki.org"", ""definitions"": [""charter""], ""parts_of_speech"": [""noun""], ""ipa"": [""/t͡ʃáː.tàː/"", ""[t͡ʃáː.tàː]""], ""examples"": [], ""dialect_assigned_default"": true}"
"sannu","intj","8","{""source"": ""Wiktionary Hausa"", ""license"": ""CC BY-SA"", ""attribution"": ""Wiktionary via kaikki.org"", ""definitions"": [""hello"", ""sorry (expression of sympathy)"", ""carefulness, slowness""], ""parts_of_speech"": [""intj"", ""noun""], ""ipa"": [""/sàn.nú/"", ""[sàn.nɪ́]"", ""/sán.nù/"", ""[sán.nɪ̀]""], ""examples"": [], ""dialect_assigned_default"": true}"
"liman","noun","8","{""source"": ""Wiktionary Hausa"", ""license"": ""CC BY-SA"", ""attribution"": ""Wiktionary via kaikki.org"", ""definitions"": [""imam"", ""The equivalent of an imam in other religions; in Christianity, a pastor or priest.""], ""parts_of_speech"": [""noun""], ""ipa"": [""/lìː.mân/"", ""[lìː.mâŋ]""], ""examples"": [], ""dialect_assigned_default"": true}"
"rema","noun","8","{""source"": ""Wiktionary Hausa"", ""license"": ""CC BY-SA"", ""attribution"": ""Wiktionary via kaikki.org"", ""definitions"": [""hyrax, coney""], ""parts_of_speech"": [""noun""], ""ipa"": [""/ɽéː.máː/"", ""[ɽéː.máː]""], ""examples"": [], ""dialect_assigned_default"": true}"
"talle","noun","8","{""source"": ""Wiktionary Hausa"", ""license"": ""CC BY-SA"", ""attribution"": ""Wiktionary via kaikki.org"", ""definitions"": [""A small soup pot."", ""A small gourd drum typically played by children during Ramadan.""], ""parts_of_speech"": [""noun""], ""ipa"": [""/tál.léː/"", ""[tál.léː]""], ""examples"": [], ""dialect_assigned_default"": true}"
"turba","noun","8","{""source"": ""Wiktionary Hausa"", ""license"": ""CC BY-SA"", ""attribution"": ""Wiktionary via kaikki.org"", ""definitions"": [""path, track, lane""], ""parts_of_speech"": [""noun""], ""ipa"": [""/túɽ.bàː/"", ""[tɪ́ɽ.bàː]""], ""examples"": [], ""dialect_assigned_default"": true}"
"zafaran","noun","8","{""source"": ""Wiktionary Hausa"", ""license"": ""CC BY-SA"", ""attribution"": ""Wiktionary via kaikki.org"", ""definitions"": [""saffron""], ""parts_of_speech"": [""noun""], ""ipa"": [""/zàː.fà.rân/"", ""[zàː.ɸə̀.râŋ]""], ""examples"": [], ""dialect_assigned_default"": true}"
"shifta","noun","8","{""source"": ""Wiktionary Hausa"", ""license"": ""CC BY-SA"", ""attribution"": ""Wiktionary via kaikki.org"", ""definitions"": [""dictation""], ""parts_of_speech"": [""noun""], ""ipa"": [""/ʃíf.tàː/"", ""[ʃɪ́ɸ.tàː]""], ""examples"": [], ""dialect_assigned_default"": true}"
"nim","noun","8","{""source"": ""Wiktionary Hausa"", ""license"": ""CC BY-SA"", ""attribution"": ""Wiktionary via kaikki.org"", ""definitions"": [""neem tree""], ""parts_of_speech"": [""noun""], ""ipa"": [""/nîm/"", ""[nɪ̂ŋ]""], ""examples"": [], ""dialect_assigned_default"": true}"
"kunya","noun","8","{""source"": ""Wiktionary Hausa"", ""license"": ""CC BY-SA"", ""attribution"": ""Wiktionary via kaikki.org"", ""definitions"": [""shame, embarrassment"", ""modesty"", ""row (between ridges)""], ""parts_of_speech"": [""noun""], ""ipa"": [""/kún.jàː/"", ""[kʷʊ́ɲ.jàː]"", ""/kún.jáː/"", ""[kʷʊ́ɲ.jáː]""], ""examples"": [], ""dialect_assigned_default"": true}"
"sarai","adv","8","{""source"": ""Wiktionary Hausa"", ""license"": ""CC BY-SA"", ""attribution"": ""Wiktionary via kaikki.org"", ""definitions"": [""very well"", ""completely, totally""], ""parts_of_speech"": [""adv""], ""ipa"": [""/sá.rái/"", ""[sə́.réi]""], ""examples"": [], ""dialect_assigned_default"": true}"
"goyo","noun","8","{""source"": ""Wiktionary Hausa"", ""license"": ""CC BY-SA"", ""attribution"": ""Wiktionary via kaikki.org"", ""definitions"": [""something or someone carried on the back"", ""infant""], ""parts_of_speech"": [""noun""], ""ipa"": [""/ɡóː.jóː/"", ""[ɡʷóː.jóː]""], ""examples"": [], ""dialect_assigned_default"": true}"
"batta","noun","8","{""source"": ""Wiktionary Hausa"", ""license"": ""CC BY-SA"", ""attribution"": ""Wiktionary via kaikki.org"", ""definitions"": [""leather pouch (e.g., for tobacco)"", ""small metal container (e.g., of tiger balm)""], ""parts_of_speech"": [""noun""], ""ipa"": [""/bát.tàː/"", ""[bát.tàː]""], ""examples"": [], ""dialect_assigned_default"": true}"
"cibi","noun","8","{""source"": ""Wiktionary Hausa"", ""license"": ""CC BY-SA"", ""attribution"": ""Wiktionary via kaikki.org"", ""definitions"": [""spoon"", ""swollen protruding navel; umbilical hernia""], ""parts_of_speech"": [""noun""], ""ipa"": [""/t͡ʃí.bíː/"", ""[t͡ʃɪ́.bíː]"", ""/t͡ʃíː.bìː/"", ""[t͡ʃíː.bìː]""], ""examples"": [], ""dialect_assigned_default"": true}"
"santi","noun","8","{""source"": ""Wiktionary Hausa"", ""license"": ""CC BY-SA"", ""attribution"": ""Wiktionary via kaikki.org"", ""definitions"": [""gauche or socially inappropriate behavior, especially at a meal""], ""parts_of_speech"": [""noun""], ""ipa"": [""/sàn.tí/"", ""[sàn.tɪ́]""], ""examples"": [], ""dialect_assigned_default"": true}"
"pasaje","noun","8","{""source"": ""Wiktionary Hausa"", ""license"": ""CC BY-SA"", ""attribution"": ""Wiktionary via kaikki.org"", ""definitions"": [""passenger""], ""parts_of_speech"": [""noun""], ""ipa"": [""/pà.sà.(d)ʒêː/""], ""examples"": [], ""dialect_assigned_default"": true}"
"sha","verb","8","{""source"": ""Wiktionary Hausa"", ""license"": ""CC BY-SA"", ""attribution"": ""Wiktionary via kaikki.org"", ""definitions"": [""to drink""], ""parts_of_speech"": [""verb""], ""ipa"": [""/ʃá/"", ""[ʃə́]""], ""examples"": [], ""dialect_assigned_default"": true}"
"rula","noun","8","{""source"": ""Wiktionary Hausa"", ""license"": ""CC BY-SA"", ""attribution"": ""Wiktionary via kaikki.org"", ""definitions"": [""ruler (measuring device)""], ""parts_of_speech"": [""noun""], ""ipa"": [""/rúː.làː/"", ""[rúː.làː]""], ""examples"": [], ""dialect_assigned_default"": true}"
"sanka","noun","8","{""source"": ""Wiktionary Hausa"", ""license"": ""CC BY-SA"", ""attribution"": ""Wiktionary via kaikki.org"", ""definitions"": [""bunch of tobacco leaves""], ""parts_of_speech"": [""noun""], ""ipa"": [""/sán.káː/"", ""[sáŋ.káː]""], ""examples"": [], ""dialect_assigned_default"": true}"
"haram","noun","8","{""source"": ""Wiktionary Hausa"", ""license"": ""CC BY-SA"", ""attribution"": ""Wiktionary via kaikki.org"", ""definitions"": [""any haram act; a sin or forbidden deed in Islam""], ""parts_of_speech"": [""noun""], ""ipa"": [""/hà.râm/"", ""[hà.râŋ]""], ""examples"": [], ""dialect_assigned_default"": true}"
"yadda","conj","8","{""source"": ""Wiktionary Hausa"", ""license"": ""CC BY-SA"", ""attribution"": ""Wiktionary via kaikki.org"", ""definitions"": [""how; in that way""], ""parts_of_speech"": [""conj""], ""ipa"": [""/jád.dà/"", ""/jâd.dà/"", ""[jɛ́d.də̀]"", ""[jɛ̂d.də̀]""], ""examples"": [], ""dialect_assigned_default"": true}"
"Amina","name","8","{""source"": ""Wiktionary Hausa"", ""license"": ""CC BY-SA"", ""attribution"": ""Wiktionary via kaikki.org"", ""definitions"": [""a female given name""], ""parts_of_speech"": [""name""], ""ipa"": [""/ʔá.míː.nà/"", ""[ʔá.míː.nə̀]""], ""examples"": [], ""dialect_assigned_default"": true}"
"koka","verb","8","{""source"": ""Wiktionary Hausa"", ""license"": ""CC BY-SA"", ""attribution"": ""Wiktionary via kaikki.org"", ""definitions"": [""to cry""], ""parts_of_speech"": [""verb""], ""ipa"": [""/kóː.kàː/"", ""[kʷóː.kàː]""], ""examples"": [], ""dialect_assigned_default"": true}"
"nisa","noun","8","{""source"": ""Wiktionary Hausa"", ""license"": ""CC BY-SA"", ""attribution"": ""Wiktionary via kaikki.org"", ""definitions"": [""distance""], ""parts_of_speech"": [""noun""], ""ipa"": [""/níː.sáː/"", ""[níː.sáː]""], ""examples"": [], ""dialect_assigned_default"": true}"
"hutu","noun","8","{""source"": ""Wiktionary Hausa"", ""license"": ""CC BY-SA"", ""attribution"": ""Wiktionary via kaikki.org"", ""definitions"": [""rest, holiday"", ""passing wind""], ""parts_of_speech"": [""noun""], ""ipa"": [""/húː.túː/"", ""[húː.túː]""], ""examples"": [], ""dialect_assigned_default"": true}"
"kili","noun","8","{""source"": ""Wiktionary Hausa"", ""license"": ""CC BY-SA"", ""attribution"": ""Wiktionary via kaikki.org"", ""definitions"": [""A light gray horse.""], ""parts_of_speech"": [""noun""], ""ipa"": [""/kì.lîː/"", ""[cɪ̀.lîː]""], ""examples"": [], ""dialect_assigned_default"": true}"
"suya","noun","8","{""source"": ""Wiktionary Hausa"", ""license"": ""CC BY-SA"", ""attribution"": ""Wiktionary via kaikki.org"", ""definitions"": [""suya (kebab)""], ""parts_of_speech"": [""noun""], ""ipa"": [""/súː.jàː/"", ""[súː.jàː]""], ""examples"": [], ""dialect_assigned_default"": true}"
"tasku","noun","8","{""source"": ""Wiktionary Hausa"", ""license"": ""CC BY-SA"", ""attribution"": ""Wiktionary via kaikki.org"", ""definitions"": [""cruelty, oppression""], ""parts_of_speech"": [""noun""], ""ipa"": [""/tás.kù/"", ""[tás.kʷʊ̀]""], ""examples"": [], ""dialect_assigned_default"": true}"
"alli","noun","8","{""source"": ""Wiktionary Hausa"", ""license"": ""CC BY-SA"", ""attribution"": ""Wiktionary via kaikki.org"", ""definitions"": [""calcium"", ""chalk""], ""parts_of_speech"": [""noun""], ""ipa"": [""/ʔâl.líː/"", ""[ʔâl.líː]""], ""examples"": [], ""dialect_assigned_default"": true}"
"cuna","noun","8","{""source"": ""Wiktionary Hausa"", ""license"": ""CC BY-SA"", ""attribution"": ""Wiktionary via kaikki.org"", ""definitions"": [""A side seam joining the lower ends of a gown."", ""to set a person or animal to catch or attack someone""], ""parts_of_speech"": [""noun"", ""verb""], ""ipa"": [""/t͡ʃúː.nàː/"", ""[t͡ʃúː.nàː]"", ""/t͡ʃúː.nàː/"", ""[t͡ʃúː.nàː]""], ""examples"": [], ""dialect_assigned_default"": true}"
"haɓa","noun","8","{""source"": ""Wiktionary Hausa"", ""license"": ""CC BY-SA"", ""attribution"": ""Wiktionary via kaikki.org"", ""definitions"": [""chin""], ""parts_of_speech"": [""noun""], ""ipa"": [""/há.ɓàː/"", ""[há.ɓàː]""], ""examples"": [], ""dialect_assigned_default"": true}"
"safi","noun","8","{""source"": ""Wiktionary Hausa"", ""license"": ""CC BY-SA"", ""attribution"": ""Wiktionary via kaikki.org"", ""definitions"": [""thimble""], ""parts_of_speech"": [""noun""], ""ipa"": [""/sáː.fíː/"", ""[sáː.ɸíː]""], ""examples"": [], ""dialect_assigned_default"": true}"
"fam","noun","8","{""source"": ""Wiktionary Hausa"", ""license"": ""CC BY-SA"", ""attribution"": ""Wiktionary via kaikki.org"", ""definitions"": [""pound (currency used in the UK, obsolete in Nigeria)"", ""2 naira.""], ""parts_of_speech"": [""noun""], ""ipa"": [""/fâm/"", ""[ɸâŋ]""], ""examples"": [], ""dialect_assigned_default"": true}"
"kuskus","noun","8","{""source"": ""Wiktionary Hausa"", ""license"": ""CC BY-SA"", ""attribution"": ""Wiktionary via kaikki.org"", ""definitions"": [""couscous""], ""parts_of_speech"": [""noun""], ""ipa"": [""/kús.kùs/"", ""[kʷʊ́s.kʷʊ̀s]""], ""examples"": [], ""dialect_assigned_default"": true}"
"barka","intj","8","{""source"": ""Wiktionary Hausa"", ""license"": ""CC BY-SA"", ""attribution"": ""Wiktionary via kaikki.org"", ""definitions"": [""A general greeting.""], ""parts_of_speech"": [""intj""], ""ipa"": [""/bár.kàː/"", ""[bár.kàː]""], ""examples"": [""Barka da safiya!""], ""dialect_assigned_default"": true}"
"hani","noun","8","{""source"": ""Wiktionary Hausa"", ""license"": ""CC BY-SA"", ""attribution"": ""Wiktionary via kaikki.org"", ""definitions"": [""prohibition""], ""parts_of_speech"": [""noun""], ""ipa"": [""/há.nìː/"", ""[há.nìː]""], ""examples"": [], ""dialect_assigned_default"": true}"
"babba","adj","8","{""source"": ""Wiktionary Hausa"", ""license"": ""CC BY-SA"", ""attribution"": ""Wiktionary via kaikki.org"", ""definitions"": [""big, large"", ""great, important"", ""adult""], ""parts_of_speech"": [""adj""], ""ipa"": [""/bàb.bá/"", ""[bàb.bə́]""], ""examples"": [], ""dialect_assigned_default"": true}"
"banga","noun","8","{""source"": ""Wiktionary Hausa"", ""license"": ""CC BY-SA"", ""attribution"": ""Wiktionary via kaikki.org"", ""definitions"": [""A small, bowl-shaped drum, played with fingers.""], ""parts_of_speech"": [""noun""], ""ipa"": [""/bàn.ɡáː/"", ""[bàŋ.ɡáː]""], ""examples"": [], ""dialect_assigned_default"": true}"
"hatta","prep","8","{""source"": ""Wiktionary Hausa"", ""license"": ""CC BY-SA"", ""attribution"": ""Wiktionary via kaikki.org"", ""definitions"": [""even, including""], ""parts_of_speech"": [""prep""], ""ipa"": [""/hàt.táː/"", ""[hàt.táː]""], ""examples"": [], ""dialect_assigned_default"": true}"
"kafe","verb","8","{""source"": ""Wiktionary Hausa"", ""license"": ""CC BY-SA"", ""attribution"": ""Wiktionary via kaikki.org"", ""definitions"": [""to fasten something onto"", ""To become stuck"", ""to persist, to be obstinate""], ""parts_of_speech"": [""verb""], ""ipa"": [""/ká.fèː/"", ""[kə́.ɸèː]""], ""examples"": [], ""dialect_assigned_default"": true}"
"noti","noun","8","{""source"": ""Wiktionary Hausa"", ""license"": ""CC BY-SA"", ""attribution"": ""Wiktionary via kaikki.org"", ""definitions"": [""nut (used with bolt)""], ""parts_of_speech"": [""noun""], ""ipa"": [""/nóː.tìː/"", ""[nóː.tìː]""], ""examples"": [], ""dialect_assigned_default"": true}"
"tanti","noun","8","{""source"": ""Wiktionary Hausa"", ""license"": ""CC BY-SA"", ""attribution"": ""Wiktionary via kaikki.org"", ""definitions"": [""tent, small tarpaulin""], ""parts_of_speech"": [""noun""], ""ipa"": [""/tán.tìː/"", ""[tán.tìː]""], ""examples"": [], ""dialect_assigned_default"": true}"
"laita","noun","8","{""source"": ""Wiktionary Hausa"", ""license"": ""CC BY-SA"", ""attribution"": ""Wiktionary via kaikki.org"", ""definitions"": [""lighter (for cigarettes)""], ""parts_of_speech"": [""noun""], ""ipa"": [""/lái.tàː/"", ""[léi.tàː]""], ""examples"": [], ""dialect_assigned_default"": true}"
"curi","noun","8","{""source"": ""Wiktionary Hausa"", ""license"": ""CC BY-SA"", ""attribution"": ""Wiktionary via kaikki.org"", ""definitions"": [""ball of food"", ""verbal noun of cura""], ""parts_of_speech"": [""noun""], ""ipa"": [""/t͡ʃúː.ɽìː/"", ""[t͡ʃúː.ɽìː]""], ""examples"": [], ""dialect_assigned_default"": true}"
"salati","noun","8","{""source"": ""Wiktionary Hausa"", ""license"": ""CC BY-SA"", ""attribution"": ""Wiktionary via kaikki.org"", ""definitions"": [""an invocation to God, like the shahada""], ""parts_of_speech"": [""noun""], ""ipa"": [""/sà.láː.tìː/"", ""[sə̀.láː.tìː]""], ""examples"": [], ""dialect_assigned_default"": true}"
"bado","noun","8","{""source"": ""Wiktionary Hausa"", ""license"": ""CC BY-SA"", ""attribution"": ""Wiktionary via kaikki.org"", ""definitions"": [""water lily""], ""parts_of_speech"": [""noun""], ""ipa"": [""/bá.dòː/"", ""[bə́.dòː]""], ""examples"": [], ""dialect_assigned_default"": true}"
"mim","noun","8","{""source"": ""Wiktionary Hausa"", ""license"": ""CC BY-SA"", ""attribution"": ""Wiktionary via kaikki.org"", ""definitions"": [""mim (letter of the Arabic alphabet)""], ""parts_of_speech"": [""noun""], ""ipa"": [""/mím/"", ""[mɪ́ŋ]""], ""examples"": [], ""dialect_assigned_default"": true}"
"tasi","noun","8","{""source"": ""Wiktionary Hausa"", ""license"": ""CC BY-SA"", ""attribution"": ""Wiktionary via kaikki.org"", ""definitions"": [""taxi""], ""parts_of_speech"": [""noun""], ""ipa"": [""/tàː.sîː/"", ""[tàː.sîː]""], ""examples"": [], ""dialect_assigned_default"": true}"
"soci","noun","8","{""source"": ""Wiktionary Hausa"", ""license"": ""CC BY-SA"", ""attribution"": ""Wiktionary via kaikki.org"", ""definitions"": [""T-shirt, undershirt""], ""parts_of_speech"": [""noun""], ""ipa"": [""/sóː.t͡ʃì/"", ""[sóː.t͡ʃɪ̀]""], ""examples"": [], ""dialect_assigned_default"": true}"
"rafani","noun","8","{""source"": ""Wiktionary Hausa"", ""license"": ""CC BY-SA"", ""attribution"": ""Wiktionary via kaikki.org"", ""definitions"": [""maternal uncle""], ""parts_of_speech"": [""noun""], ""ipa"": [""/ráː.fàː.níː/"", ""[ráː.ɸàː.níː]""], ""examples"": [], ""dialect_assigned_default"": true}"
"lardi","noun","8","{""source"": ""Wiktionary Hausa"", ""license"": ""CC BY-SA"", ""attribution"": ""Wiktionary via kaikki.org"", ""definitions"": [""province, district""], ""parts_of_speech"": [""noun""], ""ipa"": [""/lár.dìː/"", ""[lár.dìː]""], ""examples"": [], ""dialect_assigned_default"": true}"
"gado","noun","8","{""source"": ""Wiktionary Hausa"", ""license"": ""CC BY-SA"", ""attribution"": ""Wiktionary via kaikki.org"", ""definitions"": [""bed""], ""parts_of_speech"": [""noun""], ""ipa"": [""/ɡá.dóː/"", ""[ɡə́.dóː]""], ""examples"": [], ""dialect_assigned_default"": true}"
"marini","noun","8","{""source"": ""Wiktionary Hausa"", ""license"": ""CC BY-SA"", ""attribution"": ""Wiktionary via kaikki.org"", ""definitions"": [""dyer""], ""parts_of_speech"": [""noun""], ""ipa"": [""/má.ɽì.níː/"", ""[mə́.ɽɪ̀.níː]""], ""examples"": [], ""dialect_assigned_default"": true}"
"sani","verb","8","{""source"": ""Wiktionary Hausa"", ""license"": ""CC BY-SA"", ""attribution"": ""Wiktionary via kaikki.org"", ""definitions"": [""know (have knowledge)"", ""know (be acquainted with)"", ""have sex with""], ""parts_of_speech"": [""verb""], ""ipa"": [""/sá.nìː/"", ""[sə́.nìː]""], ""examples"": [], ""dialect_assigned_default"": true}"
"lori","noun","8","{""source"": ""Wiktionary Hausa"", ""license"": ""CC BY-SA"", ""attribution"": ""Wiktionary via kaikki.org"", ""definitions"": [""truck, lorry""], ""parts_of_speech"": [""noun""], ""ipa"": [""/lóː.rìː/"", ""[lóː.rìː]""], ""examples"": [], ""dialect_assigned_default"": true}"
"tuwo","noun","8","{""source"": ""Wiktionary Hausa"", ""license"": ""CC BY-SA"", ""attribution"": ""Wiktionary via kaikki.org"", ""definitions"": [""swallow or porridge, a category solid meals made from rice, corn or millet flour taken with a range of soups, akin to ugali or nshima""], ""parts_of_speech"": [""noun""], ""ipa"": [""/tú.wóː/"", ""[tʊ́.wóː]""], ""examples"": [], ""dialect_assigned_default"": true}"
"maita","noun","8","{""source"": ""Wiktionary Hausa"", ""license"": ""CC BY-SA"", ""attribution"": ""Wiktionary via kaikki.org"", ""definitions"": [""witchcraft""], ""parts_of_speech"": [""noun""], ""ipa"": [""/mâi.táː/"", ""[mêi.táː]""], ""examples"": [], ""dialect_assigned_default"": true}"
"maina","noun","8","{""source"": ""Wiktionary Hausa"", ""license"": ""CC BY-SA"", ""attribution"": ""Wiktionary via kaikki.org"", ""definitions"": [""prince""], ""parts_of_speech"": [""noun""], ""ipa"": [""/mái.nà/"", ""[méi.nə̀]""], ""examples"": [], ""dialect_assigned_default"": true}"
"kalma","noun","8","{""source"": ""Wiktionary Hausa"", ""license"": ""CC BY-SA"", ""attribution"": ""Wiktionary via kaikki.org"", ""definitions"": [""word""], ""parts_of_speech"": [""noun""], ""ipa"": [""/kál.màː/"", ""[kál.màː]""], ""examples"": [], ""dialect_assigned_default"": true}"
"jihadi","noun","8","{""source"": ""Wiktionary Hausa"", ""license"": ""CC BY-SA"", ""attribution"": ""Wiktionary via kaikki.org"", ""definitions"": [""jihad (holy war)""], ""parts_of_speech"": [""noun""], ""ipa"": [""/(d)ʒì.háː.dìː/"", ""[d͡ʒɪ̀.háː.dìː]""], ""examples"": [], ""dialect_assigned_default"": true}"
"sarka","noun","8","{""source"": ""Wiktionary Hausa"", ""license"": ""CC BY-SA"", ""attribution"": ""Wiktionary via kaikki.org"", ""definitions"": [""alternative form of sàlkā""], ""parts_of_speech"": [""noun""], ""ipa"": [""/sàr.káː/"", ""[sàr.káː]""], ""examples"": [], ""dialect_assigned_default"": true}"
"taru","noun","8","{""source"": ""Wiktionary Hausa"", ""license"": ""CC BY-SA"", ""attribution"": ""Wiktionary via kaikki.org"", ""definitions"": [""large fishing net""], ""parts_of_speech"": [""noun""], ""ipa"": [""/táː.ɽúː/"", ""[táː.ɽúː]""], ""examples"": [], ""dialect_assigned_default"": true}"
"sanata","noun","8","{""source"": ""Wiktionary Hausa"", ""license"": ""CC BY-SA"", ""attribution"": ""Wiktionary via kaikki.org"", ""definitions"": [""senator""], ""parts_of_speech"": [""noun""], ""ipa"": [""/sá.ná.tàː/"", ""[sə́.nə́.tàː]""], ""examples"": [], ""dialect_assigned_default"": true}"
"lasin","noun","8","{""source"": ""Wiktionary Hausa"", ""license"": ""CC BY-SA"", ""attribution"": ""Wiktionary via kaikki.org"", ""definitions"": [""license, licence (especially a driver's license / driving licence)""], ""parts_of_speech"": [""noun""], ""ipa"": [""/láː.sìn/"", ""[láː.sɪ̀ŋ]""], ""examples"": [], ""dialect_assigned_default"": true}"
"gona","noun","8","{""source"": ""Wiktionary Hausa"", ""license"": ""CC BY-SA"", ""attribution"": ""Wiktionary via kaikki.org"", ""definitions"": [""farm""], ""parts_of_speech"": [""noun""], ""ipa"": [""/ɡóː.náː/"", ""[ɡʷóː.náː]""], ""examples"": [], ""dialect_assigned_default"": true}"
"Yuni","name","8","{""source"": ""Wiktionary Hausa"", ""license"": ""CC BY-SA"", ""attribution"": ""Wiktionary via kaikki.org"", ""definitions"": [""June""], ""parts_of_speech"": [""name""], ""ipa"": [""/júː.nì/"", ""[júː.nɪ̀]""], ""examples"": [], ""dialect_assigned_default"": true}"
"Yuli","name","8","{""source"": ""Wiktionary Hausa"", ""license"": ""CC BY-SA"", ""attribution"": ""Wiktionary via kaikki.org"", ""definitions"": [""July""], ""parts_of_speech"": [""name""], ""ipa"": [""/júː.lì/"", ""[júː.lɪ̀]""], ""examples"": [], ""dialect_assigned_default"": true}"
"mena","noun","8","{""source"": ""Wiktionary Hausa"", ""license"": ""CC BY-SA"", ""attribution"": ""Wiktionary via kaikki.org"", ""definitions"": [""dama gazelle""], ""parts_of_speech"": [""noun""], ""ipa"": [""/méː.nàː/"", ""[méː.nàː]""], ""examples"": [], ""dialect_assigned_default"": true}"
"laima","noun","8","{""source"": ""Wiktionary Hausa"", ""license"": ""CC BY-SA"", ""attribution"": ""Wiktionary via kaikki.org"", ""definitions"": [""tent"", ""umbrella"", ""parachute"", ""shade"", ""dampness""], ""parts_of_speech"": [""noun""], ""ipa"": [""/lái.màː/"", ""[léi.màː]"", ""/lái.màː/"", ""[léi.màː]""], ""examples"": [], ""dialect_assigned_default"": true}"
"kwal","noun","8","{""source"": ""Wiktionary Hausa"", ""license"": ""CC BY-SA"", ""attribution"": ""Wiktionary via kaikki.org"", ""definitions"": [""coal"", ""collar""], ""parts_of_speech"": [""noun""], ""ipa"": [""/kʷâl/"", ""[kʷâl]"", ""/kʷâl/"", ""[kʷâl]""], ""examples"": [], ""dialect_assigned_default"": true}"
"metso","noun","8","{""source"": ""Wiktionary Hausa"", ""license"": ""CC BY-SA"", ""attribution"": ""Wiktionary via kaikki.org"", ""definitions"": [""caracal""], ""parts_of_speech"": [""noun""], ""ipa"": [""/mèː.(t)sʼóː/"", ""[mèː.sʼóː]""], ""examples"": [], ""dialect_assigned_default"": true}"
"salga","noun","8","{""source"": ""Wiktionary Hausa"", ""license"": ""CC BY-SA"", ""attribution"": ""Wiktionary via kaikki.org"", ""definitions"": [""pit latrine""], ""parts_of_speech"": [""noun""], ""ipa"": [""/sál.ɡáː/"", ""[sál.ɡáː]""], ""examples"": [], ""dialect_assigned_default"": true}"
"tilo","noun","8","{""source"": ""Wiktionary Hausa"", ""license"": ""CC BY-SA"", ""attribution"": ""Wiktionary via kaikki.org"", ""definitions"": [""single one"", ""singular""], ""parts_of_speech"": [""noun""], ""ipa"": [""/tìː.lóː/"", ""[tìː.lóː]""], ""examples"": [], ""dialect_assigned_default"": true}"
"mussa","noun","8","{""source"": ""Wiktionary Hausa"", ""license"": ""CC BY-SA"", ""attribution"": ""Wiktionary via kaikki.org"", ""definitions"": [""cat""], ""parts_of_speech"": [""noun""], ""ipa"": [""/mús.sàː/"", ""/mús.sà/""], ""examples"": [], ""dialect_assigned_default"": true}"
"lale","verb","8","{""source"": ""Wiktionary Hausa"", ""license"": ""CC BY-SA"", ""attribution"": ""Wiktionary via kaikki.org"", ""definitions"": [""to shuffle cards""], ""parts_of_speech"": [""verb""], ""ipa"": [""/láː.lèː/"", ""[láː.lèː]""], ""examples"": [], ""dialect_assigned_default"": true}"
"tana","noun","8","{""source"": ""Wiktionary Hausa"", ""license"": ""CC BY-SA"", ""attribution"": ""Wiktionary via kaikki.org"", ""definitions"": [""earthworm"", ""membrane covering a body part"", ""thin, sometimes crispy skin (e.g., on roasted chicken)""], ""parts_of_speech"": [""noun""], ""ipa"": [""/táː.náː/"", ""[táː.náː]""], ""examples"": [], ""dialect_assigned_default"": true}"
"daga","noun","8","{""source"": ""Wiktionary Hausa"", ""license"": ""CC BY-SA"", ""attribution"": ""Wiktionary via kaikki.org"", ""definitions"": [""bangle-charm (worn on the upper arm or wrist)"", ""struggle, battle""], ""parts_of_speech"": [""noun""], ""ipa"": [""/dá.ɡáː/"", ""[də́.ɡáː]"", ""/dáː.ɡáː/"", ""[dáː.ɡáː]""], ""examples"": [], ""dialect_assigned_default"": true}"
"boka","noun","8","{""source"": ""Wiktionary Hausa"", ""license"": ""CC BY-SA"", ""attribution"": ""Wiktionary via kaikki.org"", ""definitions"": [""herbalist, traditional healer"", ""wizard""], ""parts_of_speech"": [""noun""], ""ipa"": [""/bóː.káː/"", ""[bóː.káː]""], ""examples"": [], ""dialect_assigned_default"": true}"
"hutsu","adj","8","{""source"": ""Wiktionary Hausa"", ""license"": ""CC BY-SA"", ""attribution"": ""Wiktionary via kaikki.org"", ""definitions"": [""cranky, cantankerous"", ""a cranky person""], ""parts_of_speech"": [""adj"", ""noun""], ""ipa"": [""/húː.(t)sʼúː/"", ""[húː.sʼúː]"", ""/húː.(t)sʼúː/"", ""[húː.sʼúː]""], ""examples"": [], ""dialect_assigned_default"": true}"
"fita","noun","8","{""source"": ""Wiktionary Hausa"", ""license"": ""CC BY-SA"", ""attribution"": ""Wiktionary via kaikki.org"", ""definitions"": [""graduation""], ""parts_of_speech"": [""noun""], ""ipa"": [""/fì.táː/"", ""[ɸɪ̀.táː]""], ""examples"": [], ""dialect_assigned_default"": true}"
"zau","noun","8","{""source"": ""Wiktionary Hausa"", ""license"": ""CC BY-SA"", ""attribution"": ""Wiktionary via kaikki.org"", ""definitions"": [""very hot"", ""very sweet""], ""parts_of_speech"": [""noun""], ""ipa"": [""/záu/"", ""[záu]""], ""examples"": [], ""dialect_assigned_default"": true}"
"sakan","noun","8","{""source"": ""Wiktionary Hausa"", ""license"": ""CC BY-SA"", ""attribution"": ""Wiktionary via kaikki.org"", ""definitions"": [""second (unit of time)"", ""second hand of a watch or clock""], ""parts_of_speech"": [""noun""], ""ipa"": [""/sá.kàn/"", ""[sə́.kàŋ]""], ""examples"": [], ""dialect_assigned_default"": true}"
"Gana","name","8","{""source"": ""Wiktionary Hausa"", ""license"": ""CC BY-SA"", ""attribution"": ""Wiktionary via kaikki.org"", ""definitions"": [""Ghana (a country in West Africa)""], ""parts_of_speech"": [""name""], ""ipa"": [""/ɡáː.nà/"", ""[ɡáː.nə̀]""], ""examples"": [], ""dialect_assigned_default"": true}"
"datti","noun","8","{""source"": ""Wiktionary Hausa"", ""license"": ""CC BY-SA"", ""attribution"": ""Wiktionary via kaikki.org"", ""definitions"": [""dirt, filth, waste""], ""parts_of_speech"": [""noun""], ""ipa"": [""/dàt.tí/"", ""[dàt.tɪ́]""], ""examples"": [], ""dialect_assigned_default"": true}"
"kada","noun","8","{""source"": ""Wiktionary Hausa"", ""license"": ""CC BY-SA"", ""attribution"": ""Wiktionary via kaikki.org"", ""definitions"": [""crocodile""], ""parts_of_speech"": [""noun""], ""ipa"": [""/ká.dáː/"", ""[kə́.dáː]""], ""examples"": [], ""dialect_assigned_default"": true}"
"sako","noun","8","{""source"": ""Wiktionary Hausa"", ""license"": ""CC BY-SA"", ""attribution"": ""Wiktionary via kaikki.org"", ""definitions"": [""A small pod of pumpkins or gourds.""], ""parts_of_speech"": [""noun""], ""ipa"": [""/sà.kóː/"", ""[sə̀.kʷóː]""], ""examples"": [], ""dialect_assigned_default"": true}"
"komo","noun","8","{""source"": ""Wiktionary Hausa"", ""license"": ""CC BY-SA"", ""attribution"": ""Wiktionary via kaikki.org"", ""definitions"": [""misshapen calabash"", ""A large lute, generally played for hunters.""], ""parts_of_speech"": [""noun""], ""ipa"": [""/kóː.móː/"", ""[kʷóː.móː]""], ""examples"": [], ""dialect_assigned_default"": true}"
"romo","noun","8","{""source"": ""Wiktionary Hausa"", ""license"": ""CC BY-SA"", ""attribution"": ""Wiktionary via kaikki.org"", ""definitions"": [""broth, soup""], ""parts_of_speech"": [""noun""], ""ipa"": [""/ɽóː.móː/"", ""[ɽóː.móː]""], ""examples"": [], ""dialect_assigned_default"": true}"
"jaka","noun","8","{""source"": ""Wiktionary Hausa"", ""license"": ""CC BY-SA"", ""attribution"": ""Wiktionary via kaikki.org"", ""definitions"": [""bag"", ""100 pounds (in the old currency)."", ""1000 francs.""], ""parts_of_speech"": [""noun""], ""ipa"": [""/(d)ʒà.káː/"", ""[d͡ʒə̀.káː]""], ""examples"": [], ""dialect_assigned_default"": true}"
"gasa","noun","8","{""source"": ""Wiktionary Hausa"", ""license"": ""CC BY-SA"", ""attribution"": ""Wiktionary via kaikki.org"", ""definitions"": [""competition, contest""], ""parts_of_speech"": [""noun""], ""ipa"": [""/ɡàː.sáː/"", ""[ɡàː.sáː]""], ""examples"": [], ""dialect_assigned_default"": true}"
"kasat","noun","8","{""source"": ""Wiktionary Hausa"", ""license"": ""CC BY-SA"", ""attribution"": ""Wiktionary via kaikki.org"", ""definitions"": [""cassette""], ""parts_of_speech"": [""noun""], ""ipa"": [""/káː.sàt/"", ""[káː.sàt]""], ""examples"": [], ""dialect_assigned_default"": true}"
"tuntu","noun","8","{""source"": ""Wiktionary Hausa"", ""license"": ""CC BY-SA"", ""attribution"": ""Wiktionary via kaikki.org"", ""definitions"": [""A tassel or knob on top of a cap or gown.""], ""parts_of_speech"": [""noun""], ""ipa"": [""/tún.túː/"", ""[tɪ́n.túː]""], ""examples"": [], ""dialect_assigned_default"": true}"
"lacca","noun","8","{""source"": ""Wiktionary Hausa"", ""license"": ""CC BY-SA"", ""attribution"": ""Wiktionary via kaikki.org"", ""definitions"": [""lecture""], ""parts_of_speech"": [""noun""], ""ipa"": [""/lát͡ʃ.t͡ʃàː/"", ""[lát.t͡ʃàː]""], ""examples"": [], ""dialect_assigned_default"": true}"
"aske","verb","8","{""source"": ""Wiktionary Hausa"", ""license"": ""CC BY-SA"", ""attribution"": ""Wiktionary via kaikki.org"", ""definitions"": [""to shave (usually the head)""], ""parts_of_speech"": [""verb""], ""ipa"": [""/ʔás.kèː/"", ""[ʔás.cèː]""], ""examples"": [], ""dialect_assigned_default"": true}"
"lula","verb","8","{""source"": ""Wiktionary Hausa"", ""license"": ""CC BY-SA"", ""attribution"": ""Wiktionary via kaikki.org"", ""definitions"": [""to flee, to go far away""], ""parts_of_speech"": [""verb""], ""ipa"": [""/lúː.làː/"", ""[lúː.làː]""], ""examples"": [], ""dialect_assigned_default"": true}"
"sef","noun","8","{""source"": ""Wiktionary Hausa"", ""license"": ""CC BY-SA"", ""attribution"": ""Wiktionary via kaikki.org"", ""definitions"": [""safe (for money or valuables)""], ""parts_of_speech"": [""noun""], ""ipa"": [""/sêf/"", ""[sêɸ]""], ""examples"": [], ""dialect_assigned_default"": true}"
"adu","noun","8","{""source"": ""Wiktionary Hausa"", ""license"": ""CC BY-SA"", ""attribution"": ""Wiktionary via kaikki.org"", ""definitions"": [""smallpox""], ""parts_of_speech"": [""noun""], ""ipa"": [""/ʔá.dú/"", ""[ʔá.dɪ́]""], ""examples"": [], ""dialect_assigned_default"": true}"
"zaiti","noun","8","{""source"": ""Wiktionary Hausa"", ""license"": ""CC BY-SA"", ""attribution"": ""Wiktionary via kaikki.org"", ""definitions"": [""eucalyptus oil""], ""parts_of_speech"": [""noun""], ""ipa"": [""/zái.tìː/"", ""[zéi.tìː]""], ""examples"": [], ""dialect_assigned_default"": true}"
"iblis","noun","8","{""source"": ""Wiktionary Hausa"", ""license"": ""CC BY-SA"", ""attribution"": ""Wiktionary via kaikki.org"", ""definitions"": [""Satan""], ""parts_of_speech"": [""noun""], ""ipa"": [""/ʔìb.lîs/"", ""[ʔɪ̀b.lɪ̂s]""], ""examples"": [], ""dialect_assigned_default"": true}"
"saye","noun","8","{""source"": ""Wiktionary Hausa"", ""license"": ""CC BY-SA"", ""attribution"": ""Wiktionary via kaikki.org"", ""definitions"": [""A purchase; buying"", ""verbal noun of saya"", ""Speaking in a way such as to hide the meaning from a listener.""], ""parts_of_speech"": [""noun""], ""ipa"": [""/sà.jéː/"", ""[sɛ̀.jéː]"", ""/sàː.jéː/"", ""[sàː.jéː]""], ""examples"": [], ""dialect_assigned_default"": true}"
"kanne","verb","8","{""source"": ""Wiktionary Hausa"", ""license"": ""CC BY-SA"", ""attribution"": ""Wiktionary via kaikki.org"", ""definitions"": [""to close one eye, to wink""], ""parts_of_speech"": [""verb""], ""ipa"": [""/kán.nèː/"", ""[kán.nèː]""], ""examples"": [], ""dialect_assigned_default"": true}"
"kaza","noun","8","{""source"": ""Wiktionary Hausa"", ""license"": ""CC BY-SA"", ""attribution"": ""Wiktionary via kaikki.org"", ""definitions"": [""chicken, hen""], ""parts_of_speech"": [""noun""], ""ipa"": [""/kàː.záː/"", ""[kàː.záː]""], ""examples"": [], ""dialect_assigned_default"": true}"
"dinya","noun","8","{""source"": ""Wiktionary Hausa"", ""license"": ""CC BY-SA"", ""attribution"": ""Wiktionary via kaikki.org"", ""definitions"": [""Knob-billed duck""], ""parts_of_speech"": [""noun""], ""ipa"": [""/dín.jáː/"", ""[dɪ́ɲ.jáː]""], ""examples"": [], ""dialect_assigned_default"": true}"
"Alli","name","8","{""source"": ""Wiktionary Hausa"", ""license"": ""CC BY-SA"", ""attribution"": ""Wiktionary via kaikki.org"", ""definitions"": [""a male given name""], ""parts_of_speech"": [""name""], ""ipa"": [""/ʔàl.líː/"", ""[ʔàl.líː]""], ""examples"": [], ""dialect_assigned_default"": true}"
"feda","noun","8","{""source"": ""Wiktionary Hausa"", ""license"": ""CC BY-SA"", ""attribution"": ""Wiktionary via kaikki.org"", ""definitions"": [""pedal (of a bicycle)""], ""parts_of_speech"": [""noun""], ""ipa"": [""/féː.dàː/"", ""[ɸéː.dàː]""], ""examples"": [], ""dialect_assigned_default"": true}"
"tifa","noun","8","{""source"": ""Wiktionary Hausa"", ""license"": ""CC BY-SA"", ""attribution"": ""Wiktionary via kaikki.org"", ""definitions"": [""dump truck"", ""sand truck""], ""parts_of_speech"": [""noun""], ""ipa"": [""/tíː.fàː/"", ""[tíː.ɸàː]""], ""examples"": [], ""dialect_assigned_default"": true}"
"mesin","noun","8","{""source"": ""Wiktionary Hausa"", ""license"": ""CC BY-SA"", ""attribution"": ""Wiktionary via kaikki.org"", ""definitions"": [""mason""], ""parts_of_speech"": [""noun""], ""ipa"": [""/méː.sìn/"", ""[méː.sɪ̀ŋ]""], ""examples"": [], ""dialect_assigned_default"": true}"
"shiru","noun","8","{""source"": ""Wiktionary Hausa"", ""license"": ""CC BY-SA"", ""attribution"": ""Wiktionary via kaikki.org"", ""definitions"": [""silence""], ""parts_of_speech"": [""noun""], ""ipa"": [""/ʃí.ɽúː/"", ""[ʃɪ́.ɽúː]""], ""examples"": [], ""dialect_assigned_default"": true}"
"annabi","noun","8","{""source"": ""Wiktionary Hausa"", ""license"": ""CC BY-SA"", ""attribution"": ""Wiktionary via kaikki.org"", ""definitions"": [""prophet""], ""parts_of_speech"": [""noun""], ""ipa"": [""/ʔàn.ná.bìː/"", ""[ʔàn.nə́.bìː]""], ""examples"": [], ""dialect_assigned_default"": true}"
"laka","noun","8","{""source"": ""Wiktionary Hausa"", ""license"": ""CC BY-SA"", ""attribution"": ""Wiktionary via kaikki.org"", ""definitions"": [""spinal cord"", ""Pond mud or clay (used for building houses)""], ""parts_of_speech"": [""noun""], ""ipa"": [""/lá.káː/"", ""[lə́.káː]"", ""/láː.káː/"", ""[láː.káː]""], ""examples"": [], ""dialect_assigned_default"": true}"
"sara","noun","8","{""source"": ""Wiktionary Hausa"", ""license"": ""CC BY-SA"", ""attribution"": ""Wiktionary via kaikki.org"", ""definitions"": [""habit, practice, way, custom"", ""argot, jargon""], ""parts_of_speech"": [""noun""], ""ipa"": [""/sàː.ɽáː/"", ""[sàː.ɽáː]""], ""examples"": [], ""dialect_assigned_default"": true}"
"soja","noun","8","{""source"": ""Wiktionary Hausa"", ""license"": ""CC BY-SA"", ""attribution"": ""Wiktionary via kaikki.org"", ""definitions"": [""soldier"", ""army""], ""parts_of_speech"": [""noun""], ""ipa"": [""/sóː.(d)ʒà/"", ""[sóː.d͡ʒə̀]""], ""examples"": [], ""dialect_assigned_default"": true}"
"baya","noun","8","{""source"": ""Wiktionary Hausa"", ""license"": ""CC BY-SA"", ""attribution"": ""Wiktionary via kaikki.org"", ""definitions"": [""back"", ""outside surface"", ""behind, backwards""], ""parts_of_speech"": [""noun"", ""adv""], ""ipa"": [""/báː.jáː/"", ""[báː.jáː]"", ""/báː.já/"", ""[báː.jɛ́]"", ""/báː.jáː/"", ""[báː.jáː]"", ""/báː.já/"", ""[báː.jɛ́]""], ""examples"": [], ""dialect_assigned_default"": true}"
"ladan","noun","8","{""source"": ""Wiktionary Hausa"", ""license"": ""CC BY-SA"", ""attribution"": ""Wiktionary via kaikki.org"", ""definitions"": [""muezzin""], ""parts_of_speech"": [""noun""], ""ipa"": [""/làː.dân/"", ""[làː.dâŋ]""], ""examples"": [], ""dialect_assigned_default"": true}"
"hanta","noun","8","{""source"": ""Wiktionary Hausa"", ""license"": ""CC BY-SA"", ""attribution"": ""Wiktionary via kaikki.org"", ""definitions"": [""liver""], ""parts_of_speech"": [""noun""], ""ipa"": [""/hán.tàː/"", ""[hán.tàː]""], ""examples"": [], ""dialect_assigned_default"": true}"
"marke","noun","8","{""source"": ""Wiktionary Hausa"", ""license"": ""CC BY-SA"", ""attribution"": ""Wiktionary via kaikki.org"", ""definitions"": [""chew-stick tree (Anogeissus leiocarpa)""], ""parts_of_speech"": [""noun""], ""ipa"": [""/máɽ.kéː/"", ""[máɽ.céː]""], ""examples"": [], ""dialect_assigned_default"": true}"
"azahar","noun","8","{""source"": ""Wiktionary Hausa"", ""license"": ""CC BY-SA"", ""attribution"": ""Wiktionary via kaikki.org"", ""definitions"": [""dhuhr, the noon prayer""], ""parts_of_speech"": [""noun""], ""ipa"": [""/ʔà.zá.hàr/"", ""[ʔà.zə́.hàr]""], ""examples"": [], ""dialect_assigned_default"": true}"
"ilmi","noun","8","{""source"": ""Wiktionary Hausa"", ""license"": ""CC BY-SA"", ""attribution"": ""Wiktionary via kaikki.org"", ""definitions"": [""alternative form of ilìmī""], ""parts_of_speech"": [""noun""], ""ipa"": [""/ʔíl.mìː/"", ""/ʔîl.míː/"", ""[ʔɪ́l.mìː]"", ""[ʔɪ̂l.míː]""], ""examples"": [], ""dialect_assigned_default"": true}"
"fes","noun","8","{""source"": ""Wiktionary Hausa"", ""license"": ""CC BY-SA"", ""attribution"": ""Wiktionary via kaikki.org"", ""definitions"": [""very clean""], ""parts_of_speech"": [""noun""], ""ipa"": [""/fés/"", ""[ɸɛ́s]""], ""examples"": [], ""dialect_assigned_default"": true}"
"tauna","verb","8","{""source"": ""Wiktionary Hausa"", ""license"": ""CC BY-SA"", ""attribution"": ""Wiktionary via kaikki.org"", ""definitions"": [""to chew""], ""parts_of_speech"": [""verb""], ""ipa"": [""/táu.nàː/"", ""[táu.nàː]""], ""examples"": [], ""dialect_assigned_default"": true}"
"ainun","adv","8","{""source"": ""Wiktionary Hausa"", ""license"": ""CC BY-SA"", ""attribution"": ""Wiktionary via kaikki.org"", ""definitions"": [""very much, extremely""], ""parts_of_speech"": [""adv""], ""ipa"": [""/ʔái.nùn/"", ""[ʔái.nɪ̀ŋ]""], ""examples"": [], ""dialect_assigned_default"": true}"
"kanki","noun","8","{""source"": ""Wiktionary Hausa"", ""license"": ""CC BY-SA"", ""attribution"": ""Wiktionary via kaikki.org"", ""definitions"": [""western hartebeest""], ""parts_of_speech"": [""noun""], ""ipa"": [""/kán.kìː/"", ""[kɛ́ɲ.cìː]""], ""examples"": [], ""dialect_assigned_default"": true}"
"fat","noun","8","{""source"": ""Wiktionary Hausa"", ""license"": ""CC BY-SA"", ""attribution"": ""Wiktionary via kaikki.org"", ""definitions"": [""bright white""], ""parts_of_speech"": [""noun""], ""ipa"": [""/fát/"", ""[ɸát]""], ""examples"": [], ""dialect_assigned_default"": true}"
"wuski","noun","8","{""source"": ""Wiktionary Hausa"", ""license"": ""CC BY-SA"", ""attribution"": ""Wiktionary via kaikki.org"", ""definitions"": [""destitute person"", ""thief"", ""whiskey""], ""parts_of_speech"": [""noun""], ""ipa"": [""/wús.kíː/"", ""[wʊ́s.cíː]"", ""/wús.kìː/"", ""[wʊ́s.cìː]""], ""examples"": [], ""dialect_assigned_default"": true}"
"sharif","noun","8","{""source"": ""Wiktionary Hausa"", ""license"": ""CC BY-SA"", ""attribution"": ""Wiktionary via kaikki.org"", ""definitions"": [""alternative form of sharifi""], ""parts_of_speech"": [""noun""], ""ipa"": [""/ʃà.rîf/"", ""[ʃə̀.rɪ̂ɸ]""], ""examples"": [], ""dialect_assigned_default"": true}"
"hadda","noun","8","{""source"": ""Wiktionary Hausa"", ""license"": ""CC BY-SA"", ""attribution"": ""Wiktionary via kaikki.org"", ""definitions"": [""memorization""], ""parts_of_speech"": [""noun""], ""ipa"": [""/hád.dàː/"", ""[hád.dàː]""], ""examples"": [], ""dialect_assigned_default"": true}"
"Mustapha","name","8","{""source"": ""Wiktionary Hausa"", ""license"": ""CC BY-SA"", ""attribution"": ""Wiktionary via kaikki.org"", ""definitions"": [""a male given name""], ""parts_of_speech"": [""name""], ""ipa"": [""/mús.tà.fáː/"", ""[mʊ́s.tə̀.ɸáː]""], ""examples"": [], ""dialect_assigned_default"": true}"
"holo","noun","8","{""source"": ""Wiktionary Hausa"", ""license"": ""CC BY-SA"", ""attribution"": ""Wiktionary via kaikki.org"", ""definitions"": [""polo (game)""], ""parts_of_speech"": [""noun""], ""ipa"": [""/hóː.lòː/"", ""[hóː.lòː]""], ""examples"": [], ""dialect_assigned_default"": true}"
"rimi","noun","8","{""source"": ""Wiktionary Hausa"", ""license"": ""CC BY-SA"", ""attribution"": ""Wiktionary via kaikki.org"", ""definitions"": [""silk-cotton tree, kapok tree""], ""parts_of_speech"": [""noun""], ""ipa"": [""/ɽíː.míː/"", ""[ɽíː.míː]""], ""examples"": [], ""dialect_assigned_default"": true}"
"wani","pron","8","{""source"": ""Wiktionary Hausa"", ""license"": ""CC BY-SA"", ""attribution"": ""Wiktionary via kaikki.org"", ""definitions"": [""someone"", ""some, a certain, another"", ""a, some""], ""parts_of_speech"": [""pron""], ""ipa"": [""/wá.ní/"", ""[wə́.nɪ́]""], ""examples"": [], ""dialect_assigned_default"": true}"
"randa","noun","8","{""source"": ""Wiktionary Hausa"", ""license"": ""CC BY-SA"", ""attribution"": ""Wiktionary via kaikki.org"", ""definitions"": [""A large pot for water storage.""], ""parts_of_speech"": [""noun""], ""ipa"": [""/ɽàn.dáː/"", ""[ɽàn.dáː]""], ""examples"": [], ""dialect_assigned_default"": true}"
"turare","noun","8","{""source"": ""Wiktionary Hausa"", ""license"": ""CC BY-SA"", ""attribution"": ""Wiktionary via kaikki.org"", ""definitions"": [""perfume, incense, scent"", ""eucalyptus""], ""parts_of_speech"": [""noun""], ""ipa"": [""/tù.ɽàː.ɽéː/"", ""[tɪ̀.ɽàː.ɽéː]""], ""examples"": [], ""dialect_assigned_default"": true}"
"yari","noun","8","{""source"": ""Wiktionary Hausa"", ""license"": ""CC BY-SA"", ""attribution"": ""Wiktionary via kaikki.org"", ""definitions"": [""earring""], ""parts_of_speech"": [""noun""], ""ipa"": [""/jà.ɽíː/"", ""[jɛ̀.ɽíː]""], ""examples"": [], ""dialect_assigned_default"": true}"
"gari","noun","8","{""source"": ""Wiktionary Hausa"", ""license"": ""CC BY-SA"", ""attribution"": ""Wiktionary via kaikki.org"", ""definitions"": [""town, village"", ""flour"", ""powder, powdered substance""], ""parts_of_speech"": [""noun""], ""ipa"": [""/ɡà.ɽíː/"", ""[ɡə̀.ɽíː]"", ""/ɡà.ɽíː/"", ""[ɡə̀.ɽíː]"", ""/ɡàː.ɽíː/"", ""[ɡàː.ɽíː]""], ""examples"": [], ""dialect_assigned_default"": true}"
"adire","noun","8","{""source"": ""Wiktionary Hausa"", ""license"": ""CC BY-SA"", ""attribution"": ""Wiktionary via kaikki.org"", ""definitions"": [""adire (a type of tie-dyed cloth)""], ""parts_of_speech"": [""noun""], ""ipa"": [""/ʔà.dì.ré/"", ""[ʔà.dɪ̀.ré]""], ""examples"": [], ""dialect_assigned_default"": true}"
"sarki","noun","8","{""source"": ""Wiktionary Hausa"", ""license"": ""CC BY-SA"", ""attribution"": ""Wiktionary via kaikki.org"", ""definitions"": [""emir, king, chief"", ""boss, leader"", ""ace""], ""parts_of_speech"": [""noun""], ""ipa"": [""/sáɽ.kíː/"", ""[sáɽ.cíː]""], ""examples"": [], ""dialect_assigned_default"": true}"
"sanda","noun","8","{""source"": ""Wiktionary Hausa"", ""license"": ""CC BY-SA"", ""attribution"": ""Wiktionary via kaikki.org"", ""definitions"": [""stick, baton, staff, pole"", ""unit used to measure cloth (about 1 meter)""], ""parts_of_speech"": [""noun""], ""ipa"": [""/sàn.dá/"", ""[sàn.də́]""], ""examples"": [], ""dialect_assigned_default"": true}"
"amin","intj","8","{""source"": ""Wiktionary Hausa"", ""license"": ""CC BY-SA"", ""attribution"": ""Wiktionary via kaikki.org"", ""definitions"": [""amen; so be it"", ""A polite response to salamu alaikum.""], ""parts_of_speech"": [""intj""], ""ipa"": [""/ʔàː.mín/"", ""[ʔàː.mɪ́ŋ]""], ""examples"": [], ""dialect_assigned_default"": true}"
"takila","noun","8","{""source"": ""Wiktionary Hausa"", ""license"": ""CC BY-SA"", ""attribution"": ""Wiktionary via kaikki.org"", ""definitions"": [""third class (eg. on a train)""], ""parts_of_speech"": [""noun""], ""ipa"": [""/táː.kì.là/"", ""[táː.cɪ̀.lə̀]""], ""examples"": [], ""dialect_assigned_default"": true}"
"kasko","noun","8","{""source"": ""Wiktionary Hausa"", ""license"": ""CC BY-SA"", ""attribution"": ""Wiktionary via kaikki.org"", ""definitions"": [""small, earthenware bowl""], ""parts_of_speech"": [""noun""], ""ipa"": [""/kás.kóː/"", ""[kás.kʷóː]""], ""examples"": [], ""dialect_assigned_default"": true}"
"dinari","noun","8","{""source"": ""Wiktionary Hausa"", ""license"": ""CC BY-SA"", ""attribution"": ""Wiktionary via kaikki.org"", ""definitions"": [""dinar, gold coin""], ""parts_of_speech"": [""noun""], ""ipa"": [""/díː.náː.rìː/"", ""[díː.náː.rìː]""], ""examples"": [], ""dialect_assigned_default"": true}"
"masaya","noun","8","{""source"": ""Wiktionary Hausa"", ""license"": ""CC BY-SA"", ""attribution"": ""Wiktionary via kaikki.org"", ""definitions"": [""A place for buying things."", ""A place for hiding things.""], ""parts_of_speech"": [""noun""], ""ipa"": [""/má.sá.jáː/"", ""[mə́.sɛ́.jáː]"", ""/má.sáː.jáː/"", ""[mə́.sáː.jáː]""], ""examples"": [], ""dialect_assigned_default"": true}"
"aure","noun","8","{""source"": ""Wiktionary Hausa"", ""license"": ""CC BY-SA"", ""attribution"": ""Wiktionary via kaikki.org"", ""definitions"": [""marriage""], ""parts_of_speech"": [""noun""], ""ipa"": [""/ʔáu.ɽéː/"", ""[ʔáu.ɽéː]""], ""examples"": [], ""dialect_assigned_default"": true}"
"aibu","noun","8","{""source"": ""Wiktionary Hausa"", ""license"": ""CC BY-SA"", ""attribution"": ""Wiktionary via kaikki.org"", ""definitions"": [""fault, blame""], ""parts_of_speech"": [""noun""], ""ipa"": [""/ʔái.bù/"", ""[ʔái.bʊ̀]""], ""examples"": [], ""dialect_assigned_default"": true}"
"addini","noun","8","{""source"": ""Wiktionary Hausa"", ""license"": ""CC BY-SA"", ""attribution"": ""Wiktionary via kaikki.org"", ""definitions"": [""religion""], ""parts_of_speech"": [""noun""], ""ipa"": [""/ʔàd.díː.nìː/"", ""[ʔàd.díː.nìː]""], ""examples"": [], ""dialect_assigned_default"": true}"
"edita","noun","8","{""source"": ""Wiktionary Hausa"", ""license"": ""CC BY-SA"", ""attribution"": ""Wiktionary via kaikki.org"", ""definitions"": [""editor (person who edits)""], ""parts_of_speech"": [""noun""], ""ipa"": [""/ʔé.dí.tà/"", ""[ʔɛ́.dɪ́.tə̀]""], ""examples"": [], ""dialect_assigned_default"": true}"
"kaca","noun","8","{""source"": ""Wiktionary Hausa"", ""license"": ""CC BY-SA"", ""attribution"": ""Wiktionary via kaikki.org"", ""definitions"": [""bicycle chain""], ""parts_of_speech"": [""noun""], ""ipa"": [""/ká.t͡ʃàː/"", ""[kə́.t͡ʃàː]""], ""examples"": [], ""dialect_assigned_default"": true}"
"kofi","noun","8","{""source"": ""Wiktionary Hausa"", ""license"": ""CC BY-SA"", ""attribution"": ""Wiktionary via kaikki.org"", ""definitions"": [""cup"", ""coffee""], ""parts_of_speech"": [""noun""], ""ipa"": [""/kóː.fìː/"", ""[kʷóː.ɸìː]"", ""/kòː.fíː/"", ""[kʷòː.ɸíː]""], ""examples"": [], ""dialect_assigned_default"": true}"
"gitta","noun","8","{""source"": ""Wiktionary Hausa"", ""license"": ""CC BY-SA"", ""attribution"": ""Wiktionary via kaikki.org"", ""definitions"": [""small axe/ax"", ""to cross (e.g. a street)"", ""to slash someone across the neck""], ""parts_of_speech"": [""noun"", ""verb""], ""ipa"": [""/ɡít.tàː/"", ""[ɟɪ́t.tàː]"", ""/ɡít.tàː/"", ""[ɟɪ́t.tàː]""], ""examples"": [], ""dialect_assigned_default"": true}"
"gabar","noun","8","{""source"": ""Wiktionary Hausa"", ""license"": ""CC BY-SA"", ""attribution"": ""Wiktionary via kaikki.org"", ""definitions"": [""alternative form of gabàs (“east”)""], ""parts_of_speech"": [""noun""], ""ipa"": [""/ɡá.bàr/"", ""[ɡə́.bàr]""], ""examples"": [], ""dialect_assigned_default"": true}"
"gabas","noun","8","{""source"": ""Wiktionary Hausa"", ""license"": ""CC BY-SA"", ""attribution"": ""Wiktionary via kaikki.org"", ""definitions"": [""east""], ""parts_of_speech"": [""noun""], ""ipa"": [""/ɡá.bàs/"", ""[ɡə́.bàs]""], ""examples"": [], ""dialect_assigned_default"": true}"
"reza","noun","8","{""source"": ""Wiktionary Hausa"", ""license"": ""CC BY-SA"", ""attribution"": ""Wiktionary via kaikki.org"", ""definitions"": [""razorblade""], ""parts_of_speech"": [""noun""], ""ipa"": [""/réː.zàː/"", ""[réː.zàː]""], ""examples"": [], ""dialect_assigned_default"": true}"
"asara","noun","8","{""source"": ""Wiktionary Hausa"", ""license"": ""CC BY-SA"", ""attribution"": ""Wiktionary via kaikki.org"", ""definitions"": [""alternative form of hàsār̃ā̀""], ""parts_of_speech"": [""noun""], ""ipa"": [""/ʔà.sáː.ràː/"", ""[ʔà.sáː.ràː]""], ""examples"": [], ""dialect_assigned_default"": true}"
"dala","noun","8","{""source"": ""Wiktionary Hausa"", ""license"": ""CC BY-SA"", ""attribution"": ""Wiktionary via kaikki.org"", ""definitions"": [""Any of various currencies known as dollars or thalers."", ""25 kobo."", ""5 francs."", ""2 shillings."", ""cardinal (bird)""], ""parts_of_speech"": [""noun""], ""ipa"": [""/dá.làː/"", ""[də́.làː]"", ""/dàː.lá/"", ""[dàː.lə́]""], ""examples"": [], ""dialect_assigned_default"": true}"
"rige","noun","8","{""source"": ""Wiktionary Hausa"", ""license"": ""CC BY-SA"", ""attribution"": ""Wiktionary via kaikki.org"", ""definitions"": [""competition, race""], ""parts_of_speech"": [""noun""], ""ipa"": [""/ɽí.ɡé/"", ""[ɽɪ́.ɟé]""], ""examples"": [], ""dialect_assigned_default"": true}"
"tusa","noun","8","{""source"": ""Wiktionary Hausa"", ""license"": ""CC BY-SA"", ""attribution"": ""Wiktionary via kaikki.org"", ""definitions"": [""fart""], ""parts_of_speech"": [""noun""], ""ipa"": [""/túː.sàː/"", ""[túː.sàː]""], ""examples"": [], ""dialect_assigned_default"": true}"
"kango","noun","8","{""source"": ""Wiktionary Hausa"", ""license"": ""CC BY-SA"", ""attribution"": ""Wiktionary via kaikki.org"", ""definitions"": [""A deserted or dilapidated building."", ""An empty container.""], ""parts_of_speech"": [""noun""], ""ipa"": [""/kán.ɡóː/"", ""[káŋ.ɡʷóː]""], ""examples"": [], ""dialect_assigned_default"": true}"
"zina","noun","8","{""source"": ""Wiktionary Hausa"", ""license"": ""CC BY-SA"", ""attribution"": ""Wiktionary via kaikki.org"", ""definitions"": [""adultery, fornication, zina""], ""parts_of_speech"": [""noun""], ""ipa"": [""/zì.náː/"", ""[zɪ̀.náː]""], ""examples"": [], ""dialect_assigned_default"": true}"
"shadda","noun","8","{""source"": ""Wiktionary Hausa"", ""license"": ""CC BY-SA"", ""attribution"": ""Wiktionary via kaikki.org"", ""definitions"": [""cotton brocade"", ""shadda (gemination diacritic in Arabic script)"", ""pit latrine""], ""parts_of_speech"": [""noun""], ""ipa"": [""/ʃád.dàː/"", ""[ʃád.dàː]"", ""/ʃád.dàː/"", ""[ʃád.dàː]"", ""/ʃâd.dáː/"", ""[ʃâd.dáː]""], ""examples"": [], ""dialect_assigned_default"": true}"
"wau","noun","8","{""source"": ""Wiktionary Hausa"", ""license"": ""CC BY-SA"", ""attribution"": ""Wiktionary via kaikki.org"", ""definitions"": [""waw (letter of the Arabic alphabet)""], ""parts_of_speech"": [""noun""], ""ipa"": [""/wáu/"", ""[wáu]""], ""examples"": [], ""dialect_assigned_default"": true}"
"kanar","noun","8","{""source"": ""Wiktionary Hausa"", ""license"": ""CC BY-SA"", ""attribution"": ""Wiktionary via kaikki.org"", ""definitions"": [""colonel""], ""parts_of_speech"": [""noun""], ""ipa"": [""/ká.nàr/"", ""[kə́.nàr]""], ""examples"": [], ""dialect_assigned_default"": true}"
"wahala","noun","8","{""source"": ""Wiktionary Hausa"", ""license"": ""CC BY-SA"", ""attribution"": ""Wiktionary via kaikki.org"", ""definitions"": [""trouble, problem, difficulty""], ""parts_of_speech"": [""noun""], ""ipa"": [""/wà.há.làː/"", ""[wə̀.há.làː]""], ""examples"": [], ""dialect_assigned_default"": true}"
"tif","noun","8","{""source"": ""Wiktionary Hausa"", ""license"": ""CC BY-SA"", ""attribution"": ""Wiktionary via kaikki.org"", ""definitions"": [""inner tube""], ""parts_of_speech"": [""noun""], ""ipa"": [""/tîf/"", ""[tɪ̂ɸ]""], ""examples"": [], ""dialect_assigned_default"": true}"
"hasa","verb","8","{""source"": ""Wiktionary Hausa"", ""license"": ""CC BY-SA"", ""attribution"": ""Wiktionary via kaikki.org"", ""definitions"": [""to light or stoke a fire"", ""to incite""], ""parts_of_speech"": [""verb""], ""ipa"": [""/há.sàː/"", ""[há.sàː]""], ""examples"": [], ""dialect_assigned_default"": true}"
"hoto","noun","8","{""source"": ""Wiktionary Hausa"", ""license"": ""CC BY-SA"", ""attribution"": ""Wiktionary via kaikki.org"", ""definitions"": [""photograph""], ""parts_of_speech"": [""noun""], ""ipa"": [""/hòː.tóː/"", ""[hòː.tóː]""], ""examples"": [], ""dialect_assigned_default"": true}"
"waha","noun","8","{""source"": ""Wiktionary Hausa"", ""license"": ""CC BY-SA"", ""attribution"": ""Wiktionary via kaikki.org"", ""definitions"": [""playing in water""], ""parts_of_speech"": [""noun""], ""ipa"": [""/wá.hàː/"", ""[wə́.hàː]""], ""examples"": [], ""dialect_assigned_default"": true}"
"mishi","noun","8","{""source"": ""Wiktionary Hausa"", ""license"": ""CC BY-SA"", ""attribution"": ""Wiktionary via kaikki.org"", ""definitions"": [""a small stick used for applying mascara""], ""parts_of_speech"": [""noun""], ""ipa"": [""/mí.ʃíː/"", ""[mɪ́.ʃíː]""], ""examples"": [], ""dialect_assigned_default"": true}"
"yawa","noun","8","{""source"": ""Wiktionary Hausa"", ""license"": ""CC BY-SA"", ""attribution"": ""Wiktionary via kaikki.org"", ""definitions"": [""quantity""], ""parts_of_speech"": [""noun""], ""ipa"": [""/já.wàː/"", ""[jɛ́.wàː]""], ""examples"": [], ""dialect_assigned_default"": true}"
"agogo","noun","8","{""source"": ""Wiktionary Hausa"", ""license"": ""CC BY-SA"", ""attribution"": ""Wiktionary via kaikki.org"", ""definitions"": [""clock, watch""], ""parts_of_speech"": [""noun""], ""ipa"": [""/ʔà.ɡóː.ɡó/"", ""[ʔà.ɡʷóː.ɡʷó]""], ""examples"": [], ""dialect_assigned_default"": true}"
"fatsi","adj","8","{""source"": ""Wiktionary Hausa"", ""license"": ""CC BY-SA"", ""attribution"": ""Wiktionary via kaikki.org"", ""definitions"": [""light red""], ""parts_of_speech"": [""adj""], ""ipa"": [""/fá.(t)sʼíː/"", ""[ɸə́.sʼíː]""], ""examples"": [], ""dialect_assigned_default"": true}"
"zuma","noun","8","{""source"": ""Wiktionary Hausa"", ""license"": ""CC BY-SA"", ""attribution"": ""Wiktionary via kaikki.org"", ""definitions"": [""honey"", ""honeybee""], ""parts_of_speech"": [""noun""], ""ipa"": [""/zú.màː/"", ""[zɪ́.màː]""], ""examples"": [], ""dialect_assigned_default"": true}"
"dage","noun","8","{""source"": ""Wiktionary Hausa"", ""license"": ""CC BY-SA"", ""attribution"": ""Wiktionary via kaikki.org"", ""definitions"": [""honey badger""], ""parts_of_speech"": [""noun""], ""ipa"": [""/dá.ɡéː/"", ""[də́.ɟéː]""], ""examples"": [], ""dialect_assigned_default"": true}"
"filas","noun","8","{""source"": ""Wiktionary Hausa"", ""license"": ""CC BY-SA"", ""attribution"": ""Wiktionary via kaikki.org"", ""definitions"": [""thermos, flask""], ""parts_of_speech"": [""noun""], ""ipa"": [""/fì.lâs/"", ""[ɸɪ̀.lâs]""], ""examples"": [], ""dialect_assigned_default"": true}"
"ridda","noun","8","{""source"": ""Wiktionary Hausa"", ""license"": ""CC BY-SA"", ""attribution"": ""Wiktionary via kaikki.org"", ""definitions"": [""apostasy""], ""parts_of_speech"": [""noun""], ""ipa"": [""/ríd.dáː/"", ""[rɪ́d.dáː]""], ""examples"": [], ""dialect_assigned_default"": true}"
"zomo","noun","8","{""source"": ""Wiktionary Hausa"", ""license"": ""CC BY-SA"", ""attribution"": ""Wiktionary via kaikki.org"", ""definitions"": [""hare""], ""parts_of_speech"": [""noun""], ""ipa"": [""/zóː.móː/"", ""[zóː.móː]""], ""examples"": [], ""dialect_assigned_default"": true}"
"duros","noun","8","{""source"": ""Wiktionary Hausa"", ""license"": ""CC BY-SA"", ""attribution"": ""Wiktionary via kaikki.org"", ""definitions"": [""underpants""], ""parts_of_speech"": [""noun""], ""ipa"": [""/dù.rôs/"", ""[dɪ̀.râs]""], ""examples"": [], ""dialect_assigned_default"": true}"
"miski","noun","8","{""source"": ""Wiktionary Hausa"", ""license"": ""CC BY-SA"", ""attribution"": ""Wiktionary via kaikki.org"", ""definitions"": [""musk perfume""], ""parts_of_speech"": [""noun""], ""ipa"": [""/mís.kìː/"", ""[mɪ́s.cìː]""], ""examples"": [], ""dialect_assigned_default"": true}"
"lafi","noun","8","{""source"": ""Wiktionary Hausa"", ""license"": ""CC BY-SA"", ""attribution"": ""Wiktionary via kaikki.org"", ""definitions"": [""hem""], ""parts_of_speech"": [""noun""], ""ipa"": [""/láː.fìː/"", ""[láː.ɸìː]""], ""examples"": [], ""dialect_assigned_default"": true}"
"inna","noun","8","{""source"": ""Wiktionary Hausa"", ""license"": ""CC BY-SA"", ""attribution"": ""Wiktionary via kaikki.org"", ""definitions"": [""mother"", ""maternal aunt"", ""A polite term of address for any older woman."", ""royal priestess"", ""polio""], ""parts_of_speech"": [""noun""], ""ipa"": [""/ʔín.nà/"", ""[ʔɪ́n.nə̀]""], ""examples"": [], ""dialect_assigned_default"": true}"
"teku","noun","8","{""source"": ""Wiktionary Hausa"", ""license"": ""CC BY-SA"", ""attribution"": ""Wiktionary via kaikki.org"", ""definitions"": [""ocean, sea""], ""parts_of_speech"": [""noun""], ""ipa"": [""/tèː.kú/"", ""[tèː.kʷʊ́]""], ""examples"": [], ""dialect_assigned_default"": true}"
"wili","noun","8","{""source"": ""Wiktionary Hausa"", ""license"": ""CC BY-SA"", ""attribution"": ""Wiktionary via kaikki.org"", ""definitions"": [""wheel""], ""parts_of_speech"": [""noun""], ""ipa"": [""/wíː.lìː/"", ""[wíː.lìː]""], ""examples"": [], ""dialect_assigned_default"": true}"
"miji","noun","8","{""source"": ""Wiktionary Hausa"", ""license"": ""CC BY-SA"", ""attribution"": ""Wiktionary via kaikki.org"", ""definitions"": [""husband""], ""parts_of_speech"": [""noun""], ""ipa"": [""/mí.(d)ʒìː/"", ""[mɪ́.d͡ʒìː]""], ""examples"": [], ""dialect_assigned_default"": true}"
"mako","noun","8","{""source"": ""Wiktionary Hausa"", ""license"": ""CC BY-SA"", ""attribution"": ""Wiktionary via kaikki.org"", ""definitions"": [""week""], ""parts_of_speech"": [""noun""], ""ipa"": [""/máː.kòː/"", ""[máː.kʷòː]""], ""examples"": [], ""dialect_assigned_default"": true}"
"Asiya","name","8","{""source"": ""Wiktionary Hausa"", ""license"": ""CC BY-SA"", ""attribution"": ""Wiktionary via kaikki.org"", ""definitions"": [""Asia (the largest continent, located between Europe and the Pacific Ocean)""], ""parts_of_speech"": [""name""], ""ipa"": [""/ʔáː.sí.jà/"", ""[ʔáː.sɪ́.jɛ̀]""], ""examples"": [], ""dialect_assigned_default"": true}"
"mazo","noun","8","{""source"": ""Wiktionary Hausa"", ""license"": ""CC BY-SA"", ""attribution"": ""Wiktionary via kaikki.org"", ""definitions"": [""bushbuck""], ""parts_of_speech"": [""noun""], ""ipa"": [""/màː.zóː/"", ""[màː.zóː]""], ""examples"": [], ""dialect_assigned_default"": true}"
"daraja","noun","8","{""source"": ""Wiktionary Hausa"", ""license"": ""CC BY-SA"", ""attribution"": ""Wiktionary via kaikki.org"", ""definitions"": [""worth, value"", ""rank, class""], ""parts_of_speech"": [""noun""], ""ipa"": [""/dá.rá.(d)ʒàː/"", ""[də́.rə́.d͡ʒàː]""], ""examples"": [], ""dialect_assigned_default"": true}"
"jarida","noun","8","{""source"": ""Wiktionary Hausa"", ""license"": ""CC BY-SA"", ""attribution"": ""Wiktionary via kaikki.org"", ""definitions"": [""newspaper""], ""parts_of_speech"": [""noun""], ""ipa"": [""/(d)ʒà.ríː.dàː/"", ""[d͡ʒə̀.ríː.dàː]""], ""examples"": [], ""dialect_assigned_default"": true}"
"kaiwa","noun","8","{""source"": ""Wiktionary Hausa"", ""license"": ""CC BY-SA"", ""attribution"": ""Wiktionary via kaikki.org"", ""definitions"": [""A gift requiring a return gift at a later date.""], ""parts_of_speech"": [""noun""], ""ipa"": [""/kái.wáː/"", ""[kéi.wáː]""], ""examples"": [], ""dialect_assigned_default"": true}"
"idda","noun","8","{""source"": ""Wiktionary Hausa"", ""license"": ""CC BY-SA"", ""attribution"": ""Wiktionary via kaikki.org"", ""definitions"": [""iddah (waiting period until a woman can remarry)""], ""parts_of_speech"": [""noun""], ""ipa"": [""/ʔíd.dàː/"", ""[ʔɪ́d.dàː]""], ""examples"": [], ""dialect_assigned_default"": true}"
"gawa","noun","8","{""source"": ""Wiktionary Hausa"", ""license"": ""CC BY-SA"", ""attribution"": ""Wiktionary via kaikki.org"", ""definitions"": [""corpse, carcass""], ""parts_of_speech"": [""noun""], ""ipa"": [""/ɡáː.wáː/"", ""[ɡáː.wáː]""], ""examples"": [], ""dialect_assigned_default"": true}"
"alhaji","noun","8","{""source"": ""Wiktionary Hausa"", ""license"": ""CC BY-SA"", ""attribution"": ""Wiktionary via kaikki.org"", ""definitions"": [""hajji (one who has been a pilgrim to Mecca, usually used as a title)""], ""parts_of_speech"": [""noun""], ""ipa"": [""/ʔàl.há.(d)ʒíː/"", ""[ʔàl.há.d͡ʒíː]""], ""examples"": [], ""dialect_assigned_default"": true}"
"masara","noun","8","{""source"": ""Wiktionary Hausa"", ""license"": ""CC BY-SA"", ""attribution"": ""Wiktionary via kaikki.org"", ""definitions"": [""maize""], ""parts_of_speech"": [""noun""], ""ipa"": [""/má.sà.ráː/"", ""[mə́.sə̀.ráː]""], ""examples"": [], ""dialect_assigned_default"": true}"
"Kura","name","8","{""source"": ""Wiktionary Hausa"", ""license"": ""CC BY-SA"", ""attribution"": ""Wiktionary via kaikki.org"", ""definitions"": [""Kura (a town in Nigeria)""], ""parts_of_speech"": [""name""], ""ipa"": [""/kúː.ɽá/"", ""[kʷúː.ɽə́]""], ""examples"": [], ""dialect_assigned_default"": true}"
"Maka","name","8","{""source"": ""Wiktionary Hausa"", ""license"": ""CC BY-SA"", ""attribution"": ""Wiktionary via kaikki.org"", ""definitions"": [""Mecca (a city in Saudi Arabia)""], ""parts_of_speech"": [""name""], ""ipa"": [""/má.kà/"", ""[mə́.kə̀]""], ""examples"": [], ""dialect_assigned_default"": true}"
"ofis","noun","8","{""source"": ""Wiktionary Hausa"", ""license"": ""CC BY-SA"", ""attribution"": ""Wiktionary via kaikki.org"", ""definitions"": [""office""], ""parts_of_speech"": [""noun""], ""ipa"": [""/ʔóː.fìs/"", ""[ʔóː.ɸɪ̀s]""], ""examples"": [], ""dialect_assigned_default"": true}"
"malami","noun","8","{""source"": ""Wiktionary Hausa"", ""license"": ""CC BY-SA"", ""attribution"": ""Wiktionary via kaikki.org"", ""definitions"": [""teacher"", ""scholar"", ""official, supervisor""], ""parts_of_speech"": [""noun""], ""ipa"": [""/máː.là.míː/"", ""[máː.lə̀.míː]""], ""examples"": [], ""dialect_assigned_default"": true}"
"zama","noun","8","{""source"": ""Wiktionary Hausa"", ""license"": ""CC BY-SA"", ""attribution"": ""Wiktionary via kaikki.org"", ""definitions"": [""sitting, dwelling, existence"", ""verbal noun of zama""], ""parts_of_speech"": [""noun""], ""ipa"": [""/zá.máː/"", ""[zə́.máː]""], ""examples"": [], ""dialect_assigned_default"": true}"
"dokta","noun","8","{""source"": ""Wiktionary Hausa"", ""license"": ""CC BY-SA"", ""attribution"": ""Wiktionary via kaikki.org"", ""definitions"": [""doctor (used as a title for someone with a doctorate)""], ""parts_of_speech"": [""noun""], ""ipa"": [""/dók.tàː/"", ""[dɔ́k.tàː]""], ""examples"": [], ""dialect_assigned_default"": true}"
"dawa","noun","8","{""source"": ""Wiktionary Hausa"", ""license"": ""CC BY-SA"", ""attribution"": ""Wiktionary via kaikki.org"", ""definitions"": [""sorghum"", ""the bush, the forest""], ""parts_of_speech"": [""noun""], ""ipa"": [""/dáː.wàː/"", ""[dáː.wàː]"", ""/dá.wà/"", ""[də́.wə̀]""], ""examples"": [], ""dialect_assigned_default"": true}"
"ajali","noun","8","{""source"": ""Wiktionary Hausa"", ""license"": ""CC BY-SA"", ""attribution"": ""Wiktionary via kaikki.org"", ""definitions"": [""deadline, span of time"", ""fate, destiny""], ""parts_of_speech"": [""noun""], ""ipa"": [""/ʔá.(d)ʒà.líː/"", ""[ʔá.d͡ʒə̀.líː]""], ""examples"": [], ""dialect_assigned_default"": true}"
"asali","noun","8","{""source"": ""Wiktionary Hausa"", ""license"": ""CC BY-SA"", ""attribution"": ""Wiktionary via kaikki.org"", ""definitions"": [""origin, beginning"", ""foundation"", ""heritage, pedigree""], ""parts_of_speech"": [""noun""], ""ipa"": [""/ʔá.sá.líː/"", ""[ʔá.sə́.líː]""], ""examples"": [], ""dialect_assigned_default"": true}"
"jinsi","noun","8","{""source"": ""Wiktionary Hausa"", ""license"": ""CC BY-SA"", ""attribution"": ""Wiktionary via kaikki.org"", ""definitions"": [""sex"", ""gender"", ""kind, race, species""], ""parts_of_speech"": [""noun""], ""ipa"": [""/(d)ʒín.sìː/"", ""[d͡ʒɪ́n.sìː]""], ""examples"": [], ""dialect_assigned_default"": true}"
"fitina","noun","8","{""source"": ""Wiktionary Hausa"", ""license"": ""CC BY-SA"", ""attribution"": ""Wiktionary via kaikki.org"", ""definitions"": [""trouble, quarrelling""], ""parts_of_speech"": [""noun""], ""ipa"": [""/fì.tí.nàː/"", ""[ɸɪ̀.tɪ́.nàː]""], ""examples"": [], ""dialect_assigned_default"": true}"
"baibai","adv","8","{""source"": ""Wiktionary Hausa"", ""license"": ""CC BY-SA"", ""attribution"": ""Wiktionary via kaikki.org"", ""definitions"": [""inside-out""], ""parts_of_speech"": [""adv""], ""ipa"": [""/bài.bâi/"", ""[bèi.bêi]""], ""examples"": [], ""dialect_assigned_default"": true}"
"waziri","noun","8","{""source"": ""Wiktionary Hausa"", ""license"": ""CC BY-SA"", ""attribution"": ""Wiktionary via kaikki.org"", ""definitions"": [""a traditional title for a ruling official"", ""a minister or vizier in government""], ""parts_of_speech"": [""noun""], ""ipa"": [], ""examples"": [], ""dialect_assigned_default"": true}"
"sauti","noun","8","{""source"": ""Wiktionary Hausa"", ""license"": ""CC BY-SA"", ""attribution"": ""Wiktionary via kaikki.org"", ""definitions"": [""voice"", ""sound""], ""parts_of_speech"": [""noun""], ""ipa"": [""/sáu.tìː/"", ""[sáu.tìː]""], ""examples"": [], ""dialect_assigned_default"": true}"
"kabila","noun","8","{""source"": ""Wiktionary Hausa"", ""license"": ""CC BY-SA"", ""attribution"": ""Wiktionary via kaikki.org"", ""definitions"": [""alternative form of ƙàbīlā̀""], ""parts_of_speech"": [""noun""], ""ipa"": [""/kà.bíː.làː/"", ""[kə̀.bíː.làː]""], ""examples"": [], ""dialect_assigned_default"": true}"
"hasara","noun","8","{""source"": ""Wiktionary Hausa"", ""license"": ""CC BY-SA"", ""attribution"": ""Wiktionary via kaikki.org"", ""definitions"": [""loss (especially a serious one)""], ""parts_of_speech"": [""noun""], ""ipa"": [""/hà.sáː.ràː/"", ""[hà.sáː.ràː]""], ""examples"": [], ""dialect_assigned_default"": true}"
"sukari","noun","8","{""source"": ""Wiktionary Hausa"", ""license"": ""CC BY-SA"", ""attribution"": ""Wiktionary via kaikki.org"", ""definitions"": [""sugar""], ""parts_of_speech"": [""noun""], ""ipa"": [""/sú.kà.ríː/"", ""[sɪ́.kə̀.ríː]""], ""examples"": [], ""dialect_assigned_default"": true}"
"diwani","noun","8","{""source"": ""Wiktionary Hausa"", ""license"": ""CC BY-SA"", ""attribution"": ""Wiktionary via kaikki.org"", ""definitions"": [""register, account book"", ""anthology""], ""parts_of_speech"": [""noun""], ""ipa"": [""/díː.wáː.nìː/"", ""[díː.wáː.nìː]""], ""examples"": [], ""dialect_assigned_default"": true}"
"alama","noun","8","{""source"": ""Wiktionary Hausa"", ""license"": ""CC BY-SA"", ""attribution"": ""Wiktionary via kaikki.org"", ""definitions"": [""mark (indication for reference or measurement)"", ""sign, symbol"", ""indication, evidence""], ""parts_of_speech"": [""noun""], ""ipa"": [""/ʔà.láː.màː/"", ""[ʔà.láː.màː]""], ""examples"": [], ""dialect_assigned_default"": true}"
"wakili","noun","8","{""source"": ""Wiktionary Hausa"", ""license"": ""CC BY-SA"", ""attribution"": ""Wiktionary via kaikki.org"", ""definitions"": [""representative, agent"", ""member of the legislature""], ""parts_of_speech"": [""noun""], ""ipa"": [""/wà.kíː.lìː/"", ""[wə̀.cíː.lìː]""], ""examples"": [], ""dialect_assigned_default"": true}"
"taswira","noun","8","{""source"": ""Wiktionary Hausa"", ""license"": ""CC BY-SA"", ""attribution"": ""Wiktionary via kaikki.org"", ""definitions"": [""map""], ""parts_of_speech"": [""noun""], ""ipa"": [""/tàːs.wíː.ràː/"", ""[tàːs.wíː.ràː]""], ""examples"": [], ""dialect_assigned_default"": true}"
"falsafa","noun","8","{""source"": ""Wiktionary Hausa"", ""license"": ""CC BY-SA"", ""attribution"": ""Wiktionary via kaikki.org"", ""definitions"": [""philosophy""], ""parts_of_speech"": [""noun""], ""ipa"": [""/fál.sá.fàː/"", ""[ɸál.sə́.ɸàː]""], ""examples"": [], ""dialect_assigned_default"": true}"
"kambi","noun","8","{""source"": ""Wiktionary Hausa"", ""license"": ""CC BY-SA"", ""attribution"": ""Wiktionary via kaikki.org"", ""definitions"": [""crown""], ""parts_of_speech"": [""noun""], ""ipa"": [""/kám.bíː/"", ""[kám.bíː]""], ""examples"": [], ""dialect_assigned_default"": true}"
"kafiri","noun","8","{""source"": ""Wiktionary Hausa"", ""license"": ""CC BY-SA"", ""attribution"": ""Wiktionary via kaikki.org"", ""definitions"": [""unbeliever, infidel, kafir""], ""parts_of_speech"": [""noun""], ""ipa"": [""/káː.fì.ríː/"", ""[káː.ɸɪ̀.ríː]""], ""examples"": [], ""dialect_assigned_default"": true}"
"tajiri","noun","8","{""source"": ""Wiktionary Hausa"", ""license"": ""CC BY-SA"", ""attribution"": ""Wiktionary via kaikki.org"", ""definitions"": [""alternative form of àttājìr̃ī (“wealthy person”)""], ""parts_of_speech"": [""noun""], ""ipa"": [""/táː.(d)ʒì.ríː/"", ""[táː.d͡ʒɪ̀.ríː]""], ""examples"": [], ""dialect_assigned_default"": true}"
"talaka","noun","8","{""source"": ""Wiktionary Hausa"", ""license"": ""CC BY-SA"", ""attribution"": ""Wiktionary via kaikki.org"", ""definitions"": [""poor person, pauper"", ""commoners, peasants, working class, proletariat""], ""parts_of_speech"": [""noun""], ""ipa"": [""/tá.là.kà/"", ""[tə́.lə̀.kə̀]""], ""examples"": [], ""dialect_assigned_default"": true}"
"jini","noun","8","{""source"": ""Wiktionary Hausa"", ""license"": ""CC BY-SA"", ""attribution"": ""Wiktionary via kaikki.org"", ""definitions"": [""blood"", ""menstruation"", ""lineage""], ""parts_of_speech"": [""noun""], ""ipa"": [""/(d)ʒí.níː/"", ""[d͡ʒɪ́.níː]""], ""examples"": [], ""dialect_assigned_default"": true}"
"safa","noun","8","{""source"": ""Wiktionary Hausa"", ""license"": ""CC BY-SA"", ""attribution"": ""Wiktionary via kaikki.org"", ""definitions"": [""large, intercity bus"", ""socks, stockings""], ""parts_of_speech"": [""noun""], ""ipa"": [""/sà.fâː/"", ""[sə̀.ɸâː]"", ""/sàː.fáː/"", ""[sàː.ɸáː]""], ""examples"": [], ""dialect_assigned_default"": true}"
"uzuri","noun","8","{""source"": ""Wiktionary Hausa"", ""license"": ""CC BY-SA"", ""attribution"": ""Wiktionary via kaikki.org"", ""definitions"": [""excuse""], ""parts_of_speech"": [""noun""], ""ipa"": [""/ʔú.zù.ríː/"", ""[ʔʊ́.zɪ̀.ríː]""], ""examples"": [], ""dialect_assigned_default"": true}"
"ciki","noun","8","{""source"": ""Wiktionary Hausa"", ""license"": ""CC BY-SA"", ""attribution"": ""Wiktionary via kaikki.org"", ""definitions"": [""stomach, belly"", ""pregnancy"", ""inside""], ""parts_of_speech"": [""noun"", ""adv""], ""ipa"": [""/t͡ʃí.kìː/"", ""[t͡ʃɪ́.cìː]"", ""/t͡ʃí.kí/"", ""[t͡ʃɪ́.cɪ́]"", ""/t͡ʃí.kìː/"", ""[t͡ʃɪ́.cìː]"", ""/t͡ʃí.kí/"", ""[t͡ʃɪ́.cɪ́]""], ""examples"": [], ""dialect_assigned_default"": true}"
"mizani","noun","8","{""source"": ""Wiktionary Hausa"", ""license"": ""CC BY-SA"", ""attribution"": ""Wiktionary via kaikki.org"", ""definitions"": [""scales, balance""], ""parts_of_speech"": [""noun""], ""ipa"": [""/míː.záː.nìː/"", ""[míː.záː.nìː]""], ""examples"": [], ""dialect_assigned_default"": true}"
"tuni","adv","8","{""source"": ""Wiktionary Hausa"", ""license"": ""CC BY-SA"", ""attribution"": ""Wiktionary via kaikki.org"", ""definitions"": [""long ago"", ""reminder""], ""parts_of_speech"": [""adv"", ""noun""], ""ipa"": [""/tù.ní/"", ""[tɪ̀.nɪ́]"", ""/tú.nìː/"", ""[tɪ́.nìː]"", ""/tù.ní/"", ""[tɪ̀.nɪ́]"", ""/tú.nìː/"", ""[tɪ́.nìː]""], ""examples"": [], ""dialect_assigned_default"": true}"
"alif","num","8","{""source"": ""Wiktionary Hausa"", ""license"": ""CC BY-SA"", ""attribution"": ""Wiktionary via kaikki.org"", ""definitions"": [""thousand (principally used in dates)""], ""parts_of_speech"": [""num""], ""ipa"": [""/ʔá.lìf/"", ""[ʔá.lɪ̀ɸ]""], ""examples"": [], ""dialect_assigned_default"": true}"
"somi","noun","8","{""source"": ""Wiktionary Hausa"", ""license"": ""CC BY-SA"", ""attribution"": ""Wiktionary via kaikki.org"", ""definitions"": [""beginning, start""], ""parts_of_speech"": [""noun""], ""ipa"": [""/sóː.mìː/"", ""[sóː.mìː]""], ""examples"": [], ""dialect_assigned_default"": true}"
"sahani","noun","8","{""source"": ""Wiktionary Hausa"", ""license"": ""CC BY-SA"", ""attribution"": ""Wiktionary via kaikki.org"", ""definitions"": [""teakettle""], ""parts_of_speech"": [""noun""], ""ipa"": [""/sà.háː.nìː/"", ""[sə̀.háː.nìː]""], ""examples"": [], ""dialect_assigned_default"": true}"
"shuka","noun","8","{""source"": ""Wiktionary Hausa"", ""license"": ""CC BY-SA"", ""attribution"": ""Wiktionary via kaikki.org"", ""definitions"": [""plants, crops"", ""to sow, to plant""], ""parts_of_speech"": [""noun"", ""verb""], ""ipa"": [""/ʃúː.kàː/"", ""[ʃúː.kàː]"", ""/ʃúː.kàː/"", ""[ʃúː.kàː]""], ""examples"": [], ""dialect_assigned_default"": true}"
"hausa","noun","8","{""source"": ""Wiktionary Hausa"", ""license"": ""CC BY-SA"", ""attribution"": ""Wiktionary via kaikki.org"", ""definitions"": [""language"", ""meaning""], ""parts_of_speech"": [""noun""], ""ipa"": [""/háu.sá/"", ""[háu.sə́]""], ""examples"": [], ""dialect_assigned_default"": true}"
"gwal","noun","8","{""source"": ""Wiktionary Hausa"", ""license"": ""CC BY-SA"", ""attribution"": ""Wiktionary via kaikki.org"", ""definitions"": [""gold""], ""parts_of_speech"": [""noun""], ""ipa"": [""/ɡʷâl/"", ""[ɡʷâl]""], ""examples"": [], ""dialect_assigned_default"": true}"
"Ɓ","character","8","{""source"": ""Wiktionary Hausa"", ""license"": ""CC BY-SA"", ""attribution"": ""Wiktionary via kaikki.org"", ""definitions"": [""The third letter of the Hausa alphabet, written in the Latin script. Preceded by B and followed by C, and representing /ɓ/.""], ""parts_of_speech"": [""character""], ""ipa"": [], ""examples"": [], ""dialect_assigned_default"": true}"
"Ɗ","character","8","{""source"": ""Wiktionary Hausa"", ""license"": ""CC BY-SA"", ""attribution"": ""Wiktionary via kaikki.org"", ""definitions"": [""The sixth letter of the Hausa alphabet, written in the Latin script. Preceded by D and followed by E, and representing /ɗ/.""], ""parts_of_speech"": [""character""], ""ipa"": [], ""examples"": [], ""dialect_assigned_default"": true}"
"ɗ","character","8","{""source"": ""Wiktionary Hausa"", ""license"": ""CC BY-SA"", ""attribution"": ""Wiktionary via kaikki.org"", ""definitions"": [""The sixth letter of the Hausa alphabet, written in the Latin script. Preceded by D and followed by E, and representing /ɗ/.""], ""parts_of_speech"": [""character""], ""ipa"": [], ""examples"": [], ""dialect_assigned_default"": true}"
"Maris","name","8","{""source"": ""Wiktionary Hausa"", ""license"": ""CC BY-SA"", ""attribution"": ""Wiktionary via kaikki.org"", ""definitions"": [""March""], ""parts_of_speech"": [""name""], ""ipa"": [""/máː.rìs/"", ""[máː.rɪ̀s]""], ""examples"": [], ""dialect_assigned_default"": true}"
"Yunan","name","8","{""source"": ""Wiktionary Hausa"", ""license"": ""CC BY-SA"", ""attribution"": ""Wiktionary via kaikki.org"", ""definitions"": [""Greece (a country in Southeast Europe)""], ""parts_of_speech"": [""name""], ""ipa"": [""/jùː.nân/"", ""[jùː.nâŋ]""], ""examples"": [], ""dialect_assigned_default"": true}"
"haji","noun","8","{""source"": ""Wiktionary Hausa"", ""license"": ""CC BY-SA"", ""attribution"": ""Wiktionary via kaikki.org"", ""definitions"": [""alternative form of hajji""], ""parts_of_speech"": [""noun""], ""ipa"": [""/há.(d)ʒì/"", ""[há.d͡ʒɪ̀]""], ""examples"": [], ""dialect_assigned_default"": true}"
"jika","adv","8","{""source"": ""Wiktionary Hausa"", ""license"": ""CC BY-SA"", ""attribution"": ""Wiktionary via kaikki.org"", ""definitions"": [""on the body""], ""parts_of_speech"": [""adv""], ""ipa"": [""/(d)ʒí.kà/"", ""[d͡ʒɪ́.kə̀]""], ""examples"": [], ""dialect_assigned_default"": true}"
"notis","noun","8","{""source"": ""Wiktionary Hausa"", ""license"": ""CC BY-SA"", ""attribution"": ""Wiktionary via kaikki.org"", ""definitions"": [""notice (especially of dismissal)""], ""parts_of_speech"": [""noun""], ""ipa"": [""/nóː.tìs/"", ""[nóː.tɪ̀s]""], ""examples"": [], ""dialect_assigned_default"": true}"
"lemo","noun","8","{""source"": ""Wiktionary Hausa"", ""license"": ""CC BY-SA"", ""attribution"": ""Wiktionary via kaikki.org"", ""definitions"": [""orange (fruit)"", ""soft drink""], ""parts_of_speech"": [""noun""], ""ipa"": [""/lèː.móː/"", ""[lèː.móː]""], ""examples"": [], ""dialect_assigned_default"": true}"
"iko","noun","8","{""source"": ""Wiktionary Hausa"", ""license"": ""CC BY-SA"", ""attribution"": ""Wiktionary via kaikki.org"", ""definitions"": [""power, control"", ""authority, jurisdiction""], ""parts_of_speech"": [""noun""], ""ipa"": [""/ʔíː.kòː/"", ""[ʔíː.kʷòː]""], ""examples"": [], ""dialect_assigned_default"": true}"
"Wagadugu","name","8","{""source"": ""Wiktionary Hausa"", ""license"": ""CC BY-SA"", ""attribution"": ""Wiktionary via kaikki.org"", ""definitions"": [""Ouagadougou (the capital city of Burkina Faso)""], ""parts_of_speech"": [""name""], ""ipa"": [""/wà.ɡà.dú.ɡù/"", ""[wə̀.ɡə̀.dɪ́.ɡʷʊ̀]""], ""examples"": [], ""dialect_assigned_default"": true}"
"kifa","verb","8","{""source"": ""Wiktionary Hausa"", ""license"": ""CC BY-SA"", ""attribution"": ""Wiktionary via kaikki.org"", ""definitions"": [""to turn upside down""], ""parts_of_speech"": [""verb""], ""ipa"": [""/kí.fàː/"", ""[cɪ́.ɸàː]""], ""examples"": [], ""dialect_assigned_default"": true}"
"imani","noun","8","{""source"": ""Wiktionary Hausa"", ""license"": ""CC BY-SA"", ""attribution"": ""Wiktionary via kaikki.org"", ""definitions"": [""faith, belief (especially in Islam)""], ""parts_of_speech"": [""noun""], ""ipa"": [""/ʔíː.máː.nìː/"", ""[ʔíː.máː.nìː]""], ""examples"": [], ""dialect_assigned_default"": true}"
"darma","noun","8","{""source"": ""Wiktionary Hausa"", ""license"": ""CC BY-SA"", ""attribution"": ""Wiktionary via kaikki.org"", ""definitions"": [""lead, tin""], ""parts_of_speech"": [""noun""], ""ipa"": [""/dár.màː/"", ""[dár.màː]""], ""examples"": [], ""dialect_assigned_default"": true}"
"kuɗi","noun","8","{""source"": ""Wiktionary Hausa"", ""license"": ""CC BY-SA"", ""attribution"": ""Wiktionary via kaikki.org"", ""definitions"": [""money, currency"", ""price, cost""], ""parts_of_speech"": [""noun""], ""ipa"": [""/kú.ɗíː/"", ""[kʷʊ́.ɗíː]""], ""examples"": [], ""dialect_assigned_default"": true}"
"keke","noun","8","{""source"": ""Wiktionary Hausa"", ""license"": ""CC BY-SA"", ""attribution"": ""Wiktionary via kaikki.org"", ""definitions"": [""bicycle"", ""machine""], ""parts_of_speech"": [""noun""], ""ipa"": [], ""examples"": [], ""dialect_assigned_default"": true}"
"kusa","adv","8","{""source"": ""Wiktionary Hausa"", ""license"": ""CC BY-SA"", ""attribution"": ""Wiktionary via kaikki.org"", ""definitions"": [""near, nearby""], ""parts_of_speech"": [""adv""], ""ipa"": [""/kú.sá/"", ""[kʷʊ́.sə́]""], ""examples"": [], ""dialect_assigned_default"": true}"
"bayan","prep","8","{""source"": ""Wiktionary Hausa"", ""license"": ""CC BY-SA"", ""attribution"": ""Wiktionary via kaikki.org"", ""definitions"": [""behind, after""], ""parts_of_speech"": [""prep""], ""ipa"": [""/báː.ján/"", ""[báː.jɛ́ŋ]""], ""examples"": [], ""dialect_assigned_default"": true}"
"baho","noun","8","{""source"": ""Wiktionary Hausa"", ""license"": ""CC BY-SA"", ""attribution"": ""Wiktionary via kaikki.org"", ""definitions"": [""bathtub, large basin""], ""parts_of_speech"": [""noun""], ""ipa"": [""/báː.hòː/"", ""[báː.hòː]""], ""examples"": [], ""dialect_assigned_default"": true}"
"zaitun","noun","8","{""source"": ""Wiktionary Hausa"", ""license"": ""CC BY-SA"", ""attribution"": ""Wiktionary via kaikki.org"", ""definitions"": [""olive"", ""olive tree"", ""A type of hardwood prayer bead.""], ""parts_of_speech"": [""noun""], ""ipa"": [""/zài.tûn/"", ""[zèi.tɪ̂ŋ]""], ""examples"": [], ""dialect_assigned_default"": true}"
"Ƙ","character","8","{""source"": ""Wiktionary Hausa"", ""license"": ""CC BY-SA"", ""attribution"": ""Wiktionary via kaikki.org"", ""definitions"": [""The uppercase form of ⟨ƙ⟩""], ""parts_of_speech"": [""character""], ""ipa"": [], ""examples"": [], ""dialect_assigned_default"": true}"
"ƙ","character","8","{""source"": ""Wiktionary Hausa"", ""license"": ""CC BY-SA"", ""attribution"": ""Wiktionary via kaikki.org"", ""definitions"": [""A velar ejective (IPA [kʼ]).""], ""parts_of_speech"": [""character""], ""ipa"": [], ""examples"": [], ""dialect_assigned_default"": true}"
"Ƴ","character","8","{""source"": ""Wiktionary Hausa"", ""license"": ""CC BY-SA"", ""attribution"": ""Wiktionary via kaikki.org"", ""definitions"": [""A letter of the Hausa alphabet, written in the Latin script..""], ""parts_of_speech"": [""character""], ""ipa"": [""/j̰/"", ""[j̰]""], ""examples"": [], ""dialect_assigned_default"": true}"
"nesa","adv","8","{""source"": ""Wiktionary Hausa"", ""license"": ""CC BY-SA"", ""attribution"": ""Wiktionary via kaikki.org"", ""definitions"": [""faraway""], ""parts_of_speech"": [""adv""], ""ipa"": [""/néː.sà/"", ""[néː.sə̀]""], ""examples"": [], ""dialect_assigned_default"": true}"
"labari","noun","8","{""source"": ""Wiktionary Hausa"", ""license"": ""CC BY-SA"", ""attribution"": ""Wiktionary via kaikki.org"", ""definitions"": [""news, information"", ""story""], ""parts_of_speech"": [""noun""], ""ipa"": [""/làː.báː.rìː/"", ""[làː.báː.rìː]""], ""examples"": [], ""dialect_assigned_default"": true}"
"siket","noun","8","{""source"": ""Wiktionary Hausa"", ""license"": ""CC BY-SA"", ""attribution"": ""Wiktionary via kaikki.org"", ""definitions"": [""skirt""], ""parts_of_speech"": [""noun""], ""ipa"": [""/sì.két/"", ""[sɪ̀.cát]""], ""examples"": [], ""dialect_assigned_default"": true}"
"Yamal","name","8","{""source"": ""Wiktionary Hausa"", ""license"": ""CC BY-SA"", ""attribution"": ""Wiktionary via kaikki.org"", ""definitions"": [""Yemen (a country in West Asia in the Middle East)""], ""parts_of_speech"": [""name""], ""ipa"": [""/já.màl/"", ""[jɛ́.màl]""], ""examples"": [], ""dialect_assigned_default"": true}"
"dabo","noun","8","{""source"": ""Wiktionary Hausa"", ""license"": ""CC BY-SA"", ""attribution"": ""Wiktionary via kaikki.org"", ""definitions"": [""magic trick, sleight of hand"", ""A child's first attempts at standing up.""], ""parts_of_speech"": [""noun""], ""ipa"": [""/dá.bòː/"", ""[də́.bòː]""], ""examples"": [], ""dialect_assigned_default"": true}"
"danda","noun","8","{""source"": ""Wiktionary Hausa"", ""license"": ""CC BY-SA"", ""attribution"": ""Wiktionary via kaikki.org"", ""definitions"": [""piebald horse""], ""parts_of_speech"": [""noun""], ""ipa"": [""/dàn.dá/"", ""[dàn.də́]""], ""examples"": [], ""dialect_assigned_default"": true}"
"homan","noun","8","{""source"": ""Wiktionary Hausa"", ""license"": ""CC BY-SA"", ""attribution"": ""Wiktionary via kaikki.org"", ""definitions"": [""foreman""], ""parts_of_speech"": [""noun""], ""ipa"": [""/hóː.màn/"", ""[hóː.màŋ]""], ""examples"": [], ""dialect_assigned_default"": true}"
"taure","noun","8","{""source"": ""Wiktionary Hausa"", ""license"": ""CC BY-SA"", ""attribution"": ""Wiktionary via kaikki.org"", ""definitions"": [""castrated goat""], ""parts_of_speech"": [""noun""], ""ipa"": [""/táu.ɽèː/"", ""[táu.ɽèː]""], ""examples"": [], ""dialect_assigned_default"": true}"
"coci","noun","8","{""source"": ""Wiktionary Hausa"", ""license"": ""CC BY-SA"", ""attribution"": ""Wiktionary via kaikki.org"", ""definitions"": [""church""], ""parts_of_speech"": [""noun""], ""ipa"": [""/t͡ʃóː.t͡ʃì/"", ""[t͡ʃóː.t͡ʃɪ̀]""], ""examples"": [], ""dialect_assigned_default"": true}"
"fure","noun","8","{""source"": ""Wiktionary Hausa"", ""license"": ""CC BY-SA"", ""attribution"": ""Wiktionary via kaikki.org"", ""definitions"": [""flower, blossom""], ""parts_of_speech"": [""noun""], ""ipa"": [""/fù.ɽéː/"", ""[ɸʊ̀.ɽéː]""], ""examples"": [], ""dialect_assigned_default"": true}"
"sitam","noun","8","{""source"": ""Wiktionary Hausa"", ""license"": ""CC BY-SA"", ""attribution"": ""Wiktionary via kaikki.org"", ""definitions"": [""alternative form of sìtampī̀""], ""parts_of_speech"": [""noun""], ""ipa"": [""/sì.tâm/"", ""[sɪ̀.tâŋ]""], ""examples"": [], ""dialect_assigned_default"": true}"
"limam","noun","8","{""source"": ""Wiktionary Hausa"", ""license"": ""CC BY-SA"", ""attribution"": ""Wiktionary via kaikki.org"", ""definitions"": [""alternative form of liman""], ""parts_of_speech"": [""noun""], ""ipa"": [""/lìː.mâm/"", ""[lìː.mâŋ]""], ""examples"": [], ""dialect_assigned_default"": true}"
"omo","noun","8","{""source"": ""Wiktionary Hausa"", ""license"": ""CC BY-SA"", ""attribution"": ""Wiktionary via kaikki.org"", ""definitions"": [""detergent, soap powder""], ""parts_of_speech"": [""noun""], ""ipa"": [""/ʔóː.mòː/"", ""[ʔóː.mòː]""], ""examples"": [], ""dialect_assigned_default"": true}"
"giris","noun","8","{""source"": ""Wiktionary Hausa"", ""license"": ""CC BY-SA"", ""attribution"": ""Wiktionary via kaikki.org"", ""definitions"": [""grease""], ""parts_of_speech"": [""noun""], ""ipa"": [""/ɡì.rîs/"", ""[ɟɪ̀.rɪ̂s]""], ""examples"": [], ""dialect_assigned_default"": true}"
"mutum","noun","8","{""source"": ""Wiktionary Hausa"", ""license"": ""CC BY-SA"", ""attribution"": ""Wiktionary via kaikki.org"", ""definitions"": [""person"", ""man, male"", ""native or resident of a place""], ""parts_of_speech"": [""noun""], ""ipa"": [""/mù.tûm/"", ""[mʊ̀.tɪ̂ŋ]""], ""examples"": [], ""dialect_assigned_default"": true}"
"soye","noun","8","{""source"": ""Wiktionary Hausa"", ""license"": ""CC BY-SA"", ""attribution"": ""Wiktionary via kaikki.org"", ""definitions"": [""pieces of fried meat""], ""parts_of_speech"": [""noun""], ""ipa"": [""/sòː.jéː/"", ""[sòː.jéː]""], ""examples"": [], ""dialect_assigned_default"": true}"
"wada","noun","8","{""source"": ""Wiktionary Hausa"", ""license"": ""CC BY-SA"", ""attribution"": ""Wiktionary via kaikki.org"", ""definitions"": [""wealth"", ""dwarf"", ""pygmy""], ""parts_of_speech"": [""noun""], ""ipa"": [""/wà.dáː/"", ""[wə̀.dáː]"", ""/wàː.dáː/"", ""[wàː.dáː]""], ""examples"": [], ""dialect_assigned_default"": true}"
"uku","num","8","{""source"": ""Wiktionary Hausa"", ""license"": ""CC BY-SA"", ""attribution"": ""Wiktionary via kaikki.org"", ""definitions"": [""three""], ""parts_of_speech"": [""num""], ""ipa"": [""/ʔú.kù/"", ""[ʔʊ́.kʷʊ̀]""], ""examples"": [], ""dialect_assigned_default"": true}"
"fusata","verb","8","{""source"": ""Wiktionary Hausa"", ""license"": ""CC BY-SA"", ""attribution"": ""Wiktionary via kaikki.org"", ""definitions"": [""to anger, vex"", ""to become angry"", ""to be angry with""], ""parts_of_speech"": [""verb""], ""ipa"": [""/fú.sàː.táː/"", ""[ɸʊ́.sàː.táː]"", ""/fù.sáː.tà/"", ""[ɸʊ̀.sáː.tə̀]"", ""/fú.sàː.táː/"", ""[ɸʊ́.sàː.táː]"", ""/fù.sáː.tà/"", ""[ɸʊ̀.sáː.tə̀]""], ""examples"": [], ""dialect_assigned_default"": true}"
"baffa","noun","8","{""source"": ""Wiktionary Hausa"", ""license"": ""CC BY-SA"", ""attribution"": ""Wiktionary via kaikki.org"", ""definitions"": [""paternal uncle""], ""parts_of_speech"": [""noun""], ""ipa"": [""/báf.fà/"", ""[báɸ.ɸə̀]""], ""examples"": [], ""dialect_assigned_default"": true}"
"fau","noun","8","{""source"": ""Wiktionary Hausa"", ""license"": ""CC BY-SA"", ""attribution"": ""Wiktionary via kaikki.org"", ""definitions"": [""extreme""], ""parts_of_speech"": [""noun""], ""ipa"": [""/fáu/"", ""[ɸáu]""], ""examples"": [], ""dialect_assigned_default"": true}"
"Baba","name","8","{""source"": ""Wiktionary Hausa"", ""license"": ""CC BY-SA"", ""attribution"": ""Wiktionary via kaikki.org"", ""definitions"": [""a unisex given name""], ""parts_of_speech"": [""name""], ""ipa"": [""/bàː.bá/"", ""[bàː.bə́]""], ""examples"": [], ""dialect_assigned_default"": true}"
"jace","noun","8","{""source"": ""Wiktionary Hausa"", ""license"": ""CC BY-SA"", ""attribution"": ""Wiktionary via kaikki.org"", ""definitions"": [""second-hand garment""], ""parts_of_speech"": [""noun""], ""ipa"": [""/(d)ʒàː.t͡ʃéː/"", ""[d͡ʒàː.t͡ʃéː]""], ""examples"": [], ""dialect_assigned_default"": true}"
"bisa","noun","8","{""source"": ""Wiktionary Hausa"", ""license"": ""CC BY-SA"", ""attribution"": ""Wiktionary via kaikki.org"", ""definitions"": [""pack animal""], ""parts_of_speech"": [""noun""], ""ipa"": [""/bí.sáː/"", ""[bɪ́.sáː]""], ""examples"": [], ""dialect_assigned_default"": true}"
"agade","noun","8","{""source"": ""Wiktionary Hausa"", ""license"": ""CC BY-SA"", ""attribution"": ""Wiktionary via kaikki.org"", ""definitions"": [""plantain""], ""parts_of_speech"": [""noun""], ""ipa"": [""/ʔà.ɡà.dè/"", ""[ʔà.ɡə̀.dè]""], ""examples"": [], ""dialect_assigned_default"": true}"
"magani","noun","8","{""source"": ""Wiktionary Hausa"", ""license"": ""CC BY-SA"", ""attribution"": ""Wiktionary via kaikki.org"", ""definitions"": [""medicine, cure"", ""means against, protection against""], ""parts_of_speech"": [""noun""], ""ipa"": [""/máː.ɡà.níː/"", ""[máː.ɡə̀.níː]""], ""examples"": [], ""dialect_assigned_default"": true}"
"mowa","noun","8","{""source"": ""Wiktionary Hausa"", ""license"": ""CC BY-SA"", ""attribution"": ""Wiktionary via kaikki.org"", ""definitions"": [""favorite wife""], ""parts_of_speech"": [""noun""], ""ipa"": [""/móː.wàː/"", ""[móː.wàː]""], ""examples"": [], ""dialect_assigned_default"": true}"
"jugum","noun","8","{""source"": ""Wiktionary Hausa"", ""license"": ""CC BY-SA"", ""attribution"": ""Wiktionary via kaikki.org"", ""definitions"": [""sad, dejected""], ""parts_of_speech"": [""noun""], ""ipa"": [""/(d)ʒù.ɡúm/"", ""[d͡ʒɪ̀.ɡʷʊ́m]""], ""examples"": [], ""dialect_assigned_default"": true}"
"kasu","verb","8","{""source"": ""Wiktionary Hausa"", ""license"": ""CC BY-SA"", ""attribution"": ""Wiktionary via kaikki.org"", ""definitions"": [""to subdivide into""], ""parts_of_speech"": [""verb""], ""ipa"": [""/kà.sú/"", ""[kə̀.sɪ́]""], ""examples"": [], ""dialect_assigned_default"": true}"
"miki","noun","8","{""source"": ""Wiktionary Hausa"", ""license"": ""CC BY-SA"", ""attribution"": ""Wiktionary via kaikki.org"", ""definitions"": [""vulture""], ""parts_of_speech"": [""noun""], ""ipa"": [], ""examples"": [], ""dialect_assigned_default"": true}"
"Oktoba","name","8","{""source"": ""Wiktionary Hausa"", ""license"": ""CC BY-SA"", ""attribution"": ""Wiktionary via kaikki.org"", ""definitions"": [""October""], ""parts_of_speech"": [""name""], ""ipa"": [""/ʔòk.tóː.bàː/"", ""[ʔɔ̀k.tóː.bàː]""], ""examples"": [], ""dialect_assigned_default"": true}"
"jiki","noun","8","{""source"": ""Wiktionary Hausa"", ""license"": ""CC BY-SA"", ""attribution"": ""Wiktionary via kaikki.org"", ""definitions"": [""body""], ""parts_of_speech"": [""noun""], ""ipa"": [""/(d)ʒì.kíː/"", ""[d͡ʒɪ̀.cíː]""], ""examples"": [], ""dialect_assigned_default"": true}"
"wali","noun","8","{""source"": ""Wiktionary Hausa"", ""license"": ""CC BY-SA"", ""attribution"": ""Wiktionary via kaikki.org"", ""definitions"": [""vizier (a traditional title)"", ""alternative form of wàliyyī̀""], ""parts_of_speech"": [""noun""], ""ipa"": [""/wáː.líː/"", ""[wáː.líː]"", ""/wà.lîː/"", ""[wə̀.lîː]""], ""examples"": [], ""dialect_assigned_default"": true}"
"jeri","noun","8","{""source"": ""Wiktionary Hausa"", ""license"": ""CC BY-SA"", ""attribution"": ""Wiktionary via kaikki.org"", ""definitions"": [""line, row"", ""series""], ""parts_of_speech"": [""noun""], ""ipa"": [""/(d)ʒéː.ɽìː/"", ""[d͡ʒéː.ɽìː]""], ""examples"": [], ""dialect_assigned_default"": true}"
"yis","noun","8","{""source"": ""Wiktionary Hausa"", ""license"": ""CC BY-SA"", ""attribution"": ""Wiktionary via kaikki.org"", ""definitions"": [""yeast""], ""parts_of_speech"": [""noun""], ""ipa"": [""/jîs/"", ""[jɪ̂s]""], ""examples"": [], ""dialect_assigned_default"": true}"
"sabo","adj","8","{""source"": ""Wiktionary Hausa"", ""license"": ""CC BY-SA"", ""attribution"": ""Wiktionary via kaikki.org"", ""definitions"": [""new""], ""parts_of_speech"": [""adj""], ""ipa"": [""/sáː.bóː/"", ""[sáː.bóː]""], ""examples"": [], ""dialect_assigned_default"": true}"
"bauta","noun","8","{""source"": ""Wiktionary Hausa"", ""license"": ""CC BY-SA"", ""attribution"": ""Wiktionary via kaikki.org"", ""definitions"": [""slavery"", ""worship""], ""parts_of_speech"": [""noun""], ""ipa"": [""/bàu.táː/"", ""[bàu.táː]""], ""examples"": [], ""dialect_assigned_default"": true}"
"gemu","noun","8","{""source"": ""Wiktionary Hausa"", ""license"": ""CC BY-SA"", ""attribution"": ""Wiktionary via kaikki.org"", ""definitions"": [""beard""], ""parts_of_speech"": [""noun""], ""ipa"": [""/ɡéː.mùː/"", ""[ɟéː.mùː]""], ""examples"": [], ""dialect_assigned_default"": true}"
"bukka","noun","8","{""source"": ""Wiktionary Hausa"", ""license"": ""CC BY-SA"", ""attribution"": ""Wiktionary via kaikki.org"", ""definitions"": [""grass hut""], ""parts_of_speech"": [""noun""], ""ipa"": [""/búk.kàː/"", ""[bʊ́k.kàː]""], ""examples"": [], ""dialect_assigned_default"": true}"
"Isa","name","8","{""source"": ""Wiktionary Hausa"", ""license"": ""CC BY-SA"", ""attribution"": ""Wiktionary via kaikki.org"", ""definitions"": [""Jesus (a prophet in Islam, regarded as the son of God in Christianity)"", ""a male given name, equivalent to English Jesus""], ""parts_of_speech"": [""name""], ""ipa"": [""/ʔíː.sáː/"", ""[ʔíː.sáː]""], ""examples"": [], ""dialect_assigned_default"": true}"
"kurma","noun","8","{""source"": ""Wiktionary Hausa"", ""license"": ""CC BY-SA"", ""attribution"": ""Wiktionary via kaikki.org"", ""definitions"": [""deaf person""], ""parts_of_speech"": [""noun""], ""ipa"": [""/kúɽ.máː/"", ""[kʷʊ́ɽ.máː]""], ""examples"": [], ""dialect_assigned_default"": true}"
"kudaku","noun","8","{""source"": ""Wiktionary Hausa"", ""license"": ""CC BY-SA"", ""attribution"": ""Wiktionary via kaikki.org"", ""definitions"": [""potato, sweet potato""], ""parts_of_speech"": [""noun""], ""ipa"": [], ""examples"": [], ""dialect_assigned_default"": true}"
"ishe","verb","8","{""source"": ""Wiktionary Hausa"", ""license"": ""CC BY-SA"", ""attribution"": ""Wiktionary via kaikki.org"", ""definitions"": [""to overtake""], ""parts_of_speech"": [""verb""], ""ipa"": [""/ʔí.ʃèː/"", ""[ʔɪ́.ʃèː]""], ""examples"": [], ""dialect_assigned_default"": true}"
"kotu","noun","8","{""source"": ""Wiktionary Hausa"", ""license"": ""CC BY-SA"", ""attribution"": ""Wiktionary via kaikki.org"", ""definitions"": [""court""], ""parts_of_speech"": [""noun""], ""ipa"": [""/kóː.tù/"", ""[kʷóː.tɪ̀]""], ""examples"": [], ""dialect_assigned_default"": true}"
"Kano","name","8","{""source"": ""Wiktionary Hausa"", ""license"": ""CC BY-SA"", ""attribution"": ""Wiktionary via kaikki.org"", ""definitions"": [""Kano (a state of Nigeria in the North West geopolitical zone)"", ""Kano (a city, the state capital of Kano State, Nigeria)""], ""parts_of_speech"": [""name""], ""ipa"": [""/ká.nòː/"", ""[kə́.nòː]""], ""examples"": [], ""dialect_assigned_default"": true}"
"sittin","num","8","{""source"": ""Wiktionary Hausa"", ""license"": ""CC BY-SA"", ""attribution"": ""Wiktionary via kaikki.org"", ""definitions"": [""sixty""], ""parts_of_speech"": [""num""], ""ipa"": [""/sìt.tín/"", ""[sɪ̀t.tɪ́ŋ]""], ""examples"": [], ""dialect_assigned_default"": true}"
"saiwa","noun","8","{""source"": ""Wiktionary Hausa"", ""license"": ""CC BY-SA"", ""attribution"": ""Wiktionary via kaikki.org"", ""definitions"": [""root""], ""parts_of_speech"": [""noun""], ""ipa"": [""/sâi.wáː/"", ""[sêi.wáː]""], ""examples"": [], ""dialect_assigned_default"": true}"
"aljan","noun","8","{""source"": ""Wiktionary Hausa"", ""license"": ""CC BY-SA"", ""attribution"": ""Wiktionary via kaikki.org"", ""definitions"": [""jinn, spirit (good or bad)""], ""parts_of_speech"": [""noun""], ""ipa"": [""/ʔàl.(d)ʒán/"", ""[ʔàl.d͡ʒáŋ]""], ""examples"": [], ""dialect_assigned_default"": true}"
"haila","noun","8","{""source"": ""Wiktionary Hausa"", ""license"": ""CC BY-SA"", ""attribution"": ""Wiktionary via kaikki.org"", ""definitions"": [""menstruation""], ""parts_of_speech"": [""noun""], ""ipa"": [""/hái.làː/"", ""[hái.làː]""], ""examples"": [], ""dialect_assigned_default"": true}"
"gazet","noun","8","{""source"": ""Wiktionary Hausa"", ""license"": ""CC BY-SA"", ""attribution"": ""Wiktionary via kaikki.org"", ""definitions"": [""gazette""], ""parts_of_speech"": [""noun""], ""ipa"": [""/ɡà.zét/"", ""[ɡə̀.zát]""], ""examples"": [], ""dialect_assigned_default"": true}"
"albaras","noun","8","{""source"": ""Wiktionary Hausa"", ""license"": ""CC BY-SA"", ""attribution"": ""Wiktionary via kaikki.org"", ""definitions"": [""leprosy""], ""parts_of_speech"": [""noun""], ""ipa"": [""/ʔàl.bá.ràs/"", ""[ʔàl.bə́.ràs]""], ""examples"": [], ""dialect_assigned_default"": true}"
"karama","noun","8","{""source"": ""Wiktionary Hausa"", ""license"": ""CC BY-SA"", ""attribution"": ""Wiktionary via kaikki.org"", ""definitions"": [""generosity"", ""something amazing or wonderful""], ""parts_of_speech"": [""noun""], ""ipa"": [""/kà.ráː.màː/"", ""[kə̀.ráː.màː]""], ""examples"": [], ""dialect_assigned_default"": true}"
"malama","noun","8","{""source"": ""Wiktionary Hausa"", ""license"": ""CC BY-SA"", ""attribution"": ""Wiktionary via kaikki.org"", ""definitions"": [""feminine of mālàm: Ms./Mrs.""], ""parts_of_speech"": [""noun""], ""ipa"": [""/máː.là.máː/"", ""[máː.lə̀.máː]""], ""examples"": [], ""dialect_assigned_default"": true}"
"hazo","noun","8","{""source"": ""Wiktionary Hausa"", ""license"": ""CC BY-SA"", ""attribution"": ""Wiktionary via kaikki.org"", ""definitions"": [""haze, mist"", ""poor vision""], ""parts_of_speech"": [""noun""], ""ipa"": [""/há.zóː/"", ""[há.zóː]""], ""examples"": [], ""dialect_assigned_default"": true}"
"latsa","verb","8","{""source"": ""Wiktionary Hausa"", ""license"": ""CC BY-SA"", ""attribution"": ""Wiktionary via kaikki.org"", ""definitions"": [""to squeeze, to squash"", ""to pressure someone regarding a difficult matter"", ""to squeeze""], ""parts_of_speech"": [""verb""], ""ipa"": [""/láː.(t)sʼàː/"", ""[láː.sʼàː]"", ""/láː.(t)sʼàː/"", ""[láː.sʼàː]""], ""examples"": [], ""dialect_assigned_default"": true}"
"kankana","noun","8","{""source"": ""Wiktionary Hausa"", ""license"": ""CC BY-SA"", ""attribution"": ""Wiktionary via kaikki.org"", ""definitions"": [""melon, watermelon""], ""parts_of_speech"": [""noun""], ""ipa"": [""/kán.ká.náː/"", ""[káŋ.kə́.náː]""], ""examples"": [], ""dialect_assigned_default"": true}"
"dauro","noun","8","{""source"": ""Wiktionary Hausa"", ""license"": ""CC BY-SA"", ""attribution"": ""Wiktionary via kaikki.org"", ""definitions"": [""a long-season, photoperiod sensitive variety of pearl millet""], ""parts_of_speech"": [""noun""], ""ipa"": [""/dàu.ɽóː/"", ""[dàu.ɽóː]""], ""examples"": [], ""dialect_assigned_default"": true}"
"ayu","noun","8","{""source"": ""Wiktionary Hausa"", ""license"": ""CC BY-SA"", ""attribution"": ""Wiktionary via kaikki.org"", ""definitions"": [""manatee, (in particular) the African manatee""], ""parts_of_speech"": [""noun""], ""ipa"": [""/ʔà.júː/"", ""[ʔɛ̀.júː]""], ""examples"": [], ""dialect_assigned_default"": true}"
"ra'i","noun","8","{""source"": ""Wiktionary Hausa"", ""license"": ""CC BY-SA"", ""attribution"": ""Wiktionary via kaikki.org"", ""definitions"": [""willingness, interest""], ""parts_of_speech"": [""noun""], ""ipa"": [""/ráː.ʔìː/"", ""[ráː.ʔìː]""], ""examples"": [], ""dialect_assigned_default"": true}"
"rairai","noun","8","{""source"": ""Wiktionary Hausa"", ""license"": ""CC BY-SA"", ""attribution"": ""Wiktionary via kaikki.org"", ""definitions"": [""alternative form of ràirayī""], ""parts_of_speech"": [""noun""], ""ipa"": [""/ɽài.ɽái/"", ""[ɽèi.ɽéi]""], ""examples"": [], ""dialect_assigned_default"": true}"
"zik","noun","8","{""source"": ""Wiktionary Hausa"", ""license"": ""CC BY-SA"", ""attribution"": ""Wiktionary via kaikki.org"", ""definitions"": [""zipper, zip fastener""], ""parts_of_speech"": [""noun""], ""ipa"": [""/zîk/"", ""[zɪ̂k]""], ""examples"": [], ""dialect_assigned_default"": true}"
"giya","noun","8","{""source"": ""Wiktionary Hausa"", ""license"": ""CC BY-SA"", ""attribution"": ""Wiktionary via kaikki.org"", ""definitions"": [""native beer"", ""any alcoholic beverage"", ""gear""], ""parts_of_speech"": [""noun""], ""ipa"": [""/ɡí.jàː/"", ""[ɟɪ́.jàː]"", ""/ɡí.jàː/"", ""[ɟɪ́.jàː]""], ""examples"": [], ""dialect_assigned_default"": true}"
"ƙamus","noun","8","{""source"": ""Wiktionary Hausa"", ""license"": ""CC BY-SA"", ""attribution"": ""Wiktionary via kaikki.org"", ""definitions"": [""dictionary""], ""parts_of_speech"": [""noun""], ""ipa"": [""/kʼáː.mùs/"", ""[kʼáː.mʊ̀s]""], ""examples"": [], ""dialect_assigned_default"": true}"
"giwa","noun","8","{""source"": ""Wiktionary Hausa"", ""license"": ""CC BY-SA"", ""attribution"": ""Wiktionary via kaikki.org"", ""definitions"": [""elephant""], ""parts_of_speech"": [""noun""], ""ipa"": [""/ɡíː.wáː/"", ""[ɟíː.wáː]""], ""examples"": [], ""dialect_assigned_default"": true}"
"cir","intj","8","{""source"": ""Wiktionary Hausa"", ""license"": ""CC BY-SA"", ""attribution"": ""Wiktionary via kaikki.org"", ""definitions"": [""Used to shoo birds or children.""], ""parts_of_speech"": [""intj""], ""ipa"": [""/t͡ʃîr/"", ""[t͡ʃɪ̂r]""], ""examples"": [], ""dialect_assigned_default"": true}"
"bif","noun","8","{""source"": ""Wiktionary Hausa"", ""license"": ""CC BY-SA"", ""attribution"": ""Wiktionary via kaikki.org"", ""definitions"": [""alternative form of tîk (“something heavy falling”)""], ""parts_of_speech"": [""noun""], ""ipa"": [""/bîp/"", ""[bɪ̂p]""], ""examples"": [], ""dialect_assigned_default"": true}"
"cif","noun","8","{""source"": ""Wiktionary Hausa"", ""license"": ""CC BY-SA"", ""attribution"": ""Wiktionary via kaikki.org"", ""definitions"": [""chief (as a title)"", ""complete, fully counted""], ""parts_of_speech"": [""noun""], ""ipa"": [""/t͡ʃîf/"", ""[t͡ʃɪ̂ɸ]"", ""/t͡ʃíp/"", ""[t͡ʃɪ́p]""], ""examples"": [], ""dialect_assigned_default"": true}"
"jif","noun","8","{""source"": ""Wiktionary Hausa"", ""license"": ""CC BY-SA"", ""attribution"": ""Wiktionary via kaikki.org"", ""definitions"": [""jeep""], ""parts_of_speech"": [""noun""], ""ipa"": [""/(d)ʒîf/"", ""[d͡ʒɪ̂ɸ]""], ""examples"": [], ""dialect_assigned_default"": true}"
"sa'a","noun","8","{""source"": ""Wiktionary Hausa"", ""license"": ""CC BY-SA"", ""attribution"": ""Wiktionary via kaikki.org"", ""definitions"": [""hour"", ""lucky moment, good luck"", ""agemate""], ""parts_of_speech"": [""noun""], ""ipa"": [""/sáː.ʔàː/"", ""[sáː.ʔàː]"", ""/sá.ʔàː/"", ""[sə́.ʔàː]""], ""examples"": [], ""dialect_assigned_default"": true}"
"tef","noun","8","{""source"": ""Wiktionary Hausa"", ""license"": ""CC BY-SA"", ""attribution"": ""Wiktionary via kaikki.org"", ""definitions"": [""measuring tape"", ""recording tape"", ""movie, film""], ""parts_of_speech"": [""noun""], ""ipa"": [""/téf/"", ""[téɸ]""], ""examples"": [], ""dialect_assigned_default"": true}"
"lalo","noun","8","{""source"": ""Wiktionary Hausa"", ""license"": ""CC BY-SA"", ""attribution"": ""Wiktionary via kaikki.org"", ""definitions"": [""jute""], ""parts_of_speech"": [""noun""], ""ipa"": [""/láː.lòː/"", ""[láː.lòː]""], ""examples"": [], ""dialect_assigned_default"": true}"
"Kaduna","name","8","{""source"": ""Wiktionary Hausa"", ""license"": ""CC BY-SA"", ""attribution"": ""Wiktionary via kaikki.org"", ""definitions"": [""Kaduna (a state of Nigeria in the North West geopolitical zone)"", ""Kaduna (a city, the state capital of Kaduna State, Nigeria)""], ""parts_of_speech"": [""name""], ""ipa"": [""/ká.dúː.ná/"", ""[kə́.dúː.nə́]""], ""examples"": [], ""dialect_assigned_default"": true}"
"gaula","noun","8","{""source"": ""Wiktionary Hausa"", ""license"": ""CC BY-SA"", ""attribution"": ""Wiktionary via kaikki.org"", ""definitions"": [""fool""], ""parts_of_speech"": [""noun""], ""ipa"": [""/ɡáu.láː/"", ""[ɡáu.láː]""], ""examples"": [], ""dialect_assigned_default"": true}"
"gadu","noun","8","{""source"": ""Wiktionary Hausa"", ""license"": ""CC BY-SA"", ""attribution"": ""Wiktionary via kaikki.org"", ""definitions"": [""warthog""], ""parts_of_speech"": [""noun""], ""ipa"": [""/ɡà.dúː/"", ""[ɡə̀.dúː]""], ""examples"": [], ""dialect_assigned_default"": true}"
"gada","noun","8","{""source"": ""Wiktionary Hausa"", ""license"": ""CC BY-SA"", ""attribution"": ""Wiktionary via kaikki.org"", ""definitions"": [""bridge"", ""crested duiker"", ""One who is interested in or ostentatiously showing off something.""], ""parts_of_speech"": [""noun""], ""ipa"": [""/ɡá.dàː/"", ""[ɡə́.dàː]"", ""/ɡà.dáː/"", ""[ɡə̀.dáː]""], ""examples"": [], ""dialect_assigned_default"": true}"
"murza","noun","8","{""source"": ""Wiktionary Hausa"", ""license"": ""CC BY-SA"", ""attribution"": ""Wiktionary via kaikki.org"", ""definitions"": [""massage"", ""to roll strands of cotton between the palms to make thread"", ""to rub with palms, to massage""], ""parts_of_speech"": [""noun"", ""verb""], ""ipa"": [""/mùɽ.záː/"", ""[mʊ̀ɽ.záː]"", ""/múɽ.zàː/"", ""[mʊ́ɽ.zàː]"", ""/mùɽ.záː/"", ""[mʊ̀ɽ.záː]"", ""/múɽ.zàː/"", ""[mʊ́ɽ.zàː]""], ""examples"": [], ""dialect_assigned_default"": true}"
"gulbi","noun","8","{""source"": ""Wiktionary Hausa"", ""license"": ""CC BY-SA"", ""attribution"": ""Wiktionary via kaikki.org"", ""definitions"": [""river, stream""], ""parts_of_speech"": [""noun""], ""ipa"": [""/ɡúl.bíː/"", ""[ɡʷʊ́l.bíː]""], ""examples"": [], ""dialect_assigned_default"": true}"
"sirdi","noun","8","{""source"": ""Wiktionary Hausa"", ""license"": ""CC BY-SA"", ""attribution"": ""Wiktionary via kaikki.org"", ""definitions"": [""saddle"", ""seat of a bicycle or motorcycle""], ""parts_of_speech"": [""noun""], ""ipa"": [""/sír.dìː/"", ""[sɪ́r.dìː]""], ""examples"": [], ""dialect_assigned_default"": true}"
"zahiri","noun","8","{""source"": ""Wiktionary Hausa"", ""license"": ""CC BY-SA"", ""attribution"": ""Wiktionary via kaikki.org"", ""definitions"": [""clearness, obviousness""], ""parts_of_speech"": [""noun""], ""ipa"": [""/záː.hì.ríː/"", ""[záː.hɪ̀.ríː]""], ""examples"": [], ""dialect_assigned_default"": true}"
"cuku","noun","8","{""source"": ""Wiktionary Hausa"", ""license"": ""CC BY-SA"", ""attribution"": ""Wiktionary via kaikki.org"", ""definitions"": [""cheese""], ""parts_of_speech"": [""noun""], ""ipa"": [""/t͡ʃú.kúː/"", ""[t͡ʃɪ́.kʷúː]""], ""examples"": [], ""dialect_assigned_default"": true}"
"bawa","noun","8","{""source"": ""Wiktionary Hausa"", ""license"": ""CC BY-SA"", ""attribution"": ""Wiktionary via kaikki.org"", ""definitions"": [""slave""], ""parts_of_speech"": [""noun""], ""ipa"": [""/báː.wàː/"", ""[báː.wàː]""], ""examples"": [], ""dialect_assigned_default"": true}"
"minista","noun","8","{""source"": ""Wiktionary Hausa"", ""license"": ""CC BY-SA"", ""attribution"": ""Wiktionary via kaikki.org"", ""definitions"": [""governmental minister""], ""parts_of_speech"": [""noun""], ""ipa"": [""/mí.nís.tà/"", ""[mɪ́.nɪ́s.tə̀]""], ""examples"": [], ""dialect_assigned_default"": true}"
"zara","noun","8","{""source"": ""Wiktionary Hausa"", ""license"": ""CC BY-SA"", ""attribution"": ""Wiktionary via kaikki.org"", ""definitions"": [""vacillation (moving from side to side)"", ""red-bellied tree starling"", ""to snatch, to grab""], ""parts_of_speech"": [""noun"", ""verb""], ""ipa"": [""/zà.ɽáː/"", ""[zə̀.ɽáː]"", ""/zàː.ráː/"", ""[zàː.ráː]"", ""/zà.ɽáː/"", ""[zə̀.ɽáː]""], ""examples"": [], ""dialect_assigned_default"": true}"
"biza","noun","8","{""source"": ""Wiktionary Hausa"", ""license"": ""CC BY-SA"", ""attribution"": ""Wiktionary via kaikki.org"", ""definitions"": [""visa""], ""parts_of_speech"": [""noun""], ""ipa"": [""/bíː.zàː/"", ""[bíː.zàː]""], ""examples"": [], ""dialect_assigned_default"": true}"
"maza","adv","8","{""source"": ""Wiktionary Hausa"", ""license"": ""CC BY-SA"", ""attribution"": ""Wiktionary via kaikki.org"", ""definitions"": [""quickly, as quickly as possible"", ""plural of mijī̀ and namijī̀""], ""parts_of_speech"": [""adv"", ""noun""], ""ipa"": [""/má.zá/"", ""[mə́.zə́]"", ""/má.záː/"", ""[mə́.záː]"", ""/má.zá/"", ""[mə́.zə́]"", ""/má.záː/"", ""[mə́.záː]""], ""examples"": [], ""dialect_assigned_default"": true}"
"ba-","prefix","8","{""source"": ""Wiktionary Hausa"", ""license"": ""CC BY-SA"", ""attribution"": ""Wiktionary via kaikki.org"", ""definitions"": [""A prefix indicating ethnic or geographical origin or, less often, someone's trade.""], ""parts_of_speech"": [""prefix""], ""ipa"": [""/bà-/"", ""[bà-]""], ""examples"": [], ""dialect_assigned_default"": true}"
"ma-","prefix","8","{""source"": ""Wiktionary Hausa"", ""license"": ""CC BY-SA"", ""attribution"": ""Wiktionary via kaikki.org"", ""definitions"": [""Used to form agentive nouns."", ""Used to form nouns of place (locative nouns)."", ""Used to form instrumental nouns.""], ""parts_of_speech"": [""prefix""], ""ipa"": [""/má-/"", ""[má-]""], ""examples"": [], ""dialect_assigned_default"": true}"
"haddi","noun","8","{""source"": ""Wiktionary Hausa"", ""license"": ""CC BY-SA"", ""attribution"": ""Wiktionary via kaikki.org"", ""definitions"": [""limit"", ""A fixed punishment for violating Islamic law.""], ""parts_of_speech"": [""noun""], ""ipa"": [""/hád.dìː/"", ""[hád.dìː]""], ""examples"": [], ""dialect_assigned_default"": true}"
"satar","noun","8","{""source"": ""Wiktionary Hausa"", ""license"": ""CC BY-SA"", ""attribution"": ""Wiktionary via kaikki.org"", ""definitions"": [""possessed form of sātā̀""], ""parts_of_speech"": [""noun""], ""ipa"": [], ""examples"": [], ""dialect_assigned_default"": true}"
"fashe","noun","8","{""source"": ""Wiktionary Hausa"", ""license"": ""CC BY-SA"", ""attribution"": ""Wiktionary via kaikki.org"", ""definitions"": [""A children's game involving hitting eggs together to try to break the other person's egg""], ""parts_of_speech"": [""noun""], ""ipa"": [""/fá.ʃé/"", ""[ɸə́.ʃé]""], ""examples"": [], ""dialect_assigned_default"": true}"
"Abeokuta","name","8","{""source"": ""Wiktionary Hausa"", ""license"": ""CC BY-SA"", ""attribution"": ""Wiktionary via kaikki.org"", ""definitions"": [""Abeokuta (the largest city and state capital of Ogun State, Nigeria)""], ""parts_of_speech"": [""name""], ""ipa"": [], ""examples"": [], ""dialect_assigned_default"": true}"
"janar","noun","8","{""source"": ""Wiktionary Hausa"", ""license"": ""CC BY-SA"", ""attribution"": ""Wiktionary via kaikki.org"", ""definitions"": [""general (military rank)""], ""parts_of_speech"": [""noun""], ""ipa"": [""/(d)ʒá.nàr/"", ""[d͡ʒə́.nàr]""], ""examples"": [], ""dialect_assigned_default"": true}"
"manjo","noun","8","{""source"": ""Wiktionary Hausa"", ""license"": ""CC BY-SA"", ""attribution"": ""Wiktionary via kaikki.org"", ""definitions"": [""major (military rank)""], ""parts_of_speech"": [""noun""], ""ipa"": [""/mán.(d)ʒò/"", ""[mán.d͡ʒɔ̀]""], ""examples"": [], ""dialect_assigned_default"": true}"
"Maiduguri","name","8","{""source"": ""Wiktionary Hausa"", ""license"": ""CC BY-SA"", ""attribution"": ""Wiktionary via kaikki.org"", ""definitions"": [""Maiduguri (a city, the state capital of Borno State, Nigeria)""], ""parts_of_speech"": [""name""], ""ipa"": [""/mài.dú.ɡù.rí/"", ""[mèi.dɪ́.ɡʷʊ̀.rɪ́]""], ""examples"": [], ""dialect_assigned_default"": true}"
"gatari","noun","8","{""source"": ""Wiktionary Hausa"", ""license"": ""CC BY-SA"", ""attribution"": ""Wiktionary via kaikki.org"", ""definitions"": [""ax(e)""], ""parts_of_speech"": [""noun""], ""ipa"": [""/ɡàː.tá.ɽíː/"", ""[ɡàː.tə́.ɽíː]""], ""examples"": [], ""dialect_assigned_default"": true}"
"makara","noun","8","{""source"": ""Wiktionary Hausa"", ""license"": ""CC BY-SA"", ""attribution"": ""Wiktionary via kaikki.org"", ""definitions"": [""bier (usually made of raphia)""], ""parts_of_speech"": [""noun""], ""ipa"": [""/mà.kà.ɽáː/"", ""[mə̀.kə̀.ɽáː]""], ""examples"": [], ""dialect_assigned_default"": true}"
"gurnet","noun","8","{""source"": ""Wiktionary Hausa"", ""license"": ""CC BY-SA"", ""attribution"": ""Wiktionary via kaikki.org"", ""definitions"": [""hand grenade""], ""parts_of_speech"": [""noun""], ""ipa"": [""/ɡùr.nét/"", ""[ɡʷʊ̀r.nát]""], ""examples"": [], ""dialect_assigned_default"": true}"
"caka","noun","8","{""source"": ""Wiktionary Hausa"", ""license"": ""CC BY-SA"", ""attribution"": ""Wiktionary via kaikki.org"", ""definitions"": [""clubs"", ""stab, pierce""], ""parts_of_speech"": [""noun"", ""verb""], ""ipa"": [""/t͡ʃá.ká/"", ""[t͡ʃə́.kə́]"", ""/t͡ʃà.káː/"", ""[t͡ʃə̀.káː]""], ""examples"": [], ""dialect_assigned_default"": true}"
"izni","noun","8","{""source"": ""Wiktionary Hausa"", ""license"": ""CC BY-SA"", ""attribution"": ""Wiktionary via kaikki.org"", ""definitions"": [""alternative form of izìnī""], ""parts_of_speech"": [""noun""], ""ipa"": [""/ʔíz.nìː/"", ""[ʔɪ́z.nìː]""], ""examples"": [], ""dialect_assigned_default"": true}"
"alatu","noun","8","{""source"": ""Wiktionary Hausa"", ""license"": ""CC BY-SA"", ""attribution"": ""Wiktionary via kaikki.org"", ""definitions"": [""luxury item""], ""parts_of_speech"": [""noun""], ""ipa"": [""/ʔáː.láː.tù/"", ""[ʔáː.láː.tɪ̀]""], ""examples"": [], ""dialect_assigned_default"": true}"
"amsa","noun","8","{""source"": ""Wiktionary Hausa"", ""license"": ""CC BY-SA"", ""attribution"": ""Wiktionary via kaikki.org"", ""definitions"": [""answer, response""], ""parts_of_speech"": [""noun""], ""ipa"": [""/ʔám.sàː/"", ""[ʔám.sàː]""], ""examples"": [], ""dialect_assigned_default"": true}"
"domin","conj","8","{""source"": ""Wiktionary Hausa"", ""license"": ""CC BY-SA"", ""attribution"": ""Wiktionary via kaikki.org"", ""definitions"": [""because of, for the sake of, on behalf of"", ""because, in order that""], ""parts_of_speech"": [""conj""], ""ipa"": [""/dòː.mín/"", ""[dòː.mɪ́ŋ]""], ""examples"": [], ""dialect_assigned_default"": true}"
"amale","noun","8","{""source"": ""Wiktionary Hausa"", ""license"": ""CC BY-SA"", ""attribution"": ""Wiktionary via kaikki.org"", ""definitions"": [""an adult male camel or donkey which is the leader of the herd"", ""the longest string on a lute""], ""parts_of_speech"": [""noun""], ""ipa"": [""/ʔá.máː.lè/"", ""[ʔá.máː.lè]""], ""examples"": [], ""dialect_assigned_default"": true}"
"gusa","verb","8","{""source"": ""Wiktionary Hausa"", ""license"": ""CC BY-SA"", ""attribution"": ""Wiktionary via kaikki.org"", ""definitions"": [""to move aside""], ""parts_of_speech"": [""verb""], ""ipa"": [""/ɡú.sàː/"", ""[ɡʷʊ́.sàː]""], ""examples"": [], ""dialect_assigned_default"": true}"
"Bini","name","8","{""source"": ""Wiktionary Hausa"", ""license"": ""CC BY-SA"", ""attribution"": ""Wiktionary via kaikki.org"", ""definitions"": [""Benin City (a city in Nigeria)"", ""Benin (a country in Africa)""], ""parts_of_speech"": [""name""], ""ipa"": [""/bìː.ní/"", ""[bìː.nɪ́]""], ""examples"": [], ""dialect_assigned_default"": true}"
"hadisi","noun","8","{""source"": ""Wiktionary Hausa"", ""license"": ""CC BY-SA"", ""attribution"": ""Wiktionary via kaikki.org"", ""definitions"": [""hadith (saying of the prophet Muhammad)""], ""parts_of_speech"": [""noun""], ""ipa"": [""/hà.díː.sìː/"", ""[hà.díː.sìː]""], ""examples"": [], ""dialect_assigned_default"": true}"
"kuge","noun","8","{""source"": ""Wiktionary Hausa"", ""license"": ""CC BY-SA"", ""attribution"": ""Wiktionary via kaikki.org"", ""definitions"": [""A pair of metal bells joined together and beaten with a small horn.""], ""parts_of_speech"": [""noun""], ""ipa"": [""/kù.ɡéː/"", ""[kʷʊ̀.ɟéː]""], ""examples"": [], ""dialect_assigned_default"": true}"
"goro","noun","8","{""source"": ""Wiktionary Hausa"", ""license"": ""CC BY-SA"", ""attribution"": ""Wiktionary via kaikki.org"", ""definitions"": [""kola nuts"", ""A small gift or reward.""], ""parts_of_speech"": [""noun""], ""ipa"": [""/ɡóː.rò/"", ""[ɡʷóː.rò]""], ""examples"": [], ""dialect_assigned_default"": true}"
"abarba","noun","8","{""source"": ""Wiktionary Hausa"", ""license"": ""CC BY-SA"", ""attribution"": ""Wiktionary via kaikki.org"", ""definitions"": [""pineapple""], ""parts_of_speech"": [""noun""], ""ipa"": [""/ʔà.bàɽ.báː/"", ""[ʔà.bàɽ.báː]""], ""examples"": [], ""dialect_assigned_default"": true}"
"rimaye","noun","8","{""source"": ""Wiktionary Hausa"", ""license"": ""CC BY-SA"", ""attribution"": ""Wiktionary via kaikki.org"", ""definitions"": [""plural of rimi""], ""parts_of_speech"": [""noun""], ""ipa"": [], ""examples"": [], ""dialect_assigned_default"": true}"
"miya","noun","8","{""source"": ""Wiktionary Hausa"", ""license"": ""CC BY-SA"", ""attribution"": ""Wiktionary via kaikki.org"", ""definitions"": [""a kind of sauce or stew made with various meats and vegetables, eaten alongside tuwo""], ""parts_of_speech"": [""noun""], ""ipa"": [""/mí.jàː/"", ""[mɪ́.jàː]""], ""examples"": [], ""dialect_assigned_default"": true}"
"Adamu","name","8","{""source"": ""Wiktionary Hausa"", ""license"": ""CC BY-SA"", ""attribution"": ""Wiktionary via kaikki.org"", ""definitions"": [""Adam (biblical character)"", ""a male given name, Adam""], ""parts_of_speech"": [""name""], ""ipa"": [""/ʔàː.dà.mú/"", ""[ʔàː.də̀.mʊ́]""], ""examples"": [], ""dialect_assigned_default"": true}"
"tafsiri","noun","8","{""source"": ""Wiktionary Hausa"", ""license"": ""CC BY-SA"", ""attribution"": ""Wiktionary via kaikki.org"", ""definitions"": [""interpretation or commentary on the Qur'an""], ""parts_of_speech"": [""noun""], ""ipa"": [""/tàf.síː.rìː/"", ""[tàɸ.síː.rìː]""], ""examples"": [], ""dialect_assigned_default"": true}"
"shida","num","8","{""source"": ""Wiktionary Hausa"", ""license"": ""CC BY-SA"", ""attribution"": ""Wiktionary via kaikki.org"", ""definitions"": [""six""], ""parts_of_speech"": [""num""], ""ipa"": [""/ʃí.dà/"", ""[ʃɪ́.də̀]""], ""examples"": [], ""dialect_assigned_default"": true}"
"tambur","noun","8","{""source"": ""Wiktionary Hausa"", ""license"": ""CC BY-SA"", ""attribution"": ""Wiktionary via kaikki.org"", ""definitions"": [""postage stamp""], ""parts_of_speech"": [""noun""], ""ipa"": [""/tám.bùr/""], ""examples"": [], ""dialect_assigned_default"": true}"
"tano","noun","8","{""source"": ""Wiktionary Hausa"", ""license"": ""CC BY-SA"", ""attribution"": ""Wiktionary via kaikki.org"", ""definitions"": [""drum or barrel for liquids""], ""parts_of_speech"": [""noun""], ""ipa"": [""/tà.nôː/"", ""[tə̀.nôː]""], ""examples"": [], ""dialect_assigned_default"": true}"
"gwaza","noun","8","{""source"": ""Wiktionary Hausa"", ""license"": ""CC BY-SA"", ""attribution"": ""Wiktionary via kaikki.org"", ""definitions"": [""taro, old cocoyam (Colocasia esculenta)""], ""parts_of_speech"": [""noun""], ""ipa"": [""/ɡʷáː.záː/"", ""[ɡʷáː.záː]""], ""examples"": [], ""dialect_assigned_default"": true}"
"gunda","noun","8","{""source"": ""Wiktionary Hausa"", ""license"": ""CC BY-SA"", ""attribution"": ""Wiktionary via kaikki.org"", ""definitions"": [""young fruit, especially pumpkin""], ""parts_of_speech"": [""noun""], ""ipa"": [""/ɡún.dàː/"", ""[ɡʷʊ́n.dàː]""], ""examples"": [], ""dialect_assigned_default"": true}"
"oza","noun","8","{""source"": ""Wiktionary Hausa"", ""license"": ""CC BY-SA"", ""attribution"": ""Wiktionary via kaikki.org"", ""definitions"": [""ounce""], ""parts_of_speech"": [""noun""], ""ipa"": [""/ʔóː.zàː/"", ""[ʔóː.zàː]""], ""examples"": [], ""dialect_assigned_default"": true}"
"sahihi","adj","8","{""source"": ""Wiktionary Hausa"", ""license"": ""CC BY-SA"", ""attribution"": ""Wiktionary via kaikki.org"", ""definitions"": [""real, authentic"", ""something or someone which is real""], ""parts_of_speech"": [""adj"", ""noun""], ""ipa"": [""/sà.híː.hìː/"", ""[sə̀.híː.hìː]"", ""/sà.híː.hìː/"", ""[sə̀.híː.hìː]""], ""examples"": [], ""dialect_assigned_default"": true}"
"gafara","noun","8","{""source"": ""Wiktionary Hausa"", ""license"": ""CC BY-SA"", ""attribution"": ""Wiktionary via kaikki.org"", ""definitions"": [""forgiveness, pardon"", ""excuse me"", ""hello (greeting used by women)""], ""parts_of_speech"": [""noun"", ""intj""], ""ipa"": [""/ɡáː.fá.ràː/"", ""[ɡáː.ɸə́.ràː]"", ""/ɡáː.fá.ràː/"", ""[ɡáː.ɸə́.ràː]""], ""examples"": [], ""dialect_assigned_default"": true}"
"sagara","noun","8","{""source"": ""Wiktionary Hausa"", ""license"": ""CC BY-SA"", ""attribution"": ""Wiktionary via kaikki.org"", ""definitions"": [""pullet (young hen)""], ""parts_of_speech"": [""noun""], ""ipa"": [""/sàː.ɡá.ɽáː/"", ""[sàː.ɡə́.ɽáː]""], ""examples"": [], ""dialect_assigned_default"": true}"
"yautai","noun","8","{""source"": ""Wiktionary Hausa"", ""license"": ""CC BY-SA"", ""attribution"": ""Wiktionary via kaikki.org"", ""definitions"": [""nightjar"", ""A person who sleeps too much or too often.""], ""parts_of_speech"": [""noun""], ""ipa"": [""/jáu.tái/"", ""[jɛ́u.téi]""], ""examples"": [], ""dialect_assigned_default"": true}"
"shaho","noun","8","{""source"": ""Wiktionary Hausa"", ""license"": ""CC BY-SA"", ""attribution"": ""Wiktionary via kaikki.org"", ""definitions"": [""hawk, falcon""], ""parts_of_speech"": [""noun""], ""ipa"": [""/ʃáː.hòː/"", ""[ʃáː.hòː]""], ""examples"": [], ""dialect_assigned_default"": true}"
"mujiya","noun","8","{""source"": ""Wiktionary Hausa"", ""license"": ""CC BY-SA"", ""attribution"": ""Wiktionary via kaikki.org"", ""definitions"": [""owl""], ""parts_of_speech"": [""noun""], ""ipa"": [""/múː.(d)ʒì.jáː/"", ""[múː.d͡ʒɪ̀.jáː]""], ""examples"": [], ""dialect_assigned_default"": true}"
"awaza","noun","8","{""source"": ""Wiktionary Hausa"", ""license"": ""CC BY-SA"", ""attribution"": ""Wiktionary via kaikki.org"", ""definitions"": [""rib""], ""parts_of_speech"": [""noun""], ""ipa"": [""/ʔà.wá.zàː/"", ""[ʔà.wə́.zàː]""], ""examples"": [], ""dialect_assigned_default"": true}"
"husufi","noun","8","{""source"": ""Wiktionary Hausa"", ""license"": ""CC BY-SA"", ""attribution"": ""Wiktionary via kaikki.org"", ""definitions"": [""eclipse (solar or lunar)""], ""parts_of_speech"": [""noun""], ""ipa"": [""/hù.súː.fìː/"", ""[hʊ̀.súː.ɸìː]""], ""examples"": [], ""dialect_assigned_default"": true}"
"murzani","noun","8","{""source"": ""Wiktionary Hausa"", ""license"": ""CC BY-SA"", ""attribution"": ""Wiktionary via kaikki.org"", ""definitions"": [""red coral""], ""parts_of_speech"": [""noun""], ""ipa"": [""/mùr.záː.nìː/"", ""[mʊ̀r.záː.nìː]""], ""examples"": [], ""dialect_assigned_default"": true}"
"Sham","name","8","{""source"": ""Wiktionary Hausa"", ""license"": ""CC BY-SA"", ""attribution"": ""Wiktionary via kaikki.org"", ""definitions"": [""Syria (a country in West Asia in the Middle East)"", ""the Levant: Syria, Palestine, Israel, Lebanon""], ""parts_of_speech"": [""name""], ""ipa"": [""/ʃâm/"", ""[ʃâŋ]""], ""examples"": [], ""dialect_assigned_default"": true}"
"usur","noun","8","{""source"": ""Wiktionary Hausa"", ""license"": ""CC BY-SA"", ""attribution"": ""Wiktionary via kaikki.org"", ""definitions"": [""whistle""], ""parts_of_speech"": [""noun""], ""ipa"": [""/ʔú.sùr/"", ""[ʔʊ́.sɪ̀r]""], ""examples"": [], ""dialect_assigned_default"": true}"
"gimbiya","noun","8","{""source"": ""Wiktionary Hausa"", ""license"": ""CC BY-SA"", ""attribution"": ""Wiktionary via kaikki.org"", ""definitions"": [""princess, daughter of an emir""], ""parts_of_speech"": [""noun""], ""ipa"": [""/ɡím.bì.jáː/"", ""[ɟɪ́m.bɪ̀.jáː]""], ""examples"": [], ""dialect_assigned_default"": true}"
"mujalla","noun","8","{""source"": ""Wiktionary Hausa"", ""license"": ""CC BY-SA"", ""attribution"": ""Wiktionary via kaikki.org"", ""definitions"": [""magazine, journal""], ""parts_of_speech"": [""noun""], ""ipa"": [""/mù.(d)ʒál.làː/"", ""[mʊ̀.d͡ʒál.làː]""], ""examples"": [], ""dialect_assigned_default"": true}"
"nafila","noun","8","{""source"": ""Wiktionary Hausa"", ""license"": ""CC BY-SA"", ""attribution"": ""Wiktionary via kaikki.org"", ""definitions"": [""nafl prayer (extra, non-compulsory prayer)""], ""parts_of_speech"": [""noun""], ""ipa"": [""/náː.fí.làː/"", ""[náː.ɸɪ́.làː]""], ""examples"": [], ""dialect_assigned_default"": true}"
"sufana","noun","8","{""source"": ""Wiktionary Hausa"", ""license"": ""CC BY-SA"", ""attribution"": ""Wiktionary via kaikki.org"", ""definitions"": [""wrench, spanner""], ""parts_of_speech"": [""noun""], ""ipa"": [""/sù.fáː.nàː/"", ""[sɪ̀.ɸáː.nàː]""], ""examples"": [], ""dialect_assigned_default"": true}"
"Cadi","name","8","{""source"": ""Wiktionary Hausa"", ""license"": ""CC BY-SA"", ""attribution"": ""Wiktionary via kaikki.org"", ""definitions"": [""Chad (a country in Central Africa)"", ""Lake Chad (a freshwater lake at the junction of Nigeria, Niger, Chad and Cameroon in Central Africa)""], ""parts_of_speech"": [""name""], ""ipa"": [""/t͡ʃáː.dì/"", ""[t͡ʃáː.dɪ̀]""], ""examples"": [], ""dialect_assigned_default"": true}"
"muhibba","noun","8","{""source"": ""Wiktionary Hausa"", ""license"": ""CC BY-SA"", ""attribution"": ""Wiktionary via kaikki.org"", ""definitions"": [""respect""], ""parts_of_speech"": [""noun""], ""ipa"": [""/mù.híb.bàː/"", ""[mʊ̀.hɪ́b.bàː]""], ""examples"": [], ""dialect_assigned_default"": true}"
"ɗawisu","noun","8","{""source"": ""Wiktionary Hausa"", ""license"": ""CC BY-SA"", ""attribution"": ""Wiktionary via kaikki.org"", ""definitions"": [""peacock""], ""parts_of_speech"": [""noun""], ""ipa"": [""/ɗáː.wíː.sù/"", ""[ɗáː.wíː.sɪ̀]""], ""examples"": [], ""dialect_assigned_default"": true}"
"nahawu","noun","8","{""source"": ""Wiktionary Hausa"", ""license"": ""CC BY-SA"", ""attribution"": ""Wiktionary via kaikki.org"", ""definitions"": [""grammar""], ""parts_of_speech"": [""noun""], ""ipa"": [""/ná.há.wùː/"", ""[nə́.há.wùː]""], ""examples"": [], ""dialect_assigned_default"": true}"
"nahiya","noun","8","{""source"": ""Wiktionary Hausa"", ""license"": ""CC BY-SA"", ""attribution"": ""Wiktionary via kaikki.org"", ""definitions"": [""region, district"", ""continent""], ""parts_of_speech"": [""noun""], ""ipa"": [""/náː.hí.jàː/"", ""[náː.hɪ́.jàː]""], ""examples"": [], ""dialect_assigned_default"": true}"
"warƙa","noun","8","{""source"": ""Wiktionary Hausa"", ""license"": ""CC BY-SA"", ""attribution"": ""Wiktionary via kaikki.org"", ""definitions"": [""paper sheet"", ""paper money"", ""leaf""], ""parts_of_speech"": [""noun""], ""ipa"": [""/wár.kʼàː/"", ""[wár.kʼàː]""], ""examples"": [], ""dialect_assigned_default"": true}"
"Jamus","name","8","{""source"": ""Wiktionary Hausa"", ""license"": ""CC BY-SA"", ""attribution"": ""Wiktionary via kaikki.org"", ""definitions"": [""Germany (a country in Central Europe)""], ""parts_of_speech"": [""name""], ""ipa"": [""/(d)ʒáː.mùs/"", ""[d͡ʒáː.mʊ̀s]""], ""examples"": [], ""dialect_assigned_default"": true}"
"wuya","noun","8","{""source"": ""Wiktionary Hausa"", ""license"": ""CC BY-SA"", ""attribution"": ""Wiktionary via kaikki.org"", ""definitions"": [""neck"", ""neck (narrow part of a bottle)"", ""trouble, difficulty""], ""parts_of_speech"": [""noun""], ""ipa"": [""/wú.jàː/"", ""[wí.jàː]"", ""/wù.jáː/"", ""[wì.jáː]""], ""examples"": [], ""dialect_assigned_default"": true}"
"Turai","name","8","{""source"": ""Wiktionary Hausa"", ""license"": ""CC BY-SA"", ""attribution"": ""Wiktionary via kaikki.org"", ""definitions"": [""Europe (a continent located west of Asia and north of Africa)""], ""parts_of_speech"": [""name""], ""ipa"": [""/túː.rái/"", ""[túː.réi]""], ""examples"": [], ""dialect_assigned_default"": true}"
"tsere","noun","8","{""source"": ""Wiktionary Hausa"", ""license"": ""CC BY-SA"", ""attribution"": ""Wiktionary via kaikki.org"", ""definitions"": [""race, contest""], ""parts_of_speech"": [""noun""], ""ipa"": [""/(t)sʼéː.ɽé/"", ""[sʼéː.ɽé]""], ""examples"": [], ""dialect_assigned_default"": true}"
"tambaya","noun","8","{""source"": ""Wiktionary Hausa"", ""license"": ""CC BY-SA"", ""attribution"": ""Wiktionary via kaikki.org"", ""definitions"": [""question"", ""to ask, to inquire""], ""parts_of_speech"": [""noun"", ""verb""], ""ipa"": [""/tàm.bá.jàː/"", ""[tàm.bɛ́.jàː]"", ""/tàm.bá.jàː/"", ""[tàm.bɛ́.jàː]""], ""examples"": [], ""dialect_assigned_default"": true}"
"kucaki","noun","8","{""source"": ""Wiktionary Hausa"", ""license"": ""CC BY-SA"", ""attribution"": ""Wiktionary via kaikki.org"", ""definitions"": [""slovenly person"", ""slovenly""], ""parts_of_speech"": [""noun"", ""adj""], ""ipa"": [""/kù.t͡ʃáː.kíː/"", ""[kʷʊ̀.t͡ʃáː.cíː]"", ""/kù.t͡ʃáː.kíː/"", ""[kʷʊ̀.t͡ʃáː.cíː]""], ""examples"": [], ""dialect_assigned_default"": true}"
"nasara","noun","8","{""source"": ""Wiktionary Hausa"", ""license"": ""CC BY-SA"", ""attribution"": ""Wiktionary via kaikki.org"", ""definitions"": [""victory, success"", ""Christians""], ""parts_of_speech"": [""noun""], ""ipa"": [""/ná.sá.ràː/"", ""[nə́.sə́.ràː]"", ""/ná.sáː.ràː/"", ""[nə́.sáː.ràː]""], ""examples"": [], ""dialect_assigned_default"": true}"
"hamayya","noun","8","{""source"": ""Wiktionary Hausa"", ""license"": ""CC BY-SA"", ""attribution"": ""Wiktionary via kaikki.org"", ""definitions"": [""rivalry"", ""political opposition""], ""parts_of_speech"": [""noun""], ""ipa"": [""/hà.máj.jàː/"", ""[hà.mɛ́j.jàː]""], ""examples"": [], ""dialect_assigned_default"": true}"
"Farisa","name","8","{""source"": ""Wiktionary Hausa"", ""license"": ""CC BY-SA"", ""attribution"": ""Wiktionary via kaikki.org"", ""definitions"": [""Persia""], ""parts_of_speech"": [""name""], ""ipa"": [""/fáː.rí.sà/"", ""[ɸáː.rɪ́.sə̀]""], ""examples"": [], ""dialect_assigned_default"": true}"
"hamila","noun","8","{""source"": ""Wiktionary Hausa"", ""license"": ""CC BY-SA"", ""attribution"": ""Wiktionary via kaikki.org"", ""definitions"": [""sword sling""], ""parts_of_speech"": [""noun""], ""ipa"": [""/hà.míː.làː/"", ""[hà.míː.làː]""], ""examples"": [], ""dialect_assigned_default"": true}"
"halaka","verb","8","{""source"": ""Wiktionary Hausa"", ""license"": ""CC BY-SA"", ""attribution"": ""Wiktionary via kaikki.org"", ""definitions"": [""destroy"", ""perish, be destroyed"", ""destruction, perishing""], ""parts_of_speech"": [""verb"", ""noun""], ""ipa"": [""/há.là.káː/"", ""[há.lə̀.káː]"", ""/hà.lá.kà/"", ""[hà.lə́.kə̀]"", ""/hà.lá.kà/"", ""[hà.lə́.kə̀]"", ""/há.là.káː/"", ""[há.lə̀.káː]"", ""/hà.lá.kà/"", ""[hà.lə́.kə̀]"", ""/hà.lá.kà/"", ""[hà.lə́.kə̀]"", ""/há.là.káː/"", ""[há.lə̀.káː]"", ""/hà.lá.kà/"", ""[hà.lə́.kə̀]"", ""/hà.lá.kà/"", ""[hà.lə́.kə̀]""], ""examples"": [], ""dialect_assigned_default"": true}"
"ƙuli-ƙuli","noun","8","{""source"": ""Wiktionary Hausa"", ""license"": ""CC BY-SA"", ""attribution"": ""Wiktionary via kaikki.org"", ""definitions"": [""deep-fried peanut balls or sticks (a traditional West African snack)""], ""parts_of_speech"": [""noun""], ""ipa"": [""/kʼú.líː.kʼú.líː/"", ""[kʷʼʊ́.líː.kʷʼʊ́.líː]""], ""examples"": [], ""dialect_assigned_default"": true}"
"fatsa","noun","8","{""source"": ""Wiktionary Hausa"", ""license"": ""CC BY-SA"", ""attribution"": ""Wiktionary via kaikki.org"", ""definitions"": [""fishhook""], ""parts_of_speech"": [""noun""], ""ipa"": [""/fá.(t)sʼá/"", ""[ɸə́.sʼə́]""], ""examples"": [], ""dialect_assigned_default"": true}"
"Ailan","name","8","{""source"": ""Wiktionary Hausa"", ""license"": ""CC BY-SA"", ""attribution"": ""Wiktionary via kaikki.org"", ""definitions"": [""Ireland (a country in Europe)""], ""parts_of_speech"": [""name""], ""ipa"": [""/ʔái.làn/"", ""[ʔái.làŋ]""], ""examples"": [], ""dialect_assigned_default"": true}"
"fasfo","noun","8","{""source"": ""Wiktionary Hausa"", ""license"": ""CC BY-SA"", ""attribution"": ""Wiktionary via kaikki.org"", ""definitions"": [""passport""], ""parts_of_speech"": [""noun""], ""ipa"": [""/fàs.fó/"", ""[ɸàs.ɸó]""], ""examples"": [], ""dialect_assigned_default"": true}"
"aduwa","noun","8","{""source"": ""Wiktionary Hausa"", ""license"": ""CC BY-SA"", ""attribution"": ""Wiktionary via kaikki.org"", ""definitions"": [""desert date palm (Balanites aegyptiaca)"", ""a date, the fruit of this tree""], ""parts_of_speech"": [""noun""], ""ipa"": [""/ʔá.dú.wàː/"", ""[ʔá.dʊ́.wàː]""], ""examples"": [], ""dialect_assigned_default"": true}"
"hangum","noun","8","{""source"": ""Wiktionary Hausa"", ""license"": ""CC BY-SA"", ""attribution"": ""Wiktionary via kaikki.org"", ""definitions"": [""mumps""], ""parts_of_speech"": [""noun""], ""ipa"": [""/hàn.ɡúm/"", ""[hàŋ.ɡʷʊ́ŋ]""], ""examples"": [], ""dialect_assigned_default"": true}"
"hasafi","noun","8","{""source"": ""Wiktionary Hausa"", ""license"": ""CC BY-SA"", ""attribution"": ""Wiktionary via kaikki.org"", ""definitions"": [""small gift""], ""parts_of_speech"": [""noun""], ""ipa"": [""/há.sà.fíː/"", ""[há.sə̀.ɸíː]""], ""examples"": [], ""dialect_assigned_default"": true}"
"ƙugiya","noun","8","{""source"": ""Wiktionary Hausa"", ""license"": ""CC BY-SA"", ""attribution"": ""Wiktionary via kaikki.org"", ""definitions"": [""hook"", ""anchor""], ""parts_of_speech"": [""noun""], ""ipa"": [""/kʼúː.ɡì.jáː/"", ""[kʷʼúː.ɟɪ̀.jáː]""], ""examples"": [], ""dialect_assigned_default"": true}"
"zunubi","noun","8","{""source"": ""Wiktionary Hausa"", ""license"": ""CC BY-SA"", ""attribution"": ""Wiktionary via kaikki.org"", ""definitions"": [""sin""], ""parts_of_speech"": [""noun""], ""ipa"": [""/zù.nú.bìː/"", ""[zɪ̀.nɪ́.bìː]""], ""examples"": [], ""dialect_assigned_default"": true}"
"dumɓu","noun","8","{""source"": ""Wiktionary Hausa"", ""license"": ""CC BY-SA"", ""attribution"": ""Wiktionary via kaikki.org"", ""definitions"": [""worn-out tool"", ""dimwit""], ""parts_of_speech"": [""noun""], ""ipa"": [""/dúm.ɓúː/"", ""[dɪ́m.ɓúː]""], ""examples"": [], ""dialect_assigned_default"": true}"
"jimina","noun","8","{""source"": ""Wiktionary Hausa"", ""license"": ""CC BY-SA"", ""attribution"": ""Wiktionary via kaikki.org"", ""definitions"": [""ostrich""], ""parts_of_speech"": [""noun""], ""ipa"": [""/(d)ʒì.mí.náː/"", ""[d͡ʒɪ̀.mɪ́.náː]""], ""examples"": [], ""dialect_assigned_default"": true}"
"muhuri","noun","8","{""source"": ""Wiktionary Hausa"", ""license"": ""CC BY-SA"", ""attribution"": ""Wiktionary via kaikki.org"", ""definitions"": [""A two-handled carving tool.""], ""parts_of_speech"": [""noun""], ""ipa"": [""/mú.húː.ɽíː/"", ""[mʊ́.húː.ɽíː]""], ""examples"": [], ""dialect_assigned_default"": true}"
"muzuru","noun","8","{""source"": ""Wiktionary Hausa"", ""license"": ""CC BY-SA"", ""attribution"": ""Wiktionary via kaikki.org"", ""definitions"": [""tomcat (male cat)""], ""parts_of_speech"": [""noun""], ""ipa"": [""/mù.zúː.ɽúː/"", ""[mʊ̀.zúː.ɽúː]""], ""examples"": [], ""dialect_assigned_default"": true}"
"Legas","name","8","{""source"": ""Wiktionary Hausa"", ""license"": ""CC BY-SA"", ""attribution"": ""Wiktionary via kaikki.org"", ""definitions"": [""Lagos (a city in Nigeria)""], ""parts_of_speech"": [""name""], ""ipa"": [""/léː.ɡàs/"", ""[léː.ɡàs]""], ""examples"": [], ""dialect_assigned_default"": true}"
"lambu","noun","8","{""source"": ""Wiktionary Hausa"", ""license"": ""CC BY-SA"", ""attribution"": ""Wiktionary via kaikki.org"", ""definitions"": [""garden"", ""irrigated farm""], ""parts_of_speech"": [""noun""], ""ipa"": [""/làm.búː/"", ""[làm.búː]""], ""examples"": [], ""dialect_assigned_default"": true}"
"umra","noun","8","{""source"": ""Wiktionary Hausa"", ""license"": ""CC BY-SA"", ""attribution"": ""Wiktionary via kaikki.org"", ""definitions"": [""umrah (a minor hajj, a lesser pilgrimage to Mecca, other than at the time of the hajj)""], ""parts_of_speech"": [""noun""], ""ipa"": [""/ʔúm.ráː/"", ""[ʔʊ́m.ráː]""], ""examples"": [], ""dialect_assigned_default"": true}"
"sarƙa","noun","8","{""source"": ""Wiktionary Hausa"", ""license"": ""CC BY-SA"", ""attribution"": ""Wiktionary via kaikki.org"", ""definitions"": [""chain"", ""chain necklace"", ""lace around, intertwine"", ""become enemies""], ""parts_of_speech"": [""noun"", ""verb""], ""ipa"": [""/sáɽ.kʼàː/"", ""[sáɽ.kʼàː]"", ""/sáɽ.kʼàː/"", ""[sáɽ.kʼàː]""], ""examples"": [], ""dialect_assigned_default"": true}"
"yayyafi","noun","8","{""source"": ""Wiktionary Hausa"", ""license"": ""CC BY-SA"", ""attribution"": ""Wiktionary via kaikki.org"", ""definitions"": [""drizzle, light rain""], ""parts_of_speech"": [""noun""], ""ipa"": [""/jáj.já.fíː/"", ""[jɛ́j.jɛ́.ɸíː]""], ""examples"": [], ""dialect_assigned_default"": true}"
"wuƙa","noun","8","{""source"": ""Wiktionary Hausa"", ""license"": ""CC BY-SA"", ""attribution"": ""Wiktionary via kaikki.org"", ""definitions"": [""knife""], ""parts_of_speech"": [""noun""], ""ipa"": [""/wú.kʼáː/"", ""[wʊ́.kʼáː]""], ""examples"": [], ""dialect_assigned_default"": true}"
"kufai","noun","8","{""source"": ""Wiktionary Hausa"", ""license"": ""CC BY-SA"", ""attribution"": ""Wiktionary via kaikki.org"", ""definitions"": [""ruin; (site of an) abandoned town""], ""parts_of_speech"": [""noun""], ""ipa"": [""/kú.fái/"", ""[kʷʊ́.ɸéi]""], ""examples"": [], ""dialect_assigned_default"": true}"
"maiso","noun","8","{""source"": ""Wiktionary Hausa"", ""license"": ""CC BY-SA"", ""attribution"": ""Wiktionary via kaikki.org"", ""definitions"": [""unworked farm""], ""parts_of_speech"": [""noun""], ""ipa"": [""/mái.sóː/"", ""[méi.sóː]""], ""examples"": [], ""dialect_assigned_default"": true}"
"Daura","name","8","{""source"": ""Wiktionary Hausa"", ""license"": ""CC BY-SA"", ""attribution"": ""Wiktionary via kaikki.org"", ""definitions"": [""Daura (a city in Katsina State, Nigeria)""], ""parts_of_speech"": [""name""], ""ipa"": [""/dàu.ɽáː/"", ""[dàu.ɽáː]""], ""examples"": [], ""dialect_assigned_default"": true}"
"wul","noun","8","{""source"": ""Wiktionary Hausa"", ""license"": ""CC BY-SA"", ""attribution"": ""Wiktionary via kaikki.org"", ""definitions"": [""pass by quickly, flash past"", ""alternative form of wulik (“black, dark blue”)""], ""parts_of_speech"": [""noun""], ""ipa"": [""/wùl/"", ""[wʊ̀l]"", ""/wúl/"", ""[wʊ́l]"", ""/wùl/"", ""[wʊ̀l]"", ""/wúl/"", ""[wʊ́l]""], ""examples"": [], ""dialect_assigned_default"": true}"
"dankali","noun","8","{""source"": ""Wiktionary Hausa"", ""license"": ""CC BY-SA"", ""attribution"": ""Wiktionary via kaikki.org"", ""definitions"": [""a potato, especially a sweet potato""], ""parts_of_speech"": [""noun""], ""ipa"": [""/dàn.ká.lìː/"", ""[dàŋ.kə́.lìː]""], ""examples"": [], ""dialect_assigned_default"": true}"
"lawur","noun","8","{""source"": ""Wiktionary Hausa"", ""license"": ""CC BY-SA"", ""attribution"": ""Wiktionary via kaikki.org"", ""definitions"": [""sweet potato""], ""parts_of_speech"": [""noun""], ""ipa"": [""/láː.wúɽ/"", ""[láː.wʊ́ɽ]""], ""examples"": [], ""dialect_assigned_default"": true}"
"bajau","noun","8","{""source"": ""Wiktionary Hausa"", ""license"": ""CC BY-SA"", ""attribution"": ""Wiktionary via kaikki.org"", ""definitions"": [""A cloth which card players play on."", ""reddened""], ""parts_of_speech"": [""noun"", ""adv""], ""ipa"": [""/bá.(d)ʒáu/"", ""[bə́.d͡ʒáu]"", ""/bá.(d)ʒáu/"", ""[bə́.d͡ʒáu]""], ""examples"": [], ""dialect_assigned_default"": true}"
"tanaka","noun","8","{""source"": ""Wiktionary Hausa"", ""license"": ""CC BY-SA"", ""attribution"": ""Wiktionary via kaikki.org"", ""definitions"": [""metal perfume container""], ""parts_of_speech"": [""noun""], ""ipa"": [""/tàː.náː.kàː/"", ""[tàː.náː.kàː]""], ""examples"": [], ""dialect_assigned_default"": true}"
"gaiwa","noun","8","{""source"": ""Wiktionary Hausa"", ""license"": ""CC BY-SA"", ""attribution"": ""Wiktionary via kaikki.org"", ""definitions"": [""lungfish""], ""parts_of_speech"": [""noun""], ""ipa"": [""/ɡâi.wáː/"", ""[ɡêi.wáː]""], ""examples"": [], ""dialect_assigned_default"": true}"
"fitila","noun","8","{""source"": ""Wiktionary Hausa"", ""license"": ""CC BY-SA"", ""attribution"": ""Wiktionary via kaikki.org"", ""definitions"": [""lamp, light (electronic device)""], ""parts_of_speech"": [""noun""], ""ipa"": [""/fì.tí.làː/"", ""[ɸɪ̀.tɪ́.làː]""], ""examples"": [], ""dialect_assigned_default"": true}"
"Jos","name","8","{""source"": ""Wiktionary Hausa"", ""license"": ""CC BY-SA"", ""attribution"": ""Wiktionary via kaikki.org"", ""definitions"": [""Jos (a city, the state capital of Plateau State, Nigeria)""], ""parts_of_speech"": [""name""], ""ipa"": [""/(d)ʒòs/"", ""[d͡ʒàs]""], ""examples"": [], ""dialect_assigned_default"": true}"
"hijabi","noun","8","{""source"": ""Wiktionary Hausa"", ""license"": ""CC BY-SA"", ""attribution"": ""Wiktionary via kaikki.org"", ""definitions"": [""hijab (custom of wearing a veil)"", ""hijab (veil)""], ""parts_of_speech"": [""noun""], ""ipa"": [""/hì.(d)ʒáː.bìː/"", ""[hɪ̀.d͡ʒáː.bìː]""], ""examples"": [], ""dialect_assigned_default"": true}"
"huɗu","num","8","{""source"": ""Wiktionary Hausa"", ""license"": ""CC BY-SA"", ""attribution"": ""Wiktionary via kaikki.org"", ""definitions"": [""four""], ""parts_of_speech"": [""num""], ""ipa"": [""/hú.ɗú/"", ""[hʊ́.ɗɪ́]""], ""examples"": [], ""dialect_assigned_default"": true}"
"wuta","noun","8","{""source"": ""Wiktionary Hausa"", ""license"": ""CC BY-SA"", ""attribution"": ""Wiktionary via kaikki.org"", ""definitions"": [""fire"", ""electricity""], ""parts_of_speech"": [""noun""], ""ipa"": [""/wú.táː/"", ""[wʊ́.táː]""], ""examples"": [], ""dialect_assigned_default"": true}"
"hoda","noun","8","{""source"": ""Wiktionary Hausa"", ""license"": ""CC BY-SA"", ""attribution"": ""Wiktionary via kaikki.org"", ""definitions"": [""powder, face powder""], ""parts_of_speech"": [""noun""], ""ipa"": [""/hóː.dàː/"", ""[hóː.dàː]""], ""examples"": [], ""dialect_assigned_default"": true}"
"hamsin","num","8","{""source"": ""Wiktionary Hausa"", ""license"": ""CC BY-SA"", ""attribution"": ""Wiktionary via kaikki.org"", ""definitions"": [""fifty""], ""parts_of_speech"": [""num""], ""ipa"": [""/hàm.sín/"", ""[hàm.sɪ́ŋ]""], ""examples"": [], ""dialect_assigned_default"": true}"
"cindo","noun","8","{""source"": ""Wiktionary Hausa"", ""license"": ""CC BY-SA"", ""attribution"": ""Wiktionary via kaikki.org"", ""definitions"": [""a person with six fingers on each hand""], ""parts_of_speech"": [""noun""], ""ipa"": [""/t͡ʃín.dòː/"", ""[t͡ʃɪ́n.dòː]""], ""examples"": [], ""dialect_assigned_default"": true}"
"kaso","noun","8","{""source"": ""Wiktionary Hausa"", ""license"": ""CC BY-SA"", ""attribution"": ""Wiktionary via kaikki.org"", ""definitions"": [""prison""], ""parts_of_speech"": [""noun""], ""ipa"": [""/ká.sò/""], ""examples"": [], ""dialect_assigned_default"": true}"
"baiti","noun","8","{""source"": ""Wiktionary Hausa"", ""license"": ""CC BY-SA"", ""attribution"": ""Wiktionary via kaikki.org"", ""definitions"": [""stanza""], ""parts_of_speech"": [""noun""], ""ipa"": [""/bái.tìː/"", ""[béi.tìː]""], ""examples"": [], ""dialect_assigned_default"": true}"
"mashi","noun","8","{""source"": ""Wiktionary Hausa"", ""license"": ""CC BY-SA"", ""attribution"": ""Wiktionary via kaikki.org"", ""definitions"": [""spear""], ""parts_of_speech"": [""noun""], ""ipa"": [""/máː.ʃìː/"", ""[máː.ʃìː]""], ""examples"": [], ""dialect_assigned_default"": true}"
"akara","noun","8","{""source"": ""Wiktionary Hausa"", ""license"": ""CC BY-SA"", ""attribution"": ""Wiktionary via kaikki.org"", ""definitions"": [""a deep-fried bean cake""], ""parts_of_speech"": [""noun""], ""ipa"": [""/ʔà.kà.ɽà/"", ""[ʔà.kə̀.ɽə̀]""], ""examples"": [], ""dialect_assigned_default"": true}"
"dorina","noun","8","{""source"": ""Wiktionary Hausa"", ""license"": ""CC BY-SA"", ""attribution"": ""Wiktionary via kaikki.org"", ""definitions"": [""hippopotamus"", ""sjambok (a whip made of hippopotamus hide)""], ""parts_of_speech"": [""noun""], ""ipa"": [""/dòː.ɽí.náː/"", ""[dòː.ɽɪ́.náː]""], ""examples"": [], ""dialect_assigned_default"": true}"
"ƙauye","noun","8","{""source"": ""Wiktionary Hausa"", ""license"": ""CC BY-SA"", ""attribution"": ""Wiktionary via kaikki.org"", ""definitions"": [""village""], ""parts_of_speech"": [""noun""], ""ipa"": [""/kʼáu.jèː/"", ""[kʼáu.jèː]""], ""examples"": [], ""dialect_assigned_default"": true}"
"asham","noun","8","{""source"": ""Wiktionary Hausa"", ""license"": ""CC BY-SA"", ""attribution"": ""Wiktionary via kaikki.org"", ""definitions"": [""tarawih (extra prayers at night during Ramadan)""], ""parts_of_speech"": [""noun""], ""ipa"": [""/ʔá.ʃám/"", ""[ʔá.ʃáŋ]""], ""examples"": [], ""dialect_assigned_default"": true}"
"kurmi","noun","8","{""source"": ""Wiktionary Hausa"", ""license"": ""CC BY-SA"", ""attribution"": ""Wiktionary via kaikki.org"", ""definitions"": [""forest, jungle""], ""parts_of_speech"": [""noun""], ""ipa"": [""/kúɽ.mìː/"", ""[kʷʊ́ɽ.mìː]""], ""examples"": [], ""dialect_assigned_default"": true}"
"likita","noun","8","{""source"": ""Wiktionary Hausa"", ""license"": ""CC BY-SA"", ""attribution"": ""Wiktionary via kaikki.org"", ""definitions"": [""physician, (medical) doctor""], ""parts_of_speech"": [""noun""], ""ipa"": [""/lí.kí.tà/"", ""[lɪ́.cɪ́.tə̀]""], ""examples"": [], ""dialect_assigned_default"": true}"
"sarara","noun","8","{""source"": ""Wiktionary Hausa"", ""license"": ""CC BY-SA"", ""attribution"": ""Wiktionary via kaikki.org"", ""definitions"": [""walking aimlessly""], ""parts_of_speech"": [""noun""], ""ipa"": [""/sà.ɽà.ɽà/"", ""[sə̀.ɽə̀.ɽə̀]""], ""examples"": [], ""dialect_assigned_default"": true}"
"yanki","noun","8","{""source"": ""Wiktionary Hausa"", ""license"": ""CC BY-SA"", ""attribution"": ""Wiktionary via kaikki.org"", ""definitions"": [""part, section"", ""district"", ""region, state, province""], ""parts_of_speech"": [""noun""], ""ipa"": [""/ján.kìː/"", ""[jɛ́ɲ.cìː]""], ""examples"": [], ""dialect_assigned_default"": true}"
"aboki","noun","8","{""source"": ""Wiktionary Hausa"", ""license"": ""CC BY-SA"", ""attribution"": ""Wiktionary via kaikki.org"", ""definitions"": [""friend"", ""counterpart, companion (a person with whom one does something, or is in any kind of relationship, positive or negative)""], ""parts_of_speech"": [""noun""], ""ipa"": [""/ʔà.bóː.kíː/"", ""[ʔà.bóː.cíː]""], ""examples"": [], ""dialect_assigned_default"": true}"
"salla","noun","8","{""source"": ""Wiktionary Hausa"", ""license"": ""CC BY-SA"", ""attribution"": ""Wiktionary via kaikki.org"", ""definitions"": [""prayer, salat (principally in Islam)"", ""religious holiday""], ""parts_of_speech"": [""noun""], ""ipa"": [""/sál.làː/"", ""[sál.làː]""], ""examples"": [], ""dialect_assigned_default"": true}"
"tausa","noun","8","{""source"": ""Wiktionary Hausa"", ""license"": ""CC BY-SA"", ""attribution"": ""Wiktionary via kaikki.org"", ""definitions"": [""massage""], ""parts_of_speech"": [""noun""], ""ipa"": [""/tàu.sáː/"", ""[tàu.sáː]""], ""examples"": [], ""dialect_assigned_default"": true}"
"tilas","noun","8","{""source"": ""Wiktionary Hausa"", ""license"": ""CC BY-SA"", ""attribution"": ""Wiktionary via kaikki.org"", ""definitions"": [""necessity"", ""necessarily""], ""parts_of_speech"": [""noun"", ""adv""], ""ipa"": [""/tíː.làs/"", ""[tíː.làs]"", ""/tíː.làs/"", ""[tíː.làs]""], ""examples"": [], ""dialect_assigned_default"": true}"
"ɓulla","verb","8","{""source"": ""Wiktionary Hausa"", ""license"": ""CC BY-SA"", ""attribution"": ""Wiktionary via kaikki.org"", ""definitions"": [""to appear suddenly""], ""parts_of_speech"": [""verb""], ""ipa"": [""/ɓùl.lá/"", ""[ɓʊ̀l.lə́]""], ""examples"": [], ""dialect_assigned_default"": true}"
"tautau","noun","8","{""source"": ""Wiktionary Hausa"", ""license"": ""CC BY-SA"", ""attribution"": ""Wiktionary via kaikki.org"", ""definitions"": [""a kind of long-legged spider"", ""A skin rash thought to be caused by drinking water in which a spider has died.""], ""parts_of_speech"": [""noun""], ""ipa"": [""/táu.tàu/"", ""[táu.tàu]""], ""examples"": [], ""dialect_assigned_default"": true}"
"ɗigo","noun","8","{""source"": ""Wiktionary Hausa"", ""license"": ""CC BY-SA"", ""attribution"": ""Wiktionary via kaikki.org"", ""definitions"": [""drop, drip"", ""dot, point"", ""dot, period""], ""parts_of_speech"": [""noun""], ""ipa"": [""/ɗí.ɡòː/"", ""[ɗɪ́.ɡʷòː]""], ""examples"": [], ""dialect_assigned_default"": true}"
"ƙorama","noun","8","{""source"": ""Wiktionary Hausa"", ""license"": ""CC BY-SA"", ""attribution"": ""Wiktionary via kaikki.org"", ""definitions"": [""large stream""], ""parts_of_speech"": [""noun""], ""ipa"": [""/kʼòː.ɽá.màː/"", ""[kʷʼòː.ɽə́.màː]""], ""examples"": [], ""dialect_assigned_default"": true}"
"ɓurma","noun","8","{""source"": ""Wiktionary Hausa"", ""license"": ""CC BY-SA"", ""attribution"": ""Wiktionary via kaikki.org"", ""definitions"": [""box trap (for rats)""], ""parts_of_speech"": [""noun""], ""ipa"": [""/ɓúɽ.máː/"", ""[ɓʊ́ɽ.máː]""], ""examples"": [], ""dialect_assigned_default"": true}"
"ajuza","noun","8","{""source"": ""Wiktionary Hausa"", ""license"": ""CC BY-SA"", ""attribution"": ""Wiktionary via kaikki.org"", ""definitions"": [""a shameless woman, a (female) liar""], ""parts_of_speech"": [""noun""], ""ipa"": [""/ʔà.(d)ʒúː.zàː/"", ""[ʔà.d͡ʒúː.zàː]""], ""examples"": [], ""dialect_assigned_default"": true}"
"alawa","noun","8","{""source"": ""Wiktionary Hausa"", ""license"": ""CC BY-SA"", ""attribution"": ""Wiktionary via kaikki.org"", ""definitions"": [""halva or similar candy""], ""parts_of_speech"": [""noun""], ""ipa"": [""/ʔà.láː.wàː/"", ""[ʔà.láː.wàː]""], ""examples"": [], ""dialect_assigned_default"": true}"
"kandu","noun","8","{""source"": ""Wiktionary Hausa"", ""license"": ""CC BY-SA"", ""attribution"": ""Wiktionary via kaikki.org"", ""definitions"": [""A certain white stone used in necklaces.""], ""parts_of_speech"": [""noun""], ""ipa"": [""/kán.dúː/"", ""[kán.dúː]""], ""examples"": [], ""dialect_assigned_default"": true}"
"biya","noun","8","{""source"": ""Wiktionary Hausa"", ""license"": ""CC BY-SA"", ""attribution"": ""Wiktionary via kaikki.org"", ""definitions"": [""beer"", ""to pay"", ""to fulfill"", ""to be fulfilled""], ""parts_of_speech"": [""noun"", ""verb""], ""ipa"": [""/bí.jà/"", ""[bɪ́.jɛ̀]"", ""/bí.jáː/"", ""[bɪ́.jáː]""], ""examples"": [], ""dialect_assigned_default"": true}"
"ruwa","noun","8","{""source"": ""Wiktionary Hausa"", ""license"": ""CC BY-SA"", ""attribution"": ""Wiktionary via kaikki.org"", ""definitions"": [""water"", ""liquid, juice"", ""interest (money)"", ""color"", ""in the water"", ""blade (of knife or axe)""], ""parts_of_speech"": [""noun"", ""adv""], ""ipa"": [""/ɽú.wáː/"", ""[ɽʊ́.wáː]"", ""[ɽʊ́.wə́]"", ""[ɽʊ́.wáː]"", ""/ɽú.wá/"", ""[ɽʊ́.wə́]"", ""/ɽú.wáː/"", ""[ɽʊ́.wáː]""], ""examples"": [], ""dialect_assigned_default"": true}"
"bango","noun","8","{""source"": ""Wiktionary Hausa"", ""license"": ""CC BY-SA"", ""attribution"": ""Wiktionary via kaikki.org"", ""definitions"": [""wall (of a room)"", ""book cover""], ""parts_of_speech"": [""noun""], ""ipa"": [""/bán.ɡóː/"", ""[báŋ.ɡʷóː]""], ""examples"": [], ""dialect_assigned_default"": true}"
"kifi","noun","8","{""source"": ""Wiktionary Hausa"", ""license"": ""CC BY-SA"", ""attribution"": ""Wiktionary via kaikki.org"", ""definitions"": [""fish""], ""parts_of_speech"": [""noun""], ""ipa"": [""/kíː.fíː/"", ""[cíː.ɸíː]""], ""examples"": [], ""dialect_assigned_default"": true}"
"akwasa","noun","8","{""source"": ""Wiktionary Hausa"", ""license"": ""CC BY-SA"", ""attribution"": ""Wiktionary via kaikki.org"", ""definitions"": [""A polished wooden bar used for weaving.""], ""parts_of_speech"": [""noun""], ""ipa"": [""/ʔá.kʷá.sáː/"", ""[ʔá.kʷə́.sáː]""], ""examples"": [], ""dialect_assigned_default"": true}"
"ƙube","noun","8","{""source"": ""Wiktionary Hausa"", ""license"": ""CC BY-SA"", ""attribution"": ""Wiktionary via kaikki.org"", ""definitions"": [""A traditional hand-embroidered cap.""], ""parts_of_speech"": [""noun""], ""ipa"": [""/kʼúː.bè/"", ""[kʷʼúː.bè]""], ""examples"": [], ""dialect_assigned_default"": true}"
"ƙosai","noun","8","{""source"": ""Wiktionary Hausa"", ""license"": ""CC BY-SA"", ""attribution"": ""Wiktionary via kaikki.org"", ""definitions"": [""a deep-fried bean cake""], ""parts_of_speech"": [""noun""], ""ipa"": [""/kʼóː.sái/"", ""[kʷʼóː.séi]""], ""examples"": [], ""dialect_assigned_default"": true}"
"ɓakutu","noun","8","{""source"": ""Wiktionary Hausa"", ""license"": ""CC BY-SA"", ""attribution"": ""Wiktionary via kaikki.org"", ""definitions"": [""A neckless clay pot."", ""A nickname for a child with big buttocks.""], ""parts_of_speech"": [""noun""], ""ipa"": [""/ɓáː.kú.tú/"", ""[ɓáː.kʷʊ́.tɪ́]""], ""examples"": [], ""dialect_assigned_default"": true}"
"kogi","noun","8","{""source"": ""Wiktionary Hausa"", ""license"": ""CC BY-SA"", ""attribution"": ""Wiktionary via kaikki.org"", ""definitions"": [""river""], ""parts_of_speech"": [""noun""], ""ipa"": [""/kòː.ɡíː/"", ""[kʷòː.ɟíː]""], ""examples"": [], ""dialect_assigned_default"": true}"
"zamba","noun","8","{""source"": ""Wiktionary Hausa"", ""license"": ""CC BY-SA"", ""attribution"": ""Wiktionary via kaikki.org"", ""definitions"": [""fraud, deceit""], ""parts_of_speech"": [""noun""], ""ipa"": [""/zàm.bá/"", ""[zàm.bə́]""], ""examples"": [], ""dialect_assigned_default"": true}"
"tofa","noun","8","{""source"": ""Wiktionary Hausa"", ""license"": ""CC BY-SA"", ""attribution"": ""Wiktionary via kaikki.org"", ""definitions"": [""elephant grass, Napier grass""], ""parts_of_speech"": [""noun""], ""ipa"": [""/tóː.fáː/"", ""[tóː.ɸáː]""], ""examples"": [], ""dialect_assigned_default"": true}"
"هَوُسَ","name","8","{""source"": ""Wiktionary Hausa"", ""license"": ""CC BY-SA"", ""attribution"": ""Wiktionary via kaikki.org"", ""definitions"": [""Arabic-script spelling of Hausa""], ""parts_of_speech"": [""name""], ""ipa"": [], ""examples"": [], ""dialect_assigned_default"": true}"
"dabba","noun","8","{""source"": ""Wiktionary Hausa"", ""license"": ""CC BY-SA"", ""attribution"": ""Wiktionary via kaikki.org"", ""definitions"": [""animal""], ""parts_of_speech"": [""noun""], ""ipa"": [""/dáb.bàː/"", ""[dáb.bàː]""], ""examples"": [], ""dialect_assigned_default"": true}"
"Yusufu","name","8","{""source"": ""Wiktionary Hausa"", ""license"": ""CC BY-SA"", ""attribution"": ""Wiktionary via kaikki.org"", ""definitions"": [""Joseph (biblical character)"", ""a male given name, equivalent to English Joseph""], ""parts_of_speech"": [""name""], ""ipa"": [""/júː.sú.fù/"", ""[júː.sɪ́.ɸʊ̀]""], ""examples"": [], ""dialect_assigned_default"": true}"
"kamili","noun","8","{""source"": ""Wiktionary Hausa"", ""license"": ""CC BY-SA"", ""attribution"": ""Wiktionary via kaikki.org"", ""definitions"": [""a perfect, kind person""], ""parts_of_speech"": [""noun""], ""ipa"": [""/káː.mì.líː/"", ""[káː.mɪ̀.líː]""], ""examples"": [], ""dialect_assigned_default"": true}"
"zamani","noun","8","{""source"": ""Wiktionary Hausa"", ""license"": ""CC BY-SA"", ""attribution"": ""Wiktionary via kaikki.org"", ""definitions"": [""age, epoch, period, times""], ""parts_of_speech"": [""noun""], ""ipa"": [""/záː.mà.níː/"", ""/zàː.máː.nìː/"", ""[záː.mə̀.níː]"", ""[zàː.máː.nìː]""], ""examples"": [], ""dialect_assigned_default"": true}"
"mamaye","noun","8","{""source"": ""Wiktionary Hausa"", ""license"": ""CC BY-SA"", ""attribution"": ""Wiktionary via kaikki.org"", ""definitions"": [""military occupation""], ""parts_of_speech"": [""noun""], ""ipa"": [""/màː.mà.jéː/"", ""[màː.mɛ̀.jéː]""], ""examples"": [], ""dialect_assigned_default"": true}"
"hamada","noun","8","{""source"": ""Wiktionary Hausa"", ""license"": ""CC BY-SA"", ""attribution"": ""Wiktionary via kaikki.org"", ""definitions"": [""desert""], ""parts_of_speech"": [""noun""], ""ipa"": [""/hà.máː.dàː/"", ""[hà.máː.dàː]""], ""examples"": [], ""dialect_assigned_default"": true}"
"silin","noun","8","{""source"": ""Wiktionary Hausa"", ""license"": ""CC BY-SA"", ""attribution"": ""Wiktionary via kaikki.org"", ""definitions"": [""ceiling""], ""parts_of_speech"": [""noun""], ""ipa"": [""/síː.lìn/"", ""[síː.lɪ̀ŋ]""], ""examples"": [], ""dialect_assigned_default"": true}"
"amini","noun","8","{""source"": ""Wiktionary Hausa"", ""license"": ""CC BY-SA"", ""attribution"": ""Wiktionary via kaikki.org"", ""definitions"": [""faithful friend""], ""parts_of_speech"": [""noun""], ""ipa"": [""/ʔà.míː.nìː/"", ""[ʔà.míː.nìː]""], ""examples"": [], ""dialect_assigned_default"": true}"
"anini","noun","8","{""source"": ""Wiktionary Hausa"", ""license"": ""CC BY-SA"", ""attribution"": ""Wiktionary via kaikki.org"", ""definitions"": [""button"", ""stars or ribbons worn by a military officer"", ""tenth of a penny""], ""parts_of_speech"": [""noun""], ""ipa"": [""/ʔà.níː.níː/"", ""[ʔà.níː.níː]""], ""examples"": [], ""dialect_assigned_default"": true}"
"ƙwai","noun","8","{""source"": ""Wiktionary Hausa"", ""license"": ""CC BY-SA"", ""attribution"": ""Wiktionary via kaikki.org"", ""definitions"": [""egg"", ""electric lightbulb""], ""parts_of_speech"": [""noun""], ""ipa"": [""/kʷʼái/"", ""[kʷʼéi]""], ""examples"": [], ""dialect_assigned_default"": true}"
"nasaba","noun","8","{""source"": ""Wiktionary Hausa"", ""license"": ""CC BY-SA"", ""attribution"": ""Wiktionary via kaikki.org"", ""definitions"": [""familial relationship""], ""parts_of_speech"": [""noun""], ""ipa"": [""/ná.sá.bàː/"", ""[nə́.sə́.bàː]""], ""examples"": [], ""dialect_assigned_default"": true}"
"ibada","noun","8","{""source"": ""Wiktionary Hausa"", ""license"": ""CC BY-SA"", ""attribution"": ""Wiktionary via kaikki.org"", ""definitions"": [""worship, service to God""], ""parts_of_speech"": [""noun""], ""ipa"": [""/ʔì.báː.dàː/"", ""[ʔɪ̀.báː.dàː]""], ""examples"": [], ""dialect_assigned_default"": true}"
"harshe","noun","8","{""source"": ""Wiktionary Hausa"", ""license"": ""CC BY-SA"", ""attribution"": ""Wiktionary via kaikki.org"", ""definitions"": [""tongue"", ""tip or tongue of something"", ""language""], ""parts_of_speech"": [""noun""], ""ipa"": [""/háɽ.ʃèː/"", ""[háɽ.ʃèː]""], ""examples"": [], ""dialect_assigned_default"": true}"
"goge","noun","8","{""source"": ""Wiktionary Hausa"", ""license"": ""CC BY-SA"", ""attribution"": ""Wiktionary via kaikki.org"", ""definitions"": [""goje (traditional one-stringed fiddle)""], ""parts_of_speech"": [""noun""], ""ipa"": [""/ɡòː.ɡéː/"", ""[ɡʷòː.ɟéː]""], ""examples"": [], ""dialect_assigned_default"": true}"
"zare","noun","8","{""source"": ""Wiktionary Hausa"", ""license"": ""CC BY-SA"", ""attribution"": ""Wiktionary via kaikki.org"", ""definitions"": [""thread, string"", ""Goods rejected because of poor quality."", ""outcast (person)"", ""to snatch from"", ""to pull out, to unsheathe, to disengage"", ""to withdraw from, to be unconcerned with""], ""parts_of_speech"": [""noun"", ""verb""], ""ipa"": [""/zà.ɽéː/"", ""[zə̀.ɽéː]"", ""/zàː.ɽéː/"", ""[zàː.ɽéː]"", ""/zá.ɽèː/"", ""[zə́.ɽèː]"", ""/záː.ɽèː/"", ""[záː.ɽèː]""], ""examples"": [], ""dialect_assigned_default"": true}"
"danga","noun","8","{""source"": ""Wiktionary Hausa"", ""license"": ""CC BY-SA"", ""attribution"": ""Wiktionary via kaikki.org"", ""definitions"": [""cornstalk fence""], ""parts_of_speech"": [""noun""], ""ipa"": [""/dán.ɡáː/"", ""[dáŋ.ɡáː]""], ""examples"": [], ""dialect_assigned_default"": true}"
"mandiri","noun","8","{""source"": ""Wiktionary Hausa"", ""license"": ""CC BY-SA"", ""attribution"": ""Wiktionary via kaikki.org"", ""definitions"": [""a type of tambourine played by the Qadiriyya sect of Sufis""], ""parts_of_speech"": [""noun""], ""ipa"": [""/màn.díː.rìː/"", ""[màn.díː.rìː]""], ""examples"": [], ""dialect_assigned_default"": true}"
"iska","noun","8","{""source"": ""Wiktionary Hausa"", ""license"": ""CC BY-SA"", ""attribution"": ""Wiktionary via kaikki.org"", ""definitions"": [""air"", ""wind, breeze"", ""spirit (especially in the context of Hausa animism)""], ""parts_of_speech"": [""noun""], ""ipa"": [""/ʔís.kàː/"", ""[ʔɪ́s.kàː]""], ""examples"": [], ""dialect_assigned_default"": true}"
"babur","noun","8","{""source"": ""Wiktionary Hausa"", ""license"": ""CC BY-SA"", ""attribution"": ""Wiktionary via kaikki.org"", ""definitions"": [""motorcycle""], ""parts_of_speech"": [""noun""], ""ipa"": [""/bàː.búr/"", ""[bàː.bʊ́r]""], ""examples"": [], ""dialect_assigned_default"": true}"
"Haruna","name","8","{""source"": ""Wiktionary Hausa"", ""license"": ""CC BY-SA"", ""attribution"": ""Wiktionary via kaikki.org"", ""definitions"": [""Aaron (biblical character)"", ""a male given name, Harun, equivalent to English Aaron""], ""parts_of_speech"": [""name""], ""ipa"": [""/há.rúː.nà/"", ""[há.rúː.nə̀]""], ""examples"": [], ""dialect_assigned_default"": true}"
"Mayu","name","8","{""source"": ""Wiktionary Hausa"", ""license"": ""CC BY-SA"", ""attribution"": ""Wiktionary via kaikki.org"", ""definitions"": [""May""], ""parts_of_speech"": [""name""], ""ipa"": [""/máː.jùː/"", ""[máː.jùː]""], ""examples"": [], ""dialect_assigned_default"": true}"
"dahir","noun","8","{""source"": ""Wiktionary Hausa"", ""license"": ""CC BY-SA"", ""attribution"": ""Wiktionary via kaikki.org"", ""definitions"": [""reality, truth""], ""parts_of_speech"": [""noun""], ""ipa"": [""/dáː.hìr/"", ""[dáː.hɪ̀r]""], ""examples"": [], ""dialect_assigned_default"": true}"
"ladani","noun","8","{""source"": ""Wiktionary Hausa"", ""license"": ""CC BY-SA"", ""attribution"": ""Wiktionary via kaikki.org"", ""definitions"": [""alternative form of ladan""], ""parts_of_speech"": [""noun""], ""ipa"": [""/làː.dáː.nìː/"", ""[làː.dáː.nìː]""], ""examples"": [], ""dialect_assigned_default"": true}"
"Gara","name","8","{""source"": ""Wiktionary Hausa"", ""license"": ""CC BY-SA"", ""attribution"": ""Wiktionary via kaikki.org"", ""definitions"": [""Igala people"", ""Igala language""], ""parts_of_speech"": [""name""], ""ipa"": [""/ɡá.ràː/"", ""[ɡə́.ràː]""], ""examples"": [], ""dialect_assigned_default"": true}"
"Makka","name","8","{""source"": ""Wiktionary Hausa"", ""license"": ""CC BY-SA"", ""attribution"": ""Wiktionary via kaikki.org"", ""definitions"": [""alternative form of Maka""], ""parts_of_speech"": [""name""], ""ipa"": [""/mák.kà/"", ""[mák.kə̀]""], ""examples"": [], ""dialect_assigned_default"": true}"
"diyya","noun","8","{""source"": ""Wiktionary Hausa"", ""license"": ""CC BY-SA"", ""attribution"": ""Wiktionary via kaikki.org"", ""definitions"": [""diyya, blood money""], ""parts_of_speech"": [""noun""], ""ipa"": [""/díj.jàː/"", ""[dɪ́j.jàː]""], ""examples"": [], ""dialect_assigned_default"": true}"
"ڟ","character","8","{""source"": ""Wiktionary Hausa"", ""license"": ""CC BY-SA"", ""attribution"": ""Wiktionary via kaikki.org"", ""definitions"": [""The nineteenth letter of the Hausa alphabet, written in the Arabic script; preceded by ت and followed by و.""], ""parts_of_speech"": [""character""], ""ipa"": [""/(t)sʼ/"", ""[sʼ]""], ""examples"": [], ""dialect_assigned_default"": true}"
"ݓ","character","8","{""source"": ""Wiktionary Hausa"", ""license"": ""CC BY-SA"", ""attribution"": ""Wiktionary via kaikki.org"", ""definitions"": [""The third letter of the Hausa alphabet, written in the Arabic script; preceded by ٻ and followed by د.""], ""parts_of_speech"": [""character""], ""ipa"": [""/t͡ʃ/"", ""[t͡ʃ]""], ""examples"": [], ""dialect_assigned_default"": true}"
"Azumi","name","8","{""source"": ""Wiktionary Hausa"", ""license"": ""CC BY-SA"", ""attribution"": ""Wiktionary via kaikki.org"", ""definitions"": [""a female given name given to a girl born during Ramadan""], ""parts_of_speech"": [""name""], ""ipa"": [""/ʔá.zù.mí/"", ""[ʔá.zɪ̀.mɪ́]""], ""examples"": [], ""dialect_assigned_default"": true}"
"bayani","noun","8","{""source"": ""Wiktionary Hausa"", ""license"": ""CC BY-SA"", ""attribution"": ""Wiktionary via kaikki.org"", ""definitions"": [""explanation""], ""parts_of_speech"": [""noun""], ""ipa"": [""/bà.jáː.nìː/"", ""[bɛ̀.jáː.nìː]""], ""examples"": [], ""dialect_assigned_default"": true}"
"makama","noun","8","{""source"": ""Wiktionary Hausa"", ""license"": ""CC BY-SA"", ""attribution"": ""Wiktionary via kaikki.org"", ""definitions"": [""handle"", ""reason, excuse"", ""a traditional title for an advisor to the emir""], ""parts_of_speech"": [""noun""], ""ipa"": [""/má.káː.máː/"", ""[mə́.káː.máː]"", ""/má.kàː.máː/"", ""[mə́.kàː.máː]""], ""examples"": [], ""dialect_assigned_default"": true}"
"Indiya","name","8","{""source"": ""Wiktionary Hausa"", ""license"": ""CC BY-SA"", ""attribution"": ""Wiktionary via kaikki.org"", ""definitions"": [""India (a country in South Asia)""], ""parts_of_speech"": [""name""], ""ipa"": [""/ʔín.dí.jà/"", ""[ʔɪ́n.dɪ́.jɛ̀]""], ""examples"": [], ""dialect_assigned_default"": true}"
"tunku","noun","8","{""source"": ""Wiktionary Hausa"", ""license"": ""CC BY-SA"", ""attribution"": ""Wiktionary via kaikki.org"", ""definitions"": [""mongoose""], ""parts_of_speech"": [""noun""], ""ipa"": [""/tùn.kúː/"", ""[tɪ̀ŋ.kʷúː]""], ""examples"": [], ""dialect_assigned_default"": true}"
"aidin","noun","8","{""source"": ""Wiktionary Hausa"", ""license"": ""CC BY-SA"", ""attribution"": ""Wiktionary via kaikki.org"", ""definitions"": [""iodine""], ""parts_of_speech"": [""noun""], ""ipa"": [""/ʔài.dîn/"", ""[ʔài.dɪ̂ŋ]""], ""examples"": [], ""dialect_assigned_default"": true}"
"bedi","noun","8","{""source"": ""Wiktionary Hausa"", ""license"": ""CC BY-SA"", ""attribution"": ""Wiktionary via kaikki.org"", ""definitions"": [""flowerbed""], ""parts_of_speech"": [""noun""], ""ipa"": [""/béː.dìː/"", ""[béː.dìː]""], ""examples"": [], ""dialect_assigned_default"": true}"
"tsoka","noun","8","{""source"": ""Wiktionary Hausa"", ""license"": ""CC BY-SA"", ""attribution"": ""Wiktionary via kaikki.org"", ""definitions"": [""muscle"", ""piece of (lean) meat (other than entrails)"", ""flesh, edible part of fruit around the seed""], ""parts_of_speech"": [""noun""], ""ipa"": [""/(t)sʼóː.kàː/"", ""[sʼóː.kàː]""], ""examples"": [], ""dialect_assigned_default"": true}"
"sadaka","noun","8","{""source"": ""Wiktionary Hausa"", ""license"": ""CC BY-SA"", ""attribution"": ""Wiktionary via kaikki.org"", ""definitions"": [""alms, charity""], ""parts_of_speech"": [""noun""], ""ipa"": [""/sá.dá.kàː/"", ""[sə́.də́.kàː]""], ""examples"": [], ""dialect_assigned_default"": true}"
"sahibi","noun","8","{""source"": ""Wiktionary Hausa"", ""license"": ""CC BY-SA"", ""attribution"": ""Wiktionary via kaikki.org"", ""definitions"": [""close friend, companion""], ""parts_of_speech"": [""noun""], ""ipa"": [""/sáː.hì.bíː/"", ""[sáː.hɪ̀.bíː]""], ""examples"": [], ""dialect_assigned_default"": true}"
"juwa","noun","8","{""source"": ""Wiktionary Hausa"", ""license"": ""CC BY-SA"", ""attribution"": ""Wiktionary via kaikki.org"", ""definitions"": [""dizziness, vertigo, giddiness""], ""parts_of_speech"": [""noun""], ""ipa"": [""/(d)ʒù.wáː/"", ""[d͡ʒʊ̀.wáː]""], ""examples"": [], ""dialect_assigned_default"": true}"
"daftari","noun","8","{""source"": ""Wiktionary Hausa"", ""license"": ""CC BY-SA"", ""attribution"": ""Wiktionary via kaikki.org"", ""definitions"": [""notebook, ledger""], ""parts_of_speech"": [""noun""], ""ipa"": [""/dáf.tà.ríː/"", ""[dáɸ.tə̀.ríː]""], ""examples"": [], ""dialect_assigned_default"": true}"
"ishara","noun","8","{""source"": ""Wiktionary Hausa"", ""license"": ""CC BY-SA"", ""attribution"": ""Wiktionary via kaikki.org"", ""definitions"": [""sign, signal""], ""parts_of_speech"": [""noun""], ""ipa"": [""/ʔì.ʃáː.ràː/"", ""[ʔɪ̀.ʃáː.ràː]""], ""examples"": [], ""dialect_assigned_default"": true}"
"hakki","noun","8","{""source"": ""Wiktionary Hausa"", ""license"": ""CC BY-SA"", ""attribution"": ""Wiktionary via kaikki.org"", ""definitions"": [""right, one's due""], ""parts_of_speech"": [""noun""], ""ipa"": [""/hák.kìː/"", ""[hác.cìː]""], ""examples"": [], ""dialect_assigned_default"": true}"
"sashi","noun","8","{""source"": ""Wiktionary Hausa"", ""license"": ""CC BY-SA"", ""attribution"": ""Wiktionary via kaikki.org"", ""definitions"": [""district"", ""section"", ""department (in a university)""], ""parts_of_speech"": [""noun""], ""ipa"": [""/sáː.ʃìː/"", ""[sáː.ʃìː]""], ""examples"": [], ""dialect_assigned_default"": true}"
"safara","noun","8","{""source"": ""Wiktionary Hausa"", ""license"": ""CC BY-SA"", ""attribution"": ""Wiktionary via kaikki.org"", ""definitions"": [""itinerant trading""], ""parts_of_speech"": [""noun""], ""ipa"": [""/sá.fá.ràː/"", ""[sə́.ɸə́.ràː]""], ""examples"": [], ""dialect_assigned_default"": true}"
"sahur","noun","8","{""source"": ""Wiktionary Hausa"", ""license"": ""CC BY-SA"", ""attribution"": ""Wiktionary via kaikki.org"", ""definitions"": [""suhur (a pre-dawn breakfast during the Ramadan fasting)""], ""parts_of_speech"": [""noun""], ""ipa"": [""/sà.hûr/"", ""[sə̀.hʊ̂r]""], ""examples"": [], ""dialect_assigned_default"": true}"
"Sabo","name","8","{""source"": ""Wiktionary Hausa"", ""license"": ""CC BY-SA"", ""attribution"": ""Wiktionary via kaikki.org"", ""definitions"": [""a male given name""], ""parts_of_speech"": [""name""], ""ipa"": [""/sáː.bó/"", ""[sáː.bó]""], ""examples"": [], ""dialect_assigned_default"": true}"
"Bello","name","8","{""source"": ""Wiktionary Hausa"", ""license"": ""CC BY-SA"", ""attribution"": ""Wiktionary via kaikki.org"", ""definitions"": [""a surname""], ""parts_of_speech"": [""name""], ""ipa"": [""/bél.lò/"", ""[bál.lò]""], ""examples"": [], ""dialect_assigned_default"": true}"
"lisha","noun","8","{""source"": ""Wiktionary Hausa"", ""license"": ""CC BY-SA"", ""attribution"": ""Wiktionary via kaikki.org"", ""definitions"": [""isha, the evening prayer""], ""parts_of_speech"": [""noun""], ""ipa"": [""/lìː.ʃáː/"", ""[lìː.ʃáː]""], ""examples"": [], ""dialect_assigned_default"": true}"
"emti","noun","8","{""source"": ""Wiktionary Hausa"", ""license"": ""CC BY-SA"", ""attribution"": ""Wiktionary via kaikki.org"", ""definitions"": [""an empty container""], ""parts_of_speech"": [""noun""], ""ipa"": [""/ʔém.tìː/"", ""[ʔɛ́m.tìː]""], ""examples"": [], ""dialect_assigned_default"": true}"
"Nuhu","name","8","{""source"": ""Wiktionary Hausa"", ""license"": ""CC BY-SA"", ""attribution"": ""Wiktionary via kaikki.org"", ""definitions"": [""Noah (biblical character)"", ""a male given name, Noah""], ""parts_of_speech"": [""name""], ""ipa"": [""/nú.hù/"", ""[nɪ́.hʊ̀]""], ""examples"": [], ""dialect_assigned_default"": true}"
"Abdullahi","name","8","{""source"": ""Wiktionary Hausa"", ""license"": ""CC BY-SA"", ""attribution"": ""Wiktionary via kaikki.org"", ""definitions"": [""a male given name, equivalent to English Abdullah"", ""a surname""], ""parts_of_speech"": [""name""], ""ipa"": [""/ʔàb.dùl.láː.hì/"", ""[ʔàb.dɪ̀l.láː.hɪ̀]""], ""examples"": [], ""dialect_assigned_default"": true}"
"kilishi","noun","8","{""source"": ""Wiktionary Hausa"", ""license"": ""CC BY-SA"", ""attribution"": ""Wiktionary via kaikki.org"", ""definitions"": [""kilishi""], ""parts_of_speech"": [""noun""], ""ipa"": [""/kí.lì.ʃíː/"", ""[cɪ́.lɪ̀.ʃíː]""], ""examples"": [], ""dialect_assigned_default"": true}"
"ʼy","character","8","{""source"": ""Wiktionary Hausa"", ""license"": ""CC BY-SA"", ""attribution"": ""Wiktionary via kaikki.org"", ""definitions"": [""A letter of the Hausa alphabet, written in the Latin script..""], ""parts_of_speech"": [""character""], ""ipa"": [""/j̰/"", ""[j̰]""], ""examples"": [], ""dialect_assigned_default"": true}"
"lalle","noun","8","{""source"": ""Wiktionary Hausa"", ""license"": ""CC BY-SA"", ""attribution"": ""Wiktionary via kaikki.org"", ""definitions"": [""henna"", ""certainly, definitely""], ""parts_of_speech"": [""noun"", ""adv""], ""ipa"": [""/lál.lèː/"", ""[lál.lèː]"", ""/lál.léː/"", ""[lál.léː]""], ""examples"": [], ""dialect_assigned_default"": true}"
"littafi","noun","8","{""source"": ""Wiktionary Hausa"", ""license"": ""CC BY-SA"", ""attribution"": ""Wiktionary via kaikki.org"", ""definitions"": [""book""], ""parts_of_speech"": [""noun""], ""ipa"": [""/lít.táː.fìː/"", ""[lɪ́t.táː.ɸìː]""], ""examples"": [""Na karanta wannan littafin.""], ""dialect_assigned_default"": true}"
"Pasha","name","8","{""source"": ""Wiktionary Hausa"", ""license"": ""CC BY-SA"", ""attribution"": ""Wiktionary via kaikki.org"", ""definitions"": [""Persia""], ""parts_of_speech"": [""name""], ""ipa"": [""/páː.ʃà/"", ""[páː.ʃə̀]""], ""examples"": [], ""dialect_assigned_default"": true}"
"kadari","noun","8","{""source"": ""Wiktionary Hausa"", ""license"": ""CC BY-SA"", ""attribution"": ""Wiktionary via kaikki.org"", ""definitions"": [""value, price""], ""parts_of_speech"": [""noun""], ""ipa"": [""/ká.dà.ríː/"", ""[kə́.də̀.ríː]""], ""examples"": [], ""dialect_assigned_default"": true}"
"Maina","name","8","{""source"": ""Wiktionary Hausa"", ""license"": ""CC BY-SA"", ""attribution"": ""Wiktionary via kaikki.org"", ""definitions"": [""a male given name""], ""parts_of_speech"": [""name""], ""ipa"": [""/mái.nà/"", ""[méi.nə̀]""], ""examples"": [], ""dialect_assigned_default"": true}"
"kawu","noun","8","{""source"": ""Wiktionary Hausa"", ""license"": ""CC BY-SA"", ""attribution"": ""Wiktionary via kaikki.org"", ""definitions"": [""maternal uncle""], ""parts_of_speech"": [""noun""], ""ipa"": [""/kàː.wú/"", ""[kàː.wʊ́]""], ""examples"": [], ""dialect_assigned_default"": true}"
"sansan","noun","8","{""source"": ""Wiktionary Hausa"", ""license"": ""CC BY-SA"", ""attribution"": ""Wiktionary via kaikki.org"", ""definitions"": [""census""], ""parts_of_speech"": [""noun""], ""ipa"": [""/sán.sàn/"", ""[sán.sàŋ]""], ""examples"": [], ""dialect_assigned_default"": true}"
"Yuganda","name","8","{""source"": ""Wiktionary Hausa"", ""license"": ""CC BY-SA"", ""attribution"": ""Wiktionary via kaikki.org"", ""definitions"": [""Uganda (a country in East Africa)""], ""parts_of_speech"": [""name""], ""ipa"": [""/jù.ɡán.dà/"", ""[jʊ̀.ɡán.də̀]""], ""examples"": [], ""dialect_assigned_default"": true}"
"doki","noun","8","{""source"": ""Wiktionary Hausa"", ""license"": ""CC BY-SA"", ""attribution"": ""Wiktionary via kaikki.org"", ""definitions"": [""horse""], ""parts_of_speech"": [""noun""], ""ipa"": [""/dóː.kìː/"", ""[dóː.cìː]""], ""examples"": [], ""dialect_assigned_default"": true}"
"Bawa","name","8","{""source"": ""Wiktionary Hausa"", ""license"": ""CC BY-SA"", ""attribution"": ""Wiktionary via kaikki.org"", ""definitions"": [""a male given name""], ""parts_of_speech"": [""name""], ""ipa"": [""/báː.wà/"", ""[báː.wə̀]""], ""examples"": [], ""dialect_assigned_default"": true}"
"Barno","name","8","{""source"": ""Wiktionary Hausa"", ""license"": ""CC BY-SA"", ""attribution"": ""Wiktionary via kaikki.org"", ""definitions"": [""Borno (a state of Nigeria)""], ""parts_of_speech"": [""name""], ""ipa"": [""/bàr.nó/"", ""[bàr.nó]""], ""examples"": [], ""dialect_assigned_default"": true}"
"salamu alaikum","intj","8","{""source"": ""Wiktionary Hausa"", ""license"": ""CC BY-SA"", ""attribution"": ""Wiktionary via kaikki.org"", ""definitions"": [""salaam alaikum (Muslim greeting)"", ""hello, farewell (a common greeting)""], ""parts_of_speech"": [""intj""], ""ipa"": [""/sà.láː.mù ʔà.lái.kùm/"", ""[sə̀.láː.mʊ̀ ʔà.léi.kʷʊ̀m]""], ""examples"": [], ""dialect_assigned_default"": true}"
"Nijeriya","name","8","{""source"": ""Wiktionary Hausa"", ""license"": ""CC BY-SA"", ""attribution"": ""Wiktionary via kaikki.org"", ""definitions"": [""Nigeria (a country in West Africa, south of the country of Niger)""], ""parts_of_speech"": [""name""], ""ipa"": [""/nìː.(d)ʒéː.rí.jà/"", ""[nìː.d͡ʒéː.rɪ́.jɛ̀]""], ""examples"": [], ""dialect_assigned_default"": true}"
"Afirka","name","8","{""source"": ""Wiktionary Hausa"", ""license"": ""CC BY-SA"", ""attribution"": ""Wiktionary via kaikki.org"", ""definitions"": [""Africa (the continent south of Europe and between the Atlantic and Indian Oceans)""], ""parts_of_speech"": [""name""], ""ipa"": [""/ʔá.fír.kà/"", ""[ʔá.ɸɪ́r.kə̀]""], ""examples"": [], ""dialect_assigned_default"": true}"
"Amirka","name","8","{""source"": ""Wiktionary Hausa"", ""license"": ""CC BY-SA"", ""attribution"": ""Wiktionary via kaikki.org"", ""definitions"": [""United States of America (a country in North America)""], ""parts_of_speech"": [""name""], ""ipa"": [""/ʔá.mìr.kà/"", ""[ʔá.mɪ̀r.kə̀]""], ""examples"": [], ""dialect_assigned_default"": true}"
"Anaca","name","8","{""source"": ""Wiktionary Hausa"", ""license"": ""CC BY-SA"", ""attribution"": ""Wiktionary via kaikki.org"", ""definitions"": [""Onitsha (a city in Nigeria)""], ""parts_of_speech"": [""name""], ""ipa"": [""/ʔà.nà.t͡ʃà/"", ""[ʔà.nə̀.t͡ʃə̀]""], ""examples"": [], ""dialect_assigned_default"": true}"
"Tambutu","name","8","{""source"": ""Wiktionary Hausa"", ""license"": ""CC BY-SA"", ""attribution"": ""Wiktionary via kaikki.org"", ""definitions"": [""Timbuktu (a city in Mali)""], ""parts_of_speech"": [""name""], ""ipa"": [], ""examples"": [], ""dialect_assigned_default"": true}"
"Kwara","name","8","{""source"": ""Wiktionary Hausa"", ""license"": ""CC BY-SA"", ""attribution"": ""Wiktionary via kaikki.org"", ""definitions"": [""Niger (a major river in West Africa that flows into the Gulf of Guinea in Nigeria)""], ""parts_of_speech"": [""name""], ""ipa"": [""/kʷáː.ɽà/"", ""[kʷáː.ɽə̀]""], ""examples"": [], ""dialect_assigned_default"": true}"
"kwabo","noun","8","{""source"": ""Wiktionary Hausa"", ""license"": ""CC BY-SA"", ""attribution"": ""Wiktionary via kaikki.org"", ""definitions"": [""kobo (subdivision of the naira)"", ""penny, pence"", ""two francs""], ""parts_of_speech"": [""noun""], ""ipa"": [""/kʷá.bòː/"", ""[kʷə́.bòː]""], ""examples"": [], ""dialect_assigned_default"": true}"
"Turanci","name","8","{""source"": ""Wiktionary Hausa"", ""license"": ""CC BY-SA"", ""attribution"": ""Wiktionary via kaikki.org"", ""definitions"": [""English language"", ""French language""], ""parts_of_speech"": [""name""], ""ipa"": [""/túː.rán.t͡ʃíː/"", ""[túː.rán.t͡ʃíː]""], ""examples"": [], ""dialect_assigned_default"": true}"
"Ingila","name","8","{""source"": ""Wiktionary Hausa"", ""license"": ""CC BY-SA"", ""attribution"": ""Wiktionary via kaikki.org"", ""definitions"": [""England (a constituent country of the United Kingdom)""], ""parts_of_speech"": [""name""], ""ipa"": [""/ʔíːn.ɡì.là/"", ""[ʔíːɲ.ɟɪ̀.lə̀]""], ""examples"": [], ""dialect_assigned_default"": true}"
"Fatakwal","name","8","{""source"": ""Wiktionary Hausa"", ""license"": ""CC BY-SA"", ""attribution"": ""Wiktionary via kaikki.org"", ""definitions"": [""Port Harcourt (a city in Nigeria)""], ""parts_of_speech"": [""name""], ""ipa"": [""/fá.táː.kʷàl/"", ""[ɸə́.táː.kʷàl]""], ""examples"": [], ""dialect_assigned_default"": true}"
"Ikko","name","8","{""source"": ""Wiktionary Hausa"", ""license"": ""CC BY-SA"", ""attribution"": ""Wiktionary via kaikki.org"", ""definitions"": [""Lagos (a city in Nigeria)""], ""parts_of_speech"": [""name""], ""ipa"": [""/ʔìk.kó/"", ""[ʔɪ̀kʷ.kʷó]""], ""examples"": [], ""dialect_assigned_default"": true}"
"Yamai","name","8","{""source"": ""Wiktionary Hausa"", ""license"": ""CC BY-SA"", ""attribution"": ""Wiktionary via kaikki.org"", ""definitions"": [""Niamey (a city in Niger)""], ""parts_of_speech"": [""name""], ""ipa"": [""/jà.mài/"", ""[jɛ̀.mèi]""], ""examples"": [], ""dialect_assigned_default"": true}"
"Zariya","name","8","{""source"": ""Wiktionary Hausa"", ""license"": ""CC BY-SA"", ""attribution"": ""Wiktionary via kaikki.org"", ""definitions"": [""Zaria (a city in Nigeria)""], ""parts_of_speech"": [""name""], ""ipa"": [""/záː.ɽí.jà/"", ""[záː.ɽɪ́.jɛ̀]""], ""examples"": [], ""dialect_assigned_default"": true}"
"Zazzau","name","8","{""source"": ""Wiktionary Hausa"", ""license"": ""CC BY-SA"", ""attribution"": ""Wiktionary via kaikki.org"", ""definitions"": [""Zaria (a city in Nigeria) (traditional name, especially in reference to the emirate)""], ""parts_of_speech"": [""name""], ""ipa"": [""/záz.zàu/"", ""[záz.zàu]""], ""examples"": [], ""dialect_assigned_default"": true}"
"Sakkwato","name","8","{""source"": ""Wiktionary Hausa"", ""license"": ""CC BY-SA"", ""attribution"": ""Wiktionary via kaikki.org"", ""definitions"": [""Sokoto (a city in Nigeria)"", ""Sokoto State (a state of Nigeria)""], ""parts_of_speech"": [""name""], ""ipa"": [""/sákʷ.kʷá.tó/"", ""[sákʷ.kʷə́.tó]""], ""examples"": [], ""dialect_assigned_default"": true}"
"Katsina","name","8","{""source"": ""Wiktionary Hausa"", ""license"": ""CC BY-SA"", ""attribution"": ""Wiktionary via kaikki.org"", ""definitions"": [""Katsina (a city in Nigeria)"", ""Katsina State (a state of Nigeria)""], ""parts_of_speech"": [""name""], ""ipa"": [""/kà.(t)sʼí.nà/"", ""[kə̀.sʼɪ́.nə̀]""], ""examples"": [], ""dialect_assigned_default"": true}"
"Zandar","name","8","{""source"": ""Wiktionary Hausa"", ""license"": ""CC BY-SA"", ""attribution"": ""Wiktionary via kaikki.org"", ""definitions"": [""Zinder (a city in Niger)""], ""parts_of_speech"": [""name""], ""ipa"": [""/zàn.dâr/"", ""[zàn.dâr]""], ""examples"": [], ""dialect_assigned_default"": true}"
"Santambul","name","8","{""source"": ""Wiktionary Hausa"", ""license"": ""CC BY-SA"", ""attribution"": ""Wiktionary via kaikki.org"", ""definitions"": [""Istanbul (a city in Turkey)""], ""parts_of_speech"": [""name""], ""ipa"": [""/sàn.tàm.bûl/"", ""[sàn.tàm.bʊ̂l]""], ""examples"": [], ""dialect_assigned_default"": true}"
"Alƙahira","name","8","{""source"": ""Wiktionary Hausa"", ""license"": ""CC BY-SA"", ""attribution"": ""Wiktionary via kaikki.org"", ""definitions"": [""Cairo""], ""parts_of_speech"": [""name""], ""ipa"": [""/ʔàl.kʼáː.hì.rá/"", ""[ʔàl.kʼáː.hɪ̀.rə́]""], ""examples"": [], ""dialect_assigned_default"": true}"
"Madina","name","8","{""source"": ""Wiktionary Hausa"", ""license"": ""CC BY-SA"", ""attribution"": ""Wiktionary via kaikki.org"", ""definitions"": [""Medina (a city in Saudi Arabia)""], ""parts_of_speech"": [""name""], ""ipa"": [""/mà.díː.nà/"", ""[mə̀.díː.nə̀]""], ""examples"": [], ""dialect_assigned_default"": true}"
"Tarabulus","name","8","{""source"": ""Wiktionary Hausa"", ""license"": ""CC BY-SA"", ""attribution"": ""Wiktionary via kaikki.org"", ""definitions"": [""Tripoli (a city in Libya)""], ""parts_of_speech"": [""name""], ""ipa"": [""/tá.ráː.bú.lùs/"", ""[tə́.ráː.bʊ́.lɪ̀s]""], ""examples"": [], ""dialect_assigned_default"": true}"
"Bagadaza","name","8","{""source"": ""Wiktionary Hausa"", ""license"": ""CC BY-SA"", ""attribution"": ""Wiktionary via kaikki.org"", ""definitions"": [""Baghdad (the capital city of Iraq)""], ""parts_of_speech"": [""name""], ""ipa"": [""/bà.ɡà.dáː.zà/"", ""[bə̀.ɡə̀.dáː.zə̀]""], ""examples"": [], ""dialect_assigned_default"": true}"
"Lubayya","name","8","{""source"": ""Wiktionary Hausa"", ""license"": ""CC BY-SA"", ""attribution"": ""Wiktionary via kaikki.org"", ""definitions"": [""El-Obeid (a city in Sudan)""], ""parts_of_speech"": [""name""], ""ipa"": [""/lù.báj.jà/"", ""[lɪ̀.bɛ́j.jɛ̀]""], ""examples"": [], ""dialect_assigned_default"": true}"
"Faransa","name","8","{""source"": ""Wiktionary Hausa"", ""license"": ""CC BY-SA"", ""attribution"": ""Wiktionary via kaikki.org"", ""definitions"": [""France (a country located primarily in Western Europe)""], ""parts_of_speech"": [""name""], ""ipa"": [""/fà.rán.sà/"", ""[ɸə̀.rán.sə̀]""], ""examples"": [], ""dialect_assigned_default"": true}"
"Ƙasar Maka","name","8","{""source"": ""Wiktionary Hausa"", ""license"": ""CC BY-SA"", ""attribution"": ""Wiktionary via kaikki.org"", ""definitions"": [""Saudi Arabia (a country in West Asia in the Middle East)""], ""parts_of_speech"": [""name""], ""ipa"": [""/kʼá.sár má.kà/"", ""[kʼə́.sár mə́.kə̀]""], ""examples"": [], ""dialect_assigned_default"": true}"
"Saudiyya","name","8","{""source"": ""Wiktionary Hausa"", ""license"": ""CC BY-SA"", ""attribution"": ""Wiktionary via kaikki.org"", ""definitions"": [""Saudi Arabia (a country in West Asia in the Middle East)""], ""parts_of_speech"": [""name""], ""ipa"": [""/sàu.díj.jàː/"", ""[sàu.dɪ́j.jàː]""], ""examples"": [], ""dialect_assigned_default"": true}"
"Habasha","name","8","{""source"": ""Wiktionary Hausa"", ""license"": ""CC BY-SA"", ""attribution"": ""Wiktionary via kaikki.org"", ""definitions"": [""Ethiopia (a country in East Africa)""], ""parts_of_speech"": [""name""], ""ipa"": [""/há.bá.ʃà/"", ""[há.bə́.ʃə̀]""], ""examples"": [], ""dialect_assigned_default"": true}"
"Saliyo","name","8","{""source"": ""Wiktionary Hausa"", ""license"": ""CC BY-SA"", ""attribution"": ""Wiktionary via kaikki.org"", ""definitions"": [""Sierra Leone (a country in West Africa)""], ""parts_of_speech"": [""name""], ""ipa"": [""/sàː.lì.jôː/"", ""[sàː.lɪ̀.jôː]""], ""examples"": [], ""dialect_assigned_default"": true}"
"Rasha","name","8","{""source"": ""Wiktionary Hausa"", ""license"": ""CC BY-SA"", ""attribution"": ""Wiktionary via kaikki.org"", ""definitions"": [""Russia (a transcontinental country in Eastern Europe and North Asia)""], ""parts_of_speech"": [""name""], ""ipa"": [""/ɽáː.ʃà/"", ""[ɽáː.ʃə̀]""], ""examples"": [], ""dialect_assigned_default"": true}"
"sardauna","noun","8","{""source"": ""Wiktionary Hausa"", ""license"": ""CC BY-SA"", ""attribution"": ""Wiktionary via kaikki.org"", ""definitions"": [""a title for a traditional leader in Sokoto, most famously borne by Ahmadu Bello""], ""parts_of_speech"": [""noun""], ""ipa"": [""/sàr.dáu.ná/"", ""[sàr.dáu.nə́]""], ""examples"": [], ""dialect_assigned_default"": true}"
"rana-rana","adv","8","{""source"": ""Wiktionary Hausa"", ""license"": ""CC BY-SA"", ""attribution"": ""Wiktionary via kaikki.org"", ""definitions"": [""occasionally""], ""parts_of_speech"": [""adv""], ""ipa"": [""/ɽáː.náː.ɽáː.náː/"", ""[ɽáː.náː.ɽáː.náː]""], ""examples"": [], ""dialect_assigned_default"": true}"
"Jumma'a","name","8","{""source"": ""Wiktionary Hausa"", ""license"": ""CC BY-SA"", ""attribution"": ""Wiktionary via kaikki.org"", ""definitions"": [""Friday""], ""parts_of_speech"": [""name""], ""ipa"": [""/(d)ʒúm.má.ʔàː/"", ""[d͡ʒɪ́m.mə́.ʔàː]""], ""examples"": [], ""dialect_assigned_default"": true}"
"Asabar","name","8","{""source"": ""Wiktionary Hausa"", ""license"": ""CC BY-SA"", ""attribution"": ""Wiktionary via kaikki.org"", ""definitions"": [""Saturday""], ""parts_of_speech"": [""name""], ""ipa"": [""/ʔà.sá.bàr/"", ""[ʔà.sə́.bàr]""], ""examples"": [], ""dialect_assigned_default"": true}"
"Lahadi","name","8","{""source"": ""Wiktionary Hausa"", ""license"": ""CC BY-SA"", ""attribution"": ""Wiktionary via kaikki.org"", ""definitions"": [""Sunday""], ""parts_of_speech"": [""name""], ""ipa"": [""/lá.hà.dì/"", ""[lə́.hà.dɪ̀]""], ""examples"": [], ""dialect_assigned_default"": true}"
"Litinin","name","8","{""source"": ""Wiktionary Hausa"", ""license"": ""CC BY-SA"", ""attribution"": ""Wiktionary via kaikki.org"", ""definitions"": [""Monday""], ""parts_of_speech"": [""name""], ""ipa"": [""/lìː.tì.nîn/"", ""[lìː.tɪ̀.nɪ̂ŋ]""], ""examples"": [], ""dialect_assigned_default"": true}"
"Talata","name","8","{""source"": ""Wiktionary Hausa"", ""license"": ""CC BY-SA"", ""attribution"": ""Wiktionary via kaikki.org"", ""definitions"": [""Tuesday""], ""parts_of_speech"": [""name""], ""ipa"": [""/tà.láː.tà/"", ""[tə̀.láː.tə̀]""], ""examples"": [], ""dialect_assigned_default"": true}"
"Laraba","name","8","{""source"": ""Wiktionary Hausa"", ""license"": ""CC BY-SA"", ""attribution"": ""Wiktionary via kaikki.org"", ""definitions"": [""Wednesday""], ""parts_of_speech"": [""name""], ""ipa"": [""/làː.rà.báː/"", ""[làː.rə̀.báː]""], ""examples"": [], ""dialect_assigned_default"": true}"
"Alhamis","name","8","{""source"": ""Wiktionary Hausa"", ""license"": ""CC BY-SA"", ""attribution"": ""Wiktionary via kaikki.org"", ""definitions"": [""Thursday""], ""parts_of_speech"": [""name""], ""ipa"": [""/ʔàl.hà.mîs/"", ""[ʔàl.hà.mɪ̂s]""], ""examples"": [], ""dialect_assigned_default"": true}"
"Janairu","name","8","{""source"": ""Wiktionary Hausa"", ""license"": ""CC BY-SA"", ""attribution"": ""Wiktionary via kaikki.org"", ""definitions"": [""January""], ""parts_of_speech"": [""name""], ""ipa"": [""/(d)ʒà.nái.rù/"", ""[d͡ʒə̀.néi.rɪ̀]""], ""examples"": [], ""dialect_assigned_default"": true}"
"Fabrairu","name","8","{""source"": ""Wiktionary Hausa"", ""license"": ""CC BY-SA"", ""attribution"": ""Wiktionary via kaikki.org"", ""definitions"": [""February""], ""parts_of_speech"": [""name""], ""ipa"": [""/fàb.rái.rù/"", ""[ɸàb.réi.rɪ̀]""], ""examples"": [], ""dialect_assigned_default"": true}"
"Afrilu","name","8","{""source"": ""Wiktionary Hausa"", ""license"": ""CC BY-SA"", ""attribution"": ""Wiktionary via kaikki.org"", ""definitions"": [""April""], ""parts_of_speech"": [""name""], ""ipa"": [""/ʔàf.ríː.lù/"", ""[ʔàɸ.ríː.lɪ̀]""], ""examples"": [], ""dialect_assigned_default"": true}"
"Agusta","name","8","{""source"": ""Wiktionary Hausa"", ""license"": ""CC BY-SA"", ""attribution"": ""Wiktionary via kaikki.org"", ""definitions"": [""August""], ""parts_of_speech"": [""name""], ""ipa"": [""/ʔà.ɡús.tàː/"", ""[ʔà.ɡʷʊ́s.tàː]""], ""examples"": [], ""dialect_assigned_default"": true}"
"Satumba","name","8","{""source"": ""Wiktionary Hausa"", ""license"": ""CC BY-SA"", ""attribution"": ""Wiktionary via kaikki.org"", ""definitions"": [""September""], ""parts_of_speech"": [""name""], ""ipa"": [""/sà.túm.bàː/"", ""[sə̀.tɪ́m.bàː]""], ""examples"": [], ""dialect_assigned_default"": true}"
"Nuwamba","name","8","{""source"": ""Wiktionary Hausa"", ""license"": ""CC BY-SA"", ""attribution"": ""Wiktionary via kaikki.org"", ""definitions"": [""November""], ""parts_of_speech"": [""name""], ""ipa"": [""/nù.wám.bàː/"", ""[nʊ̀.wám.bàː]""], ""examples"": [], ""dialect_assigned_default"": true}"
"Disamba","name","8","{""source"": ""Wiktionary Hausa"", ""license"": ""CC BY-SA"", ""attribution"": ""Wiktionary via kaikki.org"", ""definitions"": [""December""], ""parts_of_speech"": [""name""], ""ipa"": [""/dì.sám.bàː/"", ""[dɪ̀.sám.bàː]""], ""examples"": [], ""dialect_assigned_default"": true}"
"Rabi'u Lawwal","name","8","{""source"": ""Wiktionary Hausa"", ""license"": ""CC BY-SA"", ""attribution"": ""Wiktionary via kaikki.org"", ""definitions"": [""Rabi I""], ""parts_of_speech"": [""name""], ""ipa"": [""/ɽà.bíː.ʔù láw.wàl/"", ""[ɽə̀.bíː.ʔʊ̀ láw.wàl]""], ""examples"": [], ""dialect_assigned_default"": true}"
"Rabi'u Lahir","name","8","{""source"": ""Wiktionary Hausa"", ""license"": ""CC BY-SA"", ""attribution"": ""Wiktionary via kaikki.org"", ""definitions"": [""Rabi II""], ""parts_of_speech"": [""name""], ""ipa"": [""/ɽà.bíː.ʔù láː.hìr/"", ""[ɽə̀.bíː.ʔʊ̀ láː.hɪ̀r]""], ""examples"": [], ""dialect_assigned_default"": true}"
"Jimada Lawwal","name","8","{""source"": ""Wiktionary Hausa"", ""license"": ""CC BY-SA"", ""attribution"": ""Wiktionary via kaikki.org"", ""definitions"": [""Jumada I""], ""parts_of_speech"": [""name""], ""ipa"": [""/(d)ʒì.máː.dáː láw.wàl/"", ""[d͡ʒɪ̀.máː.dáː láw.wàl]""], ""examples"": [], ""dialect_assigned_default"": true}"
"Jimada Lahir","name","8","{""source"": ""Wiktionary Hausa"", ""license"": ""CC BY-SA"", ""attribution"": ""Wiktionary via kaikki.org"", ""definitions"": [""Jumada II""], ""parts_of_speech"": [""name""], ""ipa"": [""/(d)ʒì.máː.dáː láː.hìr/"", ""[d͡ʒɪ̀.máː.dáː láː.hɪ̀r]""], ""examples"": [], ""dialect_assigned_default"": true}"
"Ramalan","name","8","{""source"": ""Wiktionary Hausa"", ""license"": ""CC BY-SA"", ""attribution"": ""Wiktionary via kaikki.org"", ""definitions"": [""Ramadan""], ""parts_of_speech"": [""name""], ""ipa"": [""/ɽà.mà.lân/"", ""[ɽə̀.mə̀.lâŋ]""], ""examples"": [], ""dialect_assigned_default"": true}"
"Zulƙida","name","8","{""source"": ""Wiktionary Hausa"", ""license"": ""CC BY-SA"", ""attribution"": ""Wiktionary via kaikki.org"", ""definitions"": [""Dhu al-Qida""], ""parts_of_speech"": [""name""], ""ipa"": [""/zùl.kʼíː.dàː/"", ""[zɪ̀l.cʼíː.dàː]""], ""examples"": [], ""dialect_assigned_default"": true}"
"Zulhajji","name","8","{""source"": ""Wiktionary Hausa"", ""license"": ""CC BY-SA"", ""attribution"": ""Wiktionary via kaikki.org"", ""definitions"": [""Dhu al-Hijjah""], ""parts_of_speech"": [""name""], ""ipa"": [""/zúl.há(d)ʒ.(d)ʒì/"", ""[zɪ́l.hád.d͡ʒɪ̀]""], ""examples"": [], ""dialect_assigned_default"": true}"
"Masar","name","8","{""source"": ""Wiktionary Hausa"", ""license"": ""CC BY-SA"", ""attribution"": ""Wiktionary via kaikki.org"", ""definitions"": [""Egypt (a country in North Africa and West Asia)""], ""parts_of_speech"": [""name""], ""ipa"": [""/má.sàr/"", ""[mə́.sàr]""], ""examples"": [], ""dialect_assigned_default"": true}"
"Alƙur'ani","name","8","{""source"": ""Wiktionary Hausa"", ""license"": ""CC BY-SA"", ""attribution"": ""Wiktionary via kaikki.org"", ""definitions"": [""Qur'an""], ""parts_of_speech"": [""name""], ""ipa"": [""/ʔàl.kʼùr.ʔáː.nìː/"", ""[ʔàl.kʷʼʊ̀r.ʔáː.nìː]""], ""examples"": [], ""dialect_assigned_default"": true}"
"karkanda","noun","8","{""source"": ""Wiktionary Hausa"", ""license"": ""CC BY-SA"", ""attribution"": ""Wiktionary via kaikki.org"", ""definitions"": [""rhinoceros""], ""parts_of_speech"": [""noun""], ""ipa"": [""/kár.kàn.dà/"", ""[kár.kàn.də̀]""], ""examples"": [], ""dialect_assigned_default"": true}"
"'ya","noun","8","{""source"": ""Wiktionary Hausa"", ""license"": ""CC BY-SA"", ""attribution"": ""Wiktionary via kaikki.org"", ""definitions"": [""daughter""], ""parts_of_speech"": [""noun""], ""ipa"": [""/j̰áː/"", ""[j̰áː]""], ""examples"": [], ""dialect_assigned_default"": true}"
"ƴa","noun","8","{""source"": ""Wiktionary Hausa"", ""license"": ""CC BY-SA"", ""attribution"": ""Wiktionary via kaikki.org"", ""definitions"": [""Niger standard spelling of 'ya""], ""parts_of_speech"": [""noun""], ""ipa"": [""/j̰áː/""], ""examples"": [], ""dialect_assigned_default"": true}"
"ƴaƴa","noun","8","{""source"": ""Wiktionary Hausa"", ""license"": ""CC BY-SA"", ""attribution"": ""Wiktionary via kaikki.org"", ""definitions"": [""Niger standard spelling of 'ya'ya""], ""parts_of_speech"": [""noun""], ""ipa"": [], ""examples"": [], ""dialect_assigned_default"": true}"
"'ya'ya","noun","8","{""source"": ""Wiktionary Hausa"", ""license"": ""CC BY-SA"", ""attribution"": ""Wiktionary via kaikki.org"", ""definitions"": [""plural of 'ya and ɗa""], ""parts_of_speech"": [""noun""], ""ipa"": [], ""examples"": [], ""dialect_assigned_default"": true}"
"ɗa","noun","8","{""source"": ""Wiktionary Hausa"", ""license"": ""CC BY-SA"", ""attribution"": ""Wiktionary via kaikki.org"", ""definitions"": [""son"", ""free person"", ""fruit""], ""parts_of_speech"": [""noun""], ""ipa"": [""/ɗáː/"", ""[ɗáː]""], ""examples"": [], ""dialect_assigned_default"": true}"
"ɗan","noun","8","{""source"": ""Wiktionary Hausa"", ""license"": ""CC BY-SA"", ""attribution"": ""Wiktionary via kaikki.org"", ""definitions"": [""Used to indicate a person's origin, profession, or activity."", ""Used to form diminutives."", ""a little bit"", ""genitive of ɗa""], ""parts_of_speech"": [""noun"", ""adv""], ""ipa"": [""/ɗán/"", ""[ɗáŋ]"", ""/ɗán/"", ""[ɗáŋ]"", ""/ɗán/"", ""[ɗáŋ]""], ""examples"": [""Tibì (“Tiv”) → ɗan Tibì (“Tiv man”)"", ""yārṑ (“boy”) → ɗan yārṑ (“a small boy”)""], ""dialect_assigned_default"": true}"
"'yar","noun","8","{""source"": ""Wiktionary Hausa"", ""license"": ""CC BY-SA"", ""attribution"": ""Wiktionary via kaikki.org"", ""definitions"": [""feminine of ɗan""], ""parts_of_speech"": [""noun""], ""ipa"": [""/j̰ár/"", ""[j̰ɛ́r]""], ""examples"": [], ""dialect_assigned_default"": true}"
"'yan","noun","8","{""source"": ""Wiktionary Hausa"", ""license"": ""CC BY-SA"", ""attribution"": ""Wiktionary via kaikki.org"", ""definitions"": [""plural of ɗan and 'ya""], ""parts_of_speech"": [""noun""], ""ipa"": [], ""examples"": [], ""dialect_assigned_default"": true}"
"ƴan","noun","8","{""source"": ""Wiktionary Hausa"", ""license"": ""CC BY-SA"", ""attribution"": ""Wiktionary via kaikki.org"", ""definitions"": [""Niger standard spelling of 'yan""], ""parts_of_speech"": [""noun""], ""ipa"": [], ""examples"": [], ""dialect_assigned_default"": true}"
"ƴar","noun","8","{""source"": ""Wiktionary Hausa"", ""license"": ""CC BY-SA"", ""attribution"": ""Wiktionary via kaikki.org"", ""definitions"": [""Niger standard spelling of 'yar""], ""parts_of_speech"": [""noun""], ""ipa"": [""/j̰ár/""], ""examples"": [], ""dialect_assigned_default"": true}"
"ajami","noun","8","{""source"": ""Wiktionary Hausa"", ""license"": ""CC BY-SA"", ""attribution"": ""Wiktionary via kaikki.org"", ""definitions"": [""Ajami (script)""], ""parts_of_speech"": [""noun""], ""ipa"": [""/ʔà.(d)ʒà.mí/"", ""[ʔà.d͡ʒə̀.mɪ́]""], ""examples"": [], ""dialect_assigned_default"": true}"
"raƙumi","noun","8","{""source"": ""Wiktionary Hausa"", ""license"": ""CC BY-SA"", ""attribution"": ""Wiktionary via kaikki.org"", ""definitions"": [""camel""], ""parts_of_speech"": [""noun""], ""ipa"": [""/ɽàː.kʼú.míː/"", ""[ɽàː.kʷʼʊ́.míː]""], ""examples"": [], ""dialect_assigned_default"": true}"
"rahama","noun","8","{""source"": ""Wiktionary Hausa"", ""license"": ""CC BY-SA"", ""attribution"": ""Wiktionary via kaikki.org"", ""definitions"": [""mercy""], ""parts_of_speech"": [""noun""], ""ipa"": [""/rá.há.màː/"", ""[rə́.há.màː]""], ""examples"": [], ""dialect_assigned_default"": true}"
"raka'a","noun","8","{""source"": ""Wiktionary Hausa"", ""license"": ""CC BY-SA"", ""attribution"": ""Wiktionary via kaikki.org"", ""definitions"": [""A unit of Muslim prayer involving prostration.""], ""parts_of_speech"": [""noun""], ""ipa"": [""/rá.ká.ʔàː/"", ""[rə́.kə́.ʔàː]""], ""examples"": [], ""dialect_assigned_default"": true}"
"gwamna","noun","8","{""source"": ""Wiktionary Hausa"", ""license"": ""CC BY-SA"", ""attribution"": ""Wiktionary via kaikki.org"", ""definitions"": [""governor""], ""parts_of_speech"": [""noun""], ""ipa"": [""/ɡʷám.nàː/"", ""[ɡʷám.nàː]""], ""examples"": [], ""dialect_assigned_default"": true}"
"gwamnati","noun","8","{""source"": ""Wiktionary Hausa"", ""license"": ""CC BY-SA"", ""attribution"": ""Wiktionary via kaikki.org"", ""definitions"": [""government""], ""parts_of_speech"": [""noun""], ""ipa"": [""/ɡʷám.ná.tì/"", ""[ɡʷám.nə́.tɪ̀]""], ""examples"": [], ""dialect_assigned_default"": true}"
"budurwa","noun","8","{""source"": ""Wiktionary Hausa"", ""license"": ""CC BY-SA"", ""attribution"": ""Wiktionary via kaikki.org"", ""definitions"": [""marriageable girl"", ""girlfriend (unmarried female partner)""], ""parts_of_speech"": [""noun""], ""ipa"": [""/bù.dúɽ.wáː/"", ""[bʊ̀.dɪ́ɽ.wáː]""], ""examples"": [], ""dialect_assigned_default"": true}"
"Ladi","name","8","{""source"": ""Wiktionary Hausa"", ""license"": ""CC BY-SA"", ""attribution"": ""Wiktionary via kaikki.org"", ""definitions"": [""a female given name given to a girl born on a Sunday"", ""alternative form of Lahàdì""], ""parts_of_speech"": [""name""], ""ipa"": [""/láː.dì/"", ""[láː.dɪ̀]""], ""examples"": [], ""dialect_assigned_default"": true}"
"ma'ana","noun","8","{""source"": ""Wiktionary Hausa"", ""license"": ""CC BY-SA"", ""attribution"": ""Wiktionary via kaikki.org"", ""definitions"": [""meaning"", ""sense""], ""parts_of_speech"": [""noun""], ""ipa"": [""/mà.ʔà.náː/"", ""[mə̀.ʔà.náː]""], ""examples"": [], ""dialect_assigned_default"": true}"
"garwashi","noun","8","{""source"": ""Wiktionary Hausa"", ""license"": ""CC BY-SA"", ""attribution"": ""Wiktionary via kaikki.org"", ""definitions"": [""embers""], ""parts_of_speech"": [""noun""], ""ipa"": [""/ɡáɽ.wáː.ʃíː/"", ""[ɡáɽ.wáː.ʃíː]""], ""examples"": [], ""dialect_assigned_default"": true}"
"kafaɗa","noun","8","{""source"": ""Wiktionary Hausa"", ""license"": ""CC BY-SA"", ""attribution"": ""Wiktionary via kaikki.org"", ""definitions"": [""shoulder""], ""parts_of_speech"": [""noun""], ""ipa"": [""/kàː.fá.ɗàː/"", ""[kàː.ɸə́.ɗàː]""], ""examples"": [], ""dialect_assigned_default"": true}"
"albarka","noun","8","{""source"": ""Wiktionary Hausa"", ""license"": ""CC BY-SA"", ""attribution"": ""Wiktionary via kaikki.org"", ""definitions"": [""blessing"", ""abundance, prosperity"", ""Used to reject an offer when bargaining.""], ""parts_of_speech"": [""noun"", ""intj""], ""ipa"": [""/ʔàl.bár.kàː/"", ""[ʔàl.bár.kàː]"", ""/ʔàl.bár.kàː/"", ""[ʔàl.bár.kàː]""], ""examples"": [], ""dialect_assigned_default"": true}"
"Balarabe","noun","8","{""source"": ""Wiktionary Hausa"", ""license"": ""CC BY-SA"", ""attribution"": ""Wiktionary via kaikki.org"", ""definitions"": [""Arab"", ""a male given name given to a boy born on a Wednesday""], ""parts_of_speech"": [""noun"", ""name""], ""ipa"": [""/bà.láː.rá.bèː/"", ""[bə̀.láː.rə́.bèː]"", ""/bà.láː.rá.bè/"", ""[bə̀.láː.rə́.bè]""], ""examples"": [], ""dialect_assigned_default"": true}"
"Basakkwace","noun","8","{""source"": ""Wiktionary Hausa"", ""license"": ""CC BY-SA"", ""attribution"": ""Wiktionary via kaikki.org"", ""definitions"": [""someone from Sokoto""], ""parts_of_speech"": [""noun""], ""ipa"": [""/bà.sákʷ.kʷá.t͡ʃèː/"", ""[bə̀.sákʷ.kʷə́.t͡ʃèː]""], ""examples"": [], ""dialect_assigned_default"": true}"
"Bature","noun","8","{""source"": ""Wiktionary Hausa"", ""license"": ""CC BY-SA"", ""attribution"": ""Wiktionary via kaikki.org"", ""definitions"": [""European""], ""parts_of_speech"": [""noun""], ""ipa"": [""/bà.túː.rèː/"", ""[bə̀.túː.rèː]""], ""examples"": [], ""dialect_assigned_default"": true}"
"Bahaushe","noun","8","{""source"": ""Wiktionary Hausa"", ""license"": ""CC BY-SA"", ""attribution"": ""Wiktionary via kaikki.org"", ""definitions"": [""Hausa person""], ""parts_of_speech"": [""noun""], ""ipa"": [""/bà.háu.ʃèː/"", ""[bə̀.háu.ʃèː]""], ""examples"": [], ""dialect_assigned_default"": true}"
"takalmi","noun","8","{""source"": ""Wiktionary Hausa"", ""license"": ""CC BY-SA"", ""attribution"": ""Wiktionary via kaikki.org"", ""definitions"": [""sandal, shoe""], ""parts_of_speech"": [""noun""], ""ipa"": [""/tàː.kàl.míː/"", ""[tàː.kàl.míː]""], ""examples"": [], ""dialect_assigned_default"": true}"
"obin","noun","8","{""source"": ""Wiktionary Hausa"", ""license"": ""CC BY-SA"", ""attribution"": ""Wiktionary via kaikki.org"", ""definitions"": [""oven""], ""parts_of_speech"": [""noun""], ""ipa"": [""/ʔóː.bìn/"", ""[ʔóː.bɪ̀ŋ]""], ""examples"": [], ""dialect_assigned_default"": true}"
"kwala","noun","8","{""source"": ""Wiktionary Hausa"", ""license"": ""CC BY-SA"", ""attribution"": ""Wiktionary via kaikki.org"", ""definitions"": [""collar""], ""parts_of_speech"": [""noun""], ""ipa"": [""/kʷá.làː/"", ""[kʷə́.làː]""], ""examples"": [], ""dialect_assigned_default"": true}"
"hikima","noun","8","{""source"": ""Wiktionary Hausa"", ""license"": ""CC BY-SA"", ""attribution"": ""Wiktionary via kaikki.org"", ""definitions"": [""wisdom""], ""parts_of_speech"": [""noun""], ""ipa"": [""/hí.kí.màː/"", ""[hɪ́.cɪ́.màː]""], ""examples"": [], ""dialect_assigned_default"": true}"
"ƙadangare","noun","8","{""source"": ""Wiktionary Hausa"", ""license"": ""CC BY-SA"", ""attribution"": ""Wiktionary via kaikki.org"", ""definitions"": [""lizard""], ""parts_of_speech"": [""noun""], ""ipa"": [""/kʼà.dán.ɡá.ɽèː/"", ""[kʼə̀.dáŋ.ɡə́.ɽèː]""], ""examples"": [], ""dialect_assigned_default"": true}"
"agola","noun","8","{""source"": ""Wiktionary Hausa"", ""license"": ""CC BY-SA"", ""attribution"": ""Wiktionary via kaikki.org"", ""definitions"": [""stepchild""], ""parts_of_speech"": [""noun""], ""ipa"": [""/ʔá.ɡòː.là/"", ""[ʔá.ɡʷòː.lə̀]""], ""examples"": [], ""dialect_assigned_default"": true}"
"azurfa","noun","8","{""source"": ""Wiktionary Hausa"", ""license"": ""CC BY-SA"", ""attribution"": ""Wiktionary via kaikki.org"", ""definitions"": [""silver""], ""parts_of_speech"": [""noun""], ""ipa"": [""/ʔá.zùr.fáː/"", ""[ʔá.zɪ̀r.ɸáː]""], ""examples"": [], ""dialect_assigned_default"": true}"
"Gwalkwas","name","8","{""source"": ""Wiktionary Hausa"", ""license"": ""CC BY-SA"", ""attribution"": ""Wiktionary via kaikki.org"", ""definitions"": [""Gold Coast (colonial name of modern Ghana)""], ""parts_of_speech"": [""name""], ""ipa"": [""/ɡʷál.kʷàs/"", ""[ɡʷál.kʷàs]""], ""examples"": [], ""dialect_assigned_default"": true}"
"alade","noun","8","{""source"": ""Wiktionary Hausa"", ""license"": ""CC BY-SA"", ""attribution"": ""Wiktionary via kaikki.org"", ""definitions"": [""pig""], ""parts_of_speech"": [""noun""], ""ipa"": [""/ʔà.lá.dèː/"", ""[ʔà.lə́.dèː]""], ""examples"": [], ""dialect_assigned_default"": true}"
"amalanke","noun","8","{""source"": ""Wiktionary Hausa"", ""license"": ""CC BY-SA"", ""attribution"": ""Wiktionary via kaikki.org"", ""definitions"": [""two-wheeled pushcart""], ""parts_of_speech"": [""noun""], ""ipa"": [""/ʔá.máː.lán.ké/"", ""[ʔá.máː.lɛ́ɲ.cé]""], ""examples"": [], ""dialect_assigned_default"": true}"
"ashana","noun","8","{""source"": ""Wiktionary Hausa"", ""license"": ""CC BY-SA"", ""attribution"": ""Wiktionary via kaikki.org"", ""definitions"": [""match (device to make fire)""], ""parts_of_speech"": [""noun""], ""ipa"": [""/ʔà.ʃáː.náː/"", ""[ʔà.ʃáː.náː]""], ""examples"": [], ""dialect_assigned_default"": true}"
"kwano","noun","8","{""source"": ""Wiktionary Hausa"", ""license"": ""CC BY-SA"", ""attribution"": ""Wiktionary via kaikki.org"", ""definitions"": [""metal or enamel bowl or pan"", ""corrugated iron""], ""parts_of_speech"": [""noun""], ""ipa"": [""/kʷáː.nòː/"", ""[kʷáː.nòː]""], ""examples"": [], ""dialect_assigned_default"": true}"
"dattijo","noun","8","{""source"": ""Wiktionary Hausa"", ""license"": ""CC BY-SA"", ""attribution"": ""Wiktionary via kaikki.org"", ""definitions"": [""an older, respected person; gentleman""], ""parts_of_speech"": [""noun""], ""ipa"": [""/dát.tíː.(d)ʒò/"", ""[dát.tíː.d͡ʒò]""], ""examples"": [], ""dialect_assigned_default"": true}"
"gwaggo","noun","8","{""source"": ""Wiktionary Hausa"", ""license"": ""CC BY-SA"", ""attribution"": ""Wiktionary via kaikki.org"", ""definitions"": [""paternal aunt"", ""old woman""], ""parts_of_speech"": [""noun""], ""ipa"": [""/ɡʷáɡ.ɡò/"", ""[ɡʷáɡʷ.ɡʷò]""], ""examples"": [], ""dialect_assigned_default"": true}"
"taguwa","noun","8","{""source"": ""Wiktionary Hausa"", ""license"": ""CC BY-SA"", ""attribution"": ""Wiktionary via kaikki.org"", ""definitions"": [""a kind of gown worn by men"", ""female camel""], ""parts_of_speech"": [""noun""], ""ipa"": [""/táɡ.ɡú.wàː/"", ""[táɡʷ.ɡʷʊ́.wàː]"", ""/tàː.ɡú.wàː/"", ""[tàː.ɡʷʊ́.wàː]""], ""examples"": [], ""dialect_assigned_default"": true}"
"wofi","noun","8","{""source"": ""Wiktionary Hausa"", ""license"": ""CC BY-SA"", ""attribution"": ""Wiktionary via kaikki.org"", ""definitions"": [""useless person"", ""emptiness""], ""parts_of_speech"": [""noun""], ""ipa"": [""/wòː.fíː/"", ""[wòː.ɸíː]""], ""examples"": [], ""dialect_assigned_default"": true}"
"gandu","noun","8","{""source"": ""Wiktionary Hausa"", ""license"": ""CC BY-SA"", ""attribution"": ""Wiktionary via kaikki.org"", ""definitions"": [""large farm, usually worked by a single family""], ""parts_of_speech"": [""noun""], ""ipa"": [""/ɡán.dúː/"", ""[ɡán.dúː]""], ""examples"": [], ""dialect_assigned_default"": true}"
"bargo","noun","8","{""source"": ""Wiktionary Hausa"", ""license"": ""CC BY-SA"", ""attribution"": ""Wiktionary via kaikki.org"", ""definitions"": [""blanket""], ""parts_of_speech"": [""noun""], ""ipa"": [""/bàr.ɡóː/"", ""[bàr.ɡʷóː]""], ""examples"": [], ""dialect_assigned_default"": true}"
"ɓaure","noun","8","{""source"": ""Wiktionary Hausa"", ""license"": ""CC BY-SA"", ""attribution"": ""Wiktionary via kaikki.org"", ""definitions"": [""fig"", ""fig tree""], ""parts_of_speech"": [""noun""], ""ipa"": [""/ɓáu.ɽéː/"", ""[ɓáu.ɽéː]""], ""examples"": [], ""dialect_assigned_default"": true}"
"barkono","noun","8","{""source"": ""Wiktionary Hausa"", ""license"": ""CC BY-SA"", ""attribution"": ""Wiktionary via kaikki.org"", ""definitions"": [""chili pepper""], ""parts_of_speech"": [""noun""], ""ipa"": [""/bàr.kòː.nóː/"", ""[bàr.kʷòː.nóː]""], ""examples"": [], ""dialect_assigned_default"": true}"
"ayaba","noun","8","{""source"": ""Wiktionary Hausa"", ""license"": ""CC BY-SA"", ""attribution"": ""Wiktionary via kaikki.org"", ""definitions"": [""banana""], ""parts_of_speech"": [""noun""], ""ipa"": [""/ʔà.jà.bà/"", ""[ʔɛ̀.jɛ̀.bə̀]""], ""examples"": [], ""dialect_assigned_default"": true}"
"gwangwani","noun","8","{""source"": ""Wiktionary Hausa"", ""license"": ""CC BY-SA"", ""attribution"": ""Wiktionary via kaikki.org"", ""definitions"": [""small tin""], ""parts_of_speech"": [""noun""], ""ipa"": [""/ɡʷán.ɡʷá.níː/"", ""[ɡʷáŋ.ɡʷə́.níː]""], ""examples"": [], ""dialect_assigned_default"": true}"
"kwalekwale","noun","8","{""source"": ""Wiktionary Hausa"", ""license"": ""CC BY-SA"", ""attribution"": ""Wiktionary via kaikki.org"", ""definitions"": [""canoe""], ""parts_of_speech"": [""noun""], ""ipa"": [""/kʷà.lé.kʷà.lé/"", ""[kʷə̀.lé.kʷə̀.lé]""], ""examples"": [], ""dialect_assigned_default"": true}"
"alfijir","noun","8","{""source"": ""Wiktionary Hausa"", ""license"": ""CC BY-SA"", ""attribution"": ""Wiktionary via kaikki.org"", ""definitions"": [""dawn""], ""parts_of_speech"": [""noun""], ""ipa"": [""/ʔàl.fí.(d)ʒìr/"", ""[ʔàl.ɸɪ́.d͡ʒɪ̀r]""], ""examples"": [], ""dialect_assigned_default"": true}"
"allura","noun","8","{""source"": ""Wiktionary Hausa"", ""license"": ""CC BY-SA"", ""attribution"": ""Wiktionary via kaikki.org"", ""definitions"": [""needle"", ""injection""], ""parts_of_speech"": [""noun""], ""ipa"": [""/ʔàl.lúː.ràː/"", ""[ʔàl.lúː.ràː]""], ""examples"": [], ""dialect_assigned_default"": true}"
"alƙali","noun","8","{""source"": ""Wiktionary Hausa"", ""license"": ""CC BY-SA"", ""attribution"": ""Wiktionary via kaikki.org"", ""definitions"": [""judge"", ""qadi""], ""parts_of_speech"": [""noun""], ""ipa"": [""/ʔàl.kʼáː.líː/"", ""[ʔàl.kʼáː.líː]""], ""examples"": [], ""dialect_assigned_default"": true}"
"alƙalami","noun","8","{""source"": ""Wiktionary Hausa"", ""license"": ""CC BY-SA"", ""attribution"": ""Wiktionary via kaikki.org"", ""definitions"": [""pen"", ""number, figure (in maths)""], ""parts_of_speech"": [""noun""], ""ipa"": [""/ʔàl.kʼá.là.míː/"", ""[ʔàl.kʼə́.lə̀.míː]""], ""examples"": [], ""dialect_assigned_default"": true}"
"lokaci","noun","8","{""source"": ""Wiktionary Hausa"", ""license"": ""CC BY-SA"", ""attribution"": ""Wiktionary via kaikki.org"", ""definitions"": [""time"", ""period of time""], ""parts_of_speech"": [""noun""], ""ipa"": [""/lóː.kà.t͡ʃíː/"", ""[lóː.kə̀.t͡ʃíː]""], ""examples"": [], ""dialect_assigned_default"": true}"
"lokaci-lokaci","adv","8","{""source"": ""Wiktionary Hausa"", ""license"": ""CC BY-SA"", ""attribution"": ""Wiktionary via kaikki.org"", ""definitions"": [""sometimes""], ""parts_of_speech"": [""adv""], ""ipa"": [""/lóː.kà.t͡ʃíː.lóː.kà.t͡ʃíː/"", ""[lóː.kə̀.t͡ʃíː.lóː.kə̀.t͡ʃíː]""], ""examples"": [], ""dialect_assigned_default"": true}"
"lafiya","noun","8","{""source"": ""Wiktionary Hausa"", ""license"": ""CC BY-SA"", ""attribution"": ""Wiktionary via kaikki.org"", ""definitions"": [""health"", ""safely""], ""parts_of_speech"": [""noun"", ""adv""], ""ipa"": [""/láː.fí.jàː/"", ""[láː.ɸɪ́.jàː]"", ""/láː.fí.jàː/"", ""[láː.ɸɪ́.jàː]""], ""examples"": [], ""dialect_assigned_default"": true}"
"ingarma","noun","8","{""source"": ""Wiktionary Hausa"", ""license"": ""CC BY-SA"", ""attribution"": ""Wiktionary via kaikki.org"", ""definitions"": [""stallion"", ""large, burly person""], ""parts_of_speech"": [""noun""], ""ipa"": [""/ʔìn.ɡár.màː/"", ""[ʔɪ̀ŋ.ɡár.màː]""], ""examples"": [], ""dialect_assigned_default"": true}"
"ungulu","noun","8","{""source"": ""Wiktionary Hausa"", ""license"": ""CC BY-SA"", ""attribution"": ""Wiktionary via kaikki.org"", ""definitions"": [""vulture""], ""parts_of_speech"": [""noun""], ""ipa"": [""/ʔùn.ɡù.lú/"", ""[ʔʊ̀ŋ.ɡʷʊ̀.lɪ́]""], ""examples"": [], ""dialect_assigned_default"": true}"
"kumallo","noun","8","{""source"": ""Wiktionary Hausa"", ""license"": ""CC BY-SA"", ""attribution"": ""Wiktionary via kaikki.org"", ""definitions"": [""fasting, going hungry; vomiting from hunger""], ""parts_of_speech"": [""noun""], ""ipa"": [""/kù.mál.lóː/"", ""[kʷʊ̀.mál.lóː]""], ""examples"": [], ""dialect_assigned_default"": true}"
"filafili","noun","8","{""source"": ""Wiktionary Hausa"", ""license"": ""CC BY-SA"", ""attribution"": ""Wiktionary via kaikki.org"", ""definitions"": [""paddle for a canoe""], ""parts_of_speech"": [""noun""], ""ipa"": [""/fí.là.fí.líː/"", ""[ɸɪ́.lə̀.ɸɪ́.líː]""], ""examples"": [], ""dialect_assigned_default"": true}"
"fiƙihu","noun","8","{""source"": ""Wiktionary Hausa"", ""license"": ""CC BY-SA"", ""attribution"": ""Wiktionary via kaikki.org"", ""definitions"": [""fiqh, Islamic jurisprudence""], ""parts_of_speech"": [""noun""], ""ipa"": [""/fí.kʼí.hù/"", ""[ɸɪ́.cʼɪ́.hʊ̀]""], ""examples"": [], ""dialect_assigned_default"": true}"
"birni","noun","8","{""source"": ""Wiktionary Hausa"", ""license"": ""CC BY-SA"", ""attribution"": ""Wiktionary via kaikki.org"", ""definitions"": [""town, city""], ""parts_of_speech"": [""noun""], ""ipa"": [""/bír.níː/"", ""[bɪ́r.níː]""], ""examples"": [], ""dialect_assigned_default"": true}"
"zinari","noun","8","{""source"": ""Wiktionary Hausa"", ""license"": ""CC BY-SA"", ""attribution"": ""Wiktionary via kaikki.org"", ""definitions"": [""gold""], ""parts_of_speech"": [""noun""], ""ipa"": [""/zíː.náː.rìː/"", ""[zíː.náː.rìː]""], ""examples"": [], ""dialect_assigned_default"": true}"
"zinariya","noun","8","{""source"": ""Wiktionary Hausa"", ""license"": ""CC BY-SA"", ""attribution"": ""Wiktionary via kaikki.org"", ""definitions"": [""alternative form of zinari""], ""parts_of_speech"": [""noun""], ""ipa"": [""/zíː.náː.rì.jáː/"", ""[zíː.náː.rɪ̀.jáː]""], ""examples"": [], ""dialect_assigned_default"": true}"
"zarto","noun","8","{""source"": ""Wiktionary Hausa"", ""license"": ""CC BY-SA"", ""attribution"": ""Wiktionary via kaikki.org"", ""definitions"": [""saw (tool)"", ""energetic person""], ""parts_of_speech"": [""noun""], ""ipa"": [""/zár.tòː/"", ""[zár.tòː]""], ""examples"": [], ""dialect_assigned_default"": true}"
"kasuwa","noun","8","{""source"": ""Wiktionary Hausa"", ""license"": ""CC BY-SA"", ""attribution"": ""Wiktionary via kaikki.org"", ""definitions"": [""market""], ""parts_of_speech"": [""noun""], ""ipa"": [""/kàː.sú.wáː/"", ""[kàː.sʊ́.wáː]""], ""examples"": [], ""dialect_assigned_default"": true}"
"karuwa","noun","8","{""source"": ""Wiktionary Hausa"", ""license"": ""CC BY-SA"", ""attribution"": ""Wiktionary via kaikki.org"", ""definitions"": [""prostitute, whore""], ""parts_of_speech"": [""noun""], ""ipa"": [""/káː.rù.wà/"", ""[káː.rʊ̀.wə̀]""], ""examples"": [], ""dialect_assigned_default"": true}"
"ciroma","noun","8","{""source"": ""Wiktionary Hausa"", ""license"": ""CC BY-SA"", ""attribution"": ""Wiktionary via kaikki.org"", ""definitions"": [""a traditional title held by the son of an emir""], ""parts_of_speech"": [""noun""], ""ipa"": [""/t͡ʃí.ròː.mà/"", ""[t͡ʃɪ́.ròː.mə̀]""], ""examples"": [], ""dialect_assigned_default"": true}"
"bindiga","noun","8","{""source"": ""Wiktionary Hausa"", ""license"": ""CC BY-SA"", ""attribution"": ""Wiktionary via kaikki.org"", ""definitions"": [""gun, firearm""], ""parts_of_speech"": [""noun""], ""ipa"": [""/bín.dí.ɡàː/"", ""[bɪ́n.dɪ́.ɡàː]""], ""examples"": [], ""dialect_assigned_default"": true}"
"zaki","noun","8","{""source"": ""Wiktionary Hausa"", ""license"": ""CC BY-SA"", ""attribution"": ""Wiktionary via kaikki.org"", ""definitions"": [""lion""], ""parts_of_speech"": [""noun""], ""ipa"": [""/záː.kìː/"", ""[záː.cìː]""], ""examples"": [], ""dialect_assigned_default"": true}"
"damisa","noun","8","{""source"": ""Wiktionary Hausa"", ""license"": ""CC BY-SA"", ""attribution"": ""Wiktionary via kaikki.org"", ""definitions"": [""leopard""], ""parts_of_speech"": [""noun""], ""ipa"": [""/dàː.mí.sàː/"", ""[dàː.mɪ́.sàː]""], ""examples"": [], ""dialect_assigned_default"": true}"
"tauraro","noun","8","{""source"": ""Wiktionary Hausa"", ""license"": ""CC BY-SA"", ""attribution"": ""Wiktionary via kaikki.org"", ""definitions"": [""star"", ""star (a person)"", ""winner""], ""parts_of_speech"": [""noun""], ""ipa"": [""/tàu.ɽáː.ɽòː/"", ""[tàu.ɽáː.ɽòː]""], ""examples"": [], ""dialect_assigned_default"": true}"
"kunama","noun","8","{""source"": ""Wiktionary Hausa"", ""license"": ""CC BY-SA"", ""attribution"": ""Wiktionary via kaikki.org"", ""definitions"": [""scorpion""], ""parts_of_speech"": [""noun""], ""ipa"": [""/kù.náː.màː/"", ""[kʷʊ̀.náː.màː]""], ""examples"": [], ""dialect_assigned_default"": true}"
"kwaɗo","noun","8","{""source"": ""Wiktionary Hausa"", ""license"": ""CC BY-SA"", ""attribution"": ""Wiktionary via kaikki.org"", ""definitions"": [""frog, toad"", ""padlock"", ""embroidery design in the shape of a half moon"", ""a kind of sauce, usually made with peanuts""], ""parts_of_speech"": [""noun""], ""ipa"": [""/kʷàː.ɗóː/"", ""[kʷàː.ɗóː]"", ""/kʷá.ɗò/"", ""[kʷə́.ɗò]""], ""examples"": [], ""dialect_assigned_default"": true}"
"kaltibeta","noun","8","{""source"": ""Wiktionary Hausa"", ""license"": ""CC BY-SA"", ""attribution"": ""Wiktionary via kaikki.org"", ""definitions"": [""tractor for ploughing""], ""parts_of_speech"": [""noun""], ""ipa"": [""/kál.tì.béː.tàː/"", ""[kál.tɪ̀.béː.tàː]""], ""examples"": [], ""dialect_assigned_default"": true}"
"tsuntsu","noun","8","{""source"": ""Wiktionary Hausa"", ""license"": ""CC BY-SA"", ""attribution"": ""Wiktionary via kaikki.org"", ""definitions"": [""bird""], ""parts_of_speech"": [""noun""], ""ipa"": [""/(t)sʼún.(t)sʼúː/"", ""[sʼɪ́n.sʼúː]""], ""examples"": [], ""dialect_assigned_default"": true}"
"Gumal","name","8","{""source"": ""Wiktionary Hausa"", ""license"": ""CC BY-SA"", ""attribution"": ""Wiktionary via kaikki.org"", ""definitions"": [""Gumel (a city in Nigeria)""], ""parts_of_speech"": [""name""], ""ipa"": [""/ɡú.màl/"", ""[ɡʷʊ́.màl]""], ""examples"": [], ""dialect_assigned_default"": true}"
"Linjila","name","8","{""source"": ""Wiktionary Hausa"", ""license"": ""CC BY-SA"", ""attribution"": ""Wiktionary via kaikki.org"", ""definitions"": [""New Testament""], ""parts_of_speech"": [""name""], ""ipa"": [""/lìn.(d)ʒíː.láː/"", ""[lɪ̀n.d͡ʒíː.láː]""], ""examples"": [], ""dialect_assigned_default"": true}"
"girka","noun","8","{""source"": ""Wiktionary Hausa"", ""license"": ""CC BY-SA"", ""attribution"": ""Wiktionary via kaikki.org"", ""definitions"": [""initiation of a new practitioner into Hausa animistic religion"", ""to set something upon something else"", ""to cook, prepare (food)"", ""to prepare""], ""parts_of_speech"": [""noun"", ""verb""], ""ipa"": [""/ɡíɽ.káː/"", ""[ɟɪ́ɽ.káː]"", ""/ɡíɽ.kàː/"", ""[ɟɪ́ɽ.kàː]"", ""/ɡíɽ.káː/"", ""[ɟɪ́ɽ.káː]"", ""/ɡíɽ.kàː/"", ""[ɟɪ́ɽ.kàː]""], ""examples"": [], ""dialect_assigned_default"": true}"
"daddawa","noun","8","{""source"": ""Wiktionary Hausa"", ""license"": ""CC BY-SA"", ""attribution"": ""Wiktionary via kaikki.org"", ""definitions"": [""sumbala, a condiment made from the seeds of Parkia biglobosa (African locust bean)""], ""parts_of_speech"": [""noun""], ""ipa"": [""/dàd.dá.wáː/"", ""[dàd.də́.wáː]""], ""examples"": [], ""dialect_assigned_default"": true}"
"funkaso","noun","8","{""source"": ""Wiktionary Hausa"", ""license"": ""CC BY-SA"", ""attribution"": ""Wiktionary via kaikki.org"", ""definitions"": [""a dish composed of wheat flour that is soaked and then fried""], ""parts_of_speech"": [""noun""], ""ipa"": [""/fùn.kàː.sóː/"", ""[ɸʊ̀ŋ.kàː.sóː]""], ""examples"": [], ""dialect_assigned_default"": true}"
"algaita","noun","8","{""source"": ""Wiktionary Hausa"", ""license"": ""CC BY-SA"", ""attribution"": ""Wiktionary via kaikki.org"", ""definitions"": [""a double reed wind instrument, the algaita""], ""parts_of_speech"": [""noun""], ""ipa"": [""/ʔàl.ɡái.tàː/"", ""[ʔàl.ɡéi.tàː]""], ""examples"": [], ""dialect_assigned_default"": true}"
"kakaki","noun","8","{""source"": ""Wiktionary Hausa"", ""license"": ""CC BY-SA"", ""attribution"": ""Wiktionary via kaikki.org"", ""definitions"": [""a long metal trumpet, the kakaki"", ""funnel"", ""spokesperson""], ""parts_of_speech"": [""noun""], ""ipa"": [""/kàː.kàː.kíː/"", ""[kàː.kàː.cíː]""], ""examples"": [], ""dialect_assigned_default"": true}"
"kukuma","noun","8","{""source"": ""Wiktionary Hausa"", ""license"": ""CC BY-SA"", ""attribution"": ""Wiktionary via kaikki.org"", ""definitions"": [""A type of one-stringed fiddle.""], ""parts_of_speech"": [""noun""], ""ipa"": [""/kúː.kúː.màː/"", ""[kʷúː.kʷúː.màː]""], ""examples"": [], ""dialect_assigned_default"": true}"
"Attaura","name","8","{""source"": ""Wiktionary Hausa"", ""license"": ""CC BY-SA"", ""attribution"": ""Wiktionary via kaikki.org"", ""definitions"": [""Torah, Pentateuch"", ""Hebrew Bible""], ""parts_of_speech"": [""name""], ""ipa"": [""/ʔàt.táu.ráː/"", ""[ʔàt.táu.ráː]""], ""examples"": [], ""dialect_assigned_default"": true}"
"bisimilla","intj","8","{""source"": ""Wiktionary Hausa"", ""license"": ""CC BY-SA"", ""attribution"": ""Wiktionary via kaikki.org"", ""definitions"": [""Used to invite someone to eat or do something.""], ""parts_of_speech"": [""intj""], ""ipa"": [""/bì.sí.míl.làː/"", ""[bɪ̀.sɪ́.mɪ́l.làː]""], ""examples"": [], ""dialect_assigned_default"": true}"
"bisimillahi","intj","8","{""source"": ""Wiktionary Hausa"", ""license"": ""CC BY-SA"", ""attribution"": ""Wiktionary via kaikki.org"", ""definitions"": [""Said when one is about to start eating or doing something.""], ""parts_of_speech"": [""intj""], ""ipa"": [""/bì.sí.mìl.láː.hìː/"", ""[bɪ̀.sɪ́.mɪ̀l.láː.hìː]""], ""examples"": [], ""dialect_assigned_default"": true}"
"galau","noun","8","{""source"": ""Wiktionary Hausa"", ""license"": ""CC BY-SA"", ""attribution"": ""Wiktionary via kaikki.org"", ""definitions"": [""open-mouthed; with a vacant expression""], ""parts_of_speech"": [""noun""], ""ipa"": [""/ɡà.láu/"", ""[ɡə̀.láu]""], ""examples"": [], ""dialect_assigned_default"": true}"
"lumana","noun","8","{""source"": ""Wiktionary Hausa"", ""license"": ""CC BY-SA"", ""attribution"": ""Wiktionary via kaikki.org"", ""definitions"": [""friendship, goodwill, harmony""], ""parts_of_speech"": [""noun""], ""ipa"": [""/lù.máː.nàː/"", ""[lɪ̀.máː.nàː]""], ""examples"": [], ""dialect_assigned_default"": true}"
"duniya","noun","8","{""source"": ""Wiktionary Hausa"", ""license"": ""CC BY-SA"", ""attribution"": ""Wiktionary via kaikki.org"", ""definitions"": [""world, Earth""], ""parts_of_speech"": [""noun""], ""ipa"": [""/dúː.ní.jàː/"", ""[dúː.nɪ́.jàː]""], ""examples"": [], ""dialect_assigned_default"": true}"
"hanci","noun","8","{""source"": ""Wiktionary Hausa"", ""license"": ""CC BY-SA"", ""attribution"": ""Wiktionary via kaikki.org"", ""definitions"": [""nose"", ""bribe"", ""in the nose""], ""parts_of_speech"": [""noun"", ""adv""], ""ipa"": [""/hán.t͡ʃìː/"", ""[hán.t͡ʃìː]"", ""/hán.t͡ʃìː/"", ""[hán.t͡ʃìː]"", ""/hán.t͡ʃí/"", ""[hán.t͡ʃɪ́]""], ""examples"": [], ""dialect_assigned_default"": true}"
"saniya","noun","8","{""source"": ""Wiktionary Hausa"", ""license"": ""CC BY-SA"", ""attribution"": ""Wiktionary via kaikki.org"", ""definitions"": [""cow""], ""parts_of_speech"": [""noun""], ""ipa"": [""/sáː.nì.jáː/"", ""[sáː.nɪ̀.jáː]""], ""examples"": [], ""dialect_assigned_default"": true}"
"kafur","noun","8","{""source"": ""Wiktionary Hausa"", ""license"": ""CC BY-SA"", ""attribution"": ""Wiktionary via kaikki.org"", ""definitions"": [""camphor""], ""parts_of_speech"": [""noun""], ""ipa"": [""/káː.fùr/"", ""[káː.ɸʊ̀r]""], ""examples"": [], ""dialect_assigned_default"": true}"
"kaciya","noun","8","{""source"": ""Wiktionary Hausa"", ""license"": ""CC BY-SA"", ""attribution"": ""Wiktionary via kaikki.org"", ""definitions"": [""circumcision""], ""parts_of_speech"": [""noun""], ""ipa"": [""/kàː.t͡ʃí.jàː/"", ""[kàː.t͡ʃɪ́.jàː]""], ""examples"": [], ""dialect_assigned_default"": true}"
"jamhuriya","noun","8","{""source"": ""Wiktionary Hausa"", ""license"": ""CC BY-SA"", ""attribution"": ""Wiktionary via kaikki.org"", ""definitions"": [""republic""], ""parts_of_speech"": [""noun""], ""ipa"": [""/(d)ʒàm.húː.rí.jàː/"", ""[d͡ʒàm.húː.rɪ́.jàː]""], ""examples"": [], ""dialect_assigned_default"": true}"
"kuɓewa","noun","8","{""source"": ""Wiktionary Hausa"", ""license"": ""CC BY-SA"", ""attribution"": ""Wiktionary via kaikki.org"", ""definitions"": [""okra""], ""parts_of_speech"": [""noun""], ""ipa"": [""/kú.ɓèː.wáː/"", ""[kʷʊ́.ɓèː.wáː]""], ""examples"": [], ""dialect_assigned_default"": true}"
"darni","noun","8","{""source"": ""Wiktionary Hausa"", ""license"": ""CC BY-SA"", ""attribution"": ""Wiktionary via kaikki.org"", ""definitions"": [""cornstalk fence""], ""parts_of_speech"": [""noun""], ""ipa"": [""/dàr.níː/"", ""[dàr.níː]""], ""examples"": [], ""dialect_assigned_default"": true}"
"dimokuraɗiyya","noun","8","{""source"": ""Wiktionary Hausa"", ""license"": ""CC BY-SA"", ""attribution"": ""Wiktionary via kaikki.org"", ""definitions"": [""democracy""], ""parts_of_speech"": [""noun""], ""ipa"": [""/dì.mò.kù.ɽà.ɗíj.jàː/"", ""[dɪ̀.mò.kʷʊ̀.ɽə̀.ɗɪ́j.jàː]""], ""examples"": [], ""dialect_assigned_default"": true}"
"dukiya","noun","8","{""source"": ""Wiktionary Hausa"", ""license"": ""CC BY-SA"", ""attribution"": ""Wiktionary via kaikki.org"", ""definitions"": [""wealth, assets""], ""parts_of_speech"": [""noun""], ""ipa"": [""/dúː.kì.jáː/"", ""[dúː.cɪ̀.jáː]""], ""examples"": [], ""dialect_assigned_default"": true}"
"ɗefi","noun","8","{""source"": ""Wiktionary Hausa"", ""license"": ""CC BY-SA"", ""attribution"": ""Wiktionary via kaikki.org"", ""definitions"": [""edge, tip""], ""parts_of_speech"": [""noun""], ""ipa"": [""/ɗèː.fíː/"", ""[ɗèː.ɸíː]""], ""examples"": [], ""dialect_assigned_default"": true}"
"kubbi","noun","8","{""source"": ""Wiktionary Hausa"", ""license"": ""CC BY-SA"", ""attribution"": ""Wiktionary via kaikki.org"", ""definitions"": [""hearts""], ""parts_of_speech"": [""noun""], ""ipa"": [""/kúb.bì/"", ""[kʷʊ́b.bɪ̀]""], ""examples"": [], ""dialect_assigned_default"": true}"
"sarauniya","noun","8","{""source"": ""Wiktionary Hausa"", ""license"": ""CC BY-SA"", ""attribution"": ""Wiktionary via kaikki.org"", ""definitions"": [""queen, wife of an emir""], ""parts_of_speech"": [""noun""], ""ipa"": [""/sá.ɽáu.nì.jáː/"", ""[sə́.ɽáu.nɪ̀.jáː]""], ""examples"": [], ""dialect_assigned_default"": true}"
"tarnatsa","noun","8","{""source"": ""Wiktionary Hausa"", ""license"": ""CC BY-SA"", ""attribution"": ""Wiktionary via kaikki.org"", ""definitions"": [""thunder"", ""by thunder, I say""], ""parts_of_speech"": [""noun"", ""intj""], ""ipa"": [""/tár.ná.(t)sʼáː/"", ""[tár.nə́.sʼáː]"", ""/tár.ná.(t)sʼáː/"", ""[tár.nə́.sʼáː]""], ""examples"": [], ""dialect_assigned_default"": true}"
"ƙumba","noun","8","{""source"": ""Wiktionary Hausa"", ""license"": ""CC BY-SA"", ""attribution"": ""Wiktionary via kaikki.org"", ""definitions"": [""mussel shell"", ""fingernail""], ""parts_of_speech"": [""noun""], ""ipa"": [""/kʼùm.báː/"", ""[kʷʼʊ̀m.báː]""], ""examples"": [], ""dialect_assigned_default"": true}"
"ƙurungu","noun","8","{""source"": ""Wiktionary Hausa"", ""license"": ""CC BY-SA"", ""attribution"": ""Wiktionary via kaikki.org"", ""definitions"": [""a species of catfish (Synodontis membranaceus)""], ""parts_of_speech"": [""noun""], ""ipa"": [""/kʼù.ɽún.ɡù/"", ""[kʷʼʊ̀.ɽɪ́ŋ.ɡʷʊ̀]""], ""examples"": [], ""dialect_assigned_default"": true}"
"lazza","noun","8","{""source"": ""Wiktionary Hausa"", ""license"": ""CC BY-SA"", ""attribution"": ""Wiktionary via kaikki.org"", ""definitions"": [""good flavor, pleasant taste""], ""parts_of_speech"": [""noun""], ""ipa"": [""/láz.zàː/"", ""[láz.zàː]""], ""examples"": [], ""dialect_assigned_default"": true}"
"lugga","noun","8","{""source"": ""Wiktionary Hausa"", ""license"": ""CC BY-SA"", ""attribution"": ""Wiktionary via kaikki.org"", ""definitions"": [""an arcane or obscure word or expression""], ""parts_of_speech"": [""noun""], ""ipa"": [""/lúɡ.ɡàː/"", ""[lɪ́ɡ.ɡàː]""], ""examples"": [], ""dialect_assigned_default"": true}"
"shanu","noun","8","{""source"": ""Wiktionary Hausa"", ""license"": ""CC BY-SA"", ""attribution"": ""Wiktionary via kaikki.org"", ""definitions"": [""plural of sa"", ""plural of saniya""], ""parts_of_speech"": [""noun""], ""ipa"": [], ""examples"": [], ""dialect_assigned_default"": true}"
"shekara","noun","8","{""source"": ""Wiktionary Hausa"", ""license"": ""CC BY-SA"", ""attribution"": ""Wiktionary via kaikki.org"", ""definitions"": [""year"", ""age (how old something or someone is)""], ""parts_of_speech"": [""noun""], ""ipa"": [""/ʃèː.ká.ɽàː/"", ""[ʃèː.kə́.ɽàː]""], ""examples"": [], ""dialect_assigned_default"": true}"
"makaɗi","noun","8","{""source"": ""Wiktionary Hausa"", ""license"": ""CC BY-SA"", ""attribution"": ""Wiktionary via kaikki.org"", ""definitions"": [""drummer"", ""musician"", ""drumstick"", ""spindle""], ""parts_of_speech"": [""noun""], ""ipa"": [""/má.kà.ɗíː/"", ""[mə́.kə̀.ɗíː]"", ""/má.ká.ɗíː/"", ""[mə́.kə́.ɗíː]""], ""examples"": [], ""dialect_assigned_default"": true}"
"mayani","noun","8","{""source"": ""Wiktionary Hausa"", ""license"": ""CC BY-SA"", ""attribution"": ""Wiktionary via kaikki.org"", ""definitions"": [""kerchief""], ""parts_of_speech"": [""noun""], ""ipa"": [""/má.jáː.níː/"", ""[mɛ́.jáː.níː]""], ""examples"": [], ""dialect_assigned_default"": true}"
"nasaru","noun","8","{""source"": ""Wiktionary Hausa"", ""license"": ""CC BY-SA"", ""attribution"": ""Wiktionary via kaikki.org"", ""definitions"": [""alternative form of nasara (\""Christians\"")""], ""parts_of_speech"": [""noun""], ""ipa"": [""/nà.sàː.rúː/"", ""[nə̀.sàː.rúː]""], ""examples"": [], ""dialect_assigned_default"": true}"
"murjani","noun","8","{""source"": ""Wiktionary Hausa"", ""license"": ""CC BY-SA"", ""attribution"": ""Wiktionary via kaikki.org"", ""definitions"": [""alternative form of murzani""], ""parts_of_speech"": [""noun""], ""ipa"": [""/mùr.(d)ʒáː.nìː/"", ""[mʊ̀r.d͡ʒáː.nìː]""], ""examples"": [], ""dialect_assigned_default"": true}"
"makero","noun","8","{""source"": ""Wiktionary Hausa"", ""license"": ""CC BY-SA"", ""attribution"": ""Wiktionary via kaikki.org"", ""definitions"": [""ringworm""], ""parts_of_speech"": [""noun""], ""ipa"": [""/mà.kéː.ɽòː/"", ""[mə̀.céː.ɽòː]""], ""examples"": [], ""dialect_assigned_default"": true}"
"muzi","noun","8","{""source"": ""Wiktionary Hausa"", ""license"": ""CC BY-SA"", ""attribution"": ""Wiktionary via kaikki.org"", ""definitions"": [""simpleton""], ""parts_of_speech"": [""noun""], ""ipa"": [""/múː.zíː/"", ""[múː.zíː]""], ""examples"": [], ""dialect_assigned_default"": true}"
"murfi","noun","8","{""source"": ""Wiktionary Hausa"", ""license"": ""CC BY-SA"", ""attribution"": ""Wiktionary via kaikki.org"", ""definitions"": [""cover, lid"", ""stopper""], ""parts_of_speech"": [""noun""], ""ipa"": [""/múɽ.fíː/"", ""[mʊ́ɽ.ɸíː]""], ""examples"": [], ""dialect_assigned_default"": true}"
"shinge","noun","8","{""source"": ""Wiktionary Hausa"", ""license"": ""CC BY-SA"", ""attribution"": ""Wiktionary via kaikki.org"", ""definitions"": [""fence""], ""parts_of_speech"": [""noun""], ""ipa"": [""/ʃín.ɡéː/"", ""[ʃɪ́ɲ.ɟéː]""], ""examples"": [], ""dialect_assigned_default"": true}"
"taɓo","noun","8","{""source"": ""Wiktionary Hausa"", ""license"": ""CC BY-SA"", ""attribution"": ""Wiktionary via kaikki.org"", ""definitions"": [""mud""], ""parts_of_speech"": [""noun""], ""ipa"": [""/tà.ɓóː/"", ""[tə̀.ɓóː]""], ""examples"": [], ""dialect_assigned_default"": true}"
"tsabga","noun","8","{""source"": ""Wiktionary Hausa"", ""license"": ""CC BY-SA"", ""attribution"": ""Wiktionary via kaikki.org"", ""definitions"": [""cane used to beat donkeys""], ""parts_of_speech"": [""noun""], ""ipa"": [""/(t)sʼáb.ɡàː/"", ""[sʼáb.ɡàː]""], ""examples"": [], ""dialect_assigned_default"": true}"
"tsauni","noun","8","{""source"": ""Wiktionary Hausa"", ""license"": ""CC BY-SA"", ""attribution"": ""Wiktionary via kaikki.org"", ""definitions"": [""hill""], ""parts_of_speech"": [""noun""], ""ipa"": [""/(t)sʼáu.nìː/"", ""[sʼáu.nìː]""], ""examples"": [], ""dialect_assigned_default"": true}"
"tsibiri","noun","8","{""source"": ""Wiktionary Hausa"", ""license"": ""CC BY-SA"", ""attribution"": ""Wiktionary via kaikki.org"", ""definitions"": [""island""], ""parts_of_speech"": [""noun""], ""ipa"": [""/(t)sʼì.bí.ɽíː/"", ""[sʼɪ̀.bɪ́.ɽíː]""], ""examples"": [], ""dialect_assigned_default"": true}"
"tsigi","noun","8","{""source"": ""Wiktionary Hausa"", ""license"": ""CC BY-SA"", ""attribution"": ""Wiktionary via kaikki.org"", ""definitions"": [""various birds called warblers or larks""], ""parts_of_speech"": [""noun""], ""ipa"": [""/(t)sʼíː.ɡíː/"", ""[sʼíː.ɟíː]""], ""examples"": [], ""dialect_assigned_default"": true}"
"tsila","noun","8","{""source"": ""Wiktionary Hausa"", ""license"": ""CC BY-SA"", ""attribution"": ""Wiktionary via kaikki.org"", ""definitions"": [""tapeworm""], ""parts_of_speech"": [""noun""], ""ipa"": [], ""examples"": [], ""dialect_assigned_default"": true}"
"toshiya","noun","8","{""source"": ""Wiktionary Hausa"", ""license"": ""CC BY-SA"", ""attribution"": ""Wiktionary via kaikki.org"", ""definitions"": [""bribe"", ""a gift given by a male to a close female relative of a sweetheart""], ""parts_of_speech"": [""noun""], ""ipa"": [""/tóː.ʃí.jáː/"", ""[tóː.ʃɪ́.jáː]""], ""examples"": [], ""dialect_assigned_default"": true}"
"tozo","noun","8","{""source"": ""Wiktionary Hausa"", ""license"": ""CC BY-SA"", ""attribution"": ""Wiktionary via kaikki.org"", ""definitions"": [""hump (of an animal)""], ""parts_of_speech"": [""noun""], ""ipa"": [""/tóː.zóː/"", ""[tóː.zóː]""], ""examples"": [], ""dialect_assigned_default"": true}"
"uƙuba","noun","8","{""source"": ""Wiktionary Hausa"", ""license"": ""CC BY-SA"", ""attribution"": ""Wiktionary via kaikki.org"", ""definitions"": [""misery, anguish""], ""parts_of_speech"": [""noun""], ""ipa"": [""/ʔù.kʼúː.bàː/"", ""[ʔʊ̀.kʷʼúː.bàː]""], ""examples"": [], ""dialect_assigned_default"": true}"
"wasali","noun","8","{""source"": ""Wiktionary Hausa"", ""license"": ""CC BY-SA"", ""attribution"": ""Wiktionary via kaikki.org"", ""definitions"": [""vowel""], ""parts_of_speech"": [""noun""], ""ipa"": [""/wá.sà.líː/"", ""[wə́.sə̀.líː]""], ""examples"": [], ""dialect_assigned_default"": true}"
"ganye","noun","8","{""source"": ""Wiktionary Hausa"", ""license"": ""CC BY-SA"", ""attribution"": ""Wiktionary via kaikki.org"", ""definitions"": [""leaf"", ""cannabis"", ""counterfeit money""], ""parts_of_speech"": [""noun""], ""ipa"": [""/ɡán.jéː/"", ""[ɡɛ́ɲ.jéː]""], ""examples"": [], ""dialect_assigned_default"": true}"
"tubali","noun","8","{""source"": ""Wiktionary Hausa"", ""license"": ""CC BY-SA"", ""attribution"": ""Wiktionary via kaikki.org"", ""definitions"": [""brick""], ""parts_of_speech"": [""noun""], ""ipa"": [""/túː.bà.líː/"", ""[túː.bə̀.líː]""], ""examples"": [], ""dialect_assigned_default"": true}"
"sifiri","num","8","{""source"": ""Wiktionary Hausa"", ""license"": ""CC BY-SA"", ""attribution"": ""Wiktionary via kaikki.org"", ""definitions"": [""zero"", ""renting a beast of burden""], ""parts_of_speech"": [""num"", ""noun""], ""ipa"": [""/sí.fì.ríː/"", ""[sɪ́.ɸɪ̀.ríː]"", ""/sí.fì.ríː/"", ""[sɪ́.ɸɪ̀.ríː]""], ""examples"": [], ""dialect_assigned_default"": true}"
"ɗaya","num","8","{""source"": ""Wiktionary Hausa"", ""license"": ""CC BY-SA"", ""attribution"": ""Wiktionary via kaikki.org"", ""definitions"": [""one"", ""one, the same"", ""the other""], ""parts_of_speech"": [""num"", ""adj""], ""ipa"": [""/ɗá.já/"", ""[ɗɛ́.jɛ́]"", ""/ɗá.já/"", ""[ɗɛ́.jɛ́]""], ""examples"": [], ""dialect_assigned_default"": true}"
"biyu","num","8","{""source"": ""Wiktionary Hausa"", ""license"": ""CC BY-SA"", ""attribution"": ""Wiktionary via kaikki.org"", ""definitions"": [""two"", ""double""], ""parts_of_speech"": [""num"", ""adj""], ""ipa"": [""/bí.jú/"", ""[bɪ́.jʊ́]"", ""/bí.jú/"", ""[bɪ́.jʊ́]""], ""examples"": [], ""dialect_assigned_default"": true}"
"biyu biyu","noun","8","{""source"": ""Wiktionary Hausa"", ""license"": ""CC BY-SA"", ""attribution"": ""Wiktionary via kaikki.org"", ""definitions"": [""double loss""], ""parts_of_speech"": [""noun""], ""ipa"": [""/bì.jù bì.jûː/"", ""[bɪ̀.jʊ̀ bɪ̀.jûː]""], ""examples"": [], ""dialect_assigned_default"": true}"
"biyar","num","8","{""source"": ""Wiktionary Hausa"", ""license"": ""CC BY-SA"", ""attribution"": ""Wiktionary via kaikki.org"", ""definitions"": [""five""], ""parts_of_speech"": [""num""], ""ipa"": [""/bì.jár/"", ""[bɪ̀.jɛ́r]""], ""examples"": [], ""dialect_assigned_default"": true}"
"bakwai","num","8","{""source"": ""Wiktionary Hausa"", ""license"": ""CC BY-SA"", ""attribution"": ""Wiktionary via kaikki.org"", ""definitions"": [""seven""], ""parts_of_speech"": [""num""], ""ipa"": [""/bá.kʷài/"", ""[bə́.kʷèi]""], ""examples"": [], ""dialect_assigned_default"": true}"
"takwas","num","8","{""source"": ""Wiktionary Hausa"", ""license"": ""CC BY-SA"", ""attribution"": ""Wiktionary via kaikki.org"", ""definitions"": [""eight""], ""parts_of_speech"": [""num""], ""ipa"": [""/tá.kʷàs/"", ""[tə́.kʷàs]""], ""examples"": [], ""dialect_assigned_default"": true}"
"gomiya","num","8","{""source"": ""Wiktionary Hausa"", ""license"": ""CC BY-SA"", ""attribution"": ""Wiktionary via kaikki.org"", ""definitions"": [""Used to form multiples of ten.""], ""parts_of_speech"": [""num""], ""ipa"": [""/ɡòː.mí.jáː/"", ""[ɡʷòː.mɪ́.jáː]""], ""examples"": [], ""dialect_assigned_default"": true}"
"ashirin","num","8","{""source"": ""Wiktionary Hausa"", ""license"": ""CC BY-SA"", ""attribution"": ""Wiktionary via kaikki.org"", ""definitions"": [""twenty""], ""parts_of_speech"": [""num""], ""ipa"": [""/ʔà.ʃì.rín/"", ""[ʔà.ʃɪ̀.rɪ́ŋ]""], ""examples"": [], ""dialect_assigned_default"": true}"
"talatin","num","8","{""source"": ""Wiktionary Hausa"", ""license"": ""CC BY-SA"", ""attribution"": ""Wiktionary via kaikki.org"", ""definitions"": [""thirty""], ""parts_of_speech"": [""num""], ""ipa"": [""/tà.làː.tín/"", ""[tə̀.làː.tɪ́ŋ]""], ""examples"": [], ""dialect_assigned_default"": true}"
"arba'in","num","8","{""source"": ""Wiktionary Hausa"", ""license"": ""CC BY-SA"", ""attribution"": ""Wiktionary via kaikki.org"", ""definitions"": [""forty"", ""the forty-day period after a woman gives birth""], ""parts_of_speech"": [""num"", ""noun""], ""ipa"": [""/ʔàr.bà.ʔín/"", ""[ʔàr.bə̀.ʔɪ́ŋ]"", ""/ʔàr.bà.ʔín/"", ""[ʔàr.bə̀.ʔɪ́ŋ]""], ""examples"": [], ""dialect_assigned_default"": true}"
"saba'in","num","8","{""source"": ""Wiktionary Hausa"", ""license"": ""CC BY-SA"", ""attribution"": ""Wiktionary via kaikki.org"", ""definitions"": [""seventy""], ""parts_of_speech"": [""num""], ""ipa"": [""/sà.bà.ʔín/"", ""[sə̀.bə̀.ʔɪ́ŋ]""], ""examples"": [], ""dialect_assigned_default"": true}"
"tamanin","num","8","{""source"": ""Wiktionary Hausa"", ""license"": ""CC BY-SA"", ""attribution"": ""Wiktionary via kaikki.org"", ""definitions"": [""eighty""], ""parts_of_speech"": [""num""], ""ipa"": [""/tà.màː.nín/"", ""[tə̀.màː.nɪ́ŋ]""], ""examples"": [], ""dialect_assigned_default"": true}"
"casa'in","num","8","{""source"": ""Wiktionary Hausa"", ""license"": ""CC BY-SA"", ""attribution"": ""Wiktionary via kaikki.org"", ""definitions"": [""ninety""], ""parts_of_speech"": [""num""], ""ipa"": [""/t͡ʃà.sà.ʔín/"", ""[t͡ʃə̀.sə̀.ʔɪ́ŋ]""], ""examples"": [], ""dialect_assigned_default"": true}"
"tis'in","num","8","{""source"": ""Wiktionary Hausa"", ""license"": ""CC BY-SA"", ""attribution"": ""Wiktionary via kaikki.org"", ""definitions"": [""alternative form of càsà'in""], ""parts_of_speech"": [""num""], ""ipa"": [""/tìs.ʔín/"", ""[tɪ̀s.ʔɪ́ŋ]""], ""examples"": [], ""dialect_assigned_default"": true}"
"ɗari","num","8","{""source"": ""Wiktionary Hausa"", ""license"": ""CC BY-SA"", ""attribution"": ""Wiktionary via kaikki.org"", ""definitions"": [""hundred"", ""half-penny"", ""coldness due to wind or illness""], ""parts_of_speech"": [""num"", ""noun""], ""ipa"": [""/ɗà.ɽíː/"", ""[ɗə̀.ɽíː]"", ""/ɗáː.ɽíː/"", ""[ɗáː.ɽíː]"", ""/ɗà.ɽíː/"", ""[ɗə̀.ɽíː]"", ""/ɗáː.ɽíː/"", ""[ɗáː.ɽíː]"", ""/ɗà.ɽíː/"", ""[ɗə̀.ɽíː]"", ""/ɗáː.ɽíː/"", ""[ɗáː.ɽíː]""], ""examples"": [], ""dialect_assigned_default"": true}"
"ɗarurruwa","num","8","{""source"": ""Wiktionary Hausa"", ""license"": ""CC BY-SA"", ""attribution"": ""Wiktionary via kaikki.org"", ""definitions"": [""plural of ɗari (\""hundreds\"")""], ""parts_of_speech"": [""num""], ""ipa"": [], ""examples"": [], ""dialect_assigned_default"": true}"
"ɗarurruka","noun","8","{""source"": ""Wiktionary Hausa"", ""license"": ""CC BY-SA"", ""attribution"": ""Wiktionary via kaikki.org"", ""definitions"": [""plural of ɗari (\""half-pennies\"")""], ""parts_of_speech"": [""noun""], ""ipa"": [], ""examples"": [], ""dialect_assigned_default"": true}"
"dubbai","num","8","{""source"": ""Wiktionary Hausa"", ""license"": ""CC BY-SA"", ""attribution"": ""Wiktionary via kaikki.org"", ""definitions"": [""plural of dubu""], ""parts_of_speech"": [""num""], ""ipa"": [], ""examples"": [], ""dialect_assigned_default"": true}"
"kibiya","noun","8","{""source"": ""Wiktionary Hausa"", ""license"": ""CC BY-SA"", ""attribution"": ""Wiktionary via kaikki.org"", ""definitions"": [""arrow""], ""parts_of_speech"": [""noun""], ""ipa"": [""/kí.bí.jàː/"", ""[cɪ́.bɪ́.jàː]""], ""examples"": [], ""dialect_assigned_default"": true}"
"Landan","name","8","{""source"": ""Wiktionary Hausa"", ""license"": ""CC BY-SA"", ""attribution"": ""Wiktionary via kaikki.org"", ""definitions"": [""London (the capital city of the United Kingdom; the capital city of England)""], ""parts_of_speech"": [""name""], ""ipa"": [""/lán.dàn/"", ""[lán.dàŋ]""], ""examples"": [], ""dialect_assigned_default"": true}"
"Binuwai","name","8","{""source"": ""Wiktionary Hausa"", ""license"": ""CC BY-SA"", ""attribution"": ""Wiktionary via kaikki.org"", ""definitions"": [""Benue River"", ""Benue (a state of Nigeria)""], ""parts_of_speech"": [""name""], ""ipa"": [""/bí.nú.wài/"", ""[bɪ́.nʊ́.wèi]""], ""examples"": [], ""dialect_assigned_default"": true}"
"Kamaru","name","8","{""source"": ""Wiktionary Hausa"", ""license"": ""CC BY-SA"", ""attribution"": ""Wiktionary via kaikki.org"", ""definitions"": [""Cameroon (a country in Central Africa)""], ""parts_of_speech"": [""name""], ""ipa"": [""/kà.mà.rú/"", ""[kə̀.mə̀.rɪ́]""], ""examples"": [], ""dialect_assigned_default"": true}"
"Isƙandariya","name","8","{""source"": ""Wiktionary Hausa"", ""license"": ""CC BY-SA"", ""attribution"": ""Wiktionary via kaikki.org"", ""definitions"": [""Alexandria (a city in Egypt)""], ""parts_of_speech"": [""name""], ""ipa"": [""/ʔìs.kʼán.dà.rí.jà/"", ""[ʔɪ̀s.kʼán.də̀.rɪ́.jɛ̀]""], ""examples"": [], ""dialect_assigned_default"": true}"
"Italiya","name","8","{""source"": ""Wiktionary Hausa"", ""license"": ""CC BY-SA"", ""attribution"": ""Wiktionary via kaikki.org"", ""definitions"": [""Italy (a country in Southern Europe)""], ""parts_of_speech"": [""name""], ""ipa"": [""/ʔì.táː.lí.jà/"", ""[ʔɪ̀.táː.lɪ́.jɛ̀]""], ""examples"": [], ""dialect_assigned_default"": true}"
"Isra'ila","name","8","{""source"": ""Wiktionary Hausa"", ""license"": ""CC BY-SA"", ""attribution"": ""Wiktionary via kaikki.org"", ""definitions"": [""Israel (a country in Western Asia in the Middle East, at the eastern shore of the Mediterranean)""], ""parts_of_speech"": [""name""], ""ipa"": [""/ʔìs.ráː.ʔíː.là/"", ""[ʔɪ̀s.ráː.ʔíː.lə̀]""], ""examples"": [], ""dialect_assigned_default"": true}"
"Palasɗinu","name","8","{""source"": ""Wiktionary Hausa"", ""license"": ""CC BY-SA"", ""attribution"": ""Wiktionary via kaikki.org"", ""definitions"": [""Palestine (a country in Asia)""], ""parts_of_speech"": [""name""], ""ipa"": [""/pà.làs.ɗíː.nù/"", ""[pə̀.làs.ɗíː.nɪ̀]""], ""examples"": [], ""dialect_assigned_default"": true}"
"Haɗeja","name","8","{""source"": ""Wiktionary Hausa"", ""license"": ""CC BY-SA"", ""attribution"": ""Wiktionary via kaikki.org"", ""definitions"": [""Hadejia River""], ""parts_of_speech"": [""name""], ""ipa"": [""/há.ɗéː.(d)ʒà/"", ""[há.ɗéː.d͡ʒə̀]""], ""examples"": [], ""dialect_assigned_default"": true}"
"Calawa","name","8","{""source"": ""Wiktionary Hausa"", ""license"": ""CC BY-SA"", ""attribution"": ""Wiktionary via kaikki.org"", ""definitions"": [""Challawa River""], ""parts_of_speech"": [""name""], ""ipa"": [""/t͡ʃáː.láː.wáː/"", ""[t͡ʃáː.láː.wáː]""], ""examples"": [], ""dialect_assigned_default"": true}"
"ƙoda","noun","8","{""source"": ""Wiktionary Hausa"", ""license"": ""CC BY-SA"", ""attribution"": ""Wiktionary via kaikki.org"", ""definitions"": [""kidney""], ""parts_of_speech"": [""noun""], ""ipa"": [""/kʼóː.dàː/"", ""[kʷʼóː.dàː]""], ""examples"": [], ""dialect_assigned_default"": true}"
"gwiwa","noun","8","{""source"": ""Wiktionary Hausa"", ""license"": ""CC BY-SA"", ""attribution"": ""Wiktionary via kaikki.org"", ""definitions"": [""knee""], ""parts_of_speech"": [""noun""], ""ipa"": [""/ɡʷíː.wàː/"", ""[ɡʷíː.wàː]""], ""examples"": [], ""dialect_assigned_default"": true}"
"hakiya","noun","8","{""source"": ""Wiktionary Hausa"", ""license"": ""CC BY-SA"", ""attribution"": ""Wiktionary via kaikki.org"", ""definitions"": [""leucoma""], ""parts_of_speech"": [""noun""], ""ipa"": [""/há.kí.jàː/"", ""[há.cɪ́.jàː]""], ""examples"": [], ""dialect_assigned_default"": true}"
"agwado","noun","8","{""source"": ""Wiktionary Hausa"", ""license"": ""CC BY-SA"", ""attribution"": ""Wiktionary via kaikki.org"", ""definitions"": [""maize""], ""parts_of_speech"": [""noun""], ""ipa"": [""/ʔà.ɡʷàː.dóː/"", ""[ʔà.ɡʷàː.dóː]""], ""examples"": [], ""dialect_assigned_default"": true}"
"albasa","noun","8","{""source"": ""Wiktionary Hausa"", ""license"": ""CC BY-SA"", ""attribution"": ""Wiktionary via kaikki.org"", ""definitions"": [""onion""], ""parts_of_speech"": [""noun""], ""ipa"": [""/ʔàl.bá.sàː/"", ""[ʔàl.bə́.sàː]""], ""examples"": [], ""dialect_assigned_default"": true}"
"alkama","noun","8","{""source"": ""Wiktionary Hausa"", ""license"": ""CC BY-SA"", ""attribution"": ""Wiktionary via kaikki.org"", ""definitions"": [""wheat""], ""parts_of_speech"": [""noun""], ""ipa"": [""/ʔàl.ká.màː/"", ""[ʔàl.kə́.màː]""], ""examples"": [], ""dialect_assigned_default"": true}"
"almakashi","noun","8","{""source"": ""Wiktionary Hausa"", ""license"": ""CC BY-SA"", ""attribution"": ""Wiktionary via kaikki.org"", ""definitions"": [""scissors""], ""parts_of_speech"": [""noun""], ""ipa"": [""/ʔàl.má.kà.ʃíː/"", ""[ʔàl.mə́.kə̀.ʃíː]""], ""examples"": [], ""dialect_assigned_default"": true}"
"inabi","noun","8","{""source"": ""Wiktionary Hausa"", ""license"": ""CC BY-SA"", ""attribution"": ""Wiktionary via kaikki.org"", ""definitions"": [""grape""], ""parts_of_speech"": [""noun""], ""ipa"": [""/ʔí.nà.bíː/"", ""[ʔɪ́.nə̀.bíː]""], ""examples"": [], ""dialect_assigned_default"": true}"
"anabi","noun","8","{""source"": ""Wiktionary Hausa"", ""license"": ""CC BY-SA"", ""attribution"": ""Wiktionary via kaikki.org"", ""definitions"": [""alternative form of inabi""], ""parts_of_speech"": [""noun""], ""ipa"": [""/ʔá.nà.bíː/"", ""[ʔá.nə̀.bíː]""], ""examples"": [], ""dialect_assigned_default"": true}"
"shayi","noun","8","{""source"": ""Wiktionary Hausa"", ""license"": ""CC BY-SA"", ""attribution"": ""Wiktionary via kaikki.org"", ""definitions"": [""tea"", ""only used in ɗan shayi""], ""parts_of_speech"": [""noun""], ""ipa"": [""/ʃáː.jì/"", ""[ʃáː.jɪ̀]"", ""/ʃàː.jíː/"", ""[ʃàː.jíː]""], ""examples"": [], ""dialect_assigned_default"": true}"
"ɗan shayi","noun","8","{""source"": ""Wiktionary Hausa"", ""license"": ""CC BY-SA"", ""attribution"": ""Wiktionary via kaikki.org"", ""definitions"": [""circumcised boy""], ""parts_of_speech"": [""noun""], ""ipa"": [""/ɗán ʃàː.jíː/"", ""[ɗáŋ ʃàː.jíː]""], ""examples"": [], ""dialect_assigned_default"": true}"
"asubahi","noun","8","{""source"": ""Wiktionary Hausa"", ""license"": ""CC BY-SA"", ""attribution"": ""Wiktionary via kaikki.org"", ""definitions"": [""fajr, the dawn prayer""], ""parts_of_speech"": [""noun""], ""ipa"": [""/ʔà.sù.báː.hì/"", ""[ʔà.sɪ̀.báː.hɪ̀]""], ""examples"": [], ""dialect_assigned_default"": true}"
"asuba","noun","8","{""source"": ""Wiktionary Hausa"", ""license"": ""CC BY-SA"", ""attribution"": ""Wiktionary via kaikki.org"", ""definitions"": [""alternative form of asubahi""], ""parts_of_speech"": [""noun""], ""ipa"": [""/ʔà.sù.bâː/"", ""[ʔà.sɪ̀.bâː]""], ""examples"": [], ""dialect_assigned_default"": true}"
"azahariyya","noun","8","{""source"": ""Wiktionary Hausa"", ""license"": ""CC BY-SA"", ""attribution"": ""Wiktionary via kaikki.org"", ""definitions"": [""alternative form of azahar""], ""parts_of_speech"": [""noun""], ""ipa"": [""/ʔà.zà.hà.ríj.jàː/"", ""[ʔà.zə̀.hà.rɪ́j.jàː]""], ""examples"": [], ""dialect_assigned_default"": true}"
"la'asar","noun","8","{""source"": ""Wiktionary Hausa"", ""license"": ""CC BY-SA"", ""attribution"": ""Wiktionary via kaikki.org"", ""definitions"": [""asr, the afternoon prayer""], ""parts_of_speech"": [""noun""], ""ipa"": [""/là.ʔá.sàr/"", ""[lə̀.ʔá.sàr]""], ""examples"": [], ""dialect_assigned_default"": true}"
"la'asariyya","noun","8","{""source"": ""Wiktionary Hausa"", ""license"": ""CC BY-SA"", ""attribution"": ""Wiktionary via kaikki.org"", ""definitions"": [""alternative form of la'asar""], ""parts_of_speech"": [""noun""], ""ipa"": [""/là.ʔà.sá.ríj.jàː/"", ""[lə̀.ʔà.sə́.rɪ́j.jàː]""], ""examples"": [], ""dialect_assigned_default"": true}"
"magariba","noun","8","{""source"": ""Wiktionary Hausa"", ""license"": ""CC BY-SA"", ""attribution"": ""Wiktionary via kaikki.org"", ""definitions"": [""maghrib, the sunset prayer""], ""parts_of_speech"": [""noun""], ""ipa"": [""/mà.ɡà.rí.bàː/"", ""[mə̀.ɡə̀.rɪ́.bàː]""], ""examples"": [], ""dialect_assigned_default"": true}"
"Filato","name","8","{""source"": ""Wiktionary Hausa"", ""license"": ""CC BY-SA"", ""attribution"": ""Wiktionary via kaikki.org"", ""definitions"": [""Plateau State (a state of Nigeria)""], ""parts_of_speech"": [""name""], ""ipa"": [""/fì.làː.tó/"", ""[ɸɪ̀.làː.tó]""], ""examples"": [], ""dialect_assigned_default"": true}"
"ƙarni","noun","8","{""source"": ""Wiktionary Hausa"", ""license"": ""CC BY-SA"", ""attribution"": ""Wiktionary via kaikki.org"", ""definitions"": [""century""], ""parts_of_speech"": [""noun""], ""ipa"": [""/kʼár.nìː/"", ""[kʼár.nìː]""], ""examples"": [], ""dialect_assigned_default"": true}"
"Dogon Dutsi","name","8","{""source"": ""Wiktionary Hausa"", ""license"": ""CC BY-SA"", ""attribution"": ""Wiktionary via kaikki.org"", ""definitions"": [""Dogondoutchi (a city in Niger)""], ""parts_of_speech"": [""name""], ""ipa"": [""/dóː.ɡón dúː.(t)sʼì/"", ""[dóː.ɡʷán dúː.sʼɪ̀]""], ""examples"": [], ""dialect_assigned_default"": true}"
"Misira","name","8","{""source"": ""Wiktionary Hausa"", ""license"": ""CC BY-SA"", ""attribution"": ""Wiktionary via kaikki.org"", ""definitions"": [""alternative form of Masar: Egypt (a country in North Africa and West Asia)""], ""parts_of_speech"": [""name""], ""ipa"": [""/mí.sí.rà/"", ""[mɪ́.sɪ́.rə̀]""], ""examples"": [], ""dialect_assigned_default"": true}"
"Najeriya","name","8","{""source"": ""Wiktionary Hausa"", ""license"": ""CC BY-SA"", ""attribution"": ""Wiktionary via kaikki.org"", ""definitions"": [""alternative form of Nijeriya: Nigeria (a country in West Africa, south of the country of Niger)""], ""parts_of_speech"": [""name""], ""ipa"": [""/nàː.(d)ʒéː.rí.jàː/"", ""[nàː.d͡ʒéː.rɪ́.jàː]""], ""examples"": [], ""dialect_assigned_default"": true}"
"Naijeriya","name","8","{""source"": ""Wiktionary Hausa"", ""license"": ""CC BY-SA"", ""attribution"": ""Wiktionary via kaikki.org"", ""definitions"": [""alternative form of Nijeriya""], ""parts_of_speech"": [""name""], ""ipa"": [""/nài.(d)ʒéː.rí.jàː/"", ""[nèi.d͡ʒéː.rɪ́.jàː]""], ""examples"": [], ""dialect_assigned_default"": true}"
"Badun","name","8","{""source"": ""Wiktionary Hausa"", ""license"": ""CC BY-SA"", ""attribution"": ""Wiktionary via kaikki.org"", ""definitions"": [""Ibadan (a city in Nigeria)""], ""parts_of_speech"": [""name""], ""ipa"": [""/bàː.dùn/"", ""[bàː.dɪ̀ŋ]""], ""examples"": [], ""dialect_assigned_default"": true}"
"Amurka","name","8","{""source"": ""Wiktionary Hausa"", ""license"": ""CC BY-SA"", ""attribution"": ""Wiktionary via kaikki.org"", ""definitions"": [""alternative form of Amirka""], ""parts_of_speech"": [""name""], ""ipa"": [""/ʔá.mùr.kà/"", ""[ʔá.mʊ̀r.kə̀]""], ""examples"": [], ""dialect_assigned_default"": true}"
"Kyanada","name","8","{""source"": ""Wiktionary Hausa"", ""license"": ""CC BY-SA"", ""attribution"": ""Wiktionary via kaikki.org"", ""definitions"": [""Canada (a country in North America)""], ""parts_of_speech"": [""name""], ""ipa"": [""/cá.ná.dà/"", ""[cɛ́.nə́.də̀]""], ""examples"": [], ""dialect_assigned_default"": true}"
"Lakwaja","name","8","{""source"": ""Wiktionary Hausa"", ""license"": ""CC BY-SA"", ""attribution"": ""Wiktionary via kaikki.org"", ""definitions"": [""Lokoja (a city in Nigeria)""], ""parts_of_speech"": [""name""], ""ipa"": [""/lá.kʷá.(d)ʒà/"", ""[lə́.kʷə́.d͡ʒə̀]""], ""examples"": [], ""dialect_assigned_default"": true}"
"Neja","name","8","{""source"": ""Wiktionary Hausa"", ""license"": ""CC BY-SA"", ""attribution"": ""Wiktionary via kaikki.org"", ""definitions"": [""Niger (a state of Nigeria)""], ""parts_of_speech"": [""name""], ""ipa"": [""/néː.(d)ʒà/"", ""[néː.d͡ʒə̀]""], ""examples"": [], ""dialect_assigned_default"": true}"
"Gusau","name","8","{""source"": ""Wiktionary Hausa"", ""license"": ""CC BY-SA"", ""attribution"": ""Wiktionary via kaikki.org"", ""definitions"": [""Gusau (a city, the state capital of Zamfara State, Nigeria)""], ""parts_of_speech"": [""name""], ""ipa"": [""/ɡù.sáu/"", ""[ɡʷʊ̀.sáu]""], ""examples"": [], ""dialect_assigned_default"": true}"
"gwanda","noun","8","{""source"": ""Wiktionary Hausa"", ""license"": ""CC BY-SA"", ""attribution"": ""Wiktionary via kaikki.org"", ""definitions"": [""papaya""], ""parts_of_speech"": [""noun""], ""ipa"": [""/ɡʷán.dàː/"", ""[ɡʷán.dàː]""], ""examples"": [], ""dialect_assigned_default"": true}"
"Muhammadu","name","8","{""source"": ""Wiktionary Hausa"", ""license"": ""CC BY-SA"", ""attribution"": ""Wiktionary via kaikki.org"", ""definitions"": [""Muhammad (prophet)"", ""a male given name, Muhammad""], ""parts_of_speech"": [""name""], ""ipa"": [""/mù.hám.má.dù/"", ""[mʊ̀.hám.mə́.dɪ̀]""], ""examples"": [], ""dialect_assigned_default"": true}"
"Hadizatu","name","8","{""source"": ""Wiktionary Hausa"", ""license"": ""CC BY-SA"", ""attribution"": ""Wiktionary via kaikki.org"", ""definitions"": [""Khadija (Muhammad's wife)"", ""a female given name, equivalent to English Khadija""], ""parts_of_speech"": [""name""], ""ipa"": [""/hà.díː.zá.tù/"", ""[hà.díː.zə́.tɪ̀]""], ""examples"": [], ""dialect_assigned_default"": true}"
"Zainabu","name","8","{""source"": ""Wiktionary Hausa"", ""license"": ""CC BY-SA"", ""attribution"": ""Wiktionary via kaikki.org"", ""definitions"": [""Zaynab (the daughter and granddaughter of Muhammad)"", ""a female given name, equivalent to English Zaynab""], ""parts_of_speech"": [""name""], ""ipa"": [""/zài.ná.bù/"", ""[zèi.nə́.bʊ̀]""], ""examples"": [], ""dialect_assigned_default"": true}"
"Saratu","name","8","{""source"": ""Wiktionary Hausa"", ""license"": ""CC BY-SA"", ""attribution"": ""Wiktionary via kaikki.org"", ""definitions"": [""Sarah (biblical character)"", ""a female given name, equivalent to English Sarah""], ""parts_of_speech"": [""name""], ""ipa"": [""/sáː.rá.tù/"", ""[sáː.rə́.tɪ̀]""], ""examples"": [], ""dialect_assigned_default"": true}"
"A'ishatu","name","8","{""source"": ""Wiktionary Hausa"", ""license"": ""CC BY-SA"", ""attribution"": ""Wiktionary via kaikki.org"", ""definitions"": [""Aisha (wife of Muhammad)"", ""a female given name, Aisha""], ""parts_of_speech"": [""name""], ""ipa"": [""/ʔáː.ʔì.ʃá.tù/"", ""[ʔáː.ʔɪ̀.ʃə́.tɪ̀]""], ""examples"": [], ""dialect_assigned_default"": true}"
"Hauwa","name","8","{""source"": ""Wiktionary Hausa"", ""license"": ""CC BY-SA"", ""attribution"": ""Wiktionary via kaikki.org"", ""definitions"": [""Eve (biblical character)"", ""a female given name, equivalent to English Eve""], ""parts_of_speech"": [""name""], ""ipa"": [""/hàu.wá/"", ""[hàu.wə́]""], ""examples"": [], ""dialect_assigned_default"": true}"
"Dauda","name","8","{""source"": ""Wiktionary Hausa"", ""license"": ""CC BY-SA"", ""attribution"": ""Wiktionary via kaikki.org"", ""definitions"": [""David (biblical character)"", ""a male given name, equivalent to English David""], ""parts_of_speech"": [""name""], ""ipa"": [""/dáu.dàː/"", ""[dáu.dàː]""], ""examples"": [], ""dialect_assigned_default"": true}"
"Isiyaku","name","8","{""source"": ""Wiktionary Hausa"", ""license"": ""CC BY-SA"", ""attribution"": ""Wiktionary via kaikki.org"", ""definitions"": [""Isaac (biblical character)"", ""a male given name, equivalent to English Isaac""], ""parts_of_speech"": [""name""], ""ipa"": [""/ʔí.sí.jáː.kù/"", ""[ʔɪ́.sɪ́.jáː.kʷʊ̀]""], ""examples"": [], ""dialect_assigned_default"": true}"
"Isma'ilu","name","8","{""source"": ""Wiktionary Hausa"", ""license"": ""CC BY-SA"", ""attribution"": ""Wiktionary via kaikki.org"", ""definitions"": [""Ishmael, Ismail (biblical character)"", ""a male given name, Ismail, equivalent to English Ishmael""], ""parts_of_speech"": [""name""], ""ipa"": [""/ʔìs.máː.ʔíː.lù/"", ""[ʔɪ̀s.máː.ʔíː.lɪ̀]""], ""examples"": [], ""dialect_assigned_default"": true}"
"Jibirilu","name","8","{""source"": ""Wiktionary Hausa"", ""license"": ""CC BY-SA"", ""attribution"": ""Wiktionary via kaikki.org"", ""definitions"": [""Gabriel (angel)"", ""a male given name, Jibril, equivalent to English Gabriel""], ""parts_of_speech"": [""name""], ""ipa"": [""/(d)ʒì.bì.ríː.lù/"", ""[d͡ʒɪ̀.bɪ̀.ríː.lɪ̀]""], ""examples"": [], ""dialect_assigned_default"": true}"
"Sulemanu","name","8","{""source"": ""Wiktionary Hausa"", ""license"": ""CC BY-SA"", ""attribution"": ""Wiktionary via kaikki.org"", ""definitions"": [""Solomon (biblical character)"", ""a male given name, Suleyman, equivalent to English Solomon""], ""parts_of_speech"": [""name""], ""ipa"": [""/sú.lèː.máː.nù/"", ""[sɪ́.lèː.máː.nɪ̀]""], ""examples"": [], ""dialect_assigned_default"": true}"
"Husaini","name","8","{""source"": ""Wiktionary Hausa"", ""license"": ""CC BY-SA"", ""attribution"": ""Wiktionary via kaikki.org"", ""definitions"": [""a male given name, Husayn or Hussein, traditionally given to a second-born twin""], ""parts_of_speech"": [""name""], ""ipa"": [""/hù.sái.nì/"", ""[hʊ̀.séi.nɪ̀]""], ""examples"": [], ""dialect_assigned_default"": true}"
"Yaƙubu","name","8","{""source"": ""Wiktionary Hausa"", ""license"": ""CC BY-SA"", ""attribution"": ""Wiktionary via kaikki.org"", ""definitions"": [""Jacob (biblical character)"", ""a male given name, Yakub, equivalent to English Jacob""], ""parts_of_speech"": [""name""], ""ipa"": [""/jàː.kʼú.bù/"", ""[jàː.kʷʼʊ́.bʊ̀]""], ""examples"": [], ""dialect_assigned_default"": true}"
"Yakubu","name","8","{""source"": ""Wiktionary Hausa"", ""license"": ""CC BY-SA"", ""attribution"": ""Wiktionary via kaikki.org"", ""definitions"": [""alternative form of Yaƙubu""], ""parts_of_speech"": [""name""], ""ipa"": [""/jàː.kú.bù/"", ""[jàː.kʷʊ́.bʊ̀]""], ""examples"": [], ""dialect_assigned_default"": true}"
"Maryamu","name","8","{""source"": ""Wiktionary Hausa"", ""license"": ""CC BY-SA"", ""attribution"": ""Wiktionary via kaikki.org"", ""definitions"": [""Miriam (biblical character)"", ""Mary (mother of Jesus)"", ""a female given name, Maryam, equivalent to English Mary""], ""parts_of_speech"": [""name""], ""ipa"": [""/már.já.mù/"", ""[már.jɛ́.mʊ̀]""], ""examples"": [], ""dialect_assigned_default"": true}"
"Faɗimatu","name","8","{""source"": ""Wiktionary Hausa"", ""license"": ""CC BY-SA"", ""attribution"": ""Wiktionary via kaikki.org"", ""definitions"": [""Fatima (daughter of Muhammad)"", ""a female given name, equivalent to English Fatima""], ""parts_of_speech"": [""name""], ""ipa"": [""/fáː.ɗì.má.tù/"", ""[ɸáː.ɗɪ̀.mə́.tɪ̀]""], ""examples"": [], ""dialect_assigned_default"": true}"
"Rahila","name","8","{""source"": ""Wiktionary Hausa"", ""license"": ""CC BY-SA"", ""attribution"": ""Wiktionary via kaikki.org"", ""definitions"": [""Rachel (biblical character)"", ""a female given name, equivalent to English Rachel""], ""parts_of_speech"": [""name""], ""ipa"": [""/ɽà.híː.láː/"", ""[ɽə̀.híː.láː]""], ""examples"": [], ""dialect_assigned_default"": true}"
"sunduƙi","noun","8","{""source"": ""Wiktionary Hausa"", ""license"": ""CC BY-SA"", ""attribution"": ""Wiktionary via kaikki.org"", ""definitions"": [""alternative form of sàndūƙī̀""], ""parts_of_speech"": [""noun""], ""ipa"": [""/sùn.dúː.kʼìː/"", ""[sɪ̀n.dúː.cʼìː]""], ""examples"": [], ""dialect_assigned_default"": true}"
"sunan yanka","noun","8","{""source"": ""Wiktionary Hausa"", ""license"": ""CC BY-SA"", ""attribution"": ""Wiktionary via kaikki.org"", ""definitions"": [""A Muslim name that a child receives in a ceremony when they are a week old.""], ""parts_of_speech"": [""noun""], ""ipa"": [""/súː.nán ján.káː/"", ""[súː.nɛ́ɲ jɛ́ŋ.káː]""], ""examples"": [], ""dialect_assigned_default"": true}"
"man shanu","noun","8","{""source"": ""Wiktionary Hausa"", ""license"": ""CC BY-SA"", ""attribution"": ""Wiktionary via kaikki.org"", ""definitions"": [""butter""], ""parts_of_speech"": [""noun""], ""ipa"": [""/mâːn ʃáː.núː/"", ""[mâːŋ ʃáː.núː]""], ""examples"": [], ""dialect_assigned_default"": true}"
"mashin","noun","8","{""source"": ""Wiktionary Hausa"", ""license"": ""CC BY-SA"", ""attribution"": ""Wiktionary via kaikki.org"", ""definitions"": [""machine"", ""motorcycle""], ""parts_of_speech"": [""noun""], ""ipa"": [""/mà.ʃîn/"", ""[mə̀.ʃɪ̂ŋ]""], ""examples"": [], ""dialect_assigned_default"": true}"
"kamfas","noun","8","{""source"": ""Wiktionary Hausa"", ""license"": ""CC BY-SA"", ""attribution"": ""Wiktionary via kaikki.org"", ""definitions"": [""compass""], ""parts_of_speech"": [""noun""], ""ipa"": [""/kám.fàs/"", ""[kám.ɸàs]""], ""examples"": [], ""dialect_assigned_default"": true}"
"mariri","noun","8","{""source"": ""Wiktionary Hausa"", ""license"": ""CC BY-SA"", ""attribution"": ""Wiktionary via kaikki.org"", ""definitions"": [""scimitar-horned oryx""], ""parts_of_speech"": [""noun""], ""ipa"": [""/màː.ɽíː.ɽíː/"", ""[màː.ɽíː.ɽíː]""], ""examples"": [], ""dialect_assigned_default"": true}"
"barewa","noun","8","{""source"": ""Wiktionary Hausa"", ""license"": ""CC BY-SA"", ""attribution"": ""Wiktionary via kaikki.org"", ""definitions"": [""dorcas gazelle""], ""parts_of_speech"": [""noun""], ""ipa"": [""/bà.ɽéː.wáː/"", ""[bə̀.ɽéː.wáː]""], ""examples"": [], ""dialect_assigned_default"": true}"
"basukur","noun","8","{""source"": ""Wiktionary Hausa"", ""license"": ""CC BY-SA"", ""attribution"": ""Wiktionary via kaikki.org"", ""definitions"": [""bicycle""], ""parts_of_speech"": [""noun""], ""ipa"": [""/báː.sú.kùr/"", ""[báː.sɪ́.kʷʊ̀r]""], ""examples"": [], ""dialect_assigned_default"": true}"
"fasa'ofis","noun","8","{""source"": ""Wiktionary Hausa"", ""license"": ""CC BY-SA"", ""attribution"": ""Wiktionary via kaikki.org"", ""definitions"": [""post office""], ""parts_of_speech"": [""noun""], ""ipa"": [""/fá.sà.ʔóː.fìs/"", ""[ɸə́.sə̀.ʔóː.ɸɪ̀s]""], ""examples"": [], ""dialect_assigned_default"": true}"
"masinja","noun","8","{""source"": ""Wiktionary Hausa"", ""license"": ""CC BY-SA"", ""attribution"": ""Wiktionary via kaikki.org"", ""definitions"": [""messenger""], ""parts_of_speech"": [""noun""], ""ipa"": [""/máː.sín.(d)ʒà/"", ""[máː.sɪ́n.d͡ʒə̀]""], ""examples"": [], ""dialect_assigned_default"": true}"
"malamai","noun","8","{""source"": ""Wiktionary Hausa"", ""license"": ""CC BY-SA"", ""attribution"": ""Wiktionary via kaikki.org"", ""definitions"": [""plural of malami and malam""], ""parts_of_speech"": [""noun""], ""ipa"": [], ""examples"": [], ""dialect_assigned_default"": true}"
"Kirsimati","name","8","{""source"": ""Wiktionary Hausa"", ""license"": ""CC BY-SA"", ""attribution"": ""Wiktionary via kaikki.org"", ""definitions"": [""Christmas""], ""parts_of_speech"": [""name""], ""ipa"": [""/kír.sì.má.tì/"", ""[cɪ́r.sɪ̀.mə́.tɪ̀]""], ""examples"": [], ""dialect_assigned_default"": true}"
"yatsa","noun","8","{""source"": ""Wiktionary Hausa"", ""license"": ""CC BY-SA"", ""attribution"": ""Wiktionary via kaikki.org"", ""definitions"": [""finger""], ""parts_of_speech"": [""noun""], ""ipa"": [""/jáː.(t)sʼàː/"", ""[jáː.sʼàː]""], ""examples"": [], ""dialect_assigned_default"": true}"
"limamai","noun","8","{""source"": ""Wiktionary Hausa"", ""license"": ""CC BY-SA"", ""attribution"": ""Wiktionary via kaikki.org"", ""definitions"": [""plural of liman""], ""parts_of_speech"": [""noun""], ""ipa"": [], ""examples"": [], ""dialect_assigned_default"": true}"
"maɗaci","noun","8","{""source"": ""Wiktionary Hausa"", ""license"": ""CC BY-SA"", ""attribution"": ""Wiktionary via kaikki.org"", ""definitions"": [""African mahogany, Khaya senegalensis.""], ""parts_of_speech"": [""noun""], ""ipa"": [""/má.ɗàː.t͡ʃíː/"", ""[mə́.ɗàː.t͡ʃíː]""], ""examples"": [], ""dialect_assigned_default"": true}"
"firamare","noun","8","{""source"": ""Wiktionary Hausa"", ""license"": ""CC BY-SA"", ""attribution"": ""Wiktionary via kaikki.org"", ""definitions"": [""primary school""], ""parts_of_speech"": [""noun""], ""ipa"": [""/fí.ráː.mà.rèː/"", ""[ɸɪ́.ráː.mə̀.rèː]""], ""examples"": [], ""dialect_assigned_default"": true}"
"hantuna","noun","8","{""source"": ""Wiktionary Hausa"", ""license"": ""CC BY-SA"", ""attribution"": ""Wiktionary via kaikki.org"", ""definitions"": [""plural of hanci"", ""plural of hanta""], ""parts_of_speech"": [""noun""], ""ipa"": [], ""examples"": [], ""dialect_assigned_default"": true}"
"tsada","noun","8","{""source"": ""Wiktionary Hausa"", ""license"": ""CC BY-SA"", ""attribution"": ""Wiktionary via kaikki.org"", ""definitions"": [""red-billed firefinch, Lagonosticta senegala""], ""parts_of_speech"": [""noun""], ""ipa"": [""/(t)sʼáː.dá/"", ""[sʼáː.də́]""], ""examples"": [], ""dialect_assigned_default"": true}"
"kauci","noun","8","{""source"": ""Wiktionary Hausa"", ""license"": ""CC BY-SA"", ""attribution"": ""Wiktionary via kaikki.org"", ""definitions"": [""mistletoe (generic term for various parasitic plants of similar habits)""], ""parts_of_speech"": [""noun""], ""ipa"": [""/káu.t͡ʃìː/"", ""[káu.t͡ʃìː]""], ""examples"": [], ""dialect_assigned_default"": true}"
"-iyya","suffix","8","{""source"": ""Wiktionary Hausa"", ""license"": ""CC BY-SA"", ""attribution"": ""Wiktionary via kaikki.org"", ""definitions"": [""Used as a nisba suffix to form abstract nouns, often for systems or periods of time.""], ""parts_of_speech"": [""suffix""], ""ipa"": [""/-íj.jàː/"", ""[-ɪ́j.jàː]""], ""examples"": [], ""dialect_assigned_default"": true}"
"arabiyya","noun","8","{""source"": ""Wiktionary Hausa"", ""license"": ""CC BY-SA"", ""attribution"": ""Wiktionary via kaikki.org"", ""definitions"": [""Arabic language""], ""parts_of_speech"": [""noun""], ""ipa"": [""/ʔà.rà.bíj.jàː/"", ""[ʔà.rə̀.bɪ́j.jàː]""], ""examples"": [], ""dialect_assigned_default"": true}"
"jami'a","noun","8","{""source"": ""Wiktionary Hausa"", ""license"": ""CC BY-SA"", ""attribution"": ""Wiktionary via kaikki.org"", ""definitions"": [""university"", ""female equivalent of jami'i""], ""parts_of_speech"": [""noun""], ""ipa"": [""/(d)ʒáː.mí.ʔàː/"", ""[d͡ʒáː.mɪ́.ʔàː]"", ""/(d)ʒáː.mì.ʔáː/"", ""[d͡ʒáː.mɪ̀.ʔáː]""], ""examples"": [], ""dialect_assigned_default"": true}"
"jami'i","noun","8","{""source"": ""Wiktionary Hausa"", ""license"": ""CC BY-SA"", ""attribution"": ""Wiktionary via kaikki.org"", ""definitions"": [""leader, head of a project or program""], ""parts_of_speech"": [""noun""], ""ipa"": [""/(d)ʒáː.mì.ʔíː/"", ""[d͡ʒáː.mɪ̀.ʔíː]""], ""examples"": [], ""dialect_assigned_default"": true}"
"jam'iyya","noun","8","{""source"": ""Wiktionary Hausa"", ""license"": ""CC BY-SA"", ""attribution"": ""Wiktionary via kaikki.org"", ""definitions"": [""club, society"", ""political party""], ""parts_of_speech"": [""noun""], ""ipa"": [""/(d)ʒàm.ʔíj.jàː/"", ""[d͡ʒàm.ʔɪ́j.jàː]""], ""examples"": [], ""dialect_assigned_default"": true}"
"diflomasiyya","noun","8","{""source"": ""Wiktionary Hausa"", ""license"": ""CC BY-SA"", ""attribution"": ""Wiktionary via kaikki.org"", ""definitions"": [""diplomacy""], ""parts_of_speech"": [""noun""], ""ipa"": [""/dìf.lòː.mà.síj.jàː/"", ""[dɪ̀ɸ.lòː.mə̀.sɪ́j.jàː]""], ""examples"": [], ""dialect_assigned_default"": true}"
"kaɗanya","noun","8","{""source"": ""Wiktionary Hausa"", ""license"": ""CC BY-SA"", ""attribution"": ""Wiktionary via kaikki.org"", ""definitions"": [""shea tree (Vitellaria paradoxa)"", ""shea (fruit)""], ""parts_of_speech"": [""noun""], ""ipa"": [""/ká.ɗán.jàː/"", ""[kə́.ɗɛ́ɲ.jàː]""], ""examples"": [], ""dialect_assigned_default"": true}"
"kafin","conj","8","{""source"": ""Wiktionary Hausa"", ""license"": ""CC BY-SA"", ""attribution"": ""Wiktionary via kaikki.org"", ""definitions"": [""before""], ""parts_of_speech"": [""conj""], ""ipa"": [""/kàː.fìn/"", ""[kàː.ɸɪ̀ŋ]""], ""examples"": [], ""dialect_assigned_default"": true}"
"en'e","noun","8","{""source"": ""Wiktionary Hausa"", ""license"": ""CC BY-SA"", ""attribution"": ""Wiktionary via kaikki.org"", ""definitions"": [""A Native Authority; a local government system run by native peoples but ultimately answerable to the British colonial government.""], ""parts_of_speech"": [""noun""], ""ipa"": [""/ʔén.ʔèː/"", ""[ʔɛ́ŋ.ʔèː]""], ""examples"": [], ""dialect_assigned_default"": true}"
"boyi","noun","8","{""source"": ""Wiktionary Hausa"", ""license"": ""CC BY-SA"", ""attribution"": ""Wiktionary via kaikki.org"", ""definitions"": [""houseboy, male domestic servant""], ""parts_of_speech"": [""noun""], ""ipa"": [""/bòː.jí/"", ""[bòː.jɪ́]""], ""examples"": [], ""dialect_assigned_default"": true}"
"garkuwa","noun","8","{""source"": ""Wiktionary Hausa"", ""license"": ""CC BY-SA"", ""attribution"": ""Wiktionary via kaikki.org"", ""definitions"": [""shield""], ""parts_of_speech"": [""noun""], ""ipa"": [""/ɡàɽ.kú.wáː/"", ""[ɡàɽ.kʷʊ́.wáː]""], ""examples"": [], ""dialect_assigned_default"": true}"
"fahami","noun","8","{""source"": ""Wiktionary Hausa"", ""license"": ""CC BY-SA"", ""attribution"": ""Wiktionary via kaikki.org"", ""definitions"": [""intelligence"", ""a charm believed to give the wearer intelligence""], ""parts_of_speech"": [""noun""], ""ipa"": [""/fá.hà.míː/"", ""[ɸə́.hà.míː]""], ""examples"": [], ""dialect_assigned_default"": true}"
"-anci","suffix","8","{""source"": ""Wiktionary Hausa"", ""license"": ""CC BY-SA"", ""attribution"": ""Wiktionary via kaikki.org"", ""definitions"": [""Used to form the names of languages or attributes.""], ""parts_of_speech"": [""suffix""], ""ipa"": [""/-án.t͡ʃíː/"", ""[-án.t͡ʃíː]""], ""examples"": [], ""dialect_assigned_default"": true}"
"Barbarci","noun","8","{""source"": ""Wiktionary Hausa"", ""license"": ""CC BY-SA"", ""attribution"": ""Wiktionary via kaikki.org"", ""definitions"": [""Kanuri language""], ""parts_of_speech"": [""noun""], ""ipa"": [""/báɽ.báɽ.t͡ʃíː/"", ""[báɽ.báɽ.t͡ʃíː]""], ""examples"": [], ""dialect_assigned_default"": true}"
"Jamusanci","noun","8","{""source"": ""Wiktionary Hausa"", ""license"": ""CC BY-SA"", ""attribution"": ""Wiktionary via kaikki.org"", ""definitions"": [""German language""], ""parts_of_speech"": [""noun""], ""ipa"": [""/(d)ʒáː.mú.sán.t͡ʃíː/"", ""[d͡ʒáː.mʊ́.sán.t͡ʃíː]""], ""examples"": [], ""dialect_assigned_default"": true}"
"Ingilishi","noun","8","{""source"": ""Wiktionary Hausa"", ""license"": ""CC BY-SA"", ""attribution"": ""Wiktionary via kaikki.org"", ""definitions"": [""English language""], ""parts_of_speech"": [""noun""], ""ipa"": [""/ʔín.ɡì.líː.ʃìː/"", ""[ʔɪ́ɲ.ɟɪ̀.líː.ʃìː]""], ""examples"": [], ""dialect_assigned_default"": true}"
"Faransanci","noun","8","{""source"": ""Wiktionary Hausa"", ""license"": ""CC BY-SA"", ""attribution"": ""Wiktionary via kaikki.org"", ""definitions"": [""French language""], ""parts_of_speech"": [""noun""], ""ipa"": [""/fá.rán.sán.t͡ʃíː/"", ""[ɸə́.rán.sán.t͡ʃíː]""], ""examples"": [], ""dialect_assigned_default"": true}"
"buroka","noun","8","{""source"": ""Wiktionary Hausa"", ""license"": ""CC BY-SA"", ""attribution"": ""Wiktionary via kaikki.org"", ""definitions"": [""Nigerian Pidgin""], ""parts_of_speech"": [""noun""], ""ipa"": [""/bù.róː.kàː/"", ""[bʊ̀.róː.kàː]""], ""examples"": [], ""dialect_assigned_default"": true}"
"Afirka ta Kudu","name","8","{""source"": ""Wiktionary Hausa"", ""license"": ""CC BY-SA"", ""attribution"": ""Wiktionary via kaikki.org"", ""definitions"": [""South Africa (a country in Southern Africa)""], ""parts_of_speech"": [""name""], ""ipa"": [""/ʔá.fìr.kà tá kú.dù/"", ""[ʔá.ɸɪ̀r.kə̀ tə́ kʷʊ́.dɪ̀]""], ""examples"": [], ""dialect_assigned_default"": true}"
"Yunananci","noun","8","{""source"": ""Wiktionary Hausa"", ""license"": ""CC BY-SA"", ""attribution"": ""Wiktionary via kaikki.org"", ""definitions"": [""Greek language""], ""parts_of_speech"": [""noun""], ""ipa"": [""/júː.náː.nán.t͡ʃíː/"", ""[júː.náː.nán.t͡ʃíː]""], ""examples"": [], ""dialect_assigned_default"": true}"
"bishiya","noun","8","{""source"": ""Wiktionary Hausa"", ""license"": ""CC BY-SA"", ""attribution"": ""Wiktionary via kaikki.org"", ""definitions"": [""tree""], ""parts_of_speech"": [""noun""], ""ipa"": [""/bí.ʃí.jàː/"", ""[bɪ́.ʃɪ́.jàː]""], ""examples"": [""bishiyar ayaba"", ""bishiyoyin lemo""], ""dialect_assigned_default"": true}"
"bahili","noun","8","{""source"": ""Wiktionary Hausa"", ""license"": ""CC BY-SA"", ""attribution"": ""Wiktionary via kaikki.org"", ""definitions"": [""a miser; stingy person""], ""parts_of_speech"": [""noun""], ""ipa"": [""/bà.híː.lìː/"", ""[bə̀.híː.lìː]""], ""examples"": [], ""dialect_assigned_default"": true}"
"Kwango","name","8","{""source"": ""Wiktionary Hausa"", ""license"": ""CC BY-SA"", ""attribution"": ""Wiktionary via kaikki.org"", ""definitions"": [""Congo (a major river in Central Africa which flows for about 4,380 km (2,720 miles) to the Atlantic Ocean in the Democratic Republic of the Congo, at times forming the border with the Republic of the Congo and Angola)"", ""Democratic Republic of the Congo (a country in Central Africa, larger and to the east of the Republic of the Congo)"", ""Republic of the Congo (a country in Central Africa, smaller and to the west of the Democratic Republic of the Congo)""], ""parts_of_speech"": [""name""], ""ipa"": [""/kʷán.ɡò/"", ""[kʷáŋ.ɡʷò]""], ""examples"": [], ""dialect_assigned_default"": true}"
"yamma","noun","8","{""source"": ""Wiktionary Hausa"", ""license"": ""CC BY-SA"", ""attribution"": ""Wiktionary via kaikki.org"", ""definitions"": [""west"", ""afternoon""], ""parts_of_speech"": [""noun""], ""ipa"": [""/jâm.má/"", ""[jɛ̂m.mə́]"", ""/jâm.máː/"", ""[jɛ̂m.máː]"", ""/jâm.má/"", ""[jɛ̂m.mə́]"", ""/jâm.máː/"", ""[jɛ̂m.máː]""], ""examples"": [], ""dialect_assigned_default"": true}"
"cokali","noun","8","{""source"": ""Wiktionary Hausa"", ""license"": ""CC BY-SA"", ""attribution"": ""Wiktionary via kaikki.org"", ""definitions"": [""spoon""], ""parts_of_speech"": [""noun""], ""ipa"": [""/t͡ʃóː.kà.líː/"", ""[t͡ʃóː.kə̀.líː]""], ""examples"": [], ""dialect_assigned_default"": true}"
"addu'a","noun","8","{""source"": ""Wiktionary Hausa"", ""license"": ""CC BY-SA"", ""attribution"": ""Wiktionary via kaikki.org"", ""definitions"": [""a prayer"", ""a prayer"", ""a prayer that is not one of the five daily prayers""], ""parts_of_speech"": [""noun""], ""ipa"": [""/ʔàd.dú.ʔàː/"", ""[ʔàd.dɪ́.ʔàː]""], ""examples"": [], ""dialect_assigned_default"": true}"
"wallahi","intj","8","{""source"": ""Wiktionary Hausa"", ""license"": ""CC BY-SA"", ""attribution"": ""Wiktionary via kaikki.org"", ""definitions"": [""by God!""], ""parts_of_speech"": [""intj""], ""ipa"": [""/wàl.láː.hì/"", ""[wàl.láː.hɪ̀]""], ""examples"": [], ""dialect_assigned_default"": true}"
"Abubakar","name","8","{""source"": ""Wiktionary Hausa"", ""license"": ""CC BY-SA"", ""attribution"": ""Wiktionary via kaikki.org"", ""definitions"": [""a male given name""], ""parts_of_speech"": [""name""], ""ipa"": [""/ʔà.búː.bá.kàr/"", ""[ʔà.búː.bə́.kàr]""], ""examples"": [], ""dialect_assigned_default"": true}"
"Maru","name","8","{""source"": ""Wiktionary Hausa"", ""license"": ""CC BY-SA"", ""attribution"": ""Wiktionary via kaikki.org"", ""definitions"": [""Maru (a town in Nigeria)""], ""parts_of_speech"": [""name""], ""ipa"": [""/máː.ɽù/"", ""[máː.ɽɪ̀]""], ""examples"": [], ""dialect_assigned_default"": true}"
"wanzam","noun","8","{""source"": ""Wiktionary Hausa"", ""license"": ""CC BY-SA"", ""attribution"": ""Wiktionary via kaikki.org"", ""definitions"": [""alternative form of wànzāmī̀ (“barber”)""], ""parts_of_speech"": [""noun""], ""ipa"": [""/wàn.zâm/"", ""[wàn.zâŋ]""], ""examples"": [], ""dialect_assigned_default"": true}"
"launi","noun","8","{""source"": ""Wiktionary Hausa"", ""license"": ""CC BY-SA"", ""attribution"": ""Wiktionary via kaikki.org"", ""definitions"": [""color""], ""parts_of_speech"": [""noun""], ""ipa"": [""/láu.nìː/"", ""[láu.nìː]""], ""examples"": [], ""dialect_assigned_default"": true}"
"lauya","noun","8","{""source"": ""Wiktionary Hausa"", ""license"": ""CC BY-SA"", ""attribution"": ""Wiktionary via kaikki.org"", ""definitions"": [""lawyer""], ""parts_of_speech"": [""noun""], ""ipa"": [""/láu.jàː/"", ""[láu.jàː]""], ""examples"": [], ""dialect_assigned_default"": true}"
"hikaya","noun","8","{""source"": ""Wiktionary Hausa"", ""license"": ""CC BY-SA"", ""attribution"": ""Wiktionary via kaikki.org"", ""definitions"": [""story, tale (especially one with a moral)""], ""parts_of_speech"": [""noun""], ""ipa"": [""/hì.káː.jàː/"", ""[hɪ̀.káː.jàː]""], ""examples"": [], ""dialect_assigned_default"": true}"
"jandarma","noun","8","{""source"": ""Wiktionary Hausa"", ""license"": ""CC BY-SA"", ""attribution"": ""Wiktionary via kaikki.org"", ""definitions"": [""policeman""], ""parts_of_speech"": [""noun""], ""ipa"": [""/(d)ʒán.dár.mà/""], ""examples"": [], ""dialect_assigned_default"": true}"
"tsatsa","noun","8","{""source"": ""Wiktionary Hausa"", ""license"": ""CC BY-SA"", ""attribution"": ""Wiktionary via kaikki.org"", ""definitions"": [""rust""], ""parts_of_speech"": [""noun""], ""ipa"": [""/(t)sʼáː.(t)sʼàː/"", ""[sʼáː.sʼàː]""], ""examples"": [], ""dialect_assigned_default"": true}"
"Tunau","name","8","{""source"": ""Wiktionary Hausa"", ""license"": ""CC BY-SA"", ""attribution"": ""Wiktionary via kaikki.org"", ""definitions"": [""a male given name""], ""parts_of_speech"": [""name""], ""ipa"": [""/tù.náu/"", ""[tɪ̀.náu]""], ""examples"": [], ""dialect_assigned_default"": true}"
"almajiri","noun","8","{""source"": ""Wiktionary Hausa"", ""license"": ""CC BY-SA"", ""attribution"": ""Wiktionary via kaikki.org"", ""definitions"": [""student (especially an itinerant student at an Islamic school)"", ""beggar""], ""parts_of_speech"": [""noun""], ""ipa"": [""/ʔàl.máː.(d)ʒì.ríː/"", ""[ʔàl.máː.d͡ʒɪ̀.ríː]""], ""examples"": [], ""dialect_assigned_default"": true}"
"wasai","noun","8","{""source"": ""Wiktionary Hausa"", ""license"": ""CC BY-SA"", ""attribution"": ""Wiktionary via kaikki.org"", ""definitions"": [""very bright""], ""parts_of_speech"": [""noun""], ""ipa"": [""/wá.sái/"", ""[wə́.séi]""], ""examples"": [], ""dialect_assigned_default"": true}"
"hakkan","adv","8","{""source"": ""Wiktionary Hausa"", ""license"": ""CC BY-SA"", ""attribution"": ""Wiktionary via kaikki.org"", ""definitions"": [""truly, surely""], ""parts_of_speech"": [""adv""], ""ipa"": [""/hák.kàn/"", ""[hák.kàŋ]""], ""examples"": [], ""dialect_assigned_default"": true}"
"salka","noun","8","{""source"": ""Wiktionary Hausa"", ""license"": ""CC BY-SA"", ""attribution"": ""Wiktionary via kaikki.org"", ""definitions"": [""a goatskin water bottle""], ""parts_of_speech"": [""noun""], ""ipa"": [""/sàl.káː/"", ""[sàl.káː]""], ""examples"": [], ""dialect_assigned_default"": true}"
"dalili","noun","8","{""source"": ""Wiktionary Hausa"", ""license"": ""CC BY-SA"", ""attribution"": ""Wiktionary via kaikki.org"", ""definitions"": [""cause, reason""], ""parts_of_speech"": [""noun""], ""ipa"": [""/dà.líː.lìː/"", ""[də̀.líː.lìː]""], ""examples"": [], ""dialect_assigned_default"": true}"
"tsit","noun","8","{""source"": ""Wiktionary Hausa"", ""license"": ""CC BY-SA"", ""attribution"": ""Wiktionary via kaikki.org"", ""definitions"": [""hushed, in silence""], ""parts_of_speech"": [""noun""], ""ipa"": [""/(t)sʼít/"", ""[sʼɪ́t]""], ""examples"": [], ""dialect_assigned_default"": true}"
"jiha","noun","8","{""source"": ""Wiktionary Hausa"", ""license"": ""CC BY-SA"", ""attribution"": ""Wiktionary via kaikki.org"", ""definitions"": [""region, state"", ""direction""], ""parts_of_speech"": [""noun""], ""ipa"": [""/(d)ʒí.hàː/"", ""[d͡ʒɪ́.hàː]""], ""examples"": [], ""dialect_assigned_default"": true}"
"Bosniya","name","8","{""source"": ""Wiktionary Hausa"", ""license"": ""CC BY-SA"", ""attribution"": ""Wiktionary via kaikki.org"", ""definitions"": [""Bosnia (a geographic region of Bosnia and Herzegovina, consisting of the northern three fourths of the country)"", ""Bosnia (a country in southeast Europe; in full, Bosnia and Herzegovina)""], ""parts_of_speech"": [""name""], ""ipa"": [""/bós.ní.jà/"", ""[bɔ́s.nɪ́.jɛ̀]""], ""examples"": [], ""dialect_assigned_default"": true}"
"rairayi","noun","8","{""source"": ""Wiktionary Hausa"", ""license"": ""CC BY-SA"", ""attribution"": ""Wiktionary via kaikki.org"", ""definitions"": [""fine sand or silt""], ""parts_of_speech"": [""noun""], ""ipa"": [""/ɽài.ɽà.jíː/"", ""[ɽèi.ɽɛ̀.jíː]""], ""examples"": [], ""dialect_assigned_default"": true}"
"jarrabawa","noun","8","{""source"": ""Wiktionary Hausa"", ""license"": ""CC BY-SA"", ""attribution"": ""Wiktionary via kaikki.org"", ""definitions"": [""test, exam""], ""parts_of_speech"": [""noun""], ""ipa"": [""/(d)ʒár.rà.bâː.wáː/"", ""[d͡ʒár.rə̀.bâː.wáː]""], ""examples"": [], ""dialect_assigned_default"": true}"
"fahari","noun","8","{""source"": ""Wiktionary Hausa"", ""license"": ""CC BY-SA"", ""attribution"": ""Wiktionary via kaikki.org"", ""definitions"": [""alternative form of àlfahàr̃ī""], ""parts_of_speech"": [""noun""], ""ipa"": [""/fá.hà.ríː/"", ""[ɸə́.hà.ríː]""], ""examples"": [], ""dialect_assigned_default"": true}"
"shaiɗan","noun","8","{""source"": ""Wiktionary Hausa"", ""license"": ""CC BY-SA"", ""attribution"": ""Wiktionary via kaikki.org"", ""definitions"": [""devil; Satan"", ""angry or ill-tempered person""], ""parts_of_speech"": [""noun""], ""ipa"": [""/ʃài.ɗân/"", ""[ʃèi.ɗâŋ]""], ""examples"": [], ""dialect_assigned_default"": true}"
"hakimi","noun","8","{""source"": ""Wiktionary Hausa"", ""license"": ""CC BY-SA"", ""attribution"": ""Wiktionary via kaikki.org"", ""definitions"": [""any leader of a district or holder of a traditional title""], ""parts_of_speech"": [""noun""], ""ipa"": [""/háː.kì.míː/"", ""[háː.cɪ̀.míː]""], ""examples"": [], ""dialect_assigned_default"": true}"
"igwa","noun","8","{""source"": ""Wiktionary Hausa"", ""license"": ""CC BY-SA"", ""attribution"": ""Wiktionary via kaikki.org"", ""definitions"": [""canon, artillery""], ""parts_of_speech"": [""noun""], ""ipa"": [""/ʔì.ɡʷáː/"", ""[ʔɪ̀.ɡʷáː]""], ""examples"": [], ""dialect_assigned_default"": true}"
"tsaka","noun","8","{""source"": ""Wiktionary Hausa"", ""license"": ""CC BY-SA"", ""attribution"": ""Wiktionary via kaikki.org"", ""definitions"": [""a kind of gecko"", ""someone who is unpopular"", ""in the middle, in the midst""], ""parts_of_speech"": [""noun"", ""adv""], ""ipa"": [""/(t)sʼá.káː/"", ""[sʼə́.káː]"", ""/(t)sʼá.kà/"", ""[sʼə́.kə̀]""], ""examples"": [], ""dialect_assigned_default"": true}"
"yarima","noun","8","{""source"": ""Wiktionary Hausa"", ""license"": ""CC BY-SA"", ""attribution"": ""Wiktionary via kaikki.org"", ""definitions"": [""prince (son or younger brother of an emir)""], ""parts_of_speech"": [""noun""], ""ipa"": [""/jà.ríː.mà/"", ""[jɛ̀.ríː.mə̀]""], ""examples"": [], ""dialect_assigned_default"": true}"
"ungozoma","noun","8","{""source"": ""Wiktionary Hausa"", ""license"": ""CC BY-SA"", ""attribution"": ""Wiktionary via kaikki.org"", ""definitions"": [""midwife""], ""parts_of_speech"": [""noun""], ""ipa"": [""/ʔùn.ɡóː.zòː.mà/"", ""[ʔʊ̀ŋ.ɡʷóː.zòː.mə̀]""], ""examples"": [], ""dialect_assigned_default"": true}"
"shafa","verb","8","{""source"": ""Wiktionary Hausa"", ""license"": ""CC BY-SA"", ""attribution"": ""Wiktionary via kaikki.org"", ""definitions"": [""to rub, wipe, smear on"", ""to stroke, wipe"", ""to affect, concern""], ""parts_of_speech"": [""verb""], ""ipa"": [""/ʃáː.fàː/"", ""[ʃáː.ɸàː]"", ""/ʃàː.fáː/"", ""[ʃàː.ɸáː]"", ""/ʃáː.fàː/"", ""[ʃáː.ɸàː]"", ""/ʃàː.fáː/"", ""[ʃàː.ɸáː]""], ""examples"": [], ""dialect_assigned_default"": true}"
"ƙififiya","noun","8","{""source"": ""Wiktionary Hausa"", ""license"": ""CC BY-SA"", ""attribution"": ""Wiktionary via kaikki.org"", ""definitions"": [""turtle""], ""parts_of_speech"": [""noun""], ""ipa"": [""/kʼí.fí.fí.já/"", ""[cʼɪ́.ɸɪ́.ɸɪ́.jɛ́]""], ""examples"": [], ""dialect_assigned_default"": true}"
"gefin","prep","8","{""source"": ""Wiktionary Hausa"", ""license"": ""CC BY-SA"", ""attribution"": ""Wiktionary via kaikki.org"", ""definitions"": [""just prior to""], ""parts_of_speech"": [""prep""], ""ipa"": [""/ɡèː.fìn/"", ""[ɟèː.ɸɪ̀ŋ]""], ""examples"": [], ""dialect_assigned_default"": true}"
"shiga","noun","8","{""source"": ""Wiktionary Hausa"", ""license"": ""CC BY-SA"", ""attribution"": ""Wiktionary via kaikki.org"", ""definitions"": [""entry"", ""outfit, appearance""], ""parts_of_speech"": [""noun""], ""ipa"": [""/ʃì.ɡáː/"", ""[ʃɪ̀.ɡáː]""], ""examples"": [], ""dialect_assigned_default"": true}"
"Borno","name","8","{""source"": ""Wiktionary Hausa"", ""license"": ""CC BY-SA"", ""attribution"": ""Wiktionary via kaikki.org"", ""definitions"": [""Borno (a state of Nigeria in the North East geopolitical zone)""], ""parts_of_speech"": [""name""], ""ipa"": [], ""examples"": [], ""dialect_assigned_default"": true}"
"aljani","noun","8","{""source"": ""Wiktionary Hausa"", ""license"": ""CC BY-SA"", ""attribution"": ""Wiktionary via kaikki.org"", ""definitions"": [""alternative form of àljan""], ""parts_of_speech"": [""noun""], ""ipa"": [""/ʔàl.(d)ʒá.níː/"", ""[ʔàl.d͡ʒə́.níː]""], ""examples"": [], ""dialect_assigned_default"": true}"
"asiri","noun","8","{""source"": ""Wiktionary Hausa"", ""license"": ""CC BY-SA"", ""attribution"": ""Wiktionary via kaikki.org"", ""definitions"": [""secret"", ""charm, magic spell""], ""parts_of_speech"": [""noun""], ""ipa"": [""/ʔà.síː.ríː/"", ""[ʔà.síː.ríː]""], ""examples"": [], ""dialect_assigned_default"": true}"
"lafazi","noun","8","{""source"": ""Wiktionary Hausa"", ""license"": ""CC BY-SA"", ""attribution"": ""Wiktionary via kaikki.org"", ""definitions"": [""speech, pronunciation""], ""parts_of_speech"": [""noun""], ""ipa"": [""/lá.fà.zíː/"", ""[lə́.ɸə̀.zíː]""], ""examples"": [], ""dialect_assigned_default"": true}"
"mala'ika","noun","8","{""source"": ""Wiktionary Hausa"", ""license"": ""CC BY-SA"", ""attribution"": ""Wiktionary via kaikki.org"", ""definitions"": [""angel""], ""parts_of_speech"": [""noun""], ""ipa"": [""/mà.láː.ʔí.kàː/"", ""[mə̀.láː.ʔɪ́.kàː]""], ""examples"": [], ""dialect_assigned_default"": true}"
"masallaci","noun","8","{""source"": ""Wiktionary Hausa"", ""license"": ""CC BY-SA"", ""attribution"": ""Wiktionary via kaikki.org"", ""definitions"": [""mosque (place of worship for Muslims)""], ""parts_of_speech"": [""noun""], ""ipa"": [""/má.sál.láː.t͡ʃíː/"", ""[mə́.sál.láː.t͡ʃíː]""], ""examples"": [], ""dialect_assigned_default"": true}"
"musulmi","noun","8","{""source"": ""Wiktionary Hausa"", ""license"": ""CC BY-SA"", ""attribution"": ""Wiktionary via kaikki.org"", ""definitions"": [""Muslim""], ""parts_of_speech"": [""noun""], ""ipa"": [""/mù.sùl.míː/"", ""[mʊ̀.sɪ̀l.míː]""], ""examples"": [], ""dialect_assigned_default"": true}"
"akwati","noun","8","{""source"": ""Wiktionary Hausa"", ""license"": ""CC BY-SA"", ""attribution"": ""Wiktionary via kaikki.org"", ""definitions"": [""box, crate""], ""parts_of_speech"": [""noun""], ""ipa"": [""/ʔà.kʷàː.tì/"", ""[ʔà.kʷàː.tɪ̀]""], ""examples"": [], ""dialect_assigned_default"": true}"
"alwala","noun","8","{""source"": ""Wiktionary Hausa"", ""license"": ""CC BY-SA"", ""attribution"": ""Wiktionary via kaikki.org"", ""definitions"": [""ablution; wudu""], ""parts_of_speech"": [""noun""], ""ipa"": [""/ʔàl.wà.láː/"", ""[ʔàl.wə̀.láː]""], ""examples"": [], ""dialect_assigned_default"": true}"
"alkawari","noun","8","{""source"": ""Wiktionary Hausa"", ""license"": ""CC BY-SA"", ""attribution"": ""Wiktionary via kaikki.org"", ""definitions"": [""promise"", ""reliability""], ""parts_of_speech"": [""noun""], ""ipa"": [""/ʔàl.ká.wà.ríː/"", ""[ʔàl.kə́.wə̀.ríː]""], ""examples"": [], ""dialect_assigned_default"": true}"
"wokaci","noun","8","{""source"": ""Wiktionary Hausa"", ""license"": ""CC BY-SA"", ""attribution"": ""Wiktionary via kaikki.org"", ""definitions"": [""synonym of lōkàcī""], ""parts_of_speech"": [""noun""], ""ipa"": [""/wóː.kà.t͡ʃíː/"", ""[wóː.kə̀.t͡ʃíː]""], ""examples"": [], ""dialect_assigned_default"": true}"
"sanduƙi","noun","8","{""source"": ""Wiktionary Hausa"", ""license"": ""CC BY-SA"", ""attribution"": ""Wiktionary via kaikki.org"", ""definitions"": [""large box, especially one made of metal""], ""parts_of_speech"": [""noun""], ""ipa"": [""/sàn.dúː.kʼìː/"", ""[sàn.dúː.cʼìː]""], ""examples"": [], ""dialect_assigned_default"": true}"
"asibiti","noun","8","{""source"": ""Wiktionary Hausa"", ""license"": ""CC BY-SA"", ""attribution"": ""Wiktionary via kaikki.org"", ""definitions"": [""hospital"", ""clinic""], ""parts_of_speech"": [""noun""], ""ipa"": [""/ʔá.sì.bí.tì/"", ""[ʔá.sɪ̀.bɪ́.tɪ̀]""], ""examples"": [], ""dialect_assigned_default"": true}"
"Filani","noun","8","{""source"": ""Wiktionary Hausa"", ""license"": ""CC BY-SA"", ""attribution"": ""Wiktionary via kaikki.org"", ""definitions"": [""plural of Bàfillācḕ and Bàfilātànī""], ""parts_of_speech"": [""noun""], ""ipa"": [], ""examples"": [], ""dialect_assigned_default"": true}"
"Bafillace","noun","8","{""source"": ""Wiktionary Hausa"", ""license"": ""CC BY-SA"", ""attribution"": ""Wiktionary via kaikki.org"", ""definitions"": [""Fula (person)""], ""parts_of_speech"": [""noun""], ""ipa"": [""/bà.fíl.láː.t͡ʃèː/"", ""[bə̀.ɸɪ́l.láː.t͡ʃèː]""], ""examples"": [], ""dialect_assigned_default"": true}"
"Bafilatani","noun","8","{""source"": ""Wiktionary Hausa"", ""license"": ""CC BY-SA"", ""attribution"": ""Wiktionary via kaikki.org"", ""definitions"": [""Fula (person)""], ""parts_of_speech"": [""noun""], ""ipa"": [""/bà.fí.láː.tà.níː/"", ""[bə̀.ɸɪ́.láː.tə̀.níː]""], ""examples"": [], ""dialect_assigned_default"": true}"
"Bararo","noun","8","{""source"": ""Wiktionary Hausa"", ""license"": ""CC BY-SA"", ""attribution"": ""Wiktionary via kaikki.org"", ""definitions"": [""pastoral Fula (person)""], ""parts_of_speech"": [""noun""], ""ipa"": [""/bà.rà.róː/"", ""[bə̀.rə̀.róː]""], ""examples"": [], ""dialect_assigned_default"": true}"
"Bahar Maliya","name","8","{""source"": ""Wiktionary Hausa"", ""license"": ""CC BY-SA"", ""attribution"": ""Wiktionary via kaikki.org"", ""definitions"": [""Red Sea""], ""parts_of_speech"": [""name""], ""ipa"": [""/bà.hàr máː.lí.jà/"", ""[bə̀.hàr máː.lɪ́.jɛ̀]""], ""examples"": [], ""dialect_assigned_default"": true}"
"agwagwa","noun","8","{""source"": ""Wiktionary Hausa"", ""license"": ""CC BY-SA"", ""attribution"": ""Wiktionary via kaikki.org"", ""definitions"": [""duck""], ""parts_of_speech"": [""noun""], ""ipa"": [""/ʔà.ɡʷàː.ɡʷáː/"", ""[ʔà.ɡʷàː.ɡʷáː]""], ""examples"": [], ""dialect_assigned_default"": true}"
"tantabara","noun","8","{""source"": ""Wiktionary Hausa"", ""license"": ""CC BY-SA"", ""attribution"": ""Wiktionary via kaikki.org"", ""definitions"": [""pigeon, turtle dove""], ""parts_of_speech"": [""noun""], ""ipa"": [""/tàn.tá.bà.ráː/"", ""[tàn.tə́.bə̀.ráː]""], ""examples"": [], ""dialect_assigned_default"": true}"
"tattabara","noun","8","{""source"": ""Wiktionary Hausa"", ""license"": ""CC BY-SA"", ""attribution"": ""Wiktionary via kaikki.org"", ""definitions"": [""alternative form of tàntabàr̃ā""], ""parts_of_speech"": [""noun""], ""ipa"": [""/tàt.tá.bà.ráː/"", ""[tàt.tə́.bə̀.ráː]""], ""examples"": [], ""dialect_assigned_default"": true}"
"kullum","adv","8","{""source"": ""Wiktionary Hausa"", ""license"": ""CC BY-SA"", ""attribution"": ""Wiktionary via kaikki.org"", ""definitions"": [""always"", ""every (followed by a unit of time)""], ""parts_of_speech"": [""adv""], ""ipa"": [""/kúl.lúm/"", ""[kʷʊ́l.lɪ́ŋ]""], ""examples"": [], ""dialect_assigned_default"": true}"
"fensir","noun","8","{""source"": ""Wiktionary Hausa"", ""license"": ""CC BY-SA"", ""attribution"": ""Wiktionary via kaikki.org"", ""definitions"": [""pencil""], ""parts_of_speech"": [""noun""], ""ipa"": [""/fén.sìr/"", ""[ɸɛ́n.sɪ̀r]""], ""examples"": [], ""dialect_assigned_default"": true}"
"Watari","name","8","{""source"": ""Wiktionary Hausa"", ""license"": ""CC BY-SA"", ""attribution"": ""Wiktionary via kaikki.org"", ""definitions"": [""a river in Nigeria""], ""parts_of_speech"": [""name""], ""ipa"": [""/wà.tà.ɽí/"", ""[wə̀.tə̀.ɽɪ́]""], ""examples"": [], ""dialect_assigned_default"": true}"
"ruhu","noun","8","{""source"": ""Wiktionary Hausa"", ""license"": ""CC BY-SA"", ""attribution"": ""Wiktionary via kaikki.org"", ""definitions"": [""spirit, soul""], ""parts_of_speech"": [""noun""], ""ipa"": [""/rúː.hù/"", ""[rúː.hʊ̀]""], ""examples"": [], ""dialect_assigned_default"": true}"
"ƙashi","noun","8","{""source"": ""Wiktionary Hausa"", ""license"": ""CC BY-SA"", ""attribution"": ""Wiktionary via kaikki.org"", ""definitions"": [""bone"", ""plot (of a story)""], ""parts_of_speech"": [""noun""], ""ipa"": [""/kʼà.ʃíː/"", ""[kʼə̀.ʃíː]""], ""examples"": [], ""dialect_assigned_default"": true}"
"kabewa","noun","8","{""source"": ""Wiktionary Hausa"", ""license"": ""CC BY-SA"", ""attribution"": ""Wiktionary via kaikki.org"", ""definitions"": [""pumpkin""], ""parts_of_speech"": [""noun""], ""ipa"": [""/kà.béː.wàː/"", ""[kə̀.béː.wàː]""], ""examples"": [], ""dialect_assigned_default"": true}"
"galadima","noun","8","{""source"": ""Wiktionary Hausa"", ""license"": ""CC BY-SA"", ""attribution"": ""Wiktionary via kaikki.org"", ""definitions"": [""a councillor or principal minister to an emir, who traditionally sits to his right""], ""parts_of_speech"": [""noun""], ""ipa"": [""/ɡà.làː.díː.màː/"", ""[ɡə̀.làː.díː.màː]""], ""examples"": [], ""dialect_assigned_default"": true}"
"Ƙasar Makka","name","8","{""source"": ""Wiktionary Hausa"", ""license"": ""CC BY-SA"", ""attribution"": ""Wiktionary via kaikki.org"", ""definitions"": [""alternative form of Ƙasar Maka""], ""parts_of_speech"": [""name""], ""ipa"": [""/kʼá.sár mák.kà/"", ""[kʼə́.sár mák.kə̀]""], ""examples"": [], ""dialect_assigned_default"": true}"
"Abdulhamid","name","8","{""source"": ""Wiktionary Hausa"", ""license"": ""CC BY-SA"", ""attribution"": ""Wiktionary via kaikki.org"", ""definitions"": [""a male given name""], ""parts_of_speech"": [""name""], ""ipa"": [""/ʔàb.dùl.hà.mîd/"", ""[ʔàb.dɪ̀l.hà.mɪ̂d]""], ""examples"": [], ""dialect_assigned_default"": true}"
"Abdulƙadir","name","8","{""source"": ""Wiktionary Hausa"", ""license"": ""CC BY-SA"", ""attribution"": ""Wiktionary via kaikki.org"", ""definitions"": [""a male given name"", ""a surname""], ""parts_of_speech"": [""name""], ""ipa"": [""/ʔàb.dùl.kʼáː.dìr/"", ""[ʔàb.dɪ̀l.kʼáː.dɪ̀r]""], ""examples"": [], ""dialect_assigned_default"": true}"
"Abdurrahim","name","8","{""source"": ""Wiktionary Hausa"", ""license"": ""CC BY-SA"", ""attribution"": ""Wiktionary via kaikki.org"", ""definitions"": [""a male given name from Arabic""], ""parts_of_speech"": [""name""], ""ipa"": [""/ʔàb.dùr.rà.hîm/"", ""[ʔàb.dɪ̀r.rə̀.hɪ̂ŋ]""], ""examples"": [], ""dialect_assigned_default"": true}"
"Abdussalamu","name","8","{""source"": ""Wiktionary Hausa"", ""license"": ""CC BY-SA"", ""attribution"": ""Wiktionary via kaikki.org"", ""definitions"": [""a male given name""], ""parts_of_speech"": [""name""], ""ipa"": [""/ʔàb.dùs.sà.láː.mù/"", ""[ʔàb.dɪ̀s.sə̀.láː.mʊ̀]""], ""examples"": [], ""dialect_assigned_default"": true}"
"Faruƙu","name","8","{""source"": ""Wiktionary Hausa"", ""license"": ""CC BY-SA"", ""attribution"": ""Wiktionary via kaikki.org"", ""definitions"": [""a male given name""], ""parts_of_speech"": [""name""], ""ipa"": [""/fàː.rú.kʼù/"", ""[ɸàː.rɪ́.kʷʼʊ̀]""], ""examples"": [], ""dialect_assigned_default"": true}"
"Faruku","name","8","{""source"": ""Wiktionary Hausa"", ""license"": ""CC BY-SA"", ""attribution"": ""Wiktionary via kaikki.org"", ""definitions"": [""alternative form of Faruƙu""], ""parts_of_speech"": [""name""], ""ipa"": [""/fàː.rú.kù/"", ""[ɸàː.rɪ́.kʷʊ̀]""], ""examples"": [], ""dialect_assigned_default"": true}"
"Hafizu","name","8","{""source"": ""Wiktionary Hausa"", ""license"": ""CC BY-SA"", ""attribution"": ""Wiktionary via kaikki.org"", ""definitions"": [""a male given name""], ""parts_of_speech"": [""name""], ""ipa"": [""/háː.fí.zù/"", ""[háː.ɸɪ́.zɪ̀]""], ""examples"": [], ""dialect_assigned_default"": true}"
"Halilu","name","8","{""source"": ""Wiktionary Hausa"", ""license"": ""CC BY-SA"", ""attribution"": ""Wiktionary via kaikki.org"", ""definitions"": [""a male given name, Khalil, from Arabic""], ""parts_of_speech"": [""name""], ""ipa"": [""/hà.líː.lù/"", ""[hà.líː.lɪ̀]""], ""examples"": [], ""dialect_assigned_default"": true}"
"Tanimu","name","8","{""source"": ""Wiktionary Hausa"", ""license"": ""CC BY-SA"", ""attribution"": ""Wiktionary via kaikki.org"", ""definitions"": [""a male given name""], ""parts_of_speech"": [""name""], ""ipa"": [""/tà.níː.mù/"", ""[tə̀.níː.mʊ̀]""], ""examples"": [], ""dialect_assigned_default"": true}"
"Zubairu","name","8","{""source"": ""Wiktionary Hausa"", ""license"": ""CC BY-SA"", ""attribution"": ""Wiktionary via kaikki.org"", ""definitions"": [""a male given name""], ""parts_of_speech"": [""name""], ""ipa"": [""/zù.bái.rù/"", ""[zɪ̀.béi.rɪ̀]""], ""examples"": [], ""dialect_assigned_default"": true}"
"Hafsatu","name","8","{""source"": ""Wiktionary Hausa"", ""license"": ""CC BY-SA"", ""attribution"": ""Wiktionary via kaikki.org"", ""definitions"": [""a female given name""], ""parts_of_speech"": [""name""], ""ipa"": [""/hàf.sá.tù/"", ""[hàɸ.sə́.tɪ̀]""], ""examples"": [], ""dialect_assigned_default"": true}"
"Halima","name","8","{""source"": ""Wiktionary Hausa"", ""license"": ""CC BY-SA"", ""attribution"": ""Wiktionary via kaikki.org"", ""definitions"": [""a female given name from Arabic""], ""parts_of_speech"": [""name""], ""ipa"": [""/hà.líː.mà/"", ""[hà.líː.mə̀]""], ""examples"": [], ""dialect_assigned_default"": true}"
"Binta","name","8","{""source"": ""Wiktionary Hausa"", ""license"": ""CC BY-SA"", ""attribution"": ""Wiktionary via kaikki.org"", ""definitions"": [""a female given name""], ""parts_of_speech"": [""name""], ""ipa"": [""/bín.tà/"", ""[bɪ́n.tə̀]""], ""examples"": [], ""dialect_assigned_default"": true}"
"Ruƙayyatu","name","8","{""source"": ""Wiktionary Hausa"", ""license"": ""CC BY-SA"", ""attribution"": ""Wiktionary via kaikki.org"", ""definitions"": [""a female given name""], ""parts_of_speech"": [""name""], ""ipa"": [""/ɽú.kʼàj.já.tù/"", ""[ɽɪ́.kʼɛ̀j.jɛ́.tɪ̀]""], ""examples"": [], ""dialect_assigned_default"": true}"
"Mahmudu","name","8","{""source"": ""Wiktionary Hausa"", ""license"": ""CC BY-SA"", ""attribution"": ""Wiktionary via kaikki.org"", ""definitions"": [""a male given name""], ""parts_of_speech"": [""name""], ""ipa"": [""/màː.múː.dù/"", ""[màː.múː.dɪ̀]""], ""examples"": [], ""dialect_assigned_default"": true}"
"Muhtari","name","8","{""source"": ""Wiktionary Hausa"", ""license"": ""CC BY-SA"", ""attribution"": ""Wiktionary via kaikki.org"", ""definitions"": [""a male given name""], ""parts_of_speech"": [""name""], ""ipa"": [""/mùk.táː.rí/"", ""[mʊ̀k.táː.rɪ́]""], ""examples"": [], ""dialect_assigned_default"": true}"
"Abdu","name","8","{""source"": ""Wiktionary Hausa"", ""license"": ""CC BY-SA"", ""attribution"": ""Wiktionary via kaikki.org"", ""definitions"": [""A short form of any of various male given names starting with Abdu-, like Àbdùllāhì or Àbdùlƙādìr̃.""], ""parts_of_speech"": [""name""], ""ipa"": [""/ʔáb.dù/"", ""[ʔáb.dɪ̀]""], ""examples"": [], ""dialect_assigned_default"": true}"
"Audu","name","8","{""source"": ""Wiktionary Hausa"", ""license"": ""CC BY-SA"", ""attribution"": ""Wiktionary via kaikki.org"", ""definitions"": [""A short form of any of various male given names starting with Abdu-, like Àbdùllāhì or Àbdùlƙādìr̃.""], ""parts_of_speech"": [""name""], ""ipa"": [""/ʔáu.dù/"", ""[ʔáu.dɪ̀]""], ""examples"": [], ""dialect_assigned_default"": true}"
"Usumanu","name","8","{""source"": ""Wiktionary Hausa"", ""license"": ""CC BY-SA"", ""attribution"": ""Wiktionary via kaikki.org"", ""definitions"": [""a male given name""], ""parts_of_speech"": [""name""], ""ipa"": [""/ʔù.sù.máː.nù/"", ""[ʔʊ̀.sɪ̀.máː.nɪ̀]""], ""examples"": [], ""dialect_assigned_default"": true}"
"Hamidu","name","8","{""source"": ""Wiktionary Hausa"", ""license"": ""CC BY-SA"", ""attribution"": ""Wiktionary via kaikki.org"", ""definitions"": [""a male given name""], ""parts_of_speech"": [""name""], ""ipa"": [""/há.míː.dù/"", ""[há.míː.dɪ̀]""], ""examples"": [], ""dialect_assigned_default"": true}"
"Ango","name","8","{""source"": ""Wiktionary Hausa"", ""license"": ""CC BY-SA"", ""attribution"": ""Wiktionary via kaikki.org"", ""definitions"": [""a male given name""], ""parts_of_speech"": [""name""], ""ipa"": [""/ʔán.ɡò/"", ""[ʔáŋ.ɡʷò]""], ""examples"": [], ""dialect_assigned_default"": true}"
"Baƙo","name","8","{""source"": ""Wiktionary Hausa"", ""license"": ""CC BY-SA"", ""attribution"": ""Wiktionary via kaikki.org"", ""definitions"": [""a male given name""], ""parts_of_speech"": [""name""], ""ipa"": [""/bàː.kʼó/"", ""[bàː.kʷʼó]""], ""examples"": [], ""dialect_assigned_default"": true}"
"Dogo","name","8","{""source"": ""Wiktionary Hausa"", ""license"": ""CC BY-SA"", ""attribution"": ""Wiktionary via kaikki.org"", ""definitions"": [""a male given name""], ""parts_of_speech"": [""name""], ""ipa"": [""/dóː.ɡó/"", ""[dóː.ɡʷó]""], ""examples"": [], ""dialect_assigned_default"": true}"
"Gajere","name","8","{""source"": ""Wiktionary Hausa"", ""license"": ""CC BY-SA"", ""attribution"": ""Wiktionary via kaikki.org"", ""definitions"": [""a male given name""], ""parts_of_speech"": [""name""], ""ipa"": [""/ɡà.(d)ʒéː.ɽé/"", ""[ɡə̀.d͡ʒéː.ɽé]""], ""examples"": [], ""dialect_assigned_default"": true}"
"Kaka","name","8","{""source"": ""Wiktionary Hausa"", ""license"": ""CC BY-SA"", ""attribution"": ""Wiktionary via kaikki.org"", ""definitions"": [""a female or male given name given to a girl (or occasionally a boy) born during harvesttime""], ""parts_of_speech"": [""name""], ""ipa"": [""/kàː.ká/"", ""[kàː.kə́]""], ""examples"": [], ""dialect_assigned_default"": true}"
"Magaji","name","8","{""source"": ""Wiktionary Hausa"", ""license"": ""CC BY-SA"", ""attribution"": ""Wiktionary via kaikki.org"", ""definitions"": [""a male given name""], ""parts_of_speech"": [""name""], ""ipa"": [""/má.ɡàː.(d)ʒí/"", ""[mə́.ɡàː.d͡ʒɪ́]""], ""examples"": [], ""dialect_assigned_default"": true}"
"Masoro","name","8","{""source"": ""Wiktionary Hausa"", ""license"": ""CC BY-SA"", ""attribution"": ""Wiktionary via kaikki.org"", ""definitions"": [""a female given name""], ""parts_of_speech"": [""name""], ""ipa"": [""/mà.sóː.ɽó/"", ""[mə̀.sóː.ɽó]""], ""examples"": [], ""dialect_assigned_default"": true}"
"Yalwa","name","8","{""source"": ""Wiktionary Hausa"", ""license"": ""CC BY-SA"", ""attribution"": ""Wiktionary via kaikki.org"", ""definitions"": [""a female or male given name""], ""parts_of_speech"": [""name""], ""ipa"": [""/jàl.wá/"", ""[jɛ̀l.wə́]""], ""examples"": [], ""dialect_assigned_default"": true}"
"Gagarau","name","8","{""source"": ""Wiktionary Hausa"", ""license"": ""CC BY-SA"", ""attribution"": ""Wiktionary via kaikki.org"", ""definitions"": [""a male given name""], ""parts_of_speech"": [""name""], ""ipa"": [""/ɡàː.ɡà.ɽáu/"", ""[ɡàː.ɡə̀.ɽáu]""], ""examples"": [], ""dialect_assigned_default"": true}"
"Haƙurau","name","8","{""source"": ""Wiktionary Hausa"", ""license"": ""CC BY-SA"", ""attribution"": ""Wiktionary via kaikki.org"", ""definitions"": [""a male given name""], ""parts_of_speech"": [""name""], ""ipa"": [""/hà.kʼù.ɽáu/"", ""[hà.kʷʼʊ̀.ɽáu]""], ""examples"": [], ""dialect_assigned_default"": true}"
"Ƙosau","name","8","{""source"": ""Wiktionary Hausa"", ""license"": ""CC BY-SA"", ""attribution"": ""Wiktionary via kaikki.org"", ""definitions"": [""a male given name""], ""parts_of_speech"": [""name""], ""ipa"": [""/kʼòː.sáu/"", ""[kʷʼòː.sáu]""], ""examples"": [], ""dialect_assigned_default"": true}"
"Mantau","name","8","{""source"": ""Wiktionary Hausa"", ""license"": ""CC BY-SA"", ""attribution"": ""Wiktionary via kaikki.org"", ""definitions"": [""a male given name""], ""parts_of_speech"": [""name""], ""ipa"": [""/màn.táu/"", ""[màn.táu]""], ""examples"": [], ""dialect_assigned_default"": true}"
"Sadau","name","8","{""source"": ""Wiktionary Hausa"", ""license"": ""CC BY-SA"", ""attribution"": ""Wiktionary via kaikki.org"", ""definitions"": [""a male or female given name""], ""parts_of_speech"": [""name""], ""ipa"": [""/sàː.dáu/"", ""[sàː.dáu]""], ""examples"": [], ""dialect_assigned_default"": true}"
"Sallau","name","8","{""source"": ""Wiktionary Hausa"", ""license"": ""CC BY-SA"", ""attribution"": ""Wiktionary via kaikki.org"", ""definitions"": [""a male given name""], ""parts_of_speech"": [""name""], ""ipa"": [""/sàl.láu/"", ""[sàl.láu]""], ""examples"": [], ""dialect_assigned_default"": true}"
"Shekarau","name","8","{""source"": ""Wiktionary Hausa"", ""license"": ""CC BY-SA"", ""attribution"": ""Wiktionary via kaikki.org"", ""definitions"": [""a male given name""], ""parts_of_speech"": [""name""], ""ipa"": [""/ʃèː.kà.ɽáu/"", ""[ʃèː.kə̀.ɽáu]""], ""examples"": [], ""dialect_assigned_default"": true}"
"Tasalla","name","8","{""source"": ""Wiktionary Hausa"", ""license"": ""CC BY-SA"", ""attribution"": ""Wiktionary via kaikki.org"", ""definitions"": [""a female given name""], ""parts_of_speech"": [""name""], ""ipa"": [""/tá.sál.là/"", ""[tə́.sál.lə̀]""], ""examples"": [], ""dialect_assigned_default"": true}"
"Na-Allah","name","8","{""source"": ""Wiktionary Hausa"", ""license"": ""CC BY-SA"", ""attribution"": ""Wiktionary via kaikki.org"", ""definitions"": [""a male given name""], ""parts_of_speech"": [""name""], ""ipa"": [""/ná.ʔál.làːh/"", ""[nə́.ʔál.làːh]""], ""examples"": [], ""dialect_assigned_default"": true}"
"Ta-Allah","name","8","{""source"": ""Wiktionary Hausa"", ""license"": ""CC BY-SA"", ""attribution"": ""Wiktionary via kaikki.org"", ""definitions"": [""a female given name""], ""parts_of_speech"": [""name""], ""ipa"": [""/tá.ʔál.làːh/"", ""[tə́.ʔál.làːh]""], ""examples"": [], ""dialect_assigned_default"": true}"
"Maigari","name","8","{""source"": ""Wiktionary Hausa"", ""license"": ""CC BY-SA"", ""attribution"": ""Wiktionary via kaikki.org"", ""definitions"": [""a male given name""], ""parts_of_speech"": [""name""], ""ipa"": [""/mài.ɡà.ɽí/"", ""[mèi.ɡə̀.ɽɪ́]""], ""examples"": [], ""dialect_assigned_default"": true}"
"Mairiga","name","8","{""source"": ""Wiktionary Hausa"", ""license"": ""CC BY-SA"", ""attribution"": ""Wiktionary via kaikki.org"", ""definitions"": [""a male given name""], ""parts_of_speech"": [""name""], ""ipa"": [""/mài.ɽìː.ɡà/"", ""[mèi.ɽìː.ɡə̀]""], ""examples"": [], ""dialect_assigned_default"": true}"
"Maiwada","name","8","{""source"": ""Wiktionary Hausa"", ""license"": ""CC BY-SA"", ""attribution"": ""Wiktionary via kaikki.org"", ""definitions"": [""a male given name""], ""parts_of_speech"": [""name""], ""ipa"": [""/mài.wà.dáː/"", ""[mèi.wə̀.dáː]""], ""examples"": [], ""dialect_assigned_default"": true}"
"Maikuɗi","name","8","{""source"": ""Wiktionary Hausa"", ""license"": ""CC BY-SA"", ""attribution"": ""Wiktionary via kaikki.org"", ""definitions"": [""a male given name""], ""parts_of_speech"": [""name""], ""ipa"": [""/mài.kú.ɗí/"", ""[mèi.kʷʊ́.ɗɪ́]""], ""examples"": [], ""dialect_assigned_default"": true}"
"Maitama","name","8","{""source"": ""Wiktionary Hausa"", ""license"": ""CC BY-SA"", ""attribution"": ""Wiktionary via kaikki.org"", ""definitions"": [""a male given name""], ""parts_of_speech"": [""name""], ""ipa"": [""/mài.tá.má/"", ""[mèi.tə́.mə́]""], ""examples"": [], ""dialect_assigned_default"": true}"
"Maigado","name","8","{""source"": ""Wiktionary Hausa"", ""license"": ""CC BY-SA"", ""attribution"": ""Wiktionary via kaikki.org"", ""definitions"": [""a female given name""], ""parts_of_speech"": [""name""], ""ipa"": [""/mài.ɡá.dó/"", ""[mèi.ɡə́.dó]""], ""examples"": [], ""dialect_assigned_default"": true}"
"Maiɗaki","name","8","{""source"": ""Wiktionary Hausa"", ""license"": ""CC BY-SA"", ""attribution"": ""Wiktionary via kaikki.org"", ""definitions"": [""a female given name""], ""parts_of_speech"": [""name""], ""ipa"": [""/mài.ɗáː.kì/"", ""[mèi.ɗáː.cɪ̀]""], ""examples"": [], ""dialect_assigned_default"": true}"
"Jummai","name","8","{""source"": ""Wiktionary Hausa"", ""license"": ""CC BY-SA"", ""attribution"": ""Wiktionary via kaikki.org"", ""definitions"": [""a female given name given to a girl born on a Friday""], ""parts_of_speech"": [""name""], ""ipa"": [""/(d)ʒúm.mái/"", ""[d͡ʒɪ́m.méi]""], ""examples"": [], ""dialect_assigned_default"": true}"
"Asabe","name","8","{""source"": ""Wiktionary Hausa"", ""license"": ""CC BY-SA"", ""attribution"": ""Wiktionary via kaikki.org"", ""definitions"": [""a female given name given to a girl born on a Saturday""], ""parts_of_speech"": [""name""], ""ipa"": [""/ʔà.sà.bé/"", ""[ʔà.sə̀.bé]""], ""examples"": [], ""dialect_assigned_default"": true}"
"Altine","name","8","{""source"": ""Wiktionary Hausa"", ""license"": ""CC BY-SA"", ""attribution"": ""Wiktionary via kaikki.org"", ""definitions"": [""a female given name given to a girl born on a Monday""], ""parts_of_speech"": [""name""], ""ipa"": [""/ʔàl.tì.né/"", ""[ʔàl.tɪ̀.né]""], ""examples"": [], ""dialect_assigned_default"": true}"
"Talatu","name","8","{""source"": ""Wiktionary Hausa"", ""license"": ""CC BY-SA"", ""attribution"": ""Wiktionary via kaikki.org"", ""definitions"": [""a female given name given to a girl born on a Tuesday""], ""parts_of_speech"": [""name""], ""ipa"": [""/tà.láː.tù/"", ""[tə̀.láː.tɪ̀]""], ""examples"": [], ""dialect_assigned_default"": true}"
"Balaraba","name","8","{""source"": ""Wiktionary Hausa"", ""license"": ""CC BY-SA"", ""attribution"": ""Wiktionary via kaikki.org"", ""definitions"": [""a female given name given to a girl born on a Wednesday""], ""parts_of_speech"": [""name""], ""ipa"": [""/bà.láː.rá.bà/"", ""[bə̀.láː.rə́.bə̀]""], ""examples"": [], ""dialect_assigned_default"": true}"
"Lami","name","8","{""source"": ""Wiktionary Hausa"", ""license"": ""CC BY-SA"", ""attribution"": ""Wiktionary via kaikki.org"", ""definitions"": [""a female given name given to a girl born on a Thursday""], ""parts_of_speech"": [""name""], ""ipa"": [""/làː.mîː/"", ""[làː.mîː]""], ""examples"": [], ""dialect_assigned_default"": true}"
"Ɗanjuma","name","8","{""source"": ""Wiktionary Hausa"", ""license"": ""CC BY-SA"", ""attribution"": ""Wiktionary via kaikki.org"", ""definitions"": [""a male given name given to a boy born on a Friday""], ""parts_of_speech"": [""name""], ""ipa"": [""/ɗán.(d)ʒúː.mà/"", ""[ɗán.d͡ʒúː.mə̀]""], ""examples"": [], ""dialect_assigned_default"": true}"
"Ɗan Asabe","name","8","{""source"": ""Wiktionary Hausa"", ""license"": ""CC BY-SA"", ""attribution"": ""Wiktionary via kaikki.org"", ""definitions"": [""a male given name given to a boy born on a Saturday""], ""parts_of_speech"": [""name""], ""ipa"": [""/ɗán ʔà.sà.bé/"", ""[ɗáŋ ʔà.sə̀.bé]""], ""examples"": [], ""dialect_assigned_default"": true}"
"Ɗanladi","name","8","{""source"": ""Wiktionary Hausa"", ""license"": ""CC BY-SA"", ""attribution"": ""Wiktionary via kaikki.org"", ""definitions"": [""a male given name given to a boy born on a Sunday""], ""parts_of_speech"": [""name""], ""ipa"": [""/ɗán.láː.dì/"", ""[ɗál.láː.dɪ̀]""], ""examples"": [], ""dialect_assigned_default"": true}"
"Ɗan Altine","name","8","{""source"": ""Wiktionary Hausa"", ""license"": ""CC BY-SA"", ""attribution"": ""Wiktionary via kaikki.org"", ""definitions"": [""a male given name given to a boy born on a Monday""], ""parts_of_speech"": [""name""], ""ipa"": [""/ɗán ʔàl.tì.né/"", ""[ɗáŋ ʔàl.tɪ̀.né]""], ""examples"": [], ""dialect_assigned_default"": true}"
"Ɗantala","name","8","{""source"": ""Wiktionary Hausa"", ""license"": ""CC BY-SA"", ""attribution"": ""Wiktionary via kaikki.org"", ""definitions"": [""a male given name given to a boy born on a Tuesday""], ""parts_of_speech"": [""name""], ""ipa"": [""/ɗán.tà.láː/"", ""[ɗán.tə̀.láː]""], ""examples"": [], ""dialect_assigned_default"": true}"
"Ɗanlami","name","8","{""source"": ""Wiktionary Hausa"", ""license"": ""CC BY-SA"", ""attribution"": ""Wiktionary via kaikki.org"", ""definitions"": [""a male given name given to a boy born on a Thursday""], ""parts_of_speech"": [""name""], ""ipa"": [""/ɗán.làː.mîː/"", ""[ɗál.làː.mîː]""], ""examples"": [], ""dialect_assigned_default"": true}"
"Ɗan Azumi","name","8","{""source"": ""Wiktionary Hausa"", ""license"": ""CC BY-SA"", ""attribution"": ""Wiktionary via kaikki.org"", ""definitions"": [""a male given name given to a boy born during Ramadan""], ""parts_of_speech"": [""name""], ""ipa"": [""/ɗán ʔá.zù.mí/"", ""[ɗáŋ ʔá.zɪ̀.mɪ́]""], ""examples"": [], ""dialect_assigned_default"": true}"
"Ganau","name","8","{""source"": ""Wiktionary Hausa"", ""license"": ""CC BY-SA"", ""attribution"": ""Wiktionary via kaikki.org"", ""definitions"": [""a male given name given to a boy born at the new moon""], ""parts_of_speech"": [""name""], ""ipa"": [""/ɡà.náu/"", ""[ɡə̀.náu]""], ""examples"": [], ""dialect_assigned_default"": true}"
"Ɗan Kaka","name","8","{""source"": ""Wiktionary Hausa"", ""license"": ""CC BY-SA"", ""attribution"": ""Wiktionary via kaikki.org"", ""definitions"": [""a male given name given to a boy born during harvesttime""], ""parts_of_speech"": [""name""], ""ipa"": [""/ɗán kàː.ká/"", ""[ɗáŋ kàː.kə́]""], ""examples"": [], ""dialect_assigned_default"": true}"
"Shanono","name","8","{""source"": ""Wiktionary Hausa"", ""license"": ""CC BY-SA"", ""attribution"": ""Wiktionary via kaikki.org"", ""definitions"": [""a male or female given name given to a child born when a calf is being delivered""], ""parts_of_speech"": [""name""], ""ipa"": [""/ʃàː.nóː.nò/"", ""[ʃàː.nóː.nò]""], ""examples"": [], ""dialect_assigned_default"": true}"
"Barau","name","8","{""source"": ""Wiktionary Hausa"", ""license"": ""CC BY-SA"", ""attribution"": ""Wiktionary via kaikki.org"", ""definitions"": [""a male given name given to a boy born after many older siblings who died in infancy""], ""parts_of_speech"": [""name""], ""ipa"": [""/bà.ɽáu/"", ""[bə̀.ɽáu]""], ""examples"": [], ""dialect_assigned_default"": true}"
"Jatau","name","8","{""source"": ""Wiktionary Hausa"", ""license"": ""CC BY-SA"", ""attribution"": ""Wiktionary via kaikki.org"", ""definitions"": [""a male given name given to a boy with light skin""], ""parts_of_speech"": [""name""], ""ipa"": [""/(d)ʒàː.táu/"", ""[d͡ʒàː.táu]""], ""examples"": [], ""dialect_assigned_default"": true}"
"Samɓali","name","8","{""source"": ""Wiktionary Hausa"", ""license"": ""CC BY-SA"", ""attribution"": ""Wiktionary via kaikki.org"", ""definitions"": [""a male given name""], ""parts_of_speech"": [""name""], ""ipa"": [""/sám.ɓá.lí/"", ""[sám.ɓə́.lɪ́]""], ""examples"": [], ""dialect_assigned_default"": true}"
"Samɓala","name","8","{""source"": ""Wiktionary Hausa"", ""license"": ""CC BY-SA"", ""attribution"": ""Wiktionary via kaikki.org"", ""definitions"": [""a female given name""], ""parts_of_speech"": [""name""], ""ipa"": [""/sám.ɓá.láː/"", ""[sám.ɓə́.láː]""], ""examples"": [], ""dialect_assigned_default"": true}"
"Hasana","name","8","{""source"": ""Wiktionary Hausa"", ""license"": ""CC BY-SA"", ""attribution"": ""Wiktionary via kaikki.org"", ""definitions"": [""a female given name (traditionally given to a first-born twin)""], ""parts_of_speech"": [""name""], ""ipa"": [""/há.sà.náː/"", ""[há.sə̀.náː]""], ""examples"": [], ""dialect_assigned_default"": true}"
"Husaina","name","8","{""source"": ""Wiktionary Hausa"", ""license"": ""CC BY-SA"", ""attribution"": ""Wiktionary via kaikki.org"", ""definitions"": [""a female given name (traditionally given to a second-born twin)""], ""parts_of_speech"": [""name""], ""ipa"": [""/hú.sài.náː/"", ""[hʊ́.sèi.náː]""], ""examples"": [], ""dialect_assigned_default"": true}"
"Baiwa","name","8","{""source"": ""Wiktionary Hausa"", ""license"": ""CC BY-SA"", ""attribution"": ""Wiktionary via kaikki.org"", ""definitions"": [""a female given name""], ""parts_of_speech"": [""name""], ""ipa"": [""/bâi.wá/"", ""[bêi.wə́]""], ""examples"": [], ""dialect_assigned_default"": true}"
"Magajiya","name","8","{""source"": ""Wiktionary Hausa"", ""license"": ""CC BY-SA"", ""attribution"": ""Wiktionary via kaikki.org"", ""definitions"": [""a female given name""], ""parts_of_speech"": [""name""], ""ipa"": [""/má.ɡáː.(d)ʒì.jáː/"", ""[mə́.ɡáː.d͡ʒɪ̀.jáː]""], ""examples"": [], ""dialect_assigned_default"": true}"
"magaji","noun","8","{""source"": ""Wiktionary Hausa"", ""license"": ""CC BY-SA"", ""attribution"": ""Wiktionary via kaikki.org"", ""definitions"": [""heir""], ""parts_of_speech"": [""noun""], ""ipa"": [""/má.ɡàː.(d)ʒíː/"", ""[mə́.ɡàː.d͡ʒíː]""], ""examples"": [], ""dialect_assigned_default"": true}"
"magajiya","noun","8","{""source"": ""Wiktionary Hausa"", ""license"": ""CC BY-SA"", ""attribution"": ""Wiktionary via kaikki.org"", ""definitions"": [""female equivalent of magā̀jī: heiress"", ""madam (woman who runs a brothel)""], ""parts_of_speech"": [""noun""], ""ipa"": [""/má.ɡáː.(d)ʒì.jáː/"", ""[mə́.ɡáː.d͡ʒɪ̀.jáː]""], ""examples"": [], ""dialect_assigned_default"": true}"
"baiwa","noun","8","{""source"": ""Wiktionary Hausa"", ""license"": ""CC BY-SA"", ""attribution"": ""Wiktionary via kaikki.org"", ""definitions"": [""female equivalent of bāwā̀: female slave""], ""parts_of_speech"": [""noun""], ""ipa"": [""/bâi.wáː/"", ""[bêi.wáː]""], ""examples"": [], ""dialect_assigned_default"": true}"
"Usaina","name","8","{""source"": ""Wiktionary Hausa"", ""license"": ""CC BY-SA"", ""attribution"": ""Wiktionary via kaikki.org"", ""definitions"": [""alternative form of Husàinā""], ""parts_of_speech"": [""name""], ""ipa"": [""/ʔú.sài.náː/"", ""[ʔʊ́.sèi.náː]""], ""examples"": [], ""dialect_assigned_default"": true}"
"Sarki","name","8","{""source"": ""Wiktionary Hausa"", ""license"": ""CC BY-SA"", ""attribution"": ""Wiktionary via kaikki.org"", ""definitions"": [""a male given name""], ""parts_of_speech"": [""name""], ""ipa"": [""/sáɽ.kí/"", ""[sáɽ.cɪ́]""], ""examples"": [], ""dialect_assigned_default"": true}"
"Kawu","name","8","{""source"": ""Wiktionary Hausa"", ""license"": ""CC BY-SA"", ""attribution"": ""Wiktionary via kaikki.org"", ""definitions"": [""a male given name""], ""parts_of_speech"": [""name""], ""ipa"": [""/káː.wù/"", ""[káː.wʊ̀]""], ""examples"": [], ""dialect_assigned_default"": true}"
"Gwaggo","name","8","{""source"": ""Wiktionary Hausa"", ""license"": ""CC BY-SA"", ""attribution"": ""Wiktionary via kaikki.org"", ""definitions"": [""a female given name""], ""parts_of_speech"": [""name""], ""ipa"": [""/ɡʷáɡ.ɡò/"", ""[ɡʷáɡʷ.ɡʷò]""], ""examples"": [], ""dialect_assigned_default"": true}"
"Uwa","name","8","{""source"": ""Wiktionary Hausa"", ""license"": ""CC BY-SA"", ""attribution"": ""Wiktionary via kaikki.org"", ""definitions"": [""a female given name""], ""parts_of_speech"": [""name""], ""ipa"": [""/ʔú.wá/"", ""[ʔʊ́.wə́]""], ""examples"": [], ""dialect_assigned_default"": true}"
"sannu-sannu","adv","8","{""source"": ""Wiktionary Hausa"", ""license"": ""CC BY-SA"", ""attribution"": ""Wiktionary via kaikki.org"", ""definitions"": [""slowly""], ""parts_of_speech"": [""adv""], ""ipa"": [""/sàn.nú.sàn.nú/"", ""[sàn.nɪ́.sàn.nɪ́]""], ""examples"": [], ""dialect_assigned_default"": true}"
"ƙasa","noun","8","{""source"": ""Wiktionary Hausa"", ""license"": ""CC BY-SA"", ""attribution"": ""Wiktionary via kaikki.org"", ""definitions"": [""soil, earth"", ""ground"", ""land, country, nation"", ""on the ground""], ""parts_of_speech"": [""noun"", ""adv""], ""ipa"": [""/kʼá.sáː/"", ""[kʼə́.sáː]"", ""/kʼá.sà/"", ""[kʼə́.sə̀]"", ""/kʼá.sáː/"", ""[kʼə́.sáː]"", ""/kʼá.sà/"", ""[kʼə́.sə̀]""], ""examples"": [], ""dialect_assigned_default"": true}"
"ƙas","adv","8","{""source"": ""Wiktionary Hausa"", ""license"": ""CC BY-SA"", ""attribution"": ""Wiktionary via kaikki.org"", ""definitions"": [""alternative form of ƙasà (“on the ground”)""], ""parts_of_speech"": [""adv""], ""ipa"": [""/kʼás/"", ""[kʼás]""], ""examples"": [], ""dialect_assigned_default"": true}"
"labarin ƙasa","noun","8","{""source"": ""Wiktionary Hausa"", ""license"": ""CC BY-SA"", ""attribution"": ""Wiktionary via kaikki.org"", ""definitions"": [""geography""], ""parts_of_speech"": [""noun""], ""ipa"": [""/làː.báː.rìn kʼá.sáː/"", ""[làː.báː.rɪ̀ŋ kʼə́.sáː]""], ""examples"": [], ""dialect_assigned_default"": true}"
"yarinya","noun","8","{""source"": ""Wiktionary Hausa"", ""license"": ""CC BY-SA"", ""attribution"": ""Wiktionary via kaikki.org"", ""definitions"": [""female equivalent of yārṑ: girl, young woman""], ""parts_of_speech"": [""noun""], ""ipa"": [""/jáː.ɽín.jàː/"", ""[jáː.ɽɪ́ɲ.jàː]""], ""examples"": [], ""dialect_assigned_default"": true}"
"al'aura","noun","8","{""source"": ""Wiktionary Hausa"", ""license"": ""CC BY-SA"", ""attribution"": ""Wiktionary via kaikki.org"", ""definitions"": [""sexual organ; pudendum"", ""awrah (parts of the body women are required to cover)""], ""parts_of_speech"": [""noun""], ""ipa"": [""/ʔàl.ʔáu.ràː/"", ""[ʔàl.ʔáu.ràː]""], ""examples"": [], ""dialect_assigned_default"": true}"
"abjadi","noun","8","{""source"": ""Wiktionary Hausa"", ""license"": ""CC BY-SA"", ""attribution"": ""Wiktionary via kaikki.org"", ""definitions"": [""alphabet, abjad (particularly of Arabic script)""], ""parts_of_speech"": [""noun""], ""ipa"": [""/ʔáb.(d)ʒà.díː/"", ""[ʔáb.d͡ʒə̀.díː]""], ""examples"": [], ""dialect_assigned_default"": true}"
"abacada","noun","8","{""source"": ""Wiktionary Hausa"", ""license"": ""CC BY-SA"", ""attribution"": ""Wiktionary via kaikki.org"", ""definitions"": [""alphabet, ABC's (of Latin script)""], ""parts_of_speech"": [""noun""], ""ipa"": [""/ʔàː.bàː.t͡ʃàː.dâː/"", ""[ʔàː.bàː.t͡ʃàː.dâː]""], ""examples"": [], ""dialect_assigned_default"": true}"
"Birtaniya","name","8","{""source"": ""Wiktionary Hausa"", ""license"": ""CC BY-SA"", ""attribution"": ""Wiktionary via kaikki.org"", ""definitions"": [""United Kingdom (a kingdom and country in Northern Europe)""], ""parts_of_speech"": [""name""], ""ipa"": [""/bìr.táː.ní.jà/"", ""[bɪ̀r.táː.nɪ́.jɛ̀]""], ""examples"": [], ""dialect_assigned_default"": true}"
"Birnin Ƙudus","name","8","{""source"": ""Wiktionary Hausa"", ""license"": ""CC BY-SA"", ""attribution"": ""Wiktionary via kaikki.org"", ""definitions"": [""Jerusalem (a city in Israel)""], ""parts_of_speech"": [""name""], ""ipa"": [""/bír.nín kʼú.dùs/"", ""[bɪ́r.nɪ́ŋ kʷʼʊ́.dɪ̀s]""], ""examples"": [], ""dialect_assigned_default"": true}"
"Ƙudus","name","8","{""source"": ""Wiktionary Hausa"", ""license"": ""CC BY-SA"", ""attribution"": ""Wiktionary via kaikki.org"", ""definitions"": [""only used in Bir̃nin Ƙudùs (“Jerusalem”)""], ""parts_of_speech"": [""name""], ""ipa"": [""/kʼú.dùs/"", ""[kʷʼʊ́.dɪ̀s]""], ""examples"": [], ""dialect_assigned_default"": true}"
"wanzami","noun","8","{""source"": ""Wiktionary Hausa"", ""license"": ""CC BY-SA"", ""attribution"": ""Wiktionary via kaikki.org"", ""definitions"": [""barber""], ""parts_of_speech"": [""noun""], ""ipa"": [""/wàn.záː.mìː/"", ""[wàn.záː.mìː]""], ""examples"": [], ""dialect_assigned_default"": true}"
"wanzanci","noun","8","{""source"": ""Wiktionary Hausa"", ""license"": ""CC BY-SA"", ""attribution"": ""Wiktionary via kaikki.org"", ""definitions"": [""barbering (the occupation of a barber)""], ""parts_of_speech"": [""noun""], ""ipa"": [""/wán.zán.t͡ʃìː/"", ""[wán.zán.t͡ʃìː]""], ""examples"": [], ""dialect_assigned_default"": true}"
"tsuntsun Maka","noun","8","{""source"": ""Wiktionary Hausa"", ""license"": ""CC BY-SA"", ""attribution"": ""Wiktionary via kaikki.org"", ""definitions"": [""peacock""], ""parts_of_speech"": [""noun""], ""ipa"": [""/(t)sʼún.(t)sʼún má.kà/"", ""[sʼɪ́n.sʼɪ́m mə́.kə̀]""], ""examples"": [], ""dialect_assigned_default"": true}"
"Pijo","noun","8","{""source"": ""Wiktionary Hausa"", ""license"": ""CC BY-SA"", ""attribution"": ""Wiktionary via kaikki.org"", ""definitions"": [""Peugeot car""], ""parts_of_speech"": [""noun""], ""ipa"": [""/pì.(d)ʒó/"", ""[pɪ̀.d͡ʒó]""], ""examples"": [], ""dialect_assigned_default"": true}"
"Fijo","noun","8","{""source"": ""Wiktionary Hausa"", ""license"": ""CC BY-SA"", ""attribution"": ""Wiktionary via kaikki.org"", ""definitions"": [""alternative form of Pìjô""], ""parts_of_speech"": [""noun""], ""ipa"": [""/fì.(d)ʒôː/"", ""[ɸɪ̀.d͡ʒôː]""], ""examples"": [], ""dialect_assigned_default"": true}"
"basasa","noun","8","{""source"": ""Wiktionary Hausa"", ""license"": ""CC BY-SA"", ""attribution"": ""Wiktionary via kaikki.org"", ""definitions"": [""a civil war; (more generally) any destructive war""], ""parts_of_speech"": [""noun""], ""ipa"": [""/báː.sáː.sàː/"", ""[báː.sáː.sàː]""], ""examples"": [], ""dialect_assigned_default"": true}"
"abiyo","noun","8","{""source"": ""Wiktionary Hausa"", ""license"": ""CC BY-SA"", ""attribution"": ""Wiktionary via kaikki.org"", ""definitions"": [""airplane""], ""parts_of_speech"": [""noun""], ""ipa"": [""/ʔà.bì.jôː/""], ""examples"": [], ""dialect_assigned_default"": true}"
"jirgin sama","noun","8","{""source"": ""Wiktionary Hausa"", ""license"": ""CC BY-SA"", ""attribution"": ""Wiktionary via kaikki.org"", ""definitions"": [""airplane""], ""parts_of_speech"": [""noun""], ""ipa"": [""/(d)ʒíɽ.ɡín sá.mà/"", ""[d͡ʒɪ́ɽ.ɟɪ́n sə́.mə̀]""], ""examples"": [], ""dialect_assigned_default"": true}"
"jirgi","noun","8","{""source"": ""Wiktionary Hausa"", ""license"": ""CC BY-SA"", ""attribution"": ""Wiktionary via kaikki.org"", ""definitions"": [""Used in compounds for vehicles other than automobiles."", ""short for jirgin samà (“airplane”)""], ""parts_of_speech"": [""noun""], ""ipa"": [""/(d)ʒíɽ.ɡíː/"", ""[d͡ʒɪ́ɽ.ɟíː]""], ""examples"": [], ""dialect_assigned_default"": true}"
"jirgin ƙasa","noun","8","{""source"": ""Wiktionary Hausa"", ""license"": ""CC BY-SA"", ""attribution"": ""Wiktionary via kaikki.org"", ""definitions"": [""train""], ""parts_of_speech"": [""noun""], ""ipa"": [""/(d)ʒíɽ.ɡín kʼá.sà/"", ""[d͡ʒɪ́ɽ.ɟɪ́ŋ kʼə́.sə̀]""], ""examples"": [], ""dialect_assigned_default"": true}"
"jirgin ruwa","noun","8","{""source"": ""Wiktionary Hausa"", ""license"": ""CC BY-SA"", ""attribution"": ""Wiktionary via kaikki.org"", ""definitions"": [""ship""], ""parts_of_speech"": [""noun""], ""ipa"": [""/(d)ʒíɽ.ɡín ɽú.wá/"", ""[d͡ʒɪ́ɽ.ɟɪ́ɽ ɽʊ́.wə́]""], ""examples"": [], ""dialect_assigned_default"": true}"
"aboka","noun","8","{""source"": ""Wiktionary Hausa"", ""license"": ""CC BY-SA"", ""attribution"": ""Wiktionary via kaikki.org"", ""definitions"": [""lawyer""], ""parts_of_speech"": [""noun""], ""ipa"": [""/ʔà.bòː.kâː/""], ""examples"": [], ""dialect_assigned_default"": true}"
"adabo","intj","8","{""source"": ""Wiktionary Hausa"", ""license"": ""CC BY-SA"", ""attribution"": ""Wiktionary via kaikki.org"", ""definitions"": [""goodbye""], ""parts_of_speech"": [""intj""], ""ipa"": [""/ʔá.dàː.bóː/"", ""[ʔá.dàː.bóː]""], ""examples"": [], ""dialect_assigned_default"": true}"
"akasidan","noun","8","{""source"": ""Wiktionary Hausa"", ""license"": ""CC BY-SA"", ""attribution"": ""Wiktionary via kaikki.org"", ""definitions"": [""automobile accident""], ""parts_of_speech"": [""noun""], ""ipa"": [""/ʔá.ká.sì.dân/"", ""[ʔá.kə́.sɪ̀.dâŋ]"", ""/ʔà.kàː.sìː.dân/""], ""examples"": [], ""dialect_assigned_default"": true}"
"ɗan sanda","noun","8","{""source"": ""Wiktionary Hausa"", ""license"": ""CC BY-SA"", ""attribution"": ""Wiktionary via kaikki.org"", ""definitions"": [""policeman""], ""parts_of_speech"": [""noun""], ""ipa"": [""/ɗán sàn.dáː/"", ""[ɗán sàn.dáː]""], ""examples"": [], ""dialect_assigned_default"": true}"
"aradu","noun","8","{""source"": ""Wiktionary Hausa"", ""license"": ""CC BY-SA"", ""attribution"": ""Wiktionary via kaikki.org"", ""definitions"": [""thunder"", ""thunderclap or lightning bolt""], ""parts_of_speech"": [""noun""], ""ipa"": [""/ʔà.ráː.dù/"", ""[ʔà.ráː.dɪ̀]""], ""examples"": [], ""dialect_assigned_default"": true}"
"akushi","noun","8","{""source"": ""Wiktionary Hausa"", ""license"": ""CC BY-SA"", ""attribution"": ""Wiktionary via kaikki.org"", ""definitions"": [""a type of blackened wooden bowl""], ""parts_of_speech"": [""noun""], ""ipa"": [""/ʔá.kù.ʃíː/"", ""[ʔá.kʷʊ̀.ʃíː]""], ""examples"": [], ""dialect_assigned_default"": true}"
"matalauci","noun","8","{""source"": ""Wiktionary Hausa"", ""license"": ""CC BY-SA"", ""attribution"": ""Wiktionary via kaikki.org"", ""definitions"": [""pauper""], ""parts_of_speech"": [""noun""], ""ipa"": [""/má.tà.làu.t͡ʃíː/"", ""[mə́.tə̀.làu.t͡ʃíː]""], ""examples"": [], ""dialect_assigned_default"": true}"
"kwana","noun","8","{""source"": ""Wiktionary Hausa"", ""license"": ""CC BY-SA"", ""attribution"": ""Wiktionary via kaikki.org"", ""definitions"": [""sleep, lying down"", ""day (24 hour period)"", ""corner, bend in the road"", ""diversion, deviation"", ""to spend the night"", ""to spend the day""], ""parts_of_speech"": [""noun"", ""verb""], ""ipa"": [""/kʷáː.náː/"", ""[kʷáː.náː]"", ""/kʷá.nàː/"", ""[kʷə́.nàː]"", ""/kʷáː.ná/"", ""[kʷáː.nə́]"", ""/kʷáː.náː/"", ""[kʷáː.náː]"", ""/kʷá.nàː/"", ""[kʷə́.nàː]"", ""/kʷáː.ná/"", ""[kʷáː.nə́]"", ""/kʷáː.náː/"", ""[kʷáː.náː]"", ""/kʷá.nàː/"", ""[kʷə́.nàː]"", ""/kʷáː.ná/"", ""[kʷáː.nə́]""], ""examples"": [], ""dialect_assigned_default"": true}"
"jawo","verb","8","{""source"": ""Wiktionary Hausa"", ""license"": ""CC BY-SA"", ""attribution"": ""Wiktionary via kaikki.org"", ""definitions"": [""to pull (this way)"", ""to bring about, cause""], ""parts_of_speech"": [""verb""], ""ipa"": [""/(d)ʒáː.wóː/"", ""[d͡ʒáː.wóː]""], ""examples"": [], ""dialect_assigned_default"": true}"
"ganima","noun","8","{""source"": ""Wiktionary Hausa"", ""license"": ""CC BY-SA"", ""attribution"": ""Wiktionary via kaikki.org"", ""definitions"": [""booty, loot""], ""parts_of_speech"": [""noun""], ""ipa"": [""/ɡà.níː.màː/"", ""[ɡə̀.níː.màː]""], ""examples"": [], ""dialect_assigned_default"": true}"
"fartanya","noun","8","{""source"": ""Wiktionary Hausa"", ""license"": ""CC BY-SA"", ""attribution"": ""Wiktionary via kaikki.org"", ""definitions"": [""a kind of hoe, mainly used for weeding""], ""parts_of_speech"": [""noun""], ""ipa"": [""/fár.tán.jàː/"", ""[ɸár.tɛ́ɲ.jàː]""], ""examples"": [], ""dialect_assigned_default"": true}"
"amarya","noun","8","{""source"": ""Wiktionary Hausa"", ""license"": ""CC BY-SA"", ""attribution"": ""Wiktionary via kaikki.org"", ""definitions"": [""bride""], ""parts_of_speech"": [""noun""], ""ipa"": [""/ʔá.máɽ.jáː/"", ""[ʔá.máɽ.jáː]""], ""examples"": [], ""dialect_assigned_default"": true}"
"maroƙi","noun","8","{""source"": ""Wiktionary Hausa"", ""license"": ""CC BY-SA"", ""attribution"": ""Wiktionary via kaikki.org"", ""definitions"": [""a beggar who sings praise songs""], ""parts_of_speech"": [""noun""], ""ipa"": [""/má.ɽòː.kʼíː/"", ""[mə́.ɽòː.cʼíː]""], ""examples"": [], ""dialect_assigned_default"": true}"
"ɓarawo","noun","8","{""source"": ""Wiktionary Hausa"", ""license"": ""CC BY-SA"", ""attribution"": ""Wiktionary via kaikki.org"", ""definitions"": [""thief""], ""parts_of_speech"": [""noun""], ""ipa"": [""/ɓà.ɽáː.wòː/"", ""[ɓə̀.ɽáː.wòː]""], ""examples"": [], ""dialect_assigned_default"": true}"
"makiyayi","noun","8","{""source"": ""Wiktionary Hausa"", ""license"": ""CC BY-SA"", ""attribution"": ""Wiktionary via kaikki.org"", ""definitions"": [""herder, shepherd""], ""parts_of_speech"": [""noun""], ""ipa"": [""/má.kì.jàː.jíː/"", ""[mə́.cɪ̀.jàː.jíː]""], ""examples"": [], ""dialect_assigned_default"": true}"
"magini","noun","8","{""source"": ""Wiktionary Hausa"", ""license"": ""CC BY-SA"", ""attribution"": ""Wiktionary via kaikki.org"", ""definitions"": [""builder"", ""mason""], ""parts_of_speech"": [""noun""], ""ipa"": [""/má.ɡìː.níː/"", ""[mə́.ɟìː.níː]""], ""examples"": [], ""dialect_assigned_default"": true}"
"tsintsiya","noun","8","{""source"": ""Wiktionary Hausa"", ""license"": ""CC BY-SA"", ""attribution"": ""Wiktionary via kaikki.org"", ""definitions"": [""broom""], ""parts_of_speech"": [""noun""], ""ipa"": [""/(t)sʼín.(t)sʼín.jáː/"", ""[sʼɪ́n.sʼɪ́ɲ.jáː]""], ""examples"": [], ""dialect_assigned_default"": true}"
"tafki","noun","8","{""source"": ""Wiktionary Hausa"", ""license"": ""CC BY-SA"", ""attribution"": ""Wiktionary via kaikki.org"", ""definitions"": [""lake, pond""], ""parts_of_speech"": [""noun""], ""ipa"": [""/táf.kìː/"", ""[táɸ.cìː]""], ""examples"": [], ""dialect_assigned_default"": true}"
"raɓa","noun","8","{""source"": ""Wiktionary Hausa"", ""license"": ""CC BY-SA"", ""attribution"": ""Wiktionary via kaikki.org"", ""definitions"": [""dew"", ""any illness thought to be caused by moisture""], ""parts_of_speech"": [""noun""], ""ipa"": [""/ɽáː.ɓáː/"", ""[ɽáː.ɓáː]""], ""examples"": [], ""dialect_assigned_default"": true}"
"tururi","noun","8","{""source"": ""Wiktionary Hausa"", ""license"": ""CC BY-SA"", ""attribution"": ""Wiktionary via kaikki.org"", ""definitions"": [""steam"", ""water vapor""], ""parts_of_speech"": [""noun""], ""ipa"": [""/tù.ɽù.ɽíː/"", ""[tɪ̀.ɽɪ̀.ɽíː]""], ""examples"": [], ""dialect_assigned_default"": true}"
"mabiyi","noun","8","{""source"": ""Wiktionary Hausa"", ""license"": ""CC BY-SA"", ""attribution"": ""Wiktionary via kaikki.org"", ""definitions"": [""follower, adherent"", ""younger brother""], ""parts_of_speech"": [""noun""], ""ipa"": [""/má.bì.jíː/"", ""[mə́.bɪ̀.jíː]""], ""examples"": [], ""dialect_assigned_default"": true}"
"alfadari","noun","8","{""source"": ""Wiktionary Hausa"", ""license"": ""CC BY-SA"", ""attribution"": ""Wiktionary via kaikki.org"", ""definitions"": [""mule""], ""parts_of_speech"": [""noun""], ""ipa"": [""/ʔàl.fá.dá.ríː/"", ""[ʔàl.ɸə́.də́.ríː]""], ""examples"": [], ""dialect_assigned_default"": true}"
"aƙida","noun","8","{""source"": ""Wiktionary Hausa"", ""license"": ""CC BY-SA"", ""attribution"": ""Wiktionary via kaikki.org"", ""definitions"": [""ideology""], ""parts_of_speech"": [""noun""], ""ipa"": [""/ʔà.kʼíː.dàː/"", ""[ʔà.cʼíː.dàː]""], ""examples"": [], ""dialect_assigned_default"": true}"
"aƙalla","adv","8","{""source"": ""Wiktionary Hausa"", ""license"": ""CC BY-SA"", ""attribution"": ""Wiktionary via kaikki.org"", ""definitions"": [""at least""], ""parts_of_speech"": [""adv""], ""ipa"": [""/ʔà.kʼál.là/"", ""[ʔà.kʼál.lə̀]""], ""examples"": [], ""dialect_assigned_default"": true}"
"makaranta","noun","8","{""source"": ""Wiktionary Hausa"", ""license"": ""CC BY-SA"", ""attribution"": ""Wiktionary via kaikki.org"", ""definitions"": [""school""], ""parts_of_speech"": [""noun""], ""ipa"": [""/má.ká.rán.táː/"", ""[mə́.kə́.rán.táː]""], ""examples"": [], ""dialect_assigned_default"": true}"
"alhaki","noun","8","{""source"": ""Wiktionary Hausa"", ""license"": ""CC BY-SA"", ""attribution"": ""Wiktionary via kaikki.org"", ""definitions"": [""guilt, offence"", ""responsibility""], ""parts_of_speech"": [""noun""], ""ipa"": [""/ʔàl.há.kíː/"", ""[ʔàl.há.cíː]""], ""examples"": [], ""dialect_assigned_default"": true}"
"ƙirji","noun","8","{""source"": ""Wiktionary Hausa"", ""license"": ""CC BY-SA"", ""attribution"": ""Wiktionary via kaikki.org"", ""definitions"": [""chest (torso)""], ""parts_of_speech"": [""noun""], ""ipa"": [""/kʼìɽ.(d)ʒíː/"", ""[cʼɪ̀ɽ.d͡ʒíː]""], ""examples"": [], ""dialect_assigned_default"": true}"
"ƙundu","noun","8","{""source"": ""Wiktionary Hausa"", ""license"": ""CC BY-SA"", ""attribution"": ""Wiktionary via kaikki.org"", ""definitions"": [""gizzard"", ""heart of a settled area""], ""parts_of_speech"": [""noun""], ""ipa"": [""/kʼùn.dúː/"", ""[kʷʼʊ̀n.dúː]""], ""examples"": [], ""dialect_assigned_default"": true}"
"walƙiya","noun","8","{""source"": ""Wiktionary Hausa"", ""license"": ""CC BY-SA"", ""attribution"": ""Wiktionary via kaikki.org"", ""definitions"": [""lightning"", ""glossiness""], ""parts_of_speech"": [""noun""], ""ipa"": [""/wàl.kʼí.jáː/"", ""[wàl.cʼɪ́.jáː]""], ""examples"": [], ""dialect_assigned_default"": true}"
"dandali","noun","8","{""source"": ""Wiktionary Hausa"", ""license"": ""CC BY-SA"", ""attribution"": ""Wiktionary via kaikki.org"", ""definitions"": [""town square; open area in a town where people gather, usually in front of the chief's house""], ""parts_of_speech"": [""noun""], ""ipa"": [""/dán.dà.líː/"", ""[dán.də̀.líː]""], ""examples"": [], ""dialect_assigned_default"": true}"
"akala","noun","8","{""source"": ""Wiktionary Hausa"", ""license"": ""CC BY-SA"", ""attribution"": ""Wiktionary via kaikki.org"", ""definitions"": [""rope used to lead a camel"", ""lead or control over a situation""], ""parts_of_speech"": [""noun""], ""ipa"": [""/ʔá.kàː.là/"", ""[ʔá.kàː.lə̀]""], ""examples"": [], ""dialect_assigned_default"": true}"
"rawani","noun","8","{""source"": ""Wiktionary Hausa"", ""license"": ""CC BY-SA"", ""attribution"": ""Wiktionary via kaikki.org"", ""definitions"": [""turban""], ""parts_of_speech"": [""noun""], ""ipa"": [""/ɽá.wà.níː/"", ""[ɽə́.wə̀.níː]""], ""examples"": [], ""dialect_assigned_default"": true}"
"ham-ham","noun","8","{""source"": ""Wiktionary Hausa"", ""license"": ""CC BY-SA"", ""attribution"": ""Wiktionary via kaikki.org"", ""definitions"": [""eating greedily""], ""parts_of_speech"": [""noun""], ""ipa"": [""/hàm.hàm/"", ""[hàm.hàm]""], ""examples"": [], ""dialect_assigned_default"": true}"
"ƙiri-ƙiri","noun","8","{""source"": ""Wiktionary Hausa"", ""license"": ""CC BY-SA"", ""attribution"": ""Wiktionary via kaikki.org"", ""definitions"": [""open(ly), shameless, flagrant, red-handed""], ""parts_of_speech"": [""noun""], ""ipa"": [""/kʼí.ɽíː.kʼì.ɽìː/"", ""[cʼɪ́.ɽíː.cʼɪ̀.ɽìː]""], ""examples"": [], ""dialect_assigned_default"": true}"
"Alh.","noun","8","{""source"": ""Wiktionary Hausa"", ""license"": ""CC BY-SA"", ""attribution"": ""Wiktionary via kaikki.org"", ""definitions"": [""abbreviation of alhaji""], ""parts_of_speech"": [""noun""], ""ipa"": [], ""examples"": [], ""dialect_assigned_default"": true}"
"manjo-janar","noun","8","{""source"": ""Wiktionary Hausa"", ""license"": ""CC BY-SA"", ""attribution"": ""Wiktionary via kaikki.org"", ""definitions"": [""major general (military rank)""], ""parts_of_speech"": [""noun""], ""ipa"": [""/màn.(d)ʒò.(d)ʒá.nàr/"", ""[màn.d͡ʒɔ̀.d͡ʒə́.nàr]""], ""examples"": [], ""dialect_assigned_default"": true}"
"birgediya","noun","8","{""source"": ""Wiktionary Hausa"", ""license"": ""CC BY-SA"", ""attribution"": ""Wiktionary via kaikki.org"", ""definitions"": [""brigadier (military rank)""], ""parts_of_speech"": [""noun""], ""ipa"": [""/bìr.ɡéː.dí.jàː/"", ""[bɪ̀r.ɟéː.dɪ́.jàː]""], ""examples"": [], ""dialect_assigned_default"": true}"
"kofur","noun","8","{""source"": ""Wiktionary Hausa"", ""license"": ""CC BY-SA"", ""attribution"": ""Wiktionary via kaikki.org"", ""definitions"": [""corporal (military rank)""], ""parts_of_speech"": [""noun""], ""ipa"": [""/kóː.fùr/"", ""[kʷóː.ɸʊ̀r]""], ""examples"": [], ""dialect_assigned_default"": true}"
"laskofur","noun","8","{""source"": ""Wiktionary Hausa"", ""license"": ""CC BY-SA"", ""attribution"": ""Wiktionary via kaikki.org"", ""definitions"": [""lance corporal (military rank)""], ""parts_of_speech"": [""noun""], ""ipa"": [""/lâs.kóː.fùr/"", ""[lâs.kʷóː.ɸʊ̀r]""], ""examples"": [], ""dialect_assigned_default"": true}"
"kyaftin","noun","8","{""source"": ""Wiktionary Hausa"", ""license"": ""CC BY-SA"", ""attribution"": ""Wiktionary via kaikki.org"", ""definitions"": [""captain (military rank)""], ""parts_of_speech"": [""noun""], ""ipa"": [""/cáf.tìn/"", ""[cɛ́ɸ.tɪ̀ŋ]""], ""examples"": [], ""dialect_assigned_default"": true}"
"Kwiyat","name","8","{""source"": ""Wiktionary Hausa"", ""license"": ""CC BY-SA"", ""attribution"": ""Wiktionary via kaikki.org"", ""definitions"": [""Kuwait (a country in West Asia in the Middle East)""], ""parts_of_speech"": [""name""], ""ipa"": [""/kʷì.jât/"", ""[kʷɪ̀.jɛ̂t]""], ""examples"": [], ""dialect_assigned_default"": true}"
"samanja","noun","8","{""source"": ""Wiktionary Hausa"", ""license"": ""CC BY-SA"", ""attribution"": ""Wiktionary via kaikki.org"", ""definitions"": [""sergeant major (military rank)""], ""parts_of_speech"": [""noun""], ""ipa"": [""/sàː.mán.(d)ʒà/"", ""[sàː.mán.d͡ʒə̀]""], ""examples"": [], ""dialect_assigned_default"": true}"
"shehu","noun","8","{""source"": ""Wiktionary Hausa"", ""license"": ""CC BY-SA"", ""attribution"": ""Wiktionary via kaikki.org"", ""definitions"": [""A great scholar, especially in religious matters."", ""A great scholar, especially in religious matters."", ""A traditional title of the emir of Borno."", ""professor""], ""parts_of_speech"": [""noun""], ""ipa"": [""/ʃéː.hùː/"", ""[ʃéː.hùː]""], ""examples"": [], ""dialect_assigned_default"": true}"
"shaihi","noun","8","{""source"": ""Wiktionary Hausa"", ""license"": ""CC BY-SA"", ""attribution"": ""Wiktionary via kaikki.org"", ""definitions"": [""A great scholar or erudite person, especially in a Sufi order.""], ""parts_of_speech"": [""noun""], ""ipa"": [""/ʃái.hìː/"", ""[ʃéi.hìː]""], ""examples"": [], ""dialect_assigned_default"": true}"
"shehi","noun","8","{""source"": ""Wiktionary Hausa"", ""license"": ""CC BY-SA"", ""attribution"": ""Wiktionary via kaikki.org"", ""definitions"": [""alternative form of shaihī̀""], ""parts_of_speech"": [""noun""], ""ipa"": [""/ʃéː.hìː/"", ""[ʃéː.hìː]""], ""examples"": [], ""dialect_assigned_default"": true}"
"sharifi","noun","8","{""source"": ""Wiktionary Hausa"", ""license"": ""CC BY-SA"", ""attribution"": ""Wiktionary via kaikki.org"", ""definitions"": [""Someone of noble descent, who can theoretically trace their ancestry back to Muhammad.""], ""parts_of_speech"": [""noun""], ""ipa"": [""/ʃà.ríː.fìː/"", ""[ʃə̀.ríː.ɸìː]""], ""examples"": [], ""dialect_assigned_default"": true}"
"sharu","noun","8","{""source"": ""Wiktionary Hausa"", ""license"": ""CC BY-SA"", ""attribution"": ""Wiktionary via kaikki.org"", ""definitions"": [""alternative form of sharifi (used as a title)""], ""parts_of_speech"": [""noun""], ""ipa"": [""/ʃà.rûː/"", ""[ʃə̀.rûː]""], ""examples"": [], ""dialect_assigned_default"": true}"
"gahawa","noun","8","{""source"": ""Wiktionary Hausa"", ""license"": ""CC BY-SA"", ""attribution"": ""Wiktionary via kaikki.org"", ""definitions"": [""coffee (especially Turkish coffee)""], ""parts_of_speech"": [""noun""], ""ipa"": [""/ɡá.há.wàː/"", ""[ɡə́.há.wàː]""], ""examples"": [], ""dialect_assigned_default"": true}"
"Tsanyawa","name","8","{""source"": ""Wiktionary Hausa"", ""license"": ""CC BY-SA"", ""attribution"": ""Wiktionary via kaikki.org"", ""definitions"": [""Tsanyawa (a town in Nigeria)""], ""parts_of_speech"": [""name""], ""ipa"": [""/(t)sʼán.jáː.wáː/"", ""[sʼɛ́ɲ.jáː.wáː]""], ""examples"": [], ""dialect_assigned_default"": true}"
"Jahun","name","8","{""source"": ""Wiktionary Hausa"", ""license"": ""CC BY-SA"", ""attribution"": ""Wiktionary via kaikki.org"", ""definitions"": [""Jahun (a town in Nigeria)""], ""parts_of_speech"": [""name""], ""ipa"": [""/(d)ʒáː.hùn/"", ""[d͡ʒáː.hʊ̀ŋ]""], ""examples"": [], ""dialect_assigned_default"": true}"
"Katagum","name","8","{""source"": ""Wiktionary Hausa"", ""license"": ""CC BY-SA"", ""attribution"": ""Wiktionary via kaikki.org"", ""definitions"": [""Katagum (a town in Nigeria)""], ""parts_of_speech"": [""name""], ""ipa"": [""/ká.táː.ɡùm/"", ""[kə́.táː.ɡʷʊ̀ŋ]""], ""examples"": [], ""dialect_assigned_default"": true}"
"Gobir","name","8","{""source"": ""Wiktionary Hausa"", ""license"": ""CC BY-SA"", ""attribution"": ""Wiktionary via kaikki.org"", ""definitions"": [""Gobir (a kingdom in Nigeria)""], ""parts_of_speech"": [""name""], ""ipa"": [""/ɡòː.bír/"", ""[ɡʷòː.bɪ́r]""], ""examples"": [], ""dialect_assigned_default"": true}"
"Bici","name","8","{""source"": ""Wiktionary Hausa"", ""license"": ""CC BY-SA"", ""attribution"": ""Wiktionary via kaikki.org"", ""definitions"": [""Bichi (a town in Nigeria)""], ""parts_of_speech"": [""name""], ""ipa"": [""/bí.t͡ʃì/"", ""[bɪ́.t͡ʃɪ̀]""], ""examples"": [], ""dialect_assigned_default"": true}"
"Ɓaɓura","name","8","{""source"": ""Wiktionary Hausa"", ""license"": ""CC BY-SA"", ""attribution"": ""Wiktionary via kaikki.org"", ""definitions"": [""Babura (a town in Nigeria)""], ""parts_of_speech"": [""name""], ""ipa"": [""/ɓáː.ɓù.ɽà/"", ""[ɓáː.ɓʊ̀.ɽə̀]""], ""examples"": [], ""dialect_assigned_default"": true}"
"Damagaram","name","8","{""source"": ""Wiktionary Hausa"", ""license"": ""CC BY-SA"", ""attribution"": ""Wiktionary via kaikki.org"", ""definitions"": [""synonym of Zàndâr̃: Zinder (a city in Niger)""], ""parts_of_speech"": [""name""], ""ipa"": [""/dà.má.ɡà.rám/"", ""[də̀.mə́.ɡə̀.ráŋ]""], ""examples"": [], ""dialect_assigned_default"": true}"
"Funtuwa","name","8","{""source"": ""Wiktionary Hausa"", ""license"": ""CC BY-SA"", ""attribution"": ""Wiktionary via kaikki.org"", ""definitions"": [""Funtua (a town in Nigeria)""], ""parts_of_speech"": [""name""], ""ipa"": [""/fùn.tú.wà/"", ""[ɸʊ̀n.tʊ́.wə̀]""], ""examples"": [], ""dialect_assigned_default"": true}"
"Gwandu","name","8","{""source"": ""Wiktionary Hausa"", ""license"": ""CC BY-SA"", ""attribution"": ""Wiktionary via kaikki.org"", ""definitions"": [""Gwandu (a town in Nigeria)""], ""parts_of_speech"": [""name""], ""ipa"": [""/ɡʷán.dú/"", ""[ɡʷán.dɪ́]""], ""examples"": [], ""dialect_assigned_default"": true}"
"Jega","name","8","{""source"": ""Wiktionary Hausa"", ""license"": ""CC BY-SA"", ""attribution"": ""Wiktionary via kaikki.org"", ""definitions"": [""Jega (a town in Nigeria)""], ""parts_of_speech"": [""name""], ""ipa"": [""/(d)ʒèː.ɡá/"", ""[d͡ʒèː.ɡə́]""], ""examples"": [], ""dialect_assigned_default"": true}"
"Jibiya","name","8","{""source"": ""Wiktionary Hausa"", ""license"": ""CC BY-SA"", ""attribution"": ""Wiktionary via kaikki.org"", ""definitions"": [""Jibia (a town in Nigeria)""], ""parts_of_speech"": [""name""], ""ipa"": [""/(d)ʒí.bí.jà/"", ""[d͡ʒɪ́.bɪ́.jɛ̀]""], ""examples"": [], ""dialect_assigned_default"": true}"
"Kazaure","name","8","{""source"": ""Wiktionary Hausa"", ""license"": ""CC BY-SA"", ""attribution"": ""Wiktionary via kaikki.org"", ""definitions"": [""Kazaure (a city in Nigeria)""], ""parts_of_speech"": [""name""], ""ipa"": [""/kà.záu.ɽé/"", ""[kə̀.záu.ɽé]""], ""examples"": [], ""dialect_assigned_default"": true}"
"Kaita","name","8","{""source"": ""Wiktionary Hausa"", ""license"": ""CC BY-SA"", ""attribution"": ""Wiktionary via kaikki.org"", ""definitions"": [""Kaita (a town in Nigeria)""], ""parts_of_speech"": [""name""], ""ipa"": [""/kái.tá/"", ""[kéi.tə́]""], ""examples"": [], ""dialect_assigned_default"": true}"
"Maraɗi","name","8","{""source"": ""Wiktionary Hausa"", ""license"": ""CC BY-SA"", ""attribution"": ""Wiktionary via kaikki.org"", ""definitions"": [""Maradi (a city in Niger)""], ""parts_of_speech"": [""name""], ""ipa"": [""/má.ɽáː.ɗí/"", ""[mə́.ɽáː.ɗɪ́]""], ""examples"": [], ""dialect_assigned_default"": true}"
"Mirya","name","8","{""source"": ""Wiktionary Hausa"", ""license"": ""CC BY-SA"", ""attribution"": ""Wiktionary via kaikki.org"", ""definitions"": [""Mirriah (a town in Niger)""], ""parts_of_speech"": [""name""], ""ipa"": [""/míɽ.jà/"", ""[mɪ́ɽ.jɛ̀]""], ""examples"": [], ""dialect_assigned_default"": true}"
"Rano","name","8","{""source"": ""Wiktionary Hausa"", ""license"": ""CC BY-SA"", ""attribution"": ""Wiktionary via kaikki.org"", ""definitions"": [""Rano (a town in Nigeria)""], ""parts_of_speech"": [""name""], ""ipa"": [""/ɽá.nó/"", ""[ɽə́.nó]""], ""examples"": [], ""dialect_assigned_default"": true}"
"Ringim","name","8","{""source"": ""Wiktionary Hausa"", ""license"": ""CC BY-SA"", ""attribution"": ""Wiktionary via kaikki.org"", ""definitions"": [""Ringim (a town in Nigeria)""], ""parts_of_speech"": [""name""], ""ipa"": [""/ɽín.ɡìm/"", ""[ɽɪ́ɲ.ɟɪ̀ŋ]""], ""examples"": [], ""dialect_assigned_default"": true}"
"Soba","name","8","{""source"": ""Wiktionary Hausa"", ""license"": ""CC BY-SA"", ""attribution"": ""Wiktionary via kaikki.org"", ""definitions"": [""Soba (a local government area of Nigeria)""], ""parts_of_speech"": [""name""], ""ipa"": [""/sòː.bá/"", ""[sòː.bə́]""], ""examples"": [], ""dialect_assigned_default"": true}"
"Takum","name","8","{""source"": ""Wiktionary Hausa"", ""license"": ""CC BY-SA"", ""attribution"": ""Wiktionary via kaikki.org"", ""definitions"": [""Takum (a town in Nigeria)""], ""parts_of_speech"": [""name""], ""ipa"": [""/táː.kùm/"", ""[táː.kʷʊ̀ŋ]""], ""examples"": [], ""dialect_assigned_default"": true}"
"Wudil","name","8","{""source"": ""Wiktionary Hausa"", ""license"": ""CC BY-SA"", ""attribution"": ""Wiktionary via kaikki.org"", ""definitions"": [""Wudil (a town in Nigeria)"", ""a river in Nigeria""], ""parts_of_speech"": [""name""], ""ipa"": [""/wù.díl/"", ""[wʊ̀.dɪ́l]""], ""examples"": [], ""dialect_assigned_default"": true}"
"Bahar Rum","name","8","{""source"": ""Wiktionary Hausa"", ""license"": ""CC BY-SA"", ""attribution"": ""Wiktionary via kaikki.org"", ""definitions"": [""Mediterranean Sea""], ""parts_of_speech"": [""name""], ""ipa"": [""/bà.hàr ɽûm/"", ""[bə̀.hàr ɽɪ̂ŋ]""], ""examples"": [], ""dialect_assigned_default"": true}"
"Siriya","name","8","{""source"": ""Wiktionary Hausa"", ""license"": ""CC BY-SA"", ""attribution"": ""Wiktionary via kaikki.org"", ""definitions"": [""Syria (a country in West Asia in the Middle East)""], ""parts_of_speech"": [""name""], ""ipa"": [""/síː.rí.jà/"", ""[síː.rɪ́.jɛ̀]""], ""examples"": [], ""dialect_assigned_default"": true}"
"Birnin Kudu","name","8","{""source"": ""Wiktionary Hausa"", ""license"": ""CC BY-SA"", ""attribution"": ""Wiktionary via kaikki.org"", ""definitions"": [""Birnin Kudu (a town in Nigeria)""], ""parts_of_speech"": [""name""], ""ipa"": [""/bír.nín kú.dù/"", ""[bɪ́r.nɪ́ŋ kʷʊ́.dɪ̀]""], ""examples"": [], ""dialect_assigned_default"": true}"
"Dala","name","8","{""source"": ""Wiktionary Hausa"", ""license"": ""CC BY-SA"", ""attribution"": ""Wiktionary via kaikki.org"", ""definitions"": [""Dalla Hill (a hill in Nigeria)""], ""parts_of_speech"": [""name""], ""ipa"": [""/dàː.lá/"", ""[dàː.lə́]""], ""examples"": [], ""dialect_assigned_default"": true}"
"Kafin Hausa","name","8","{""source"": ""Wiktionary Hausa"", ""license"": ""CC BY-SA"", ""attribution"": ""Wiktionary via kaikki.org"", ""definitions"": [""Kafin Hausa (a town in Nigeria)""], ""parts_of_speech"": [""name""], ""ipa"": [""/ká.fìn háu.sá/"", ""[kə́.ɸɪ̀ŋ háu.sə́]""], ""examples"": [], ""dialect_assigned_default"": true}"
"Tudun Wada","name","8","{""source"": ""Wiktionary Hausa"", ""license"": ""CC BY-SA"", ""attribution"": ""Wiktionary via kaikki.org"", ""definitions"": [""Tudun Wada (a town in Nigeria)""], ""parts_of_speech"": [""name""], ""ipa"": [""/tú.dùn wà.dáː/"", ""[tɪ́.dɪ̀m wə̀.dáː]""], ""examples"": [], ""dialect_assigned_default"": true}"
"Sabon Gida","name","8","{""source"": ""Wiktionary Hausa"", ""license"": ""CC BY-SA"", ""attribution"": ""Wiktionary via kaikki.org"", ""definitions"": [""Sabon-Guida (a village in Niger)""], ""parts_of_speech"": [""name""], ""ipa"": [""/sáː.bón ɡí.dáː/"", ""[sáː.báɲ ɟɪ́.dáː]""], ""examples"": [], ""dialect_assigned_default"": true}"
"Musawa","name","8","{""source"": ""Wiktionary Hausa"", ""license"": ""CC BY-SA"", ""attribution"": ""Wiktionary via kaikki.org"", ""definitions"": [""Musawa (a town in Nigeria)""], ""parts_of_speech"": [""name""], ""ipa"": [""/múː.sáː.wáː/"", ""[múː.sáː.wáː]""], ""examples"": [], ""dialect_assigned_default"": true}"
"Rimi","name","8","{""source"": ""Wiktionary Hausa"", ""license"": ""CC BY-SA"", ""attribution"": ""Wiktionary via kaikki.org"", ""definitions"": [""Rimi (a town in Nigeria)""], ""parts_of_speech"": [""name""], ""ipa"": [""/ɽíː.mí/"", ""[ɽíː.mɪ́]""], ""examples"": [], ""dialect_assigned_default"": true}"
"Rogo","name","8","{""source"": ""Wiktionary Hausa"", ""license"": ""CC BY-SA"", ""attribution"": ""Wiktionary via kaikki.org"", ""definitions"": [""Rogo (a town in Nigeria)""], ""parts_of_speech"": [""name""], ""ipa"": [""/ɽóː.ɡò/"", ""[ɽóː.ɡʷò]""], ""examples"": [], ""dialect_assigned_default"": true}"
"Dutse","name","8","{""source"": ""Wiktionary Hausa"", ""license"": ""CC BY-SA"", ""attribution"": ""Wiktionary via kaikki.org"", ""definitions"": [""Dutse (the largest city and state capital of Jigawa State, Nigeria)""], ""parts_of_speech"": [""name""], ""ipa"": [""/dúː.(t)sʼè/"", ""[dúː.sʼè]""], ""examples"": [], ""dialect_assigned_default"": true}"
"Kibiya","name","8","{""source"": ""Wiktionary Hausa"", ""license"": ""CC BY-SA"", ""attribution"": ""Wiktionary via kaikki.org"", ""definitions"": [""Kibiya (a town in Nigeria)""], ""parts_of_speech"": [""name""], ""ipa"": [""/kí.bí.jà/"", ""[cɪ́.bɪ́.jɛ̀]""], ""examples"": [], ""dialect_assigned_default"": true}"
"Garki","name","8","{""source"": ""Wiktionary Hausa"", ""license"": ""CC BY-SA"", ""attribution"": ""Wiktionary via kaikki.org"", ""definitions"": [""Garki (a town in Nigeria)""], ""parts_of_speech"": [""name""], ""ipa"": [""/ɡàɽ.kí/"", ""[ɡàɽ.cɪ́]""], ""examples"": [], ""dialect_assigned_default"": true}"
"Giginyu","name","8","{""source"": ""Wiktionary Hausa"", ""license"": ""CC BY-SA"", ""attribution"": ""Wiktionary via kaikki.org"", ""definitions"": [""a quarter in Kano, Nigeria""], ""parts_of_speech"": [""name""], ""ipa"": [""/ɡì.ɡìn.jú/"", ""[ɟɪ̀.ɟɪ̀ɲ.jʊ́]""], ""examples"": [], ""dialect_assigned_default"": true}"
"Dogarai","name","8","{""source"": ""Wiktionary Hausa"", ""license"": ""CC BY-SA"", ""attribution"": ""Wiktionary via kaikki.org"", ""definitions"": [""a quarter in Kano, Nigeria""], ""parts_of_speech"": [""name""], ""ipa"": [""/dòː.ɡà.ɽái/"", ""[dòː.ɡə̀.ɽéi]""], ""examples"": [], ""dialect_assigned_default"": true}"
"dogari","noun","8","{""source"": ""Wiktionary Hausa"", ""license"": ""CC BY-SA"", ""attribution"": ""Wiktionary via kaikki.org"", ""definitions"": [""bodyguard of an emir""], ""parts_of_speech"": [""noun""], ""ipa"": [""/dòː.ɡá.ɽìː/"", ""[dòː.ɡə́.ɽìː]""], ""examples"": [], ""dialect_assigned_default"": true}"
"dogarai","noun","8","{""source"": ""Wiktionary Hausa"", ""license"": ""CC BY-SA"", ""attribution"": ""Wiktionary via kaikki.org"", ""definitions"": [""plural of dṑgarī̀""], ""parts_of_speech"": [""noun""], ""ipa"": [], ""examples"": [], ""dialect_assigned_default"": true}"
"dogarawa","noun","8","{""source"": ""Wiktionary Hausa"", ""license"": ""CC BY-SA"", ""attribution"": ""Wiktionary via kaikki.org"", ""definitions"": [""plural of dṑgarī̀""], ""parts_of_speech"": [""noun""], ""ipa"": [], ""examples"": [], ""dialect_assigned_default"": true}"
"fatanya","noun","8","{""source"": ""Wiktionary Hausa"", ""license"": ""CC BY-SA"", ""attribution"": ""Wiktionary via kaikki.org"", ""definitions"": [""alternative form of far̃tanyā̀""], ""parts_of_speech"": [""noun""], ""ipa"": [""/fá.tán.jàː/"", ""[ɸə́.tɛ́ɲ.jàː]""], ""examples"": [], ""dialect_assigned_default"": true}"
"fanke","noun","8","{""source"": ""Wiktionary Hausa"", ""license"": ""CC BY-SA"", ""attribution"": ""Wiktionary via kaikki.org"", ""definitions"": [""a type of fried wheat cake""], ""parts_of_speech"": [""noun""], ""ipa"": [""/fàn.kéː/"", ""[ɸɛ̀ɲ.céː]""], ""examples"": [], ""dialect_assigned_default"": true}"
"yalo","adj","8","{""source"": ""Wiktionary Hausa"", ""license"": ""CC BY-SA"", ""attribution"": ""Wiktionary via kaikki.org"", ""definitions"": [""yellow"", ""thorn apple, Solanum incanum""], ""parts_of_speech"": [""adj"", ""noun""], ""ipa"": [""/já.lòː/"", ""[jɛ́.lòː]"", ""[jáː.lóː]"", ""[jɛ́.lòː]"", ""/jáː.lóː/"", ""[jáː.lóː]""], ""examples"": [], ""dialect_assigned_default"": true}"
"shinkafa","noun","8","{""source"": ""Wiktionary Hausa"", ""license"": ""CC BY-SA"", ""attribution"": ""Wiktionary via kaikki.org"", ""definitions"": [""rice""], ""parts_of_speech"": [""noun""], ""ipa"": [""/ʃìn.káː.fáː/"", ""[ʃɪ̀ŋ.káː.ɸáː]""], ""examples"": [], ""dialect_assigned_default"": true}"
"dambe","noun","8","{""source"": ""Wiktionary Hausa"", ""license"": ""CC BY-SA"", ""attribution"": ""Wiktionary via kaikki.org"", ""definitions"": [""a traditional form of boxing""], ""parts_of_speech"": [""noun""], ""ipa"": [""/dám.bé/"", ""[dám.bé]""], ""examples"": [], ""dialect_assigned_default"": true}"
"dambu","noun","8","{""source"": ""Wiktionary Hausa"", ""license"": ""CC BY-SA"", ""attribution"": ""Wiktionary via kaikki.org"", ""definitions"": [""a food made from flour (from various grains) or granulated meat, usually prepared with onion""], ""parts_of_speech"": [""noun""], ""ipa"": [""/dám.búː/"", ""[dám.búː]""], ""examples"": [], ""dialect_assigned_default"": true}"
"gurasa","noun","8","{""source"": ""Wiktionary Hausa"", ""license"": ""CC BY-SA"", ""attribution"": ""Wiktionary via kaikki.org"", ""definitions"": [""A kind of bread, similar to pita.""], ""parts_of_speech"": [""noun""], ""ipa"": [""/ɡù.ráː.sàː/"", ""[ɡʷʊ̀.ráː.sàː]""], ""examples"": [], ""dialect_assigned_default"": true}"
"murhu","noun","8","{""source"": ""Wiktionary Hausa"", ""license"": ""CC BY-SA"", ""attribution"": ""Wiktionary via kaikki.org"", ""definitions"": [""the cooking stones in a traditional hearth"", ""a modern stove, which may be in the form of a container or tripod""], ""parts_of_speech"": [""noun""], ""ipa"": [""/múɽ.hùː/"", ""[mʊ́ɽ.hùː]""], ""examples"": [], ""dialect_assigned_default"": true}"
"hawan-ƙaho","noun","8","{""source"": ""Wiktionary Hausa"", ""license"": ""CC BY-SA"", ""attribution"": ""Wiktionary via kaikki.org"", ""definitions"": [""A kind of bullfighting in which butchers jump onto bulls' heads to overpower them."", ""risky behavior""], ""parts_of_speech"": [""noun""], ""ipa"": [""/há.wán.kʼà.hóː/"", ""[há.wáŋ.kʼə̀.hóː]""], ""examples"": [], ""dialect_assigned_default"": true}"
"ƙaho","noun","8","{""source"": ""Wiktionary Hausa"", ""license"": ""CC BY-SA"", ""attribution"": ""Wiktionary via kaikki.org"", ""definitions"": [""horn""], ""parts_of_speech"": [""noun""], ""ipa"": [""/kʼà.hóː/"", ""[kʼə̀.hóː]""], ""examples"": [], ""dialect_assigned_default"": true}"
"biyer","noun","8","{""source"": ""Wiktionary Hausa"", ""license"": ""CC BY-SA"", ""attribution"": ""Wiktionary via kaikki.org"", ""definitions"": [""beer""], ""parts_of_speech"": [""noun""], ""ipa"": [""/bì.jêr/""], ""examples"": [], ""dialect_assigned_default"": true}"
"Dimashi","noun","8","{""source"": ""Wiktionary Hausa"", ""license"": ""CC BY-SA"", ""attribution"": ""Wiktionary via kaikki.org"", ""definitions"": [""Sunday""], ""parts_of_speech"": [""noun""], ""ipa"": [""/dì.máː.ʃì/""], ""examples"": [], ""dialect_assigned_default"": true}"
"dubban","noun","8","{""source"": ""Wiktionary Hausa"", ""license"": ""CC BY-SA"", ""attribution"": ""Wiktionary via kaikki.org"", ""definitions"": [""wine""], ""parts_of_speech"": [""noun""], ""ipa"": [""/dùb.bân/""], ""examples"": [], ""dialect_assigned_default"": true}"
"ruwan inabi","noun","8","{""source"": ""Wiktionary Hausa"", ""license"": ""CC BY-SA"", ""attribution"": ""Wiktionary via kaikki.org"", ""definitions"": [""wine""], ""parts_of_speech"": [""noun""], ""ipa"": [""/ɽú.wán ʔí.nà.bíː/"", ""[ɽʊ́.wáŋ ʔɪ́.nə̀.bíː]""], ""examples"": [], ""dialect_assigned_default"": true}"
"Iraƙ","name","8","{""source"": ""Wiktionary Hausa"", ""license"": ""CC BY-SA"", ""attribution"": ""Wiktionary via kaikki.org"", ""definitions"": [""alternative form of Ìr̃âƙì""], ""parts_of_speech"": [""name""], ""ipa"": [""/ʔì.râkʼ/"", ""[ʔɪ̀.râkʼ]""], ""examples"": [], ""dialect_assigned_default"": true}"
"Iraƙi","name","8","{""source"": ""Wiktionary Hausa"", ""license"": ""CC BY-SA"", ""attribution"": ""Wiktionary via kaikki.org"", ""definitions"": [""Iraq (a country in West Asia in the Middle East)""], ""parts_of_speech"": [""name""], ""ipa"": [""/ʔì.râː.kʼì/"", ""[ʔɪ̀.râː.cʼɪ̀]""], ""examples"": [], ""dialect_assigned_default"": true}"
"kamyo","noun","8","{""source"": ""Wiktionary Hausa"", ""license"": ""CC BY-SA"", ""attribution"": ""Wiktionary via kaikki.org"", ""definitions"": [""truck, lorry""], ""parts_of_speech"": [""noun""], ""ipa"": [""/kàm.jôː/""], ""examples"": [], ""dialect_assigned_default"": true}"
"babbar mota","noun","8","{""source"": ""Wiktionary Hausa"", ""license"": ""CC BY-SA"", ""attribution"": ""Wiktionary via kaikki.org"", ""definitions"": [""truck, lorry""], ""parts_of_speech"": [""noun""], ""ipa"": [""/bàb.bár móː.tàː/"", ""[bàb.bár móː.tàː]""], ""examples"": [], ""dialect_assigned_default"": true}"
"muddin","conj","8","{""source"": ""Wiktionary Hausa"", ""license"": ""CC BY-SA"", ""attribution"": ""Wiktionary via kaikki.org"", ""definitions"": [""as long as, provided that""], ""parts_of_speech"": [""conj""], ""ipa"": [""/múd.dìn/"", ""[mʊ́d.dɪ̀ŋ]""], ""examples"": [], ""dialect_assigned_default"": true}"
"kurkuku","noun","8","{""source"": ""Wiktionary Hausa"", ""license"": ""CC BY-SA"", ""attribution"": ""Wiktionary via kaikki.org"", ""definitions"": [""prison""], ""parts_of_speech"": [""noun""], ""ipa"": [""/kûr.kú.kùː/"", ""[kʷʊ̂r.kʷʊ́.kʷùː]""], ""examples"": [], ""dialect_assigned_default"": true}"
"lakile","noun","8","{""source"": ""Wiktionary Hausa"", ""license"": ""CC BY-SA"", ""attribution"": ""Wiktionary via kaikki.org"", ""definitions"": [""key""], ""parts_of_speech"": [""noun""], ""ipa"": [""/làː.kì.lêː/""], ""examples"": [], ""dialect_assigned_default"": true}"
"luleti","noun","8","{""source"": ""Wiktionary Hausa"", ""license"": ""CC BY-SA"", ""attribution"": ""Wiktionary via kaikki.org"", ""definitions"": [""eyeglasses""], ""parts_of_speech"": [""noun""], ""ipa"": [""/lù.léː.tì/""], ""examples"": [], ""dialect_assigned_default"": true}"
"tabarau","noun","8","{""source"": ""Wiktionary Hausa"", ""license"": ""CC BY-SA"", ""attribution"": ""Wiktionary via kaikki.org"", ""definitions"": [""eyeglasses""], ""parts_of_speech"": [""noun""], ""ipa"": [""/tà.bàː.ɽáu/"", ""[tə̀.bàː.ɽáu]""], ""examples"": [], ""dialect_assigned_default"": true}"
"madubi","noun","8","{""source"": ""Wiktionary Hausa"", ""license"": ""CC BY-SA"", ""attribution"": ""Wiktionary via kaikki.org"", ""definitions"": [""mirror"", ""eyeglasses""], ""parts_of_speech"": [""noun""], ""ipa"": [""/má.dúː.bíː/"", ""[mə́.dúː.bíː]""], ""examples"": [], ""dialect_assigned_default"": true}"
"luwul","noun","8","{""source"": ""Wiktionary Hausa"", ""license"": ""CC BY-SA"", ""attribution"": ""Wiktionary via kaikki.org"", ""definitions"": [""motor oil""], ""parts_of_speech"": [""noun""], ""ipa"": [""/lú.wùl/""], ""examples"": [], ""dialect_assigned_default"": true}"
"katifa","noun","8","{""source"": ""Wiktionary Hausa"", ""license"": ""CC BY-SA"", ""attribution"": ""Wiktionary via kaikki.org"", ""definitions"": [""mattress""], ""parts_of_speech"": [""noun""], ""ipa"": [""/kà.tíː.fàː/"", ""[kə̀.tíː.ɸàː]""], ""examples"": [], ""dialect_assigned_default"": true}"
"mushe","noun","8","{""source"": ""Wiktionary Hausa"", ""license"": ""CC BY-SA"", ""attribution"": ""Wiktionary via kaikki.org"", ""definitions"": [""mister, Mr."", ""carrion; animal not slaughtered according to Islamic law""], ""parts_of_speech"": [""noun""], ""ipa"": [""/mù.ʃêː/"", ""/múː.ʃèː/"", ""[múː.ʃèː]""], ""examples"": [], ""dialect_assigned_default"": true}"
"lasisi","noun","8","{""source"": ""Wiktionary Hausa"", ""license"": ""CC BY-SA"", ""attribution"": ""Wiktionary via kaikki.org"", ""definitions"": [""alternative form of lāsìn""], ""parts_of_speech"": [""noun""], ""ipa"": [""/láː.síː.sìː/"", ""[láː.síː.sìː]""], ""examples"": [], ""dialect_assigned_default"": true}"
"fasinja","noun","8","{""source"": ""Wiktionary Hausa"", ""license"": ""CC BY-SA"", ""attribution"": ""Wiktionary via kaikki.org"", ""definitions"": [""passenger""], ""parts_of_speech"": [""noun""], ""ipa"": [""/fáː.sín.(d)ʒà/"", ""[ɸáː.sɪ́n.d͡ʒə̀]""], ""examples"": [], ""dialect_assigned_default"": true}"
"shapo","noun","8","{""source"": ""Wiktionary Hausa"", ""license"": ""CC BY-SA"", ""attribution"": ""Wiktionary via kaikki.org"", ""definitions"": [""hat""], ""parts_of_speech"": [""noun""], ""ipa"": [""/ʃà.pôː/""], ""examples"": [], ""dialect_assigned_default"": true}"
"sitampi","noun","8","{""source"": ""Wiktionary Hausa"", ""license"": ""CC BY-SA"", ""attribution"": ""Wiktionary via kaikki.org"", ""definitions"": [""postage stamp"", ""official stamp or seal""], ""parts_of_speech"": [""noun""], ""ipa"": [""/sì.tám.pìː/"", ""[sɪ̀.tám.pìː]""], ""examples"": [], ""dialect_assigned_default"": true}"
"labudda","adv","8","{""source"": ""Wiktionary Hausa"", ""license"": ""CC BY-SA"", ""attribution"": ""Wiktionary via kaikki.org"", ""definitions"": [""definitely, certainly""], ""parts_of_speech"": [""adv""], ""ipa"": [""/làː.búd.dà/"", ""[làː.bʊ́d.də̀]""], ""examples"": [], ""dialect_assigned_default"": true}"
"bappa","noun","8","{""source"": ""Wiktionary Hausa"", ""license"": ""CC BY-SA"", ""attribution"": ""Wiktionary via kaikki.org"", ""definitions"": [""alternative spelling of baffa (“paternal uncle”)""], ""parts_of_speech"": [""noun""], ""ipa"": [""/báp.pà/"", ""[báp.pə̀]""], ""examples"": [], ""dialect_assigned_default"": true}"
"haɓe","noun","8","{""source"": ""Wiktionary Hausa"", ""license"": ""CC BY-SA"", ""attribution"": ""Wiktionary via kaikki.org"", ""definitions"": [""Hausa people, as opposed to the Fulani""], ""parts_of_speech"": [""noun""], ""ipa"": [""/háː.ɓè/"", ""[háː.ɓè]""], ""examples"": [], ""dialect_assigned_default"": true}"
"kaɗo","noun","8","{""source"": ""Wiktionary Hausa"", ""license"": ""CC BY-SA"", ""attribution"": ""Wiktionary via kaikki.org"", ""definitions"": [""pagan, non-Muslim"", ""a Hausa person without Fulani ancestry""], ""parts_of_speech"": [""noun""], ""ipa"": [""/káː.ɗò/"", ""[káː.ɗò]""], ""examples"": [], ""dialect_assigned_default"": true}"
"haɓɓoje","noun","8","{""source"": ""Wiktionary Hausa"", ""license"": ""CC BY-SA"", ""attribution"": ""Wiktionary via kaikki.org"", ""definitions"": [""hay fever""], ""parts_of_speech"": [""noun""], ""ipa"": [""/háɓ.ɓóː.(d)ʒè/"", ""[háɓ.ɓóː.d͡ʒè]""], ""examples"": [], ""dialect_assigned_default"": true}"
"hubbare","noun","8","{""source"": ""Wiktionary Hausa"", ""license"": ""CC BY-SA"", ""attribution"": ""Wiktionary via kaikki.org"", ""definitions"": [""tomb of a religious leader (usually in reference to that of Usman Dan Fodio)""], ""parts_of_speech"": [""noun""], ""ipa"": [""/húb.báː.rè/"", ""[hʊ́b.báː.rè]""], ""examples"": [], ""dialect_assigned_default"": true}"
"kindirmo","noun","8","{""source"": ""Wiktionary Hausa"", ""license"": ""CC BY-SA"", ""attribution"": ""Wiktionary via kaikki.org"", ""definitions"": [""a kind of sour yogurt""], ""parts_of_speech"": [""noun""], ""ipa"": [""/kìn.dìr.móː/"", ""[cɪ̀n.dɪ̀r.móː]""], ""examples"": [], ""dialect_assigned_default"": true}"
"sharo","noun","8","{""source"": ""Wiktionary Hausa"", ""license"": ""CC BY-SA"", ""attribution"": ""Wiktionary via kaikki.org"", ""definitions"": [""A ritual test of endurance in Fulani culture, in which young men are flogged and must not show pain.""], ""parts_of_speech"": [""noun""], ""ipa"": [""/ʃá.rò/"", ""[ʃə́.rò]""], ""examples"": [], ""dialect_assigned_default"": true}"
"yallaɓai","intj","8","{""source"": ""Wiktionary Hausa"", ""license"": ""CC BY-SA"", ""attribution"": ""Wiktionary via kaikki.org"", ""definitions"": [""Respectful way of addressing one's superior.""], ""parts_of_speech"": [""intj""], ""ipa"": [""/jál.làː.ɓâi/"", ""[jɛ́l.làː.ɓêi]""], ""examples"": [], ""dialect_assigned_default"": true}"
"alaramma","noun","8","{""source"": ""Wiktionary Hausa"", ""license"": ""CC BY-SA"", ""attribution"": ""Wiktionary via kaikki.org"", ""definitions"": [""hafiz (someone who has memorized the entire Quran)""], ""parts_of_speech"": [""noun""], ""ipa"": [""/ʔá.là.rám.mà/"", ""[ʔá.lə̀.rám.mə̀]""], ""examples"": [], ""dialect_assigned_default"": true}"
"kaigama","noun","8","{""source"": ""Wiktionary Hausa"", ""license"": ""CC BY-SA"", ""attribution"": ""Wiktionary via kaikki.org"", ""definitions"": [""A traditional position, the chief slave of a sultan.""], ""parts_of_speech"": [""noun""], ""ipa"": [""/kái.ɡá.mà/"", ""[kéi.ɡə́.mə̀]""], ""examples"": [], ""dialect_assigned_default"": true}"
"akawu","noun","8","{""source"": ""Wiktionary Hausa"", ""license"": ""CC BY-SA"", ""attribution"": ""Wiktionary via kaikki.org"", ""definitions"": [""clerk""], ""parts_of_speech"": [""noun""], ""ipa"": [""/ʔà.kàː.wú/"", ""[ʔà.kàː.wʊ́]""], ""examples"": [], ""dialect_assigned_default"": true}"
"agushi","noun","8","{""source"": ""Wiktionary Hausa"", ""license"": ""CC BY-SA"", ""attribution"": ""Wiktionary via kaikki.org"", ""definitions"": [""egusi (melon seeds used to make soup)""], ""parts_of_speech"": [""noun""], ""ipa"": [""/ʔà.ɡú.ʃíː/"", ""[ʔà.ɡʷʊ́.ʃíː]""], ""examples"": [], ""dialect_assigned_default"": true}"
"zuriya","noun","8","{""source"": ""Wiktionary Hausa"", ""license"": ""CC BY-SA"", ""attribution"": ""Wiktionary via kaikki.org"", ""definitions"": [""progeny, descendant""], ""parts_of_speech"": [""noun""], ""ipa"": [""/zù.rí.jàː/"", ""[zɪ̀.rɪ́.jàː]""], ""examples"": [], ""dialect_assigned_default"": true}"
"kowa","pron","8","{""source"": ""Wiktionary Hausa"", ""license"": ""CC BY-SA"", ""attribution"": ""Wiktionary via kaikki.org"", ""definitions"": [""everybody, everyone"", ""whoever, anyone (who)""], ""parts_of_speech"": [""pron""], ""ipa"": [""/kóː.wáː/"", ""[kʷóː.wáː]""], ""examples"": [], ""dialect_assigned_default"": true}"
"adabi","noun","8","{""source"": ""Wiktionary Hausa"", ""license"": ""CC BY-SA"", ""attribution"": ""Wiktionary via kaikki.org"", ""definitions"": [""literature""], ""parts_of_speech"": [""noun""], ""ipa"": [""/ʔá.dà.bíː/"", ""[ʔá.də̀.bíː]""], ""examples"": [], ""dialect_assigned_default"": true}"
"ƙoƙari","noun","8","{""source"": ""Wiktionary Hausa"", ""license"": ""CC BY-SA"", ""attribution"": ""Wiktionary via kaikki.org"", ""definitions"": [""effort""], ""parts_of_speech"": [""noun""], ""ipa"": [""/kʼòː.kʼá.ɽí/"", ""[kʷʼòː.kʼə́.ɽɪ́]""], ""examples"": [], ""dialect_assigned_default"": true}"
"tsoho","adj","8","{""source"": ""Wiktionary Hausa"", ""license"": ""CC BY-SA"", ""attribution"": ""Wiktionary via kaikki.org"", ""definitions"": [""old (of a person or a thing)"", ""old person, someone or something which is old"", ""one's parent, old man, old lady""], ""parts_of_speech"": [""adj"", ""noun""], ""ipa"": [""/(t)sʼóː.hóː/"", ""[sʼóː.hóː]"", ""/(t)sʼóː.hóː/"", ""[sʼóː.hóː]""], ""examples"": [], ""dialect_assigned_default"": true}"
"gajere","adj","8","{""source"": ""Wiktionary Hausa"", ""license"": ""CC BY-SA"", ""attribution"": ""Wiktionary via kaikki.org"", ""definitions"": [""short"", ""someone or something which is short""], ""parts_of_speech"": [""adj"", ""noun""], ""ipa"": [""/ɡà.(d)ʒéː.ɽéː/"", ""[ɡə̀.d͡ʒéː.ɽéː]"", ""/ɡà.(d)ʒéː.ɽéː/"", ""[ɡə̀.d͡ʒéː.ɽéː]""], ""examples"": [], ""dialect_assigned_default"": true}"
"ƙanƙane","adj","8","{""source"": ""Wiktionary Hausa"", ""license"": ""CC BY-SA"", ""attribution"": ""Wiktionary via kaikki.org"", ""definitions"": [""small"", ""someone or something which is small""], ""parts_of_speech"": [""adj"", ""noun""], ""ipa"": [""/kʼàn.kʼá.nèː/"", ""[kʼàŋ.kʼə́.nèː]"", ""/kʼàn.kʼá.nèː/"", ""[kʼàŋ.kʼə́.nèː]""], ""examples"": [], ""dialect_assigned_default"": true}"
"ƙarami","adj","8","{""source"": ""Wiktionary Hausa"", ""license"": ""CC BY-SA"", ""attribution"": ""Wiktionary via kaikki.org"", ""definitions"": [""small"", ""young(er)"", ""someone or something which is small"", ""someone who is young; the younger one""], ""parts_of_speech"": [""adj"", ""noun""], ""ipa"": [""/kʼà.ɽá.míː/"", ""[kʼə̀.ɽə́.míː]"", ""/kʼà.ɽá.míː/"", ""[kʼə̀.ɽə́.míː]""], ""examples"": [], ""dialect_assigned_default"": true}"
"ƙanana","adj","8","{""source"": ""Wiktionary Hausa"", ""license"": ""CC BY-SA"", ""attribution"": ""Wiktionary via kaikki.org"", ""definitions"": [""plural of ƙànƙanḕ and ƙàramī"", ""plural of ƙànƙanḕ and ƙàramī""], ""parts_of_speech"": [""adj"", ""noun""], ""ipa"": [""/kʼá.náː.nàː/"", ""[kʼə́.náː.nàː]"", ""/kʼá.náː.nàː/"", ""[kʼə́.náː.nàː]""], ""examples"": [], ""dialect_assigned_default"": true}"
"algashi","adj","8","{""source"": ""Wiktionary Hausa"", ""license"": ""CC BY-SA"", ""attribution"": ""Wiktionary via kaikki.org"", ""definitions"": [""a light shade of green""], ""parts_of_speech"": [""adj""], ""ipa"": [""/ʔál.ɡà.ʃíː/"", ""[ʔál.ɡə̀.ʃíː]""], ""examples"": [], ""dialect_assigned_default"": true}"
"kahuhu","noun","8","{""source"": ""Wiktionary Hausa"", ""license"": ""CC BY-SA"", ""attribution"": ""Wiktionary via kaikki.org"", ""definitions"": [""hoopoe""], ""parts_of_speech"": [""noun""], ""ipa"": [""/ká.hú.hú/"", ""[kə́.hʊ́.hʊ́]""], ""examples"": [], ""dialect_assigned_default"": true}"
"alhudahuda","noun","8","{""source"": ""Wiktionary Hausa"", ""license"": ""CC BY-SA"", ""attribution"": ""Wiktionary via kaikki.org"", ""definitions"": [""hoopoe""], ""parts_of_speech"": [""noun""], ""ipa"": [""/ʔàl.hú.dà.hú.dà/"", ""[ʔàl.hʊ́.də̀.hʊ́.də̀]""], ""examples"": [], ""dialect_assigned_default"": true}"
"baƙi","adj","8","{""source"": ""Wiktionary Hausa"", ""license"": ""CC BY-SA"", ""attribution"": ""Wiktionary via kaikki.org"", ""definitions"": [""black, dark"", ""something bad or evil"", ""letter of an alphabet"", ""a full letter (consonant) in Arabic script""], ""parts_of_speech"": [""adj"", ""noun""], ""ipa"": [""/bá.kʼíː/"", ""[bə́.cʼíː]"", ""/bá.kʼíː/"", ""[bə́.cʼíː]"", ""/bá.kʼíː/"", ""[bə́.cʼíː]""], ""examples"": [], ""dialect_assigned_default"": true}"
"ɗanye","adj","8","{""source"": ""Wiktionary Hausa"", ""license"": ""CC BY-SA"", ""attribution"": ""Wiktionary via kaikki.org"", ""definitions"": [""raw, unripe"", ""inexperienced""], ""parts_of_speech"": [""adj""], ""ipa"": [""/ɗán.jéː/"", ""[ɗɛ́ɲ.jéː]""], ""examples"": [], ""dialect_assigned_default"": true}"
"ƙato","adj","8","{""source"": ""Wiktionary Hausa"", ""license"": ""CC BY-SA"", ""attribution"": ""Wiktionary via kaikki.org"", ""definitions"": [""huge, enormous""], ""parts_of_speech"": [""adj""], ""ipa"": [""/kʼáː.tòː/"", ""[kʼáː.tòː]""], ""examples"": [], ""dialect_assigned_default"": true}"
"ƙazami","adj","8","{""source"": ""Wiktionary Hausa"", ""license"": ""CC BY-SA"", ""attribution"": ""Wiktionary via kaikki.org"", ""definitions"": [""dirty, filthy""], ""parts_of_speech"": [""adj""], ""ipa"": [""/kʼà.záː.míː/"", ""[kʼə̀.záː.míː]""], ""examples"": [], ""dialect_assigned_default"": true}"
"ƙazanta","noun","8","{""source"": ""Wiktionary Hausa"", ""license"": ""CC BY-SA"", ""attribution"": ""Wiktionary via kaikki.org"", ""definitions"": [""filth, dirtiness""], ""parts_of_speech"": [""noun""], ""ipa"": [""/kʼà.zân.táː/"", ""[kʼə̀.zân.táː]""], ""examples"": [], ""dialect_assigned_default"": true}"
"ƙulumi","adj","8","{""source"": ""Wiktionary Hausa"", ""license"": ""CC BY-SA"", ""attribution"": ""Wiktionary via kaikki.org"", ""definitions"": [""stingy"", ""stingy person""], ""parts_of_speech"": [""adj"", ""noun""], ""ipa"": [""/kʼúː.lú.míː/"", ""[kʷʼúː.lɪ́.míː]"", ""/kʼúː.lú.míː/"", ""[kʷʼúː.lɪ́.míː]""], ""examples"": [], ""dialect_assigned_default"": true}"
"kumama","adj","8","{""source"": ""Wiktionary Hausa"", ""license"": ""CC BY-SA"", ""attribution"": ""Wiktionary via kaikki.org"", ""definitions"": [""feeble, weak"", ""feeble person""], ""parts_of_speech"": [""adj"", ""noun""], ""ipa"": [""/kù.máː.máː/"", ""[kʷʊ̀.máː.máː]"", ""/kù.máː.máː/"", ""[kʷʊ̀.máː.máː]""], ""examples"": [], ""dialect_assigned_default"": true}"
"mugun dawa","noun","8","{""source"": ""Wiktionary Hausa"", ""license"": ""CC BY-SA"", ""attribution"": ""Wiktionary via kaikki.org"", ""definitions"": [""warthog""], ""parts_of_speech"": [""noun""], ""ipa"": [""/múː.ɡùn dá.wà/"", ""[múː.ɡʷʊ̀n də́.wə̀]""], ""examples"": [], ""dialect_assigned_default"": true}"
"alhanzir","noun","8","{""source"": ""Wiktionary Hausa"", ""license"": ""CC BY-SA"", ""attribution"": ""Wiktionary via kaikki.org"", ""definitions"": [""warthog""], ""parts_of_speech"": [""noun""], ""ipa"": [""/ʔàl.hàn.zîr/"", ""[ʔàl.hàn.zɪ̂r]""], ""examples"": [], ""dialect_assigned_default"": true}"
"rawaya","noun","8","{""source"": ""Wiktionary Hausa"", ""license"": ""CC BY-SA"", ""attribution"": ""Wiktionary via kaikki.org"", ""definitions"": [""Cochlospermum tinctorium, a medicinal plant from which a yellow dye is extracted"", ""yellow"", ""yellow""], ""parts_of_speech"": [""noun"", ""adj""], ""ipa"": [""/ɽàː.wá.jàː/"", ""[ɽàː.wɛ́.jàː]"", ""/ɽàː.wá.jàː/"", ""[ɽàː.wɛ́.jàː]""], ""examples"": [], ""dialect_assigned_default"": true}"
"sakarai","noun","8","{""source"": ""Wiktionary Hausa"", ""license"": ""CC BY-SA"", ""attribution"": ""Wiktionary via kaikki.org"", ""definitions"": [""a useless person"", ""useless, stupid""], ""parts_of_speech"": [""noun"", ""adj""], ""ipa"": [""/sáː.ká.rái/"", ""[sáː.kə́.réi]"", ""/sáː.ká.rái/"", ""[sáː.kə́.réi]""], ""examples"": [], ""dialect_assigned_default"": true}"
"shuɗi","adj","8","{""source"": ""Wiktionary Hausa"", ""license"": ""CC BY-SA"", ""attribution"": ""Wiktionary via kaikki.org"", ""definitions"": [""blue"", ""blue""], ""parts_of_speech"": [""adj"", ""noun""], ""ipa"": [""/ʃúː.ɗìː/"", ""[ʃúː.ɗìː]"", ""/ʃúː.ɗìː/"", ""[ʃúː.ɗìː]""], ""examples"": [], ""dialect_assigned_default"": true}"
"ruwan-hoda","adj","8","{""source"": ""Wiktionary Hausa"", ""license"": ""CC BY-SA"", ""attribution"": ""Wiktionary via kaikki.org"", ""definitions"": [""pink""], ""parts_of_speech"": [""adj""], ""ipa"": [""/ɽú.wán.hóː.dàː/"", ""[ɽʊ́.wáŋ.hóː.dàː]""], ""examples"": [], ""dialect_assigned_default"": true}"
"ruwan-ƙasa","adj","8","{""source"": ""Wiktionary Hausa"", ""license"": ""CC BY-SA"", ""attribution"": ""Wiktionary via kaikki.org"", ""definitions"": [""brown""], ""parts_of_speech"": [""adj""], ""ipa"": [""/ɽú.wán.kʼá.sáː/"", ""[ɽʊ́.wáŋ.kʼə́.sáː]""], ""examples"": [], ""dialect_assigned_default"": true}"
"ruwan-toka","adj","8","{""source"": ""Wiktionary Hausa"", ""license"": ""CC BY-SA"", ""attribution"": ""Wiktionary via kaikki.org"", ""definitions"": [""gray/grey""], ""parts_of_speech"": [""adj""], ""ipa"": [""/ɽú.wán.tòː.káː/"", ""[ɽʊ́.wán.tòː.káː]""], ""examples"": [], ""dialect_assigned_default"": true}"
"ruwan-azurfa","adj","8","{""source"": ""Wiktionary Hausa"", ""license"": ""CC BY-SA"", ""attribution"": ""Wiktionary via kaikki.org"", ""definitions"": [""silvery, metallic""], ""parts_of_speech"": [""adj""], ""ipa"": [""/ɽú.wán.ʔá.zùr.fáː/"", ""[ɽʊ́.wáŋ.ʔá.zɪ̀r.ɸáː]""], ""examples"": [], ""dialect_assigned_default"": true}"
"adadi","noun","8","{""source"": ""Wiktionary Hausa"", ""license"": ""CC BY-SA"", ""attribution"": ""Wiktionary via kaikki.org"", ""definitions"": [""number, numeral"", ""sum""], ""parts_of_speech"": [""noun""], ""ipa"": [""/ʔá.dà.díː/"", ""[ʔá.də̀.díː]""], ""examples"": [], ""dialect_assigned_default"": true}"
"adawa","noun","8","{""source"": ""Wiktionary Hausa"", ""license"": ""CC BY-SA"", ""attribution"": ""Wiktionary via kaikki.org"", ""definitions"": [""hatred"", ""opposition""], ""parts_of_speech"": [""noun""], ""ipa"": [""/ʔà.dáː.wàː/"", ""[ʔà.dáː.wàː]""], ""examples"": [], ""dialect_assigned_default"": true}"
"aibi","noun","8","{""source"": ""Wiktionary Hausa"", ""license"": ""CC BY-SA"", ""attribution"": ""Wiktionary via kaikki.org"", ""definitions"": [""alternative form of aibù""], ""parts_of_speech"": [""noun""], ""ipa"": [""/ʔái.bì/"", ""[ʔái.bɪ̀]""], ""examples"": [], ""dialect_assigned_default"": true}"
"akuya","noun","8","{""source"": ""Wiktionary Hausa"", ""license"": ""CC BY-SA"", ""attribution"": ""Wiktionary via kaikki.org"", ""definitions"": [""goat""], ""parts_of_speech"": [""noun""], ""ipa"": [""/ʔà.kú.jàː/"", ""[ʔà.kʷí.jàː]""], ""examples"": [], ""dialect_assigned_default"": true}"
"al'ada","noun","8","{""source"": ""Wiktionary Hausa"", ""license"": ""CC BY-SA"", ""attribution"": ""Wiktionary via kaikki.org"", ""definitions"": [""custom, practice, habit"", ""menstruation""], ""parts_of_speech"": [""noun""], ""ipa"": [""/ʔàl.ʔáː.dàː/"", ""[ʔàl.ʔáː.dàː]""], ""examples"": [], ""dialect_assigned_default"": true}"
"al'ajabi","noun","8","{""source"": ""Wiktionary Hausa"", ""license"": ""CC BY-SA"", ""attribution"": ""Wiktionary via kaikki.org"", ""definitions"": [""wonder, miracle""], ""parts_of_speech"": [""noun""], ""ipa"": [""/ʔàl.ʔá.(d)ʒà.bíː/"", ""[ʔàl.ʔá.d͡ʒə̀.bíː]""], ""examples"": [], ""dialect_assigned_default"": true}"
"al'amari","noun","8","{""source"": ""Wiktionary Hausa"", ""license"": ""CC BY-SA"", ""attribution"": ""Wiktionary via kaikki.org"", ""definitions"": [""matter, affair""], ""parts_of_speech"": [""noun""], ""ipa"": [""/ʔàl.ʔá.mà.ríː/"", ""[ʔàl.ʔá.mə̀.ríː]""], ""examples"": [], ""dialect_assigned_default"": true}"
"albarushi","noun","8","{""source"": ""Wiktionary Hausa"", ""license"": ""CC BY-SA"", ""attribution"": ""Wiktionary via kaikki.org"", ""definitions"": [""gunpowder""], ""parts_of_speech"": [""noun""], ""ipa"": [""/ʔàl.bà.rúː.ʃìː/"", ""[ʔàl.bə̀.rúː.ʃìː]""], ""examples"": [], ""dialect_assigned_default"": true}"
"albishir","noun","8","{""source"": ""Wiktionary Hausa"", ""license"": ""CC BY-SA"", ""attribution"": ""Wiktionary via kaikki.org"", ""definitions"": [""good news, good tidings""], ""parts_of_speech"": [""noun""], ""ipa"": [""/ʔàl.bí.ʃìr/"", ""[ʔàl.bɪ́.ʃɪ̀r]""], ""examples"": [], ""dialect_assigned_default"": true}"
"alfahari","noun","8","{""source"": ""Wiktionary Hausa"", ""license"": ""CC BY-SA"", ""attribution"": ""Wiktionary via kaikki.org"", ""definitions"": [""pride""], ""parts_of_speech"": [""noun""], ""ipa"": [""/ʔàl.fá.hà.ríː/"", ""[ʔàl.ɸə́.hà.ríː]""], ""examples"": [], ""dialect_assigned_default"": true}"
"alhali","conj","8","{""source"": ""Wiktionary Hausa"", ""license"": ""CC BY-SA"", ""attribution"": ""Wiktionary via kaikki.org"", ""definitions"": [""of course, certainly, whereas""], ""parts_of_speech"": [""conj""], ""ipa"": [""/ʔàl.háː.líː/"", ""[ʔàl.háː.líː]""], ""examples"": [], ""dialect_assigned_default"": true}"
"alhamdulillahi","intj","8","{""source"": ""Wiktionary Hausa"", ""license"": ""CC BY-SA"", ""attribution"": ""Wiktionary via kaikki.org"", ""definitions"": [""alhamdulillah (praise be to God)""], ""parts_of_speech"": [""intj""], ""ipa"": [""/ʔàl.hám.dù.lìl.láː.hì/"", ""[ʔàl.hám.dɪ̀.lɪ̀l.láː.hɪ̀]""], ""examples"": [], ""dialect_assigned_default"": true}"
"alheri","noun","8","{""source"": ""Wiktionary Hausa"", ""license"": ""CC BY-SA"", ""attribution"": ""Wiktionary via kaikki.org"", ""definitions"": [""kindness, good deed"", ""wealth""], ""parts_of_speech"": [""noun""], ""ipa"": [""/ʔàl.héː.rìː/"", ""[ʔàl.héː.rìː]""], ""examples"": [], ""dialect_assigned_default"": true}"
"aljabara","noun","8","{""source"": ""Wiktionary Hausa"", ""license"": ""CC BY-SA"", ""attribution"": ""Wiktionary via kaikki.org"", ""definitions"": [""algebra""], ""parts_of_speech"": [""noun""], ""ipa"": [""/ʔàl.(d)ʒá.bá.ràː/"", ""[ʔàl.d͡ʒə́.bə́.ràː]""], ""examples"": [], ""dialect_assigned_default"": true}"
"aljanna","noun","8","{""source"": ""Wiktionary Hausa"", ""license"": ""CC BY-SA"", ""attribution"": ""Wiktionary via kaikki.org"", ""definitions"": [""Paradise, Jannah""], ""parts_of_speech"": [""noun""], ""ipa"": [""/ʔàl.(d)ʒán.nàː/"", ""[ʔàl.d͡ʒán.nàː]""], ""examples"": [], ""dialect_assigned_default"": true}"
"alkadari","noun","8","{""source"": ""Wiktionary Hausa"", ""license"": ""CC BY-SA"", ""attribution"": ""Wiktionary via kaikki.org"", ""definitions"": [""value, worth""], ""parts_of_speech"": [""noun""], ""ipa"": [""/ʔàl.ká.dà.ríː/"", ""[ʔàl.kə́.də̀.ríː]""], ""examples"": [], ""dialect_assigned_default"": true}"
"alkarya","noun","8","{""source"": ""Wiktionary Hausa"", ""license"": ""CC BY-SA"", ""attribution"": ""Wiktionary via kaikki.org"", ""definitions"": [""unwalled town""], ""parts_of_speech"": [""noun""], ""ipa"": [""/ʔàl.kár.jàː/"", ""[ʔàl.kár.jàː]""], ""examples"": [], ""dialect_assigned_default"": true}"
"alkyabba","noun","8","{""source"": ""Wiktionary Hausa"", ""license"": ""CC BY-SA"", ""attribution"": ""Wiktionary via kaikki.org"", ""definitions"": [""a kind of burnoose which signifies authority""], ""parts_of_speech"": [""noun""], ""ipa"": [""/ʔàl.cáb.bàː/"", ""[ʔàl.cɛ́b.bàː]""], ""examples"": [], ""dialect_assigned_default"": true}"
"Almasihu","name","8","{""source"": ""Wiktionary Hausa"", ""license"": ""CC BY-SA"", ""attribution"": ""Wiktionary via kaikki.org"", ""definitions"": [""Jesus, the Messiah""], ""parts_of_speech"": [""name""], ""ipa"": [""/ʔàl.mà.síː.hù/"", ""[ʔàl.mə̀.síː.hʊ̀]""], ""examples"": [], ""dialect_assigned_default"": true}"
"al'umma","noun","8","{""source"": ""Wiktionary Hausa"", ""license"": ""CC BY-SA"", ""attribution"": ""Wiktionary via kaikki.org"", ""definitions"": [""nation, (especially) the people of a nation"", ""community, public""], ""parts_of_speech"": [""noun""], ""ipa"": [""/ʔàl.ʔúm.màː/"", ""[ʔàl.ʔʊ́m.màː]""], ""examples"": [], ""dialect_assigned_default"": true}"
"annuri","noun","8","{""source"": ""Wiktionary Hausa"", ""license"": ""CC BY-SA"", ""attribution"": ""Wiktionary via kaikki.org"", ""definitions"": [""light, brightness"", ""cheerfulness""], ""parts_of_speech"": [""noun""], ""ipa"": [""/ʔàn.núː.rìː/"", ""[ʔàn.núː.rìː]""], ""examples"": [], ""dialect_assigned_default"": true}"
"arziki","noun","8","{""source"": ""Wiktionary Hausa"", ""license"": ""CC BY-SA"", ""attribution"": ""Wiktionary via kaikki.org"", ""definitions"": [""wealth, riches""], ""parts_of_speech"": [""noun""], ""ipa"": [""/ʔár.zì.kíː/"", ""[ʔár.zɪ̀.cíː]""], ""examples"": [], ""dialect_assigned_default"": true}"
"asawaki","noun","8","{""source"": ""Wiktionary Hausa"", ""license"": ""CC BY-SA"", ""attribution"": ""Wiktionary via kaikki.org"", ""definitions"": [""miswak (stick used as a toothbrush)""], ""parts_of_speech"": [""noun""], ""ipa"": [""/ʔà.sá.wàː.kíː/"", ""[ʔà.sə́.wàː.cíː]""], ""examples"": [], ""dialect_assigned_default"": true}"
"atone-janar","noun","8","{""source"": ""Wiktionary Hausa"", ""license"": ""CC BY-SA"", ""attribution"": ""Wiktionary via kaikki.org"", ""definitions"": [""attorney general""], ""parts_of_speech"": [""noun""], ""ipa"": [""/ʔà.tóː.nè.(d)ʒá.nàr/"", ""[ʔà.tóː.nɛ̀.d͡ʒə́.nàr]""], ""examples"": [], ""dialect_assigned_default"": true}"
"attajiri","noun","8","{""source"": ""Wiktionary Hausa"", ""license"": ""CC BY-SA"", ""attribution"": ""Wiktionary via kaikki.org"", ""definitions"": [""wealthy person""], ""parts_of_speech"": [""noun""], ""ipa"": [""/ʔàt.táː.(d)ʒì.ríː/"", ""[ʔàt.táː.d͡ʒɪ̀.ríː]""], ""examples"": [], ""dialect_assigned_default"": true}"
"azaba","noun","8","{""source"": ""Wiktionary Hausa"", ""license"": ""CC BY-SA"", ""attribution"": ""Wiktionary via kaikki.org"", ""definitions"": [""torture, terrible pain""], ""parts_of_speech"": [""noun""], ""ipa"": [""/ʔà.záː.bàː/"", ""[ʔà.záː.bàː]""], ""examples"": [], ""dialect_assigned_default"": true}"
"azumi","noun","8","{""source"": ""Wiktionary Hausa"", ""license"": ""CC BY-SA"", ""attribution"": ""Wiktionary via kaikki.org"", ""definitions"": [""a fast (especially that of Ramadan)""], ""parts_of_speech"": [""noun""], ""ipa"": [""/ʔá.zù.míː/"", ""[ʔá.zɪ̀.míː]""], ""examples"": [], ""dialect_assigned_default"": true}"
"azzakari","noun","8","{""source"": ""Wiktionary Hausa"", ""license"": ""CC BY-SA"", ""attribution"": ""Wiktionary via kaikki.org"", ""definitions"": [""penis""], ""parts_of_speech"": [""noun""], ""ipa"": [""/ʔàz.zá.kà.ríː/"", ""[ʔàz.zə́.kə̀.ríː]""], ""examples"": [], ""dialect_assigned_default"": true}"
"ba'askare","noun","8","{""source"": ""Wiktionary Hausa"", ""license"": ""CC BY-SA"", ""attribution"": ""Wiktionary via kaikki.org"", ""definitions"": [""soldier""], ""parts_of_speech"": [""noun""], ""ipa"": [""/bà.ʔás.ká.rèː/"", ""[bə̀.ʔás.kə́.rèː]""], ""examples"": [], ""dialect_assigned_default"": true}"
"Bagwari","noun","8","{""source"": ""Wiktionary Hausa"", ""license"": ""CC BY-SA"", ""attribution"": ""Wiktionary via kaikki.org"", ""definitions"": [""a Gbagyi person"", ""someone who speaks Hausa poorly""], ""parts_of_speech"": [""noun""], ""ipa"": [""/bà.ɡʷáː.ɽíː/"", ""[bə̀.ɡʷáː.ɽíː]""], ""examples"": [], ""dialect_assigned_default"": true}"
"baitulmali","noun","8","{""source"": ""Wiktionary Hausa"", ""license"": ""CC BY-SA"", ""attribution"": ""Wiktionary via kaikki.org"", ""definitions"": [""treasury""], ""parts_of_speech"": [""noun""], ""ipa"": [""/bài.tùl.máː.lì/"", ""[bèi.tɪ̀l.máː.lɪ̀]""], ""examples"": [], ""dialect_assigned_default"": true}"
"bala'i","noun","8","{""source"": ""Wiktionary Hausa"", ""license"": ""CC BY-SA"", ""attribution"": ""Wiktionary via kaikki.org"", ""definitions"": [""calamity, misfortune""], ""parts_of_speech"": [""noun""], ""ipa"": [""/bà.láː.ʔìː/"", ""[bə̀.láː.ʔìː]""], ""examples"": [], ""dialect_assigned_default"": true}"
"bidi'a","noun","8","{""source"": ""Wiktionary Hausa"", ""license"": ""CC BY-SA"", ""attribution"": ""Wiktionary via kaikki.org"", ""definitions"": [""bid'a (heretical innovation)""], ""parts_of_speech"": [""noun""], ""ipa"": [""/bí.dí.ʔàː/"", ""[bɪ́.dɪ́.ʔàː]""], ""examples"": [], ""dialect_assigned_default"": true}"
"bila haddin","adv","8","{""source"": ""Wiktionary Hausa"", ""license"": ""CC BY-SA"", ""attribution"": ""Wiktionary via kaikki.org"", ""definitions"": [""many, numerous, limitless""], ""parts_of_speech"": [""adv""], ""ipa"": [""/bì.láː hád.dìn/"", ""[bɪ̀.láː hád.dɪ̀ŋ]""], ""examples"": [], ""dialect_assigned_default"": true}"
"buɗa-baki","noun","8","{""source"": ""Wiktionary Hausa"", ""license"": ""CC BY-SA"", ""attribution"": ""Wiktionary via kaikki.org"", ""definitions"": [""breaking the Ramadan fast""], ""parts_of_speech"": [""noun""], ""ipa"": [""/bùː.ɗà.bàː.kí/"", ""[bùː.ɗə̀.bàː.cɪ́]""], ""examples"": [], ""dialect_assigned_default"": true}"
"ciwo","noun","8","{""source"": ""Wiktionary Hausa"", ""license"": ""CC BY-SA"", ""attribution"": ""Wiktionary via kaikki.org"", ""definitions"": [""pain, ache, disease""], ""parts_of_speech"": [""noun""], ""ipa"": [""/t͡ʃíː.wòː/"", ""[t͡ʃíː.wòː]""], ""examples"": [], ""dialect_assigned_default"": true}"
"da'awa","noun","8","{""source"": ""Wiktionary Hausa"", ""license"": ""CC BY-SA"", ""attribution"": ""Wiktionary via kaikki.org"", ""definitions"": [""allegation, claim (in a court of law)"", ""false claim, boast""], ""parts_of_speech"": [""noun""], ""ipa"": [""/dà.ʔà.wáː/"", ""[də̀.ʔà.wáː]""], ""examples"": [], ""dialect_assigned_default"": true}"
"da'ira","noun","8","{""source"": ""Wiktionary Hausa"", ""license"": ""CC BY-SA"", ""attribution"": ""Wiktionary via kaikki.org"", ""definitions"": [""circle""], ""parts_of_speech"": [""noun""], ""ipa"": [""/dáː.ʔì.ráː/"", ""[dáː.ʔɪ̀.ráː]""], ""examples"": [], ""dialect_assigned_default"": true}"
"daƙiƙa","noun","8","{""source"": ""Wiktionary Hausa"", ""license"": ""CC BY-SA"", ""attribution"": ""Wiktionary via kaikki.org"", ""definitions"": [""second (unit of time)""], ""parts_of_speech"": [""noun""], ""ipa"": [""/dà.kʼíː.kʼàː/"", ""[də̀.cʼíː.kʼàː]""], ""examples"": [], ""dialect_assigned_default"": true}"
"daƙiƙi","adj","8","{""source"": ""Wiktionary Hausa"", ""license"": ""CC BY-SA"", ""attribution"": ""Wiktionary via kaikki.org"", ""definitions"": [""stupid"", ""a stupid person""], ""parts_of_speech"": [""adj"", ""noun""], ""ipa"": [""/dà.kʼíː.kʼìː/"", ""[də̀.cʼíː.cʼìː]"", ""/dà.kʼíː.kʼìː/"", ""[də̀.cʼíː.cʼìː]""], ""examples"": [], ""dialect_assigned_default"": true}"
"darasi","noun","8","{""source"": ""Wiktionary Hausa"", ""license"": ""CC BY-SA"", ""attribution"": ""Wiktionary via kaikki.org"", ""definitions"": [""lesson""], ""parts_of_speech"": [""noun""], ""ipa"": [""/dá.rà.síː/"", ""[də́.rə̀.síː]""], ""examples"": [], ""dialect_assigned_default"": true}"
"daula","noun","8","{""source"": ""Wiktionary Hausa"", ""license"": ""CC BY-SA"", ""attribution"": ""Wiktionary via kaikki.org"", ""definitions"": [""wealth, abundance"", ""kingdom, realm""], ""parts_of_speech"": [""noun""], ""ipa"": [""/dáu.làː/"", ""[dáu.làː]""], ""examples"": [], ""dialect_assigned_default"": true}"
"di'o","noun","8","{""source"": ""Wiktionary Hausa"", ""license"": ""CC BY-SA"", ""attribution"": ""Wiktionary via kaikki.org"", ""definitions"": [""district officer (colonial administrator)""], ""parts_of_speech"": [""noun""], ""ipa"": [""/díː.ʔòː/"", ""[díː.ʔòː]""], ""examples"": [], ""dialect_assigned_default"": true}"
"dokin Allah","noun","8","{""source"": ""Wiktionary Hausa"", ""license"": ""CC BY-SA"", ""attribution"": ""Wiktionary via kaikki.org"", ""definitions"": [""praying mantis""], ""parts_of_speech"": [""noun""], ""ipa"": [""/dóː.kìn ʔál.làː/"", ""[dóː.cɪ̀ŋ ʔál.làː]""], ""examples"": [], ""dialect_assigned_default"": true}"
"du'a'i","noun","8","{""source"": ""Wiktionary Hausa"", ""license"": ""CC BY-SA"", ""attribution"": ""Wiktionary via kaikki.org"", ""definitions"": [""du'a' (supplicatory prayer)""], ""parts_of_speech"": [""noun""], ""ipa"": [""/dú.ʔáː.ʔìː/"", ""[dɪ́.ʔáː.ʔìː]""], ""examples"": [], ""dialect_assigned_default"": true}"
"dutse","noun","8","{""source"": ""Wiktionary Hausa"", ""license"": ""CC BY-SA"", ""attribution"": ""Wiktionary via kaikki.org"", ""definitions"": [""stone, rock"", ""mountain, hill""], ""parts_of_speech"": [""noun""], ""ipa"": [""/dúː.(t)sʼèː/"", ""[dúː.sʼèː]""], ""examples"": [], ""dialect_assigned_default"": true}"
"ɗa'a","noun","8","{""source"": ""Wiktionary Hausa"", ""license"": ""CC BY-SA"", ""attribution"": ""Wiktionary via kaikki.org"", ""definitions"": [""etiquette, good manners""], ""parts_of_speech"": [""noun""], ""ipa"": [""/ɗáː.ʔàː/"", ""[ɗáː.ʔàː]""], ""examples"": [], ""dialect_assigned_default"": true}"
"ɗabi'a","noun","8","{""source"": ""Wiktionary Hausa"", ""license"": ""CC BY-SA"", ""attribution"": ""Wiktionary via kaikki.org"", ""definitions"": [""behavior, habit, custom""], ""parts_of_speech"": [""noun""], ""ipa"": [""/ɗà.bíː.ʔàː/"", ""[ɗə̀.bíː.ʔàː]""], ""examples"": [], ""dialect_assigned_default"": true}"
"ɗalibi","noun","8","{""source"": ""Wiktionary Hausa"", ""license"": ""CC BY-SA"", ""attribution"": ""Wiktionary via kaikki.org"", ""definitions"": [""student (at the level of secondary school or higher)""], ""parts_of_speech"": [""noun""], ""ipa"": [""/ɗáː.lì.bíː/"", ""[ɗáː.lɪ̀.bíː]""], ""examples"": [], ""dialect_assigned_default"": true}"
"ɗan Adam","noun","8","{""source"": ""Wiktionary Hausa"", ""license"": ""CC BY-SA"", ""attribution"": ""Wiktionary via kaikki.org"", ""definitions"": [""human being""], ""parts_of_speech"": [""noun""], ""ipa"": [""/ɗán ʔá.dàm/"", ""[ɗáŋ ʔá.dàŋ]""], ""examples"": [], ""dialect_assigned_default"": true}"
"ɗawafi","noun","8","{""source"": ""Wiktionary Hausa"", ""license"": ""CC BY-SA"", ""attribution"": ""Wiktionary via kaikki.org"", ""definitions"": [""tawaf (circumambulating the Kaaba)""], ""parts_of_speech"": [""noun""], ""ipa"": [""/ɗà.wáː.fìː/"", ""[ɗə̀.wáː.ɸìː]""], ""examples"": [], ""dialect_assigned_default"": true}"
"el'e","noun","8","{""source"": ""Wiktionary Hausa"", ""license"": ""CC BY-SA"", ""attribution"": ""Wiktionary via kaikki.org"", ""definitions"": [""local authority""], ""parts_of_speech"": [""noun""], ""ipa"": [""/ʔél.ʔêː/"", ""[ʔɛ́l.ʔêː]""], ""examples"": [], ""dialect_assigned_default"": true}"
"fa'ida","noun","8","{""source"": ""Wiktionary Hausa"", ""license"": ""CC BY-SA"", ""attribution"": ""Wiktionary via kaikki.org"", ""definitions"": [""benefit, gain""], ""parts_of_speech"": [""noun""], ""ipa"": [""/fáː.ʔí.dàː/"", ""[ɸáː.ʔɪ́.dàː]""], ""examples"": [], ""dialect_assigned_default"": true}"
"faƙiri","noun","8","{""source"": ""Wiktionary Hausa"", ""license"": ""CC BY-SA"", ""attribution"": ""Wiktionary via kaikki.org"", ""definitions"": [""pauper"", ""poor""], ""parts_of_speech"": [""noun"", ""adj""], ""ipa"": [""/fà.kʼíː.rìː/"", ""[ɸə̀.cʼíː.rìː]"", ""/fà.kʼíː.rìː/"", ""[ɸə̀.cʼíː.rìː]""], ""examples"": [], ""dialect_assigned_default"": true}"
"fanni","noun","8","{""source"": ""Wiktionary Hausa"", ""license"": ""CC BY-SA"", ""attribution"": ""Wiktionary via kaikki.org"", ""definitions"": [""genre, type"", ""branch of knowledge""], ""parts_of_speech"": [""noun""], ""ipa"": [""/fán.nìː/"", ""[ɸán.nìː]""], ""examples"": [], ""dialect_assigned_default"": true}"
"fara'a","noun","8","{""source"": ""Wiktionary Hausa"", ""license"": ""CC BY-SA"", ""attribution"": ""Wiktionary via kaikki.org"", ""definitions"": [""cheerfulness""], ""parts_of_speech"": [""noun""], ""ipa"": [""/fá.rá.ʔàː/"", ""[ɸə́.rə́.ʔàː]""], ""examples"": [], ""dialect_assigned_default"": true}"
"farilla","noun","8","{""source"": ""Wiktionary Hausa"", ""license"": ""CC BY-SA"", ""attribution"": ""Wiktionary via kaikki.org"", ""definitions"": [""fard (religious duty)""], ""parts_of_speech"": [""noun""], ""ipa"": [""/fà.ríl.làː/"", ""[ɸə̀.rɪ́l.làː]""], ""examples"": [], ""dialect_assigned_default"": true}"
"farali","noun","8","{""source"": ""Wiktionary Hausa"", ""license"": ""CC BY-SA"", ""attribution"": ""Wiktionary via kaikki.org"", ""definitions"": [""alternative form of fàr̃illā̀""], ""parts_of_speech"": [""noun""], ""ipa"": [""/fá.rà.líː/"", ""[ɸə́.rə̀.líː]""], ""examples"": [], ""dialect_assigned_default"": true}"
"fasali","noun","8","{""source"": ""Wiktionary Hausa"", ""license"": ""CC BY-SA"", ""attribution"": ""Wiktionary via kaikki.org"", ""definitions"": [""arrangement, symmetry"", ""chapter, section"", ""season""], ""parts_of_speech"": [""noun""], ""ipa"": [""/fá.sà.líː/"", ""[ɸə́.sə̀.líː]""], ""examples"": [], ""dialect_assigned_default"": true}"
"fasiƙi","noun","8","{""source"": ""Wiktionary Hausa"", ""license"": ""CC BY-SA"", ""attribution"": ""Wiktionary via kaikki.org"", ""definitions"": [""sinner, immoral person"", ""sinful, immoral""], ""parts_of_speech"": [""noun"", ""adj""], ""ipa"": [""/fáː.sì.kʼíː/"", ""[ɸáː.sɪ̀.cʼíː]"", ""/fáː.sì.kʼíː/"", ""[ɸáː.sɪ̀.cʼíː]""], ""examples"": [], ""dialect_assigned_default"": true}"
"fida'u","noun","8","{""source"": ""Wiktionary Hausa"", ""license"": ""CC BY-SA"", ""attribution"": ""Wiktionary via kaikki.org"", ""definitions"": [""the prayers said for the dead""], ""parts_of_speech"": [""noun""], ""ipa"": [""/fì.dáː.ʔùː/"", ""[ɸɪ̀.dáː.ʔùː]""], ""examples"": [], ""dialect_assigned_default"": true}"
"fi'ili","noun","8","{""source"": ""Wiktionary Hausa"", ""license"": ""CC BY-SA"", ""attribution"": ""Wiktionary via kaikki.org"", ""definitions"": [""verb"", ""performance, unnatural speech or behavior""], ""parts_of_speech"": [""noun""], ""ipa"": [""/fí.ʔì.líː/"", ""[ɸɪ́.ʔɪ̀.líː]""], ""examples"": [], ""dialect_assigned_default"": true}"
"fil azal","adv","8","{""source"": ""Wiktionary Hausa"", ""license"": ""CC BY-SA"", ""attribution"": ""Wiktionary via kaikki.org"", ""definitions"": [""since time immemorial""], ""parts_of_speech"": [""adv""], ""ipa"": [""/fíl ʔà.zál/"", ""[ɸɪ́l ʔà.zál]""], ""examples"": [], ""dialect_assigned_default"": true}"
"gadara","noun","8","{""source"": ""Wiktionary Hausa"", ""license"": ""CC BY-SA"", ""attribution"": ""Wiktionary via kaikki.org"", ""definitions"": [""haughtiness brought on by wealth""], ""parts_of_speech"": [""noun""], ""ipa"": [""/ɡà.dáː.ràː/"", ""[ɡə̀.dáː.ràː]""], ""examples"": [], ""dialect_assigned_default"": true}"
"gaibi","noun","8","{""source"": ""Wiktionary Hausa"", ""license"": ""CC BY-SA"", ""attribution"": ""Wiktionary via kaikki.org"", ""definitions"": [""that which is hidden or unknown""], ""parts_of_speech"": [""noun""], ""ipa"": [""/ɡái.bì/"", ""[ɡéi.bɪ̀]""], ""examples"": [], ""dialect_assigned_default"": true}"
"gaira","noun","8","{""source"": ""Wiktionary Hausa"", ""license"": ""CC BY-SA"", ""attribution"": ""Wiktionary via kaikki.org"", ""definitions"": [""minus, lack(ing)""], ""parts_of_speech"": [""noun""], ""ipa"": [""/ɡái.rà/"", ""[ɡéi.rə̀]""], ""examples"": [], ""dialect_assigned_default"": true}"
"galibi","noun","8","{""source"": ""Wiktionary Hausa"", ""license"": ""CC BY-SA"", ""attribution"": ""Wiktionary via kaikki.org"", ""definitions"": [""majority"", ""usually""], ""parts_of_speech"": [""noun"", ""adv""], ""ipa"": [""/ɡáː.lì.bíː/"", ""[ɡáː.lɪ̀.bíː]"", ""/ɡáː.lì.bíː/"", ""[ɡáː.lɪ̀.bíː]""], ""examples"": [], ""dialect_assigned_default"": true}"
"gwaiba","noun","8","{""source"": ""Wiktionary Hausa"", ""license"": ""CC BY-SA"", ""attribution"": ""Wiktionary via kaikki.org"", ""definitions"": [""alternative form of gōbā̀""], ""parts_of_speech"": [""noun""], ""ipa"": [""/ɡʷái.bàː/"", ""[ɡʷéi.bàː]""], ""examples"": [], ""dialect_assigned_default"": true}"
"haɗari","noun","8","{""source"": ""Wiktionary Hausa"", ""license"": ""CC BY-SA"", ""attribution"": ""Wiktionary via kaikki.org"", ""definitions"": [""danger"", ""accident, disaster""], ""parts_of_speech"": [""noun""], ""ipa"": [""/há.ɗà.ríː/"", ""[há.ɗə̀.ríː]""], ""examples"": [], ""dialect_assigned_default"": true}"
"hairan","noun","8","{""source"": ""Wiktionary Hausa"", ""license"": ""CC BY-SA"", ""attribution"": ""Wiktionary via kaikki.org"", ""definitions"": [""good deed""], ""parts_of_speech"": [""noun""], ""ipa"": [""/hái.ràn/"", ""[hái.ràŋ]""], ""examples"": [], ""dialect_assigned_default"": true}"
"halama","noun","8","{""source"": ""Wiktionary Hausa"", ""license"": ""CC BY-SA"", ""attribution"": ""Wiktionary via kaikki.org"", ""definitions"": [""alternative form of àlāmā̀""], ""parts_of_speech"": [""noun""], ""ipa"": [""/hà.láː.màː/"", ""[hà.láː.màː]""], ""examples"": [], ""dialect_assigned_default"": true}"
"hamdala","noun","8","{""source"": ""Wiktionary Hausa"", ""license"": ""CC BY-SA"", ""attribution"": ""Wiktionary via kaikki.org"", ""definitions"": [""gratitude to God""], ""parts_of_speech"": [""noun""], ""ipa"": [""/hám.dá.làː/"", ""[hám.də́.làː]""], ""examples"": [], ""dialect_assigned_default"": true}"
"hani'an","noun","8","{""source"": ""Wiktionary Hausa"", ""license"": ""CC BY-SA"", ""attribution"": ""Wiktionary via kaikki.org"", ""definitions"": [""satisfaction, contentment""], ""parts_of_speech"": [""noun""], ""ipa"": [""/háː.ní.ʔàn/"", ""[háː.nɪ́.ʔàŋ]""], ""examples"": [], ""dialect_assigned_default"": true}"
"harafi","noun","8","{""source"": ""Wiktionary Hausa"", ""license"": ""CC BY-SA"", ""attribution"": ""Wiktionary via kaikki.org"", ""definitions"": [""letter (of the alphabet)""], ""parts_of_speech"": [""noun""], ""ipa"": [""/há.rà.fíː/"", ""[há.rə̀.ɸíː]""], ""examples"": [], ""dialect_assigned_default"": true}"
"haraji","noun","8","{""source"": ""Wiktionary Hausa"", ""license"": ""CC BY-SA"", ""attribution"": ""Wiktionary via kaikki.org"", ""definitions"": [""tax""], ""parts_of_speech"": [""noun""], ""ipa"": [""/hà.ráː.(d)ʒìː/"", ""[hà.ráː.d͡ʒìː]""], ""examples"": [], ""dialect_assigned_default"": true}"
"harsashi","noun","8","{""source"": ""Wiktionary Hausa"", ""license"": ""CC BY-SA"", ""attribution"": ""Wiktionary via kaikki.org"", ""definitions"": [""bullet"", ""foundation (of a building)""], ""parts_of_speech"": [""noun""], ""ipa"": [""/hàr.sáː.ʃìː/"", ""[hàr.sáː.ʃìː]""], ""examples"": [], ""dialect_assigned_default"": true}"
"hatimi","noun","8","{""source"": ""Wiktionary Hausa"", ""license"": ""CC BY-SA"", ""attribution"": ""Wiktionary via kaikki.org"", ""definitions"": [""stamp, seal"", ""badge""], ""parts_of_speech"": [""noun""], ""ipa"": [""/háː.tì.míː/"", ""[háː.tɪ̀.míː]""], ""examples"": [], ""dialect_assigned_default"": true}"
"hawa'i","noun","8","{""source"": ""Wiktionary Hausa"", ""license"": ""CC BY-SA"", ""attribution"": ""Wiktionary via kaikki.org"", ""definitions"": [""irresponsible person; someone with their head in the clouds""], ""parts_of_speech"": [""noun""], ""ipa"": [""/hà.wáː.ʔíː/"", ""[hà.wáː.ʔíː]""], ""examples"": [], ""dialect_assigned_default"": true}"
"haziƙi","adj","8","{""source"": ""Wiktionary Hausa"", ""license"": ""CC BY-SA"", ""attribution"": ""Wiktionary via kaikki.org"", ""definitions"": [""intelligent"", ""intelligent person""], ""parts_of_speech"": [""adj"", ""noun""], ""ipa"": [""/háː.zì.kʼíː/"", ""[háː.zɪ̀.cʼíː]"", ""/háː.zì.kʼíː/"", ""[háː.zɪ̀.cʼíː]""], ""examples"": [], ""dialect_assigned_default"": true}"
"hidima","noun","8","{""source"": ""Wiktionary Hausa"", ""license"": ""CC BY-SA"", ""attribution"": ""Wiktionary via kaikki.org"", ""definitions"": [""service""], ""parts_of_speech"": [""noun""], ""ipa"": [""/hí.dí.máː/"", ""[hɪ́.dɪ́.máː]""], ""examples"": [], ""dialect_assigned_default"": true}"
"hijira","noun","8","{""source"": ""Wiktionary Hausa"", ""license"": ""CC BY-SA"", ""attribution"": ""Wiktionary via kaikki.org"", ""definitions"": [""hijra (event from which the Islamic calendar counts)""], ""parts_of_speech"": [""noun""], ""ipa"": [""/hí.(d)ʒí.ráː/"", ""[hɪ́.d͡ʒɪ́.ráː]""], ""examples"": [], ""dialect_assigned_default"": true}"
"hisabi","noun","8","{""source"": ""Wiktionary Hausa"", ""license"": ""CC BY-SA"", ""attribution"": ""Wiktionary via kaikki.org"", ""definitions"": [""the reckoning of good and bad deeds on Judgement Day""], ""parts_of_speech"": [""noun""], ""ipa"": [""/hì.sáː.bìː/"", ""[hɪ̀.sáː.bìː]""], ""examples"": [], ""dialect_assigned_default"": true}"
"huɗuba","noun","8","{""source"": ""Wiktionary Hausa"", ""license"": ""CC BY-SA"", ""attribution"": ""Wiktionary via kaikki.org"", ""definitions"": [""sermon""], ""parts_of_speech"": [""noun""], ""ipa"": [""/hú.ɗú.bàː/"", ""[hʊ́.ɗɪ́.bàː]""], ""examples"": [], ""dialect_assigned_default"": true}"
"hukuma","noun","8","{""source"": ""Wiktionary Hausa"", ""license"": ""CC BY-SA"", ""attribution"": ""Wiktionary via kaikki.org"", ""definitions"": [""authority, governing board""], ""parts_of_speech"": [""noun""], ""ipa"": [""/hù.kúː.màː/"", ""[hʊ̀.kʷúː.màː]""], ""examples"": [], ""dialect_assigned_default"": true}"
"humusi","noun","8","{""source"": ""Wiktionary Hausa"", ""license"": ""CC BY-SA"", ""attribution"": ""Wiktionary via kaikki.org"", ""definitions"": [""fifth of something""], ""parts_of_speech"": [""noun""], ""ipa"": [""/hú.mùː.síː/"", ""[hʊ́.mùː.síː]""], ""examples"": [], ""dialect_assigned_default"": true}"
"humushi","noun","8","{""source"": ""Wiktionary Hausa"", ""license"": ""CC BY-SA"", ""attribution"": ""Wiktionary via kaikki.org"", ""definitions"": [""alternative form of humū̀sī""], ""parts_of_speech"": [""noun""], ""ipa"": [""/hú.mùː.ʃíː/"", ""[hʊ́.mùː.ʃíː]""], ""examples"": [], ""dialect_assigned_default"": true}"
"ibilis","noun","8","{""source"": ""Wiktionary Hausa"", ""license"": ""CC BY-SA"", ""attribution"": ""Wiktionary via kaikki.org"", ""definitions"": [""alternative form of ìblîs""], ""parts_of_speech"": [""noun""], ""ipa"": [""/ʔì.bì.lîs/"", ""[ʔɪ̀.bɪ̀.lɪ̂s]""], ""examples"": [], ""dialect_assigned_default"": true}"
"ijara","noun","8","{""source"": ""Wiktionary Hausa"", ""license"": ""CC BY-SA"", ""attribution"": ""Wiktionary via kaikki.org"", ""definitions"": [""wages, fee, commission"", ""agreement regarding pay""], ""parts_of_speech"": [""noun""], ""ipa"": [""/ʔì.(d)ʒáː.ràː/"", ""[ʔɪ̀.d͡ʒáː.ràː]""], ""examples"": [], ""dialect_assigned_default"": true}"
"ilimi","noun","8","{""source"": ""Wiktionary Hausa"", ""license"": ""CC BY-SA"", ""attribution"": ""Wiktionary via kaikki.org"", ""definitions"": [""knowledge"", ""science""], ""parts_of_speech"": [""noun""], ""ipa"": [""/ʔí.lì.míː/"", ""[ʔɪ́.lɪ̀.míː]""], ""examples"": [], ""dialect_assigned_default"": true}"
"in sha Allahu","intj","8","{""source"": ""Wiktionary Hausa"", ""license"": ""CC BY-SA"", ""attribution"": ""Wiktionary via kaikki.org"", ""definitions"": [""inshallah (God willing)""], ""parts_of_speech"": [""intj""], ""ipa"": [""/ʔín ʃáː ʔàl.láː.hù/"", ""[ʔɪ́ŋ ʃáː ʔàl.láː.hʊ̀]""], ""examples"": [], ""dialect_assigned_default"": true}"
"istihara","noun","8","{""source"": ""Wiktionary Hausa"", ""license"": ""CC BY-SA"", ""attribution"": ""Wiktionary via kaikki.org"", ""definitions"": [""istikhara (prayer seeking guidance from God)""], ""parts_of_speech"": [""noun""], ""ipa"": [""/ʔís.tì.háː.ràː/"", ""[ʔɪ́s.tɪ̀.háː.ràː]""], ""examples"": [], ""dialect_assigned_default"": true}"
"iyali","noun","8","{""source"": ""Wiktionary Hausa"", ""license"": ""CC BY-SA"", ""attribution"": ""Wiktionary via kaikki.org"", ""definitions"": [""family""], ""parts_of_speech"": [""noun""], ""ipa"": [""/ʔì.jáː.lìː/"", ""[ʔɪ̀.jáː.lìː]""], ""examples"": [], ""dialect_assigned_default"": true}"
"izifi","noun","8","{""source"": ""Wiktionary Hausa"", ""license"": ""CC BY-SA"", ""attribution"": ""Wiktionary via kaikki.org"", ""definitions"": [""hizb (one of the sixty sections into which the Qur'an is divided)""], ""parts_of_speech"": [""noun""], ""ipa"": [""/ʔí.zì.fíː/"", ""[ʔɪ́.zɪ̀.ɸíː]""], ""examples"": [], ""dialect_assigned_default"": true}"
"izini","noun","8","{""source"": ""Wiktionary Hausa"", ""license"": ""CC BY-SA"", ""attribution"": ""Wiktionary via kaikki.org"", ""definitions"": [""permission""], ""parts_of_speech"": [""noun""], ""ipa"": [""/ʔí.zì.níː/"", ""[ʔɪ́.zɪ̀.níː]""], ""examples"": [], ""dialect_assigned_default"": true}"
"jadawali","noun","8","{""source"": ""Wiktionary Hausa"", ""license"": ""CC BY-SA"", ""attribution"": ""Wiktionary via kaikki.org"", ""definitions"": [""multiplication table""], ""parts_of_speech"": [""noun""], ""ipa"": [""/(d)ʒá.dá.wà.líː/"", ""[d͡ʒə́.də́.wə̀.líː]""], ""examples"": [], ""dialect_assigned_default"": true}"
"jafa'i","noun","8","{""source"": ""Wiktionary Hausa"", ""license"": ""CC BY-SA"", ""attribution"": ""Wiktionary via kaikki.org"", ""definitions"": [""slander, verbal abuse""], ""parts_of_speech"": [""noun""], ""ipa"": [""/(d)ʒà.fáː.ʔìː/"", ""[d͡ʒə̀.ɸáː.ʔìː]""], ""examples"": [], ""dialect_assigned_default"": true}"
"jahadi","noun","8","{""source"": ""Wiktionary Hausa"", ""license"": ""CC BY-SA"", ""attribution"": ""Wiktionary via kaikki.org"", ""definitions"": [""alternative form of jìhādī̀""], ""parts_of_speech"": [""noun""], ""ipa"": [""/(d)ʒà.háː.dìː/"", ""[d͡ʒə̀.háː.dìː]""], ""examples"": [], ""dialect_assigned_default"": true}"
"jahili","noun","8","{""source"": ""Wiktionary Hausa"", ""license"": ""CC BY-SA"", ""attribution"": ""Wiktionary via kaikki.org"", ""definitions"": [""ignoramus, illiterate""], ""parts_of_speech"": [""noun""], ""ipa"": [""/(d)ʒáː.hì.líː/"", ""[d͡ʒáː.hɪ̀.líː]""], ""examples"": [], ""dialect_assigned_default"": true}"
"jama'a","noun","8","{""source"": ""Wiktionary Hausa"", ""license"": ""CC BY-SA"", ""attribution"": ""Wiktionary via kaikki.org"", ""definitions"": [""public, community""], ""parts_of_speech"": [""noun""], ""ipa"": [""/(d)ʒà.má.ʔà/"", ""[d͡ʒə̀.mə́.ʔà]""], ""examples"": [], ""dialect_assigned_default"": true}"
"jam'i","noun","8","{""source"": ""Wiktionary Hausa"", ""license"": ""CC BY-SA"", ""attribution"": ""Wiktionary via kaikki.org"", ""definitions"": [""congregation (for prayer)"", ""plural""], ""parts_of_speech"": [""noun""], ""ipa"": [""/(d)ʒám.ʔìː/"", ""[d͡ʒám.ʔìː]""], ""examples"": [], ""dialect_assigned_default"": true}"
"janaba","noun","8","{""source"": ""Wiktionary Hausa"", ""license"": ""CC BY-SA"", ""attribution"": ""Wiktionary via kaikki.org"", ""definitions"": [""ritual impurity""], ""parts_of_speech"": [""noun""], ""ipa"": [""/(d)ʒà.ná.bàː/"", ""[d͡ʒə̀.nə́.bàː]""], ""examples"": [], ""dialect_assigned_default"": true}"
"jana'iza","noun","8","{""source"": ""Wiktionary Hausa"", ""license"": ""CC BY-SA"", ""attribution"": ""Wiktionary via kaikki.org"", ""definitions"": [""funeral""], ""parts_of_speech"": [""noun""], ""ipa"": [""/(d)ʒà.náː.ʔí.zàː/"", ""[d͡ʒə̀.náː.ʔɪ́.zàː]""], ""examples"": [], ""dialect_assigned_default"": true}"
"jawabi","noun","8","{""source"": ""Wiktionary Hausa"", ""license"": ""CC BY-SA"", ""attribution"": ""Wiktionary via kaikki.org"", ""definitions"": [""answer, reply"", ""message""], ""parts_of_speech"": [""noun""], ""ipa"": [""/(d)ʒà.wáː.bìː/"", ""[d͡ʒə̀.wáː.bìː]""], ""examples"": [], ""dialect_assigned_default"": true}"
"jaza'i","noun","8","{""source"": ""Wiktionary Hausa"", ""license"": ""CC BY-SA"", ""attribution"": ""Wiktionary via kaikki.org"", ""definitions"": [""retribution""], ""parts_of_speech"": [""noun""], ""ipa"": [""/(d)ʒà.záː.ʔìː/"", ""[d͡ʒə̀.záː.ʔìː]""], ""examples"": [], ""dialect_assigned_default"": true}"
"jidali","noun","8","{""source"": ""Wiktionary Hausa"", ""license"": ""CC BY-SA"", ""attribution"": ""Wiktionary via kaikki.org"", ""definitions"": [""struggle, trouble, dispute""], ""parts_of_speech"": [""noun""], ""ipa"": [""/(d)ʒì.dáː.lìː/"", ""[d͡ʒɪ̀.dáː.lìː]""], ""examples"": [], ""dialect_assigned_default"": true}"
"jima'i","noun","8","{""source"": ""Wiktionary Hausa"", ""license"": ""CC BY-SA"", ""attribution"": ""Wiktionary via kaikki.org"", ""definitions"": [""sex, sexual intercourse""], ""parts_of_speech"": [""noun""], ""ipa"": [""/(d)ʒì.máː.ʔìː/"", ""[d͡ʒɪ̀.máː.ʔìː]""], ""examples"": [], ""dialect_assigned_default"": true}"
"jimilla","noun","8","{""source"": ""Wiktionary Hausa"", ""license"": ""CC BY-SA"", ""attribution"": ""Wiktionary via kaikki.org"", ""definitions"": [""sum, total""], ""parts_of_speech"": [""noun""], ""ipa"": [""/(d)ʒì.míl.làː/"", ""[d͡ʒɪ̀.mɪ́l.làː]""], ""examples"": [], ""dialect_assigned_default"": true}"
"jimla","noun","8","{""source"": ""Wiktionary Hausa"", ""license"": ""CC BY-SA"", ""attribution"": ""Wiktionary via kaikki.org"", ""definitions"": [""sum, total"", ""amount""], ""parts_of_speech"": [""noun""], ""ipa"": [""/(d)ʒím.làː/"", ""[d͡ʒɪ́m.làː]""], ""examples"": [], ""dialect_assigned_default"": true}"
"juzu'i","noun","8","{""source"": ""Wiktionary Hausa"", ""license"": ""CC BY-SA"", ""attribution"": ""Wiktionary via kaikki.org"", ""definitions"": [""portion, part"", ""juz' (one of the 30 portions into which the Qur'an is divided)""], ""parts_of_speech"": [""noun""], ""ipa"": [""/(d)ʒú.zù.ʔíː/"", ""[d͡ʒɪ́.zɪ̀.ʔíː]""], ""examples"": [], ""dialect_assigned_default"": true}"
"kabari","noun","8","{""source"": ""Wiktionary Hausa"", ""license"": ""CC BY-SA"", ""attribution"": ""Wiktionary via kaikki.org"", ""definitions"": [""grave, tomb""], ""parts_of_speech"": [""noun""], ""ipa"": [""/ká.bà.ríː/"", ""[kə́.bə̀.ríː]""], ""examples"": [], ""dialect_assigned_default"": true}"
"ƙabila","noun","8","{""source"": ""Wiktionary Hausa"", ""license"": ""CC BY-SA"", ""attribution"": ""Wiktionary via kaikki.org"", ""definitions"": [""tribe, ethnolinguistic group""], ""parts_of_speech"": [""noun""], ""ipa"": [""/kʼà.bíː.làː/"", ""[kʼə̀.bíː.làː]""], ""examples"": [], ""dialect_assigned_default"": true}"
"kaidi","noun","8","{""source"": ""Wiktionary Hausa"", ""license"": ""CC BY-SA"", ""attribution"": ""Wiktionary via kaikki.org"", ""definitions"": [""limit, restriction""], ""parts_of_speech"": [""noun""], ""ipa"": [""/kái.dìː/"", ""[kéi.dìː]""], ""examples"": [], ""dialect_assigned_default"": true}"
"kalami","noun","8","{""source"": ""Wiktionary Hausa"", ""license"": ""CC BY-SA"", ""attribution"": ""Wiktionary via kaikki.org"", ""definitions"": [""speech (that which is said)""], ""parts_of_speech"": [""noun""], ""ipa"": [""/kà.láː.mìː/"", ""[kə̀.láː.mìː]""], ""examples"": [], ""dialect_assigned_default"": true}"
"kanumfari","noun","8","{""source"": ""Wiktionary Hausa"", ""license"": ""CC BY-SA"", ""attribution"": ""Wiktionary via kaikki.org"", ""definitions"": [""cloves""], ""parts_of_speech"": [""noun""], ""ipa"": [""/kà.núm.fà.ríː/"", ""[kə̀.nɪ́m.ɸə̀.ríː]""], ""examples"": [], ""dialect_assigned_default"": true}"
"karahiya","noun","8","{""source"": ""Wiktionary Hausa"", ""license"": ""CC BY-SA"", ""attribution"": ""Wiktionary via kaikki.org"", ""definitions"": [""an act which is disfavored but not forbidden in Islam""], ""parts_of_speech"": [""noun""], ""ipa"": [""/kà.ráː.hí.jàː/"", ""[kə̀.ráː.hɪ́.jàː]""], ""examples"": [], ""dialect_assigned_default"": true}"
"karimi","adj","8","{""source"": ""Wiktionary Hausa"", ""license"": ""CC BY-SA"", ""attribution"": ""Wiktionary via kaikki.org"", ""definitions"": [""generous"", ""generous person""], ""parts_of_speech"": [""adj"", ""noun""], ""ipa"": [""/kà.ríː.mìː/"", ""[kə̀.ríː.mìː]"", ""/kà.ríː.mìː/"", ""[kə̀.ríː.mìː]""], ""examples"": [], ""dialect_assigned_default"": true}"
"katibi","noun","8","{""source"": ""Wiktionary Hausa"", ""license"": ""CC BY-SA"", ""attribution"": ""Wiktionary via kaikki.org"", ""definitions"": [""scribe""], ""parts_of_speech"": [""noun""], ""ipa"": [""/káː.tì.bíː/"", ""[káː.tɪ̀.bíː]""], ""examples"": [], ""dialect_assigned_default"": true}"
"kazaf","noun","8","{""source"": ""Wiktionary Hausa"", ""license"": ""CC BY-SA"", ""attribution"": ""Wiktionary via kaikki.org"", ""definitions"": [""false accusation""], ""parts_of_speech"": [""noun""], ""ipa"": [""/ká.zàf/"", ""[kə́.zàɸ]""], ""examples"": [], ""dialect_assigned_default"": true}"
"kiyama","noun","8","{""source"": ""Wiktionary Hausa"", ""license"": ""CC BY-SA"", ""attribution"": ""Wiktionary via kaikki.org"", ""definitions"": [""resurrection (event that will occur on judgement day)""], ""parts_of_speech"": [""noun""], ""ipa"": [""/kì.jáː.màː/"", ""[cɪ̀.jáː.màː]""], ""examples"": [], ""dialect_assigned_default"": true}"
"kyau","noun","8","{""source"": ""Wiktionary Hausa"", ""license"": ""CC BY-SA"", ""attribution"": ""Wiktionary via kaikki.org"", ""definitions"": [""goodness, beauty""], ""parts_of_speech"": [""noun""], ""ipa"": [""/câu/"", ""[cɛ̂u]""], ""examples"": [], ""dialect_assigned_default"": true}"
"ƙa'ida","noun","8","{""source"": ""Wiktionary Hausa"", ""license"": ""CC BY-SA"", ""attribution"": ""Wiktionary via kaikki.org"", ""definitions"": [""principle, standard""], ""parts_of_speech"": [""noun""], ""ipa"": [""/kʼáː.ʔí.dàː/"", ""[kʼáː.ʔɪ́.dàː]""], ""examples"": [], ""dialect_assigned_default"": true}"
"ƙa'imi","noun","8","{""source"": ""Wiktionary Hausa"", ""license"": ""CC BY-SA"", ""attribution"": ""Wiktionary via kaikki.org"", ""definitions"": [""head of a house, householder""], ""parts_of_speech"": [""noun""], ""ipa"": [""/kʼáː.ʔì.míː/"", ""[kʼáː.ʔɪ̀.míː]""], ""examples"": [], ""dialect_assigned_default"": true}"
"ƙala","noun","8","{""source"": ""Wiktionary Hausa"", ""license"": ""CC BY-SA"", ""attribution"": ""Wiktionary via kaikki.org"", ""definitions"": [""speech (that which is said)""], ""parts_of_speech"": [""noun""], ""ipa"": [""/kʼáː.làː/"", ""[kʼáː.làː]""], ""examples"": [], ""dialect_assigned_default"": true}"
"ƙasida","noun","8","{""source"": ""Wiktionary Hausa"", ""license"": ""CC BY-SA"", ""attribution"": ""Wiktionary via kaikki.org"", ""definitions"": [""qasida (type of poem)""], ""parts_of_speech"": [""noun""], ""ipa"": [""/kʼà.síː.dàː/"", ""[kʼə̀.síː.dàː]""], ""examples"": [], ""dialect_assigned_default"": true}"
"ƙazaf","noun","8","{""source"": ""Wiktionary Hausa"", ""license"": ""CC BY-SA"", ""attribution"": ""Wiktionary via kaikki.org"", ""definitions"": [""alternative form of kazàf""], ""parts_of_speech"": [""noun""], ""ipa"": [""/kʼá.zàf/"", ""[kʼə́.zàɸ]""], ""examples"": [], ""dialect_assigned_default"": true}"
"ƙissa","noun","8","{""source"": ""Wiktionary Hausa"", ""license"": ""CC BY-SA"", ""attribution"": ""Wiktionary via kaikki.org"", ""definitions"": [""story""], ""parts_of_speech"": [""noun""], ""ipa"": [""/kʼís.sàː/"", ""[cʼɪ́s.sàː]""], ""examples"": [], ""dialect_assigned_default"": true}"
"ƙiyasi","noun","8","{""source"": ""Wiktionary Hausa"", ""license"": ""CC BY-SA"", ""attribution"": ""Wiktionary via kaikki.org"", ""definitions"": [""analogy""], ""parts_of_speech"": [""noun""], ""ipa"": [""/kʼì.jáː.sìː/"", ""[cʼɪ̀.jáː.sìː]""], ""examples"": [], ""dialect_assigned_default"": true}"
"ƙoƙiƙoƙi","noun","8","{""source"": ""Wiktionary Hausa"", ""license"": ""CC BY-SA"", ""attribution"": ""Wiktionary via kaikki.org"", ""definitions"": [""praying mantis""], ""parts_of_speech"": [""noun""], ""ipa"": [""/kʼóː.kì.kʼóː.kʼì/"", ""[kʷʼóː.cɪ̀.kʷʼóː.cʼɪ̀]""], ""examples"": [], ""dialect_assigned_default"": true}"
"ƙuri'a","noun","8","{""source"": ""Wiktionary Hausa"", ""license"": ""CC BY-SA"", ""attribution"": ""Wiktionary via kaikki.org"", ""definitions"": [""vote, ballot"", ""drawing of lots""], ""parts_of_speech"": [""noun""], ""ipa"": [""/kʼù.rí.ʔàː/"", ""[kʷʼʊ̀.rɪ́.ʔàː]""], ""examples"": [], ""dialect_assigned_default"": true}"
"la'ada","noun","8","{""source"": ""Wiktionary Hausa"", ""license"": ""CC BY-SA"", ""attribution"": ""Wiktionary via kaikki.org"", ""definitions"": [""commission (fee charged for carrying out a transaction)""], ""parts_of_speech"": [""noun""], ""ipa"": [""/là.ʔá.dàː/"", ""[lə̀.ʔá.dàː]""], ""examples"": [], ""dialect_assigned_default"": true}"
"la'alla","adv","8","{""source"": ""Wiktionary Hausa"", ""license"": ""CC BY-SA"", ""attribution"": ""Wiktionary via kaikki.org"", ""definitions"": [""perhaps""], ""parts_of_speech"": [""adv""], ""ipa"": [""/là.ʔál.làː/"", ""[lə̀.ʔál.làː]""], ""examples"": [], ""dialect_assigned_default"": true}"
"ladabi","noun","8","{""source"": ""Wiktionary Hausa"", ""license"": ""CC BY-SA"", ""attribution"": ""Wiktionary via kaikki.org"", ""definitions"": [""politeness, good manners""], ""parts_of_speech"": [""noun""], ""ipa"": [""/lá.dà.bìː/"", ""[lə́.də̀.bìː]""], ""examples"": [], ""dialect_assigned_default"": true}"
"Lahira","noun","8","{""source"": ""Wiktionary Hausa"", ""license"": ""CC BY-SA"", ""attribution"": ""Wiktionary via kaikki.org"", ""definitions"": [""afterlife, akhirah""], ""parts_of_speech"": [""noun""], ""ipa"": [""/láː.hí.ràː/"", ""[láː.hɪ́.ràː]""], ""examples"": [], ""dialect_assigned_default"": true}"
"lamiri","noun","8","{""source"": ""Wiktionary Hausa"", ""license"": ""CC BY-SA"", ""attribution"": ""Wiktionary via kaikki.org"", ""definitions"": [""opinion"", ""pronoun""], ""parts_of_speech"": [""noun""], ""ipa"": [""/là.míː.rìː/"", ""[lə̀.míː.rìː]""], ""examples"": [], ""dialect_assigned_default"": true}"
"la'ifi","noun","8","{""source"": ""Wiktionary Hausa"", ""license"": ""CC BY-SA"", ""attribution"": ""Wiktionary via kaikki.org"", ""definitions"": [""impotent man""], ""parts_of_speech"": [""noun""], ""ipa"": [""/là.ʔíː.fìː/"", ""[lə̀.ʔíː.ɸìː]""], ""examples"": [], ""dialect_assigned_default"": true}"
"larura","noun","8","{""source"": ""Wiktionary Hausa"", ""license"": ""CC BY-SA"", ""attribution"": ""Wiktionary via kaikki.org"", ""definitions"": [""necessity""], ""parts_of_speech"": [""noun""], ""ipa"": [""/là.rúː.ràː/"", ""[lə̀.rúː.ràː]""], ""examples"": [], ""dialect_assigned_default"": true}"
"lissafi","noun","8","{""source"": ""Wiktionary Hausa"", ""license"": ""CC BY-SA"", ""attribution"": ""Wiktionary via kaikki.org"", ""definitions"": [""mathematics, arithmetic"", ""counting""], ""parts_of_speech"": [""noun""], ""ipa"": [""/lìs.sáː.fìː/"", ""[lɪ̀s.sáː.ɸìː]""], ""examples"": [], ""dialect_assigned_default"": true}"
"luwaɗi","noun","8","{""source"": ""Wiktionary Hausa"", ""license"": ""CC BY-SA"", ""attribution"": ""Wiktionary via kaikki.org"", ""definitions"": [""sodomy""], ""parts_of_speech"": [""noun""], ""ipa"": [""/lù.wáː.ɗìː/"", ""[lʊ̀.wáː.ɗìː]""], ""examples"": [], ""dialect_assigned_default"": true}"
"ma'amala","noun","8","{""source"": ""Wiktionary Hausa"", ""license"": ""CC BY-SA"", ""attribution"": ""Wiktionary via kaikki.org"", ""definitions"": [""business dealing, transaction""], ""parts_of_speech"": [""noun""], ""ipa"": [""/mà.ʔáː.má.làː/"", ""[mə̀.ʔáː.mə́.làː]""], ""examples"": [], ""dialect_assigned_default"": true}"
"maɗaba'a","noun","8","{""source"": ""Wiktionary Hausa"", ""license"": ""CC BY-SA"", ""attribution"": ""Wiktionary via kaikki.org"", ""definitions"": [""printing press"", ""printing company""], ""parts_of_speech"": [""noun""], ""ipa"": [""/má.ɗáː.bá.ʔáː/"", ""[mə́.ɗáː.bə́.ʔáː]""], ""examples"": [], ""dialect_assigned_default"": true}"
"mahalli","noun","8","{""source"": ""Wiktionary Hausa"", ""license"": ""CC BY-SA"", ""attribution"": ""Wiktionary via kaikki.org"", ""definitions"": [""context, place (where something belongs)""], ""parts_of_speech"": [""noun""], ""ipa"": [""/mà.hâl.líː/"", ""[mə̀.hâl.líː]""], ""examples"": [], ""dialect_assigned_default"": true}"
"mahawara","noun","8","{""source"": ""Wiktionary Hausa"", ""license"": ""CC BY-SA"", ""attribution"": ""Wiktionary via kaikki.org"", ""definitions"": [""debate, discussion""], ""parts_of_speech"": [""noun""], ""ipa"": [""/mà.háː.wá.ràː/"", ""[mə̀.háː.wə́.ràː]""], ""examples"": [], ""dialect_assigned_default"": true}"
"majalisa","noun","8","{""source"": ""Wiktionary Hausa"", ""license"": ""CC BY-SA"", ""attribution"": ""Wiktionary via kaikki.org"", ""definitions"": [""legislature, congress"", ""council""], ""parts_of_speech"": [""noun""], ""ipa"": [""/mà.(d)ʒà.lí.sàː/"", ""[mə̀.d͡ʒə̀.lɪ́.sàː]""], ""examples"": [], ""dialect_assigned_default"": true}"
"majami'a","noun","8","{""source"": ""Wiktionary Hausa"", ""license"": ""CC BY-SA"", ""attribution"": ""Wiktionary via kaikki.org"", ""definitions"": [""church""], ""parts_of_speech"": [""noun""], ""ipa"": [""/mà.(d)ʒáː.mí.ʔàː/"", ""[mə̀.d͡ʒáː.mɪ́.ʔàː]""], ""examples"": [], ""dialect_assigned_default"": true}"
"laifi","noun","8","{""source"": ""Wiktionary Hausa"", ""license"": ""CC BY-SA"", ""attribution"": ""Wiktionary via kaikki.org"", ""definitions"": [""crime, fault"", ""blemish""], ""parts_of_speech"": [""noun""], ""ipa"": [""/lâi.fíː/"", ""[lêi.ɸíː]""], ""examples"": [], ""dialect_assigned_default"": true}"
"majanuni","noun","8","{""source"": ""Wiktionary Hausa"", ""license"": ""CC BY-SA"", ""attribution"": ""Wiktionary via kaikki.org"", ""definitions"": [""insane person, crazy person""], ""parts_of_speech"": [""noun""], ""ipa"": [""/mà.(d)ʒà.núː.nìː/"", ""[mə̀.d͡ʒə̀.núː.nìː]""], ""examples"": [], ""dialect_assigned_default"": true}"
"mangariba","noun","8","{""source"": ""Wiktionary Hausa"", ""license"": ""CC BY-SA"", ""attribution"": ""Wiktionary via kaikki.org"", ""definitions"": [""alternative form of màgàr̃ibā̀""], ""parts_of_speech"": [""noun""], ""ipa"": [""/màn.ɡà.rí.bàː/"", ""[màŋ.ɡə̀.rɪ́.bàː]""], ""examples"": [], ""dialect_assigned_default"": true}"
"manhaja","noun","8","{""source"": ""Wiktionary Hausa"", ""license"": ""CC BY-SA"", ""attribution"": ""Wiktionary via kaikki.org"", ""definitions"": [""syllabus""], ""parts_of_speech"": [""noun""], ""ipa"": [""/mán.há.(d)ʒàː/"", ""[máŋ.há.d͡ʒàː]""], ""examples"": [], ""dialect_assigned_default"": true}"
"maraba","intj","8","{""source"": ""Wiktionary Hausa"", ""license"": ""CC BY-SA"", ""attribution"": ""Wiktionary via kaikki.org"", ""definitions"": [""welcome!"", ""difference (between two or more things)""], ""parts_of_speech"": [""intj"", ""noun""], ""ipa"": [""/má.ràː.bá/"", ""[mə́.ràː.bə́]"", ""/má.ɽá.báː/"", ""[mə́.ɽə́.báː]""], ""examples"": [], ""dialect_assigned_default"": true}"
"marhabin","intj","8","{""source"": ""Wiktionary Hausa"", ""license"": ""CC BY-SA"", ""attribution"": ""Wiktionary via kaikki.org"", ""definitions"": [""alternative form of mar̃ā̀ba (“welcome!”)""], ""parts_of_speech"": [""intj""], ""ipa"": [""/màr.há.bìn/"", ""[màr.há.bɪ̀ŋ]""], ""examples"": [], ""dialect_assigned_default"": true}"
"marili","noun","8","{""source"": ""Wiktionary Hausa"", ""license"": ""CC BY-SA"", ""attribution"": ""Wiktionary via kaikki.org"", ""definitions"": [""a chronically ill person""], ""parts_of_speech"": [""noun""], ""ipa"": [""/mà.ríː.lìː/"", ""[mə̀.ríː.lìː]""], ""examples"": [], ""dialect_assigned_default"": true}"
"ma sha Allahu","intj","8","{""source"": ""Wiktionary Hausa"", ""license"": ""CC BY-SA"", ""attribution"": ""Wiktionary via kaikki.org"", ""definitions"": [""mashallah (God has willed it)""], ""parts_of_speech"": [""intj""], ""ipa"": [""/màː ʃáː ʔàl.láː.hù/"", ""[màː ʃáː ʔàl.láː.hʊ̀]""], ""examples"": [], ""dialect_assigned_default"": true}"
"mashahuri","adj","8","{""source"": ""Wiktionary Hausa"", ""license"": ""CC BY-SA"", ""attribution"": ""Wiktionary via kaikki.org"", ""definitions"": [""famous"", ""famous person, celebrity""], ""parts_of_speech"": [""adj"", ""noun""], ""ipa"": [""/mà.ʃà.húː.rìː/"", ""[mə̀.ʃə̀.húː.rìː]"", ""/mà.ʃà.húː.rìː/"", ""[mə̀.ʃə̀.húː.rìː]""], ""examples"": [], ""dialect_assigned_default"": true}"
"misali","noun","8","{""source"": ""Wiktionary Hausa"", ""license"": ""CC BY-SA"", ""attribution"": ""Wiktionary via kaikki.org"", ""definitions"": [""example, instance"", ""approximately, around""], ""parts_of_speech"": [""noun"", ""adv""], ""ipa"": [""/mì.sáː.lìː/"", ""[mɪ̀.sáː.lìː]"", ""/mì.sáː.lìː/"", ""[mɪ̀.sáː.lìː]""], ""examples"": [], ""dialect_assigned_default"": true}"
"miskini","noun","8","{""source"": ""Wiktionary Hausa"", ""license"": ""CC BY-SA"", ""attribution"": ""Wiktionary via kaikki.org"", ""definitions"": [""pauper, poor person""], ""parts_of_speech"": [""noun""], ""ipa"": [""/mìs.kíː.nìː/"", ""[mɪ̀s.cíː.nìː]""], ""examples"": [], ""dialect_assigned_default"": true}"
"mu'amala","noun","8","{""source"": ""Wiktionary Hausa"", ""license"": ""CC BY-SA"", ""attribution"": ""Wiktionary via kaikki.org"", ""definitions"": [""alternative form of mà'āmalā̀ (“transaction”)""], ""parts_of_speech"": [""noun""], ""ipa"": [""/mù.ʔáː.má.làː/"", ""[mʊ̀.ʔáː.mə́.làː]""], ""examples"": [], ""dialect_assigned_default"": true}"
"Muhammadiyya","noun","8","{""source"": ""Wiktionary Hausa"", ""license"": ""CC BY-SA"", ""attribution"": ""Wiktionary via kaikki.org"", ""definitions"": [""Islamic studies, the teachings of Muhammad""], ""parts_of_speech"": [""noun""], ""ipa"": [""/mù.hàm.mà.díj.jàː/"", ""[mʊ̀.hàm.mə̀.dɪ́j.jàː]""], ""examples"": [], ""dialect_assigned_default"": true}"
"muhimmi","adj","8","{""source"": ""Wiktionary Hausa"", ""license"": ""CC BY-SA"", ""attribution"": ""Wiktionary via kaikki.org"", ""definitions"": [""important"", ""someone or something which is important""], ""parts_of_speech"": [""adj"", ""noun""], ""ipa"": [""/mù.hím.mìː/"", ""[mʊ̀.hɪ́m.mìː]"", ""/mù.hím.mìː/"", ""[mʊ̀.hɪ́m.mìː]""], ""examples"": [], ""dialect_assigned_default"": true}"
"mujaddadi","noun","8","{""source"": ""Wiktionary Hausa"", ""license"": ""CC BY-SA"", ""attribution"": ""Wiktionary via kaikki.org"", ""definitions"": [""religious reformer""], ""parts_of_speech"": [""noun""], ""ipa"": [""/mù.(d)ʒád.dà.díː/"", ""[mʊ̀.d͡ʒád.də̀.díː]""], ""examples"": [], ""dialect_assigned_default"": true}"
"mulki","noun","8","{""source"": ""Wiktionary Hausa"", ""license"": ""CC BY-SA"", ""attribution"": ""Wiktionary via kaikki.org"", ""definitions"": [""dominion, rule"", ""government""], ""parts_of_speech"": [""noun""], ""ipa"": [""/múl.kìː/"", ""[mʊ́l.cìː]""], ""examples"": [], ""dialect_assigned_default"": true}"
"mulukiya","noun","8","{""source"": ""Wiktionary Hausa"", ""license"": ""CC BY-SA"", ""attribution"": ""Wiktionary via kaikki.org"", ""definitions"": [""monarchy""], ""parts_of_speech"": [""noun""], ""ipa"": [""/mú.lúː.kí.jàː/"", ""[mʊ́.lúː.cɪ́.jàː]""], ""examples"": [], ""dialect_assigned_default"": true}"
"mumbari","noun","8","{""source"": ""Wiktionary Hausa"", ""license"": ""CC BY-SA"", ""attribution"": ""Wiktionary via kaikki.org"", ""definitions"": [""minbar, pulpit""], ""parts_of_speech"": [""noun""], ""ipa"": [""/múm.bà.ríː/"", ""[mʊ́m.bə̀.ríː]""], ""examples"": [], ""dialect_assigned_default"": true}"
"mumini","noun","8","{""source"": ""Wiktionary Hausa"", ""license"": ""CC BY-SA"", ""attribution"": ""Wiktionary via kaikki.org"", ""definitions"": [""believer in Islam""], ""parts_of_speech"": [""noun""], ""ipa"": [""/múː.mì.níː/"", ""[múː.mɪ̀.níː]""], ""examples"": [], ""dialect_assigned_default"": true}"
"munafuki","noun","8","{""source"": ""Wiktionary Hausa"", ""license"": ""CC BY-SA"", ""attribution"": ""Wiktionary via kaikki.org"", ""definitions"": [""hypocrite""], ""parts_of_speech"": [""noun""], ""ipa"": [""/mù.náː.fù.kíː/"", ""[mʊ̀.náː.ɸʊ̀.cíː]""], ""examples"": [], ""dialect_assigned_default"": true}"
"muradi","noun","8","{""source"": ""Wiktionary Hausa"", ""license"": ""CC BY-SA"", ""attribution"": ""Wiktionary via kaikki.org"", ""definitions"": [""desire, wish""], ""parts_of_speech"": [""noun""], ""ipa"": [""/mù.ráː.dìː/"", ""[mʊ̀.ráː.dìː]""], ""examples"": [], ""dialect_assigned_default"": true}"
"mushiriki","noun","8","{""source"": ""Wiktionary Hausa"", ""license"": ""CC BY-SA"", ""attribution"": ""Wiktionary via kaikki.org"", ""definitions"": [""idolater, mushrik""], ""parts_of_speech"": [""noun""], ""ipa"": [""/mú.ʃí.rì.kíː/"", ""[mʊ́.ʃɪ́.rɪ̀.cíː]""], ""examples"": [], ""dialect_assigned_default"": true}"
"mu'ujiza","noun","8","{""source"": ""Wiktionary Hausa"", ""license"": ""CC BY-SA"", ""attribution"": ""Wiktionary via kaikki.org"", ""definitions"": [""miracle""], ""parts_of_speech"": [""noun""], ""ipa"": [""/mù.ʔù.(d)ʒí.zàː/"", ""[mʊ̀.ʔʊ̀.d͡ʒɪ́.zàː]""], ""examples"": [], ""dialect_assigned_default"": true}"
"na'am","intj","8","{""source"": ""Wiktionary Hausa"", ""license"": ""CC BY-SA"", ""attribution"": ""Wiktionary via kaikki.org"", ""definitions"": [""yes (reply when called)"", ""I see, indeed""], ""parts_of_speech"": [""intj""], ""ipa"": [""/nà.ʔám/"", ""[nə̀.ʔám]"", ""/nà.ʔám/"", ""[nə̀.ʔám]"", ""/ná.ʔàm/"", ""[nə́.ʔàm]""], ""examples"": [], ""dialect_assigned_default"": true}"
"na'ibi","noun","8","{""source"": ""Wiktionary Hausa"", ""license"": ""CC BY-SA"", ""attribution"": ""Wiktionary via kaikki.org"", ""definitions"": [""deputy""], ""parts_of_speech"": [""noun""], ""ipa"": [""/náː.ʔì.bíː/"", ""[náː.ʔɪ̀.bíː]""], ""examples"": [], ""dialect_assigned_default"": true}"
"nasiha","noun","8","{""source"": ""Wiktionary Hausa"", ""license"": ""CC BY-SA"", ""attribution"": ""Wiktionary via kaikki.org"", ""definitions"": [""good advice""], ""parts_of_speech"": [""noun""], ""ipa"": [""/nà.síː.hàː/"", ""[nə̀.síː.hàː]""], ""examples"": [], ""dialect_assigned_default"": true}"
"nau'i","noun","8","{""source"": ""Wiktionary Hausa"", ""license"": ""CC BY-SA"", ""attribution"": ""Wiktionary via kaikki.org"", ""definitions"": [""type, variety""], ""parts_of_speech"": [""noun""], ""ipa"": [""/náu.ʔìː/"", ""[náu.ʔìː]""], ""examples"": [], ""dialect_assigned_default"": true}"
"na'ura","noun","8","{""source"": ""Wiktionary Hausa"", ""license"": ""CC BY-SA"", ""attribution"": ""Wiktionary via kaikki.org"", ""definitions"": [""machine"", ""computer""], ""parts_of_speech"": [""noun""], ""ipa"": [""/nàː.ʔúː.ràː/"", ""[nàː.ʔúː.ràː]""], ""examples"": [], ""dialect_assigned_default"": true}"
"kwamfyuta","noun","8","{""source"": ""Wiktionary Hausa"", ""license"": ""CC BY-SA"", ""attribution"": ""Wiktionary via kaikki.org"", ""definitions"": [""computer""], ""parts_of_speech"": [""noun""], ""ipa"": [""/kʷàm.fʲúː.tàː/"", ""[kʷàm.ɸʲúː.tàː]""], ""examples"": [], ""dialect_assigned_default"": true}"
"nazari","noun","8","{""source"": ""Wiktionary Hausa"", ""license"": ""CC BY-SA"", ""attribution"": ""Wiktionary via kaikki.org"", ""definitions"": [""investigation, research""], ""parts_of_speech"": [""noun""], ""ipa"": [""/ná.zà.ríː/"", ""[nə́.zə̀.ríː]""], ""examples"": [], ""dialect_assigned_default"": true}"
"ni'ima","noun","8","{""source"": ""Wiktionary Hausa"", ""license"": ""CC BY-SA"", ""attribution"": ""Wiktionary via kaikki.org"", ""definitions"": [""prosperity, blessing, fertility""], ""parts_of_speech"": [""noun""], ""ipa"": [""/ní.ʔí.màː/"", ""[nɪ́.ʔɪ́.màː]""], ""examples"": [], ""dialect_assigned_default"": true}"
"nishaɗi","noun","8","{""source"": ""Wiktionary Hausa"", ""license"": ""CC BY-SA"", ""attribution"": ""Wiktionary via kaikki.org"", ""definitions"": [""enjoyment, pleasure""], ""parts_of_speech"": [""noun""], ""ipa"": [""/nì.ʃáː.ɗìː/"", ""[nɪ̀.ʃáː.ɗìː]""], ""examples"": [], ""dialect_assigned_default"": true}"
"ra'ayi","noun","8","{""source"": ""Wiktionary Hausa"", ""license"": ""CC BY-SA"", ""attribution"": ""Wiktionary via kaikki.org"", ""definitions"": [""opinion""], ""parts_of_speech"": [""noun""], ""ipa"": [""/rá.ʔà.jíː/"", ""[rə́.ʔɛ̀.jíː]""], ""examples"": [], ""dialect_assigned_default"": true}"
"rahusa","noun","8","{""source"": ""Wiktionary Hausa"", ""license"": ""CC BY-SA"", ""attribution"": ""Wiktionary via kaikki.org"", ""definitions"": [""cheapness, inexpensiveness""], ""parts_of_speech"": [""noun""], ""ipa"": [""/rà.húː.sáː/"", ""[rə̀.húː.sáː]""], ""examples"": [], ""dialect_assigned_default"": true}"
"rashawa","noun","8","{""source"": ""Wiktionary Hausa"", ""license"": ""CC BY-SA"", ""attribution"": ""Wiktionary via kaikki.org"", ""definitions"": [""bribe""], ""parts_of_speech"": [""noun""], ""ipa"": [""/rá.ʃá.wáː/"", ""[rə́.ʃə́.wáː]""], ""examples"": [], ""dialect_assigned_default"": true}"
"rubu'i","noun","8","{""source"": ""Wiktionary Hausa"", ""license"": ""CC BY-SA"", ""attribution"": ""Wiktionary via kaikki.org"", ""definitions"": [""one fourth, quarter""], ""parts_of_speech"": [""noun""], ""ipa"": [""/rú.bù.ʔíː/"", ""[rɪ́.bʊ̀.ʔíː]""], ""examples"": [], ""dialect_assigned_default"": true}"
"ru'uya","noun","8","{""source"": ""Wiktionary Hausa"", ""license"": ""CC BY-SA"", ""attribution"": ""Wiktionary via kaikki.org"", ""definitions"": [""vision, revelation""], ""parts_of_speech"": [""noun""], ""ipa"": [""/rù.ʔù.jáː/"", ""[rɪ̀.ʔì.jáː]""], ""examples"": [], ""dialect_assigned_default"": true}"
"sababi","noun","8","{""source"": ""Wiktionary Hausa"", ""license"": ""CC BY-SA"", ""attribution"": ""Wiktionary via kaikki.org"", ""definitions"": [""reason, cause"", ""argument, quarrel""], ""parts_of_speech"": [""noun""], ""ipa"": [""/sá.bà.bíː/"", ""[sə́.bə̀.bíː]""], ""examples"": [], ""dialect_assigned_default"": true}"
"saɗara","noun","8","{""source"": ""Wiktionary Hausa"", ""license"": ""CC BY-SA"", ""attribution"": ""Wiktionary via kaikki.org"", ""definitions"": [""line of writing""], ""parts_of_speech"": [""noun""], ""ipa"": [""/sà.ɗá.ràː/"", ""[sə̀.ɗə́.ràː]""], ""examples"": [], ""dialect_assigned_default"": true}"
"sa'ida","noun","8","{""source"": ""Wiktionary Hausa"", ""license"": ""CC BY-SA"", ""attribution"": ""Wiktionary via kaikki.org"", ""definitions"": [""luck"", ""success"", ""comfort""], ""parts_of_speech"": [""noun""], ""ipa"": [""/sà.ʔíː.dàː/"", ""[sə̀.ʔíː.dàː]""], ""examples"": [], ""dialect_assigned_default"": true}"
"alaikum salam","intj","8","{""source"": ""Wiktionary Hausa"", ""license"": ""CC BY-SA"", ""attribution"": ""Wiktionary via kaikki.org"", ""definitions"": [""Response to sàlāmù àlaikùm.""], ""parts_of_speech"": [""intj""], ""ipa"": [""/ʔà.lái.kùm sà.lâm/"", ""[ʔà.léi.kʷʊ̀m sə̀.lâm]""], ""examples"": [], ""dialect_assigned_default"": true}"
"salihi","adj","8","{""source"": ""Wiktionary Hausa"", ""license"": ""CC BY-SA"", ""attribution"": ""Wiktionary via kaikki.org"", ""definitions"": [""honest, upright"", ""an honest, upright person""], ""parts_of_speech"": [""adj"", ""noun""], ""ipa"": [""/sáː.lì.híː/"", ""[sáː.lɪ̀.híː]"", ""/sáː.lì.híː/"", ""[sáː.lɪ̀.híː]""], ""examples"": [], ""dialect_assigned_default"": true}"
"sana'a","noun","8","{""source"": ""Wiktionary Hausa"", ""license"": ""CC BY-SA"", ""attribution"": ""Wiktionary via kaikki.org"", ""definitions"": [""trade, craft, occupation""], ""parts_of_speech"": [""noun""], ""ipa"": [""/sà.ná.ʔàː/"", ""[sə̀.nə́.ʔàː]""], ""examples"": [], ""dialect_assigned_default"": true}"
"sha'ani","noun","8","{""source"": ""Wiktionary Hausa"", ""license"": ""CC BY-SA"", ""attribution"": ""Wiktionary via kaikki.org"", ""definitions"": [""matter, affair"", ""nature, disposition""], ""parts_of_speech"": [""noun""], ""ipa"": [""/ʃá.ʔà.níː/"", ""[ʃə́.ʔà.níː]""], ""examples"": [], ""dialect_assigned_default"": true}"
"shai'an","noun","8","{""source"": ""Wiktionary Hausa"", ""license"": ""CC BY-SA"", ""attribution"": ""Wiktionary via kaikki.org"", ""definitions"": [""anything (only used in set phrases in the negative)""], ""parts_of_speech"": [""noun""], ""ipa"": [""/ʃái.ʔàn/"", ""[ʃéi.ʔàŋ]""], ""examples"": [], ""dialect_assigned_default"": true}"
"sharaɗi","noun","8","{""source"": ""Wiktionary Hausa"", ""license"": ""CC BY-SA"", ""attribution"": ""Wiktionary via kaikki.org"", ""definitions"": [""condition, stipulation, arrangement""], ""parts_of_speech"": [""noun""], ""ipa"": [""/ʃá.rà.ɗíː/"", ""[ʃə́.rə̀.ɗíː]""], ""examples"": [], ""dialect_assigned_default"": true}"
"sharhi","noun","8","{""source"": ""Wiktionary Hausa"", ""license"": ""CC BY-SA"", ""attribution"": ""Wiktionary via kaikki.org"", ""definitions"": [""commentary""], ""parts_of_speech"": [""noun""], ""ipa"": [""/ʃár.hìː/"", ""[ʃár.hìː]""], ""examples"": [], ""dialect_assigned_default"": true}"
"sharri","noun","8","{""source"": ""Wiktionary Hausa"", ""license"": ""CC BY-SA"", ""attribution"": ""Wiktionary via kaikki.org"", ""definitions"": [""evil, wickedness""], ""parts_of_speech"": [""noun""], ""ipa"": [""/ʃár.rìː/"", ""[ʃár.rìː]""], ""examples"": [], ""dialect_assigned_default"": true}"
"shirka","noun","8","{""source"": ""Wiktionary Hausa"", ""license"": ""CC BY-SA"", ""attribution"": ""Wiktionary via kaikki.org"", ""definitions"": [""partnership"", ""polytheism, idolatry, shirk""], ""parts_of_speech"": [""noun""], ""ipa"": [""/ʃír.kàː/"", ""[ʃɪ́r.kàː]""], ""examples"": [], ""dialect_assigned_default"": true}"
"shu'umi","noun","8","{""source"": ""Wiktionary Hausa"", ""license"": ""CC BY-SA"", ""attribution"": ""Wiktionary via kaikki.org"", ""definitions"": [""something or someone inhabited or possessed by spirits""], ""parts_of_speech"": [""noun""], ""ipa"": [""/ʃú.ʔù.míː/"", ""[ʃɪ́.ʔʊ̀.míː]""], ""examples"": [], ""dialect_assigned_default"": true}"
"sitira","noun","8","{""source"": ""Wiktionary Hausa"", ""license"": ""CC BY-SA"", ""attribution"": ""Wiktionary via kaikki.org"", ""definitions"": [""clothing"", ""shroud""], ""parts_of_speech"": [""noun""], ""ipa"": [""/sì.tí.ràː/"", ""[sɪ̀.tɪ́.ràː]""], ""examples"": [], ""dialect_assigned_default"": true}"
"siyasa","noun","8","{""source"": ""Wiktionary Hausa"", ""license"": ""CC BY-SA"", ""attribution"": ""Wiktionary via kaikki.org"", ""definitions"": [""politics"", ""giving a concession or accommodation""], ""parts_of_speech"": [""noun""], ""ipa"": [""/sì.jáː.sàː/"", ""[sɪ̀.jáː.sàː]""], ""examples"": [], ""dialect_assigned_default"": true}"
"sujjada","noun","8","{""source"": ""Wiktionary Hausa"", ""license"": ""CC BY-SA"", ""attribution"": ""Wiktionary via kaikki.org"", ""definitions"": [""prostration (in prayer)""], ""parts_of_speech"": [""noun""], ""ipa"": [""/sù(d)ʒ.(d)ʒá.dàː/"", ""[sɪ̀d.d͡ʒə́.dàː]""], ""examples"": [], ""dialect_assigned_default"": true}"
"tarbiyya","noun","8","{""source"": ""Wiktionary Hausa"", ""license"": ""CC BY-SA"", ""attribution"": ""Wiktionary via kaikki.org"", ""definitions"": [""upbringing, training""], ""parts_of_speech"": [""noun""], ""ipa"": [""/tàr.bíj.jàː/"", ""[tàr.bɪ́j.jàː]""], ""examples"": [], ""dialect_assigned_default"": true}"
"tarihi","noun","8","{""source"": ""Wiktionary Hausa"", ""license"": ""CC BY-SA"", ""attribution"": ""Wiktionary via kaikki.org"", ""definitions"": [""history"", ""biography""], ""parts_of_speech"": [""noun""], ""ipa"": [""/táː.ríː.hìː/"", ""[táː.ríː.hìː]""], ""examples"": [], ""dialect_assigned_default"": true}"
"tauhidi","noun","8","{""source"": ""Wiktionary Hausa"", ""license"": ""CC BY-SA"", ""attribution"": ""Wiktionary via kaikki.org"", ""definitions"": [""monotheism, tawhid""], ""parts_of_speech"": [""noun""], ""ipa"": [""/tàu.híː.dìː/"", ""[tàu.híː.dìː]""], ""examples"": [], ""dialect_assigned_default"": true}"
"tijara","noun","8","{""source"": ""Wiktionary Hausa"", ""license"": ""CC BY-SA"", ""attribution"": ""Wiktionary via kaikki.org"", ""definitions"": [""commerce, trade"", ""public humiliation""], ""parts_of_speech"": [""noun""], ""ipa"": [""/tì.(d)ʒáː.ràː/"", ""[tɪ̀.d͡ʒáː.ràː]""], ""examples"": [], ""dialect_assigned_default"": true}"
"tubarkalla","intj","8","{""source"": ""Wiktionary Hausa"", ""license"": ""CC BY-SA"", ""attribution"": ""Wiktionary via kaikki.org"", ""definitions"": [""bravo, praise God!""], ""parts_of_speech"": [""intj""], ""ipa"": [""/tù.bár.kál.làː/"", ""[tɪ̀.bár.kál.làː]""], ""examples"": [], ""dialect_assigned_default"": true}"
"ushiri","noun","8","{""source"": ""Wiktionary Hausa"", ""license"": ""CC BY-SA"", ""attribution"": ""Wiktionary via kaikki.org"", ""definitions"": [""one tenth"", ""tithe paid to the court in property cases""], ""parts_of_speech"": [""noun""], ""ipa"": [""/ʔú.ʃì.ríː/"", ""[ʔʊ́.ʃɪ̀.ríː]""], ""examples"": [], ""dialect_assigned_default"": true}"
"ushira","noun","8","{""source"": ""Wiktionary Hausa"", ""license"": ""CC BY-SA"", ""attribution"": ""Wiktionary via kaikki.org"", ""definitions"": [""alternative form of ushìr̃ī (“tithe paid to the court”)""], ""parts_of_speech"": [""noun""], ""ipa"": [""/ʔú.ʃì.ráː/"", ""[ʔʊ́.ʃɪ̀.ráː]""], ""examples"": [], ""dialect_assigned_default"": true}"
"wa'adi","noun","8","{""source"": ""Wiktionary Hausa"", ""license"": ""CC BY-SA"", ""attribution"": ""Wiktionary via kaikki.org"", ""definitions"": [""promise""], ""parts_of_speech"": [""noun""], ""ipa"": [""/wá.ʔà.díː/"", ""[wə́.ʔà.díː]""], ""examples"": [], ""dialect_assigned_default"": true}"
"wa'azi","noun","8","{""source"": ""Wiktionary Hausa"", ""license"": ""CC BY-SA"", ""attribution"": ""Wiktionary via kaikki.org"", ""definitions"": [""sermon"", ""warning""], ""parts_of_speech"": [""noun""], ""ipa"": [""/wá.ʔà.zíː/"", ""[wə́.ʔà.zíː]""], ""examples"": [], ""dialect_assigned_default"": true}"
"waƙafi","noun","8","{""source"": ""Wiktionary Hausa"", ""license"": ""CC BY-SA"", ""attribution"": ""Wiktionary via kaikki.org"", ""definitions"": [""detention"", ""pause""], ""parts_of_speech"": [""noun""], ""ipa"": [""/wá.kʼà.fíː/"", ""[wə́.kʼə̀.ɸíː]""], ""examples"": [], ""dialect_assigned_default"": true}"
"wuridi","noun","8","{""source"": ""Wiktionary Hausa"", ""license"": ""CC BY-SA"", ""attribution"": ""Wiktionary via kaikki.org"", ""definitions"": [""private prayer""], ""parts_of_speech"": [""noun""], ""ipa"": [""/wú.rì.díː/"", ""[wʊ́.rɪ̀.díː]""], ""examples"": [], ""dialect_assigned_default"": true}"
"zaiba","noun","8","{""source"": ""Wiktionary Hausa"", ""license"": ""CC BY-SA"", ""attribution"": ""Wiktionary via kaikki.org"", ""definitions"": [""mercury (element)""], ""parts_of_speech"": [""noun""], ""ipa"": [""/zái.bàː/"", ""[zéi.bàː]""], ""examples"": [], ""dialect_assigned_default"": true}"
"za'ida","noun","8","{""source"": ""Wiktionary Hausa"", ""license"": ""CC BY-SA"", ""attribution"": ""Wiktionary via kaikki.org"", ""definitions"": [""exaggeration""], ""parts_of_speech"": [""noun""], ""ipa"": [""/záː.ʔí.dàː/"", ""[záː.ʔɪ́.dàː]""], ""examples"": [], ""dialect_assigned_default"": true}"
"zakka","noun","8","{""source"": ""Wiktionary Hausa"", ""license"": ""CC BY-SA"", ""attribution"": ""Wiktionary via kaikki.org"", ""definitions"": [""religious tithe, zakat""], ""parts_of_speech"": [""noun""], ""ipa"": [""/zàk.káː/"", ""[zàk.káː]""], ""examples"": [], ""dialect_assigned_default"": true}"
"Umaru","name","8","{""source"": ""Wiktionary Hausa"", ""license"": ""CC BY-SA"", ""attribution"": ""Wiktionary via kaikki.org"", ""definitions"": [""a male given name""], ""parts_of_speech"": [""name""], ""ipa"": [""/ʔù.má.rù/"", ""[ʔʊ̀.mə́.rɪ̀]""], ""examples"": [], ""dialect_assigned_default"": true}"
"wasiƙa","noun","8","{""source"": ""Wiktionary Hausa"", ""license"": ""CC BY-SA"", ""attribution"": ""Wiktionary via kaikki.org"", ""definitions"": [""letter (written message)""], ""parts_of_speech"": [""noun""], ""ipa"": [""/wà.síː.kʼàː/"", ""[wə̀.síː.kʼàː]""], ""examples"": [], ""dialect_assigned_default"": true}"
"wasiyya","noun","8","{""source"": ""Wiktionary Hausa"", ""license"": ""CC BY-SA"", ""attribution"": ""Wiktionary via kaikki.org"", ""definitions"": [""will, bequest""], ""parts_of_speech"": [""noun""], ""ipa"": [""/wà.síj.jàː/"", ""[wə̀.sɪ́j.jàː]""], ""examples"": [], ""dialect_assigned_default"": true}"
"sadaki","noun","8","{""source"": ""Wiktionary Hausa"", ""license"": ""CC BY-SA"", ""attribution"": ""Wiktionary via kaikki.org"", ""definitions"": [""bride price""], ""parts_of_speech"": [""noun""], ""ipa"": [""/sà.dâː.kíː/"", ""[sə̀.dâː.cíː]""], ""examples"": [], ""dialect_assigned_default"": true}"
"tuhuma","noun","8","{""source"": ""Wiktionary Hausa"", ""license"": ""CC BY-SA"", ""attribution"": ""Wiktionary via kaikki.org"", ""definitions"": [""suspicion"", ""interrogation""], ""parts_of_speech"": [""noun""], ""ipa"": [""/tù.hú.màː/"", ""[tɪ̀.hʊ́.màː]""], ""examples"": [], ""dialect_assigned_default"": true}"
"zabarjadi","noun","8","{""source"": ""Wiktionary Hausa"", ""license"": ""CC BY-SA"", ""attribution"": ""Wiktionary via kaikki.org"", ""definitions"": [""chrysolite or topaz""], ""parts_of_speech"": [""noun""], ""ipa"": [""/zá.bàr.(d)ʒá.dìː/"", ""[zə́.bàr.d͡ʒə́.dìː]""], ""examples"": [], ""dialect_assigned_default"": true}"
"annoba","noun","8","{""source"": ""Wiktionary Hausa"", ""license"": ""CC BY-SA"", ""attribution"": ""Wiktionary via kaikki.org"", ""definitions"": [""epidemic, plague""], ""parts_of_speech"": [""noun""], ""ipa"": [""/ʔàn.nòː.báː/"", ""[ʔàn.nòː.báː]""], ""examples"": [], ""dialect_assigned_default"": true}"
"fangali","noun","8","{""source"": ""Wiktionary Hausa"", ""license"": ""CC BY-SA"", ""attribution"": ""Wiktionary via kaikki.org"", ""definitions"": [""irrigated farm bed""], ""parts_of_speech"": [""noun""], ""ipa"": [""/fán.ɡá.líː/"", ""[ɸáŋ.ɡə́.líː]""], ""examples"": [], ""dialect_assigned_default"": true}"
"kyanwa","noun","8","{""source"": ""Wiktionary Hausa"", ""license"": ""CC BY-SA"", ""attribution"": ""Wiktionary via kaikki.org"", ""definitions"": [""cat""], ""parts_of_speech"": [""noun""], ""ipa"": [""/cân.wáː/"", ""[cɛ̂m.wáː]""], ""examples"": [], ""dialect_assigned_default"": true}"
"ayari","noun","8","{""source"": ""Wiktionary Hausa"", ""license"": ""CC BY-SA"", ""attribution"": ""Wiktionary via kaikki.org"", ""definitions"": [""caravan"", ""a group of people going in the same direction""], ""parts_of_speech"": [""noun""], ""ipa"": [""/ʔáː.jà.ríː/"", ""[ʔáː.jɛ̀.ríː]""], ""examples"": [], ""dialect_assigned_default"": true}"
"dabino","noun","8","{""source"": ""Wiktionary Hausa"", ""license"": ""CC BY-SA"", ""attribution"": ""Wiktionary via kaikki.org"", ""definitions"": [""date (fruit)"", ""date palm""], ""parts_of_speech"": [""noun""], ""ipa"": [""/dá.bíː.nòː/"", ""[də́.bíː.nòː]""], ""examples"": [], ""dialect_assigned_default"": true}"
"rubuta","verb","8","{""source"": ""Wiktionary Hausa"", ""license"": ""CC BY-SA"", ""attribution"": ""Wiktionary via kaikki.org"", ""definitions"": [""to write""], ""parts_of_speech"": [""verb""], ""ipa"": [""/rú.bùː.táː/"", ""[rɪ́.bùː.táː]""], ""examples"": [], ""dialect_assigned_default"": true}"
"karanta","verb","8","{""source"": ""Wiktionary Hausa"", ""license"": ""CC BY-SA"", ""attribution"": ""Wiktionary via kaikki.org"", ""definitions"": [""to read""], ""parts_of_speech"": [""verb""], ""ipa"": [""/ká.ràn.táː/"", ""[kə́.ràn.táː]""], ""examples"": [], ""dialect_assigned_default"": true}"
"takarda","noun","8","{""source"": ""Wiktionary Hausa"", ""license"": ""CC BY-SA"", ""attribution"": ""Wiktionary via kaikki.org"", ""definitions"": [""paper""], ""parts_of_speech"": [""noun""], ""ipa"": [""/tá.kàr.dáː/"", ""[tə́.kàr.dáː]""], ""examples"": [], ""dialect_assigned_default"": true}"
"tawada","noun","8","{""source"": ""Wiktionary Hausa"", ""license"": ""CC BY-SA"", ""attribution"": ""Wiktionary via kaikki.org"", ""definitions"": [""ink""], ""parts_of_speech"": [""noun""], ""ipa"": [""/tà.wá.dàː/"", ""[tə̀.wə́.dàː]""], ""examples"": [], ""dialect_assigned_default"": true}"
"tadawa","noun","8","{""source"": ""Wiktionary Hausa"", ""license"": ""CC BY-SA"", ""attribution"": ""Wiktionary via kaikki.org"", ""definitions"": [""alternative form of tàwadā̀""], ""parts_of_speech"": [""noun""], ""ipa"": [""/tà.dá.wàː/"", ""[tə̀.də́.wàː]""], ""examples"": [], ""dialect_assigned_default"": true}"
"taubashi","noun","8","{""source"": ""Wiktionary Hausa"", ""license"": ""CC BY-SA"", ""attribution"": ""Wiktionary via kaikki.org"", ""definitions"": [""cross-cousin (child of a parent's opposite-sex sibling)"", ""someone with whom one has a joking relationship (established between two tribes whose ancestors are thought to be brother and sister)""], ""parts_of_speech"": [""noun""], ""ipa"": [""/táu.bàː.ʃíː/"", ""[táu.bàː.ʃíː]""], ""examples"": [], ""dialect_assigned_default"": true}"
"akawal","noun","8","{""source"": ""Wiktionary Hausa"", ""license"": ""CC BY-SA"", ""attribution"": ""Wiktionary via kaikki.org"", ""definitions"": [""horse or person with shiny, black skin""], ""parts_of_speech"": [""noun""], ""ipa"": [""/ʔá.ká.wàl/"", ""[ʔá.kə́.wàl]""], ""examples"": [], ""dialect_assigned_default"": true}"
"akawali","noun","8","{""source"": ""Wiktionary Hausa"", ""license"": ""CC BY-SA"", ""attribution"": ""Wiktionary via kaikki.org"", ""definitions"": [""alternative form of akawàl""], ""parts_of_speech"": [""noun""], ""ipa"": [""/ʔá.ká.wà.líː/"", ""[ʔá.kə́.wə̀.líː]""], ""examples"": [], ""dialect_assigned_default"": true}"
"danana","noun","8","{""source"": ""Wiktionary Hausa"", ""license"": ""CC BY-SA"", ""attribution"": ""Wiktionary via kaikki.org"", ""definitions"": [""covered in oil""], ""parts_of_speech"": [""noun""], ""ipa"": [""/dá.ná.ná/"", ""[də́.nə́.nə́]""], ""examples"": [], ""dialect_assigned_default"": true}"
"amawali","noun","8","{""source"": ""Wiktionary Hausa"", ""license"": ""CC BY-SA"", ""attribution"": ""Wiktionary via kaikki.org"", ""definitions"": [""part of a turban which is used as a veil to cover the mouth""], ""parts_of_speech"": [""noun""], ""ipa"": [""/ʔá.máː.wà.líː/"", ""[ʔá.máː.wə̀.líː]""], ""examples"": [], ""dialect_assigned_default"": true}"
"asabari","noun","8","{""source"": ""Wiktionary Hausa"", ""license"": ""CC BY-SA"", ""attribution"": ""Wiktionary via kaikki.org"", ""definitions"": [""a mat made from doum palm fronds, often used as a windscreen""], ""parts_of_speech"": [""noun""], ""ipa"": [""/ʔá.sá.bà.ríː/"", ""[ʔá.sə́.bə̀.ríː]""], ""examples"": [], ""dialect_assigned_default"": true}"
"tagomashi","noun","8","{""source"": ""Wiktionary Hausa"", ""license"": ""CC BY-SA"", ""attribution"": ""Wiktionary via kaikki.org"", ""definitions"": [""popularity""], ""parts_of_speech"": [""noun""], ""ipa"": [""/tá.ɡóː.mà.ʃíː/"", ""[tə́.ɡʷóː.mə̀.ʃíː]""], ""examples"": [], ""dialect_assigned_default"": true}"
"takobi","noun","8","{""source"": ""Wiktionary Hausa"", ""license"": ""CC BY-SA"", ""attribution"": ""Wiktionary via kaikki.org"", ""definitions"": [""sword""], ""parts_of_speech"": [""noun""], ""ipa"": [""/tá.kòː.bíː/"", ""[tə́.kʷòː.bíː]""], ""examples"": [], ""dialect_assigned_default"": true}"
"takunkumi","noun","8","{""source"": ""Wiktionary Hausa"", ""license"": ""CC BY-SA"", ""attribution"": ""Wiktionary via kaikki.org"", ""definitions"": [""muzzle"", ""embargo, economic blockade""], ""parts_of_speech"": [""noun""], ""ipa"": [""/tàː.kún.kù.míː/"", ""[tàː.kʷʊ́ŋ.kʷʊ̀.míː]""], ""examples"": [], ""dialect_assigned_default"": true}"
"taliki","noun","8","{""source"": ""Wiktionary Hausa"", ""license"": ""CC BY-SA"", ""attribution"": ""Wiktionary via kaikki.org"", ""definitions"": [""creature, being""], ""parts_of_speech"": [""noun""], ""ipa"": [""/táː.lì.kíː/"", ""[táː.lɪ̀.cíː]""], ""examples"": [], ""dialect_assigned_default"": true}"
"tantakwashi","noun","8","{""source"": ""Wiktionary Hausa"", ""license"": ""CC BY-SA"", ""attribution"": ""Wiktionary via kaikki.org"", ""definitions"": [""various soft parts of animal bones (head of the femur, caudal end of the backbone) used to make soup""], ""parts_of_speech"": [""noun""], ""ipa"": [""/tàn.tá.kʷà.ʃíː/"", ""[tàn.tə́.kʷə̀.ʃíː]""], ""examples"": [], ""dialect_assigned_default"": true}"
"tozali","noun","8","{""source"": ""Wiktionary Hausa"", ""license"": ""CC BY-SA"", ""attribution"": ""Wiktionary via kaikki.org"", ""definitions"": [""antimony""], ""parts_of_speech"": [""noun""], ""ipa"": [""/tóː.zà.líː/"", ""[tóː.zə̀.líː]""], ""examples"": [], ""dialect_assigned_default"": true}"
"daƙashi","noun","8","{""source"": ""Wiktionary Hausa"", ""license"": ""CC BY-SA"", ""attribution"": ""Wiktionary via kaikki.org"", ""definitions"": [""colostrum""], ""parts_of_speech"": [""noun""], ""ipa"": [""/dá.kʼà.ʃíː/"", ""[də́.kʼə̀.ʃíː]""], ""examples"": [], ""dialect_assigned_default"": true}"
"linzami","noun","8","{""source"": ""Wiktionary Hausa"", ""license"": ""CC BY-SA"", ""attribution"": ""Wiktionary via kaikki.org"", ""definitions"": [""bridle"", ""triangular embroidery of the neck of a gown""], ""parts_of_speech"": [""noun""], ""ipa"": [""/lìn.záː.mìː/"", ""[lɪ̀n.záː.mìː]""], ""examples"": [], ""dialect_assigned_default"": true}"
"ragama","noun","8","{""source"": ""Wiktionary Hausa"", ""license"": ""CC BY-SA"", ""attribution"": ""Wiktionary via kaikki.org"", ""definitions"": [""halter""], ""parts_of_speech"": [""noun""], ""ipa"": [""/ɽá.ɡà.máː/"", ""[ɽə́.ɡə̀.máː]""], ""examples"": [], ""dialect_assigned_default"": true}"
"auduga","noun","8","{""source"": ""Wiktionary Hausa"", ""license"": ""CC BY-SA"", ""attribution"": ""Wiktionary via kaikki.org"", ""definitions"": [""cotton, cotton plant""], ""parts_of_speech"": [""noun""], ""ipa"": [""/ʔáu.dù.ɡáː/"", ""[ʔáu.dɪ̀.ɡáː]""], ""examples"": [], ""dialect_assigned_default"": true}"
"cukwi","noun","8","{""source"": ""Wiktionary Hausa"", ""license"": ""CC BY-SA"", ""attribution"": ""Wiktionary via kaikki.org"", ""definitions"": [""alternative form of cukū (“cheese”)""], ""parts_of_speech"": [""noun""], ""ipa"": [""/t͡ʃú.kʷíː/"", ""[t͡ʃɪ́.kʷíː]""], ""examples"": [], ""dialect_assigned_default"": true}"
"tabarma","noun","8","{""source"": ""Wiktionary Hausa"", ""license"": ""CC BY-SA"", ""attribution"": ""Wiktionary via kaikki.org"", ""definitions"": [""mat (for sitting or sleeping)""], ""parts_of_speech"": [""noun""], ""ipa"": [""/tàː.báɽ.máː/"", ""[tàː.báɽ.máː]""], ""examples"": [], ""dialect_assigned_default"": true}"
"aru-aru","adv","8","{""source"": ""Wiktionary Hausa"", ""license"": ""CC BY-SA"", ""attribution"": ""Wiktionary via kaikki.org"", ""definitions"": [""long ago""], ""parts_of_speech"": [""adv""], ""ipa"": [""/ʔà.rúː.ʔà.rúː/"", ""[ʔà.rúː.ʔà.rúː]""], ""examples"": [], ""dialect_assigned_default"": true}"
"mubazzari","noun","8","{""source"": ""Wiktionary Hausa"", ""license"": ""CC BY-SA"", ""attribution"": ""Wiktionary via kaikki.org"", ""definitions"": [""spendthrift""], ""parts_of_speech"": [""noun""], ""ipa"": [""/mù.báz.zà.ríː/"", ""[mʊ̀.báz.zə̀.ríː]""], ""examples"": [], ""dialect_assigned_default"": true}"
"zikiri","noun","8","{""source"": ""Wiktionary Hausa"", ""license"": ""CC BY-SA"", ""attribution"": ""Wiktionary via kaikki.org"", ""definitions"": [""dhikr""], ""parts_of_speech"": [""noun""], ""ipa"": [""/zí.kì.ríː/"", ""[zɪ́.cɪ̀.ríː]""], ""examples"": [], ""dialect_assigned_default"": true}"
"zira'i","noun","8","{""source"": ""Wiktionary Hausa"", ""license"": ""CC BY-SA"", ""attribution"": ""Wiktionary via kaikki.org"", ""definitions"": [""cubit (unit of measure)""], ""parts_of_speech"": [""noun""], ""ipa"": [""/zì.ráː.ʔìː/"", ""[zɪ̀.ráː.ʔìː]""], ""examples"": [], ""dialect_assigned_default"": true}"
"ƙaddara","noun","8","{""source"": ""Wiktionary Hausa"", ""license"": ""CC BY-SA"", ""attribution"": ""Wiktionary via kaikki.org"", ""definitions"": [""fate, destiny"", ""predestine""], ""parts_of_speech"": [""noun"", ""verb""], ""ipa"": [""/kʼàd.dá.ràː/"", ""[kʼàd.də́.ràː]"", ""/kʼád.dà.ráː/"", ""[kʼád.də̀.ráː]""], ""examples"": [], ""dialect_assigned_default"": true}"
"ƙafa","noun","8","{""source"": ""Wiktionary Hausa"", ""license"": ""CC BY-SA"", ""attribution"": ""Wiktionary via kaikki.org"", ""definitions"": [""foot, leg"", ""foot (unit of length)"", ""foot (unit of a poetic meter)"", ""tripod""], ""parts_of_speech"": [""noun""], ""ipa"": [""/kʼá.fàː/"", ""[kʼə́.ɸàː]""], ""examples"": [], ""dialect_assigned_default"": true}"
"ɗungum","noun","8","{""source"": ""Wiktionary Hausa"", ""license"": ""CC BY-SA"", ""attribution"": ""Wiktionary via kaikki.org"", ""definitions"": [""entirely, completely""], ""parts_of_speech"": [""noun""], ""ipa"": [""/ɗùn.ɡúm/"", ""[ɗɪ̀ŋ.ɡʷʊ́m]""], ""examples"": [], ""dialect_assigned_default"": true}"
"tatul","noun","8","{""source"": ""Wiktionary Hausa"", ""license"": ""CC BY-SA"", ""attribution"": ""Wiktionary via kaikki.org"", ""definitions"": [""full with drink""], ""parts_of_speech"": [""noun""], ""ipa"": [""/tàː.túl/"", ""[tàː.tɪ́l]""], ""examples"": [], ""dialect_assigned_default"": true}"
"tiƙis","noun","8","{""source"": ""Wiktionary Hausa"", ""license"": ""CC BY-SA"", ""attribution"": ""Wiktionary via kaikki.org"", ""definitions"": [""very tired, exhausted""], ""parts_of_speech"": [""noun""], ""ipa"": [""/tí.kʼís/"", ""[tɪ́.cʼɪ́s]""], ""examples"": [], ""dialect_assigned_default"": true}"
"tuɓur-tuɓur","noun","8","{""source"": ""Wiktionary Hausa"", ""license"": ""CC BY-SA"", ""attribution"": ""Wiktionary via kaikki.org"", ""definitions"": [""large and round""], ""parts_of_speech"": [""noun""], ""ipa"": [""/tú.ɓúr.tù.ɓùr/"", ""[tɪ́.ɓʊ́r.tɪ̀.ɓʊ̀r]""], ""examples"": [], ""dialect_assigned_default"": true}"
"tukuf","noun","8","{""source"": ""Wiktionary Hausa"", ""license"": ""CC BY-SA"", ""attribution"": ""Wiktionary via kaikki.org"", ""definitions"": [""very old""], ""parts_of_speech"": [""noun""], ""ipa"": [""/tú.kúp/"", ""[tɪ́.kʷʊ́p]""], ""examples"": [], ""dialect_assigned_default"": true}"
"tsaf","noun","8","{""source"": ""Wiktionary Hausa"", ""license"": ""CC BY-SA"", ""attribution"": ""Wiktionary via kaikki.org"", ""definitions"": [""neatly, completely""], ""parts_of_speech"": [""noun""], ""ipa"": [""/(t)sʼáp/"", ""[sʼáp]""], ""examples"": [], ""dialect_assigned_default"": true}"
"tsan-tsan","noun","8","{""source"": ""Wiktionary Hausa"", ""license"": ""CC BY-SA"", ""attribution"": ""Wiktionary via kaikki.org"", ""definitions"": [""cautiously"", ""firmly, securely""], ""parts_of_speech"": [""noun""], ""ipa"": [""/(t)sʼán.(t)sʼán/"", ""[sʼán.sʼáŋ]""], ""examples"": [], ""dialect_assigned_default"": true}"
"wulik","noun","8","{""source"": ""Wiktionary Hausa"", ""license"": ""CC BY-SA"", ""attribution"": ""Wiktionary via kaikki.org"", ""definitions"": [""black or dark blue""], ""parts_of_speech"": [""noun""], ""ipa"": [""/wú.lík/"", ""[wʊ́.lɪ́k]""], ""examples"": [], ""dialect_assigned_default"": true}"
"zigidir","noun","8","{""source"": ""Wiktionary Hausa"", ""license"": ""CC BY-SA"", ""attribution"": ""Wiktionary via kaikki.org"", ""definitions"": [""completely naked""], ""parts_of_speech"": [""noun""], ""ipa"": [""/zì.ɡì.dír/"", ""[zɪ̀.ɟɪ̀.dɪ́r]""], ""examples"": [], ""dialect_assigned_default"": true}"
"tsai","noun","8","{""source"": ""Wiktionary Hausa"", ""license"": ""CC BY-SA"", ""attribution"": ""Wiktionary via kaikki.org"", ""definitions"": [""still, pensive""], ""parts_of_speech"": [""noun""], ""ipa"": [""/(t)sʼái/"", ""[sʼéi]""], ""examples"": [], ""dialect_assigned_default"": true}"
"ƙal","noun","8","{""source"": ""Wiktionary Hausa"", ""license"": ""CC BY-SA"", ""attribution"": ""Wiktionary via kaikki.org"", ""definitions"": [""sparkling clean""], ""parts_of_speech"": [""noun""], ""ipa"": [""/kʼál/"", ""[kʼál]""], ""examples"": [], ""dialect_assigned_default"": true}"
"raɗau","noun","8","{""source"": ""Wiktionary Hausa"", ""license"": ""CC BY-SA"", ""attribution"": ""Wiktionary via kaikki.org"", ""definitions"": [""very clearly""], ""parts_of_speech"": [""noun""], ""ipa"": [""/rá.ɗáu/"", ""[rə́.ɗáu]""], ""examples"": [], ""dialect_assigned_default"": true}"
"ƙirin","noun","8","{""source"": ""Wiktionary Hausa"", ""license"": ""CC BY-SA"", ""attribution"": ""Wiktionary via kaikki.org"", ""definitions"": [""dark, dull black""], ""parts_of_speech"": [""noun""], ""ipa"": [""/kʼí.ɽín/"", ""[cʼɪ́.ɽɪ́ŋ]""], ""examples"": [], ""dialect_assigned_default"": true}"
"nukus","noun","8","{""source"": ""Wiktionary Hausa"", ""license"": ""CC BY-SA"", ""attribution"": ""Wiktionary via kaikki.org"", ""definitions"": [""damp and mushy""], ""parts_of_speech"": [""noun""], ""ipa"": [""/nù.kùs/"", ""[nɪ̀.kʷʊ̀s]""], ""examples"": [], ""dialect_assigned_default"": true}"
"hanhai","noun","8","{""source"": ""Wiktionary Hausa"", ""license"": ""CC BY-SA"", ""attribution"": ""Wiktionary via kaikki.org"", ""definitions"": [""wide open""], ""parts_of_speech"": [""noun""], ""ipa"": [""/hàn.hái/"", ""[hàŋ.hái]""], ""examples"": [], ""dialect_assigned_default"": true}"
"ƙarƙaf","noun","8","{""source"": ""Wiktionary Hausa"", ""license"": ""CC BY-SA"", ""attribution"": ""Wiktionary via kaikki.org"", ""definitions"": [""completely used up""], ""parts_of_speech"": [""noun""], ""ipa"": [""/kʼàɽ.kʼáp/"", ""[kʼàɽ.kʼáp]""], ""examples"": [], ""dialect_assigned_default"": true}"
"butsu-butsu","noun","8","{""source"": ""Wiktionary Hausa"", ""license"": ""CC BY-SA"", ""attribution"": ""Wiktionary via kaikki.org"", ""definitions"": [""untidy""], ""parts_of_speech"": [""noun""], ""ipa"": [""/bú.(t)sʼúː.bù.(t)sʼùː/"", ""[bʊ́.sʼúː.bʊ̀.sʼùː]""], ""examples"": [], ""dialect_assigned_default"": true}"
"ɓalo-ɓalo","noun","8","{""source"": ""Wiktionary Hausa"", ""license"": ""CC BY-SA"", ""attribution"": ""Wiktionary via kaikki.org"", ""definitions"": [""large and round (only used for things which contain liquid)""], ""parts_of_speech"": [""noun""], ""ipa"": [""/ɓá.lóː.ɓà.lòː/"", ""[ɓə́.lóː.ɓə̀.lòː]""], ""examples"": [], ""dialect_assigned_default"": true}"
"dososo","noun","8","{""source"": ""Wiktionary Hausa"", ""license"": ""CC BY-SA"", ""attribution"": ""Wiktionary via kaikki.org"", ""definitions"": [""having an ugly face"", ""being boring or dull""], ""parts_of_speech"": [""noun""], ""ipa"": [""/dòː.sòː.sòː/"", ""[dòː.sòː.sòː]""], ""examples"": [], ""dialect_assigned_default"": true}"
"sheƙeƙe","noun","8","{""source"": ""Wiktionary Hausa"", ""license"": ""CC BY-SA"", ""attribution"": ""Wiktionary via kaikki.org"", ""definitions"": [""contemptuously""], ""parts_of_speech"": [""noun""], ""ipa"": [""/ʃèː.kʼèː.kʼèː/"", ""[ʃèː.cʼèː.cʼèː]""], ""examples"": [], ""dialect_assigned_default"": true}"
"cwai","noun","8","{""source"": ""Wiktionary Hausa"", ""license"": ""CC BY-SA"", ""attribution"": ""Wiktionary via kaikki.org"", ""definitions"": [""alternative form of coi (“very sweet”)""], ""parts_of_speech"": [""noun""], ""ipa"": [""/t͡ʃʷái/"", ""[t͡ʃʷéi]""], ""examples"": [], ""dialect_assigned_default"": true}"
"ɓaga-ɓaga","noun","8","{""source"": ""Wiktionary Hausa"", ""license"": ""CC BY-SA"", ""attribution"": ""Wiktionary via kaikki.org"", ""definitions"": [""chunky, composed of large chunks""], ""parts_of_speech"": [""noun""], ""ipa"": [""/ɓá.ɡáː.ɓà.ɡàː/"", ""[ɓə́.ɡáː.ɓə̀.ɡàː]""], ""examples"": [], ""dialect_assigned_default"": true}"
"raɓe-raɓe","noun","8","{""source"": ""Wiktionary Hausa"", ""license"": ""CC BY-SA"", ""attribution"": ""Wiktionary via kaikki.org"", ""definitions"": [""hanging, dangling, pendulous""], ""parts_of_speech"": [""noun""], ""ipa"": [""/ɽá.ɓéː.ɽà.ɓèː/"", ""[ɽə́.ɓéː.ɽə̀.ɓèː]""], ""examples"": [], ""dialect_assigned_default"": true}"
"kazar-kazar","noun","8","{""source"": ""Wiktionary Hausa"", ""license"": ""CC BY-SA"", ""attribution"": ""Wiktionary via kaikki.org"", ""definitions"": [""energetic, restless""], ""parts_of_speech"": [""noun""], ""ipa"": [""/kà.zàr.ká.zár/"", ""[kə̀.zàr.kə́.zár]""], ""examples"": [], ""dialect_assigned_default"": true}"
"maƙo-maƙo","noun","8","{""source"": ""Wiktionary Hausa"", ""license"": ""CC BY-SA"", ""attribution"": ""Wiktionary via kaikki.org"", ""definitions"": [""miserly""], ""parts_of_speech"": [""noun""], ""ipa"": [""/mà.kʼòː.má.kʼóː/"", ""[mə̀.kʷʼòː.mə́.kʷʼóː]""], ""examples"": [], ""dialect_assigned_default"": true}"
"wuni-wuni","noun","8","{""source"": ""Wiktionary Hausa"", ""license"": ""CC BY-SA"", ""attribution"": ""Wiktionary via kaikki.org"", ""definitions"": [""shifty, suspicious""], ""parts_of_speech"": [""noun""], ""ipa"": [""/wù.nìː.wú.níː/"", ""[wʊ̀.nìː.wʊ́.níː]""], ""examples"": [], ""dialect_assigned_default"": true}"
"ɗim","noun","8","{""source"": ""Wiktionary Hausa"", ""license"": ""CC BY-SA"", ""attribution"": ""Wiktionary via kaikki.org"", ""definitions"": [""huge, voluminous"", ""hitting with a thud""], ""parts_of_speech"": [""noun""], ""ipa"": [""/ɗìm/"", ""[ɗɪ̀m]"", ""/ɗîm/"", ""[ɗɪ̂m]"", ""/ɗìm/"", ""[ɗɪ̀m]"", ""/ɗîm/"", ""[ɗɪ̂m]""], ""examples"": [], ""dialect_assigned_default"": true}"
"cif-cif","noun","8","{""source"": ""Wiktionary Hausa"", ""license"": ""CC BY-SA"", ""attribution"": ""Wiktionary via kaikki.org"", ""definitions"": [""alternative form of cif (“complete (of numbers or money)”)""], ""parts_of_speech"": [""noun""], ""ipa"": [""/t͡ʃíf.t͡ʃíp/"", ""[t͡ʃɪ́ɸ.t͡ʃɪ́p]""], ""examples"": [], ""dialect_assigned_default"": true}"
"kam-kam","noun","8","{""source"": ""Wiktionary Hausa"", ""license"": ""CC BY-SA"", ""attribution"": ""Wiktionary via kaikki.org"", ""definitions"": [""alternative form of kam (“firmly, tightly; adamant, insistent”)""], ""parts_of_speech"": [""noun""], ""ipa"": [""/kán.kám/"", ""[káŋ.kám]""], ""examples"": [], ""dialect_assigned_default"": true}"
"ɓal-ɓal","noun","8","{""source"": ""Wiktionary Hausa"", ""license"": ""CC BY-SA"", ""attribution"": ""Wiktionary via kaikki.org"", ""definitions"": [""something thick boiling""], ""parts_of_speech"": [""noun""], ""ipa"": [""/ɓàl.ɓàl/"", ""[ɓàl.ɓàl]""], ""examples"": [], ""dialect_assigned_default"": true}"
"ɗar-ɗar","noun","8","{""source"": ""Wiktionary Hausa"", ""license"": ""CC BY-SA"", ""attribution"": ""Wiktionary via kaikki.org"", ""definitions"": [""heart beating quickly""], ""parts_of_speech"": [""noun""], ""ipa"": [""/ɗàr.ɗàr/"", ""[ɗàr.ɗàr]""], ""examples"": [], ""dialect_assigned_default"": true}"
"ƙwal-ƙwal","noun","8","{""source"": ""Wiktionary Hausa"", ""license"": ""CC BY-SA"", ""attribution"": ""Wiktionary via kaikki.org"", ""definitions"": [""smooth shaving of head""], ""parts_of_speech"": [""noun""], ""ipa"": [""/kʷʼál.kʷʼál/"", ""[kʷʼál.kʷʼál]""], ""examples"": [], ""dialect_assigned_default"": true}"
"raf-raf","noun","8","{""source"": ""Wiktionary Hausa"", ""license"": ""CC BY-SA"", ""attribution"": ""Wiktionary via kaikki.org"", ""definitions"": [""applause""], ""parts_of_speech"": [""noun""], ""ipa"": [""/ràf.ràp/"", ""[ràɸ.ràp]""], ""examples"": [], ""dialect_assigned_default"": true}"
"ƙut","noun","8","{""source"": ""Wiktionary Hausa"", ""license"": ""CC BY-SA"", ""attribution"": ""Wiktionary via kaikki.org"", ""definitions"": [""intimate, close (of a friendship)""], ""parts_of_speech"": [""noun""], ""ipa"": [""/kʼút/"", ""[kʷʼʊ́t]""], ""examples"": [], ""dialect_assigned_default"": true}"
"ɗu","noun","8","{""source"": ""Wiktionary Hausa"", ""license"": ""CC BY-SA"", ""attribution"": ""Wiktionary via kaikki.org"", ""definitions"": [""people moving in a line""], ""parts_of_speech"": [""noun""], ""ipa"": [""/ɗùː/"", ""[ɗùː]""], ""examples"": [], ""dialect_assigned_default"": true}"
"fatau","noun","8","{""source"": ""Wiktionary Hausa"", ""license"": ""CC BY-SA"", ""attribution"": ""Wiktionary via kaikki.org"", ""definitions"": [""very green""], ""parts_of_speech"": [""noun""], ""ipa"": [""/fá.táu/"", ""[ɸə́.táu]""], ""examples"": [], ""dialect_assigned_default"": true}"
"ƙuƙut","noun","8","{""source"": ""Wiktionary Hausa"", ""license"": ""CC BY-SA"", ""attribution"": ""Wiktionary via kaikki.org"", ""definitions"": [""alternative form of ƙut (“intimate, close (of a relationship)”)""], ""parts_of_speech"": [""noun""], ""ipa"": [""/kʼú.kʼút/"", ""[kʷʼʊ́.kʷʼʊ́t]""], ""examples"": [], ""dialect_assigned_default"": true}"
"sumul","noun","8","{""source"": ""Wiktionary Hausa"", ""license"": ""CC BY-SA"", ""attribution"": ""Wiktionary via kaikki.org"", ""definitions"": [""very healthy""], ""parts_of_speech"": [""noun""], ""ipa"": [""/sú.múl/"", ""[sɪ́.mʊ́l]""], ""examples"": [], ""dialect_assigned_default"": true}"
"gunus","noun","8","{""source"": ""Wiktionary Hausa"", ""license"": ""CC BY-SA"", ""attribution"": ""Wiktionary via kaikki.org"", ""definitions"": [""suddenly stinky""], ""parts_of_speech"": [""noun""], ""ipa"": [""/ɡù.nùs/"", ""[ɡʷʊ̀.nɪ̀s]""], ""examples"": [], ""dialect_assigned_default"": true}"
"shirim","noun","8","{""source"": ""Wiktionary Hausa"", ""license"": ""CC BY-SA"", ""attribution"": ""Wiktionary via kaikki.org"", ""definitions"": [""shady, offering shade""], ""parts_of_speech"": [""noun""], ""ipa"": [""/ʃì.ɽìm/"", ""[ʃɪ̀.ɽɪ̀m]""], ""examples"": [], ""dialect_assigned_default"": true}"
"riris","noun","8","{""source"": ""Wiktionary Hausa"", ""license"": ""CC BY-SA"", ""attribution"": ""Wiktionary via kaikki.org"", ""definitions"": [""crying a lot""], ""parts_of_speech"": [""noun""], ""ipa"": [""/ɽí.ɽìs/"", ""[ɽɪ́.ɽɪ̀s]""], ""examples"": [], ""dialect_assigned_default"": true}"
"kwatsam","noun","8","{""source"": ""Wiktionary Hausa"", ""license"": ""CC BY-SA"", ""attribution"": ""Wiktionary via kaikki.org"", ""definitions"": [""suddenly""], ""parts_of_speech"": [""noun""], ""ipa"": [""/kʷá.(t)sʼàm/"", ""[kʷə́.sʼàm]""], ""examples"": [], ""dialect_assigned_default"": true}"
"kwaram","noun","8","{""source"": ""Wiktionary Hausa"", ""license"": ""CC BY-SA"", ""attribution"": ""Wiktionary via kaikki.org"", ""definitions"": [""alternative form of kwatsàm (“suddenly”)""], ""parts_of_speech"": [""noun""], ""ipa"": [""/kʷá.ɽàm/"", ""[kʷə́.ɽàm]""], ""examples"": [], ""dialect_assigned_default"": true}"
"wuluk","noun","8","{""source"": ""Wiktionary Hausa"", ""license"": ""CC BY-SA"", ""attribution"": ""Wiktionary via kaikki.org"", ""definitions"": [""obsolete form of wulik""], ""parts_of_speech"": [""noun""], ""ipa"": [""/wú.lúk/"", ""[wʊ́.lɪ́k]""], ""examples"": [], ""dialect_assigned_default"": true}"
"siɗik","noun","8","{""source"": ""Wiktionary Hausa"", ""license"": ""CC BY-SA"", ""attribution"": ""Wiktionary via kaikki.org"", ""definitions"": [""black""], ""parts_of_speech"": [""noun""], ""ipa"": [""/sí.ɗík/"", ""[sɪ́.ɗɪ́k]""], ""examples"": [], ""dialect_assigned_default"": true}"
"buƙwi","noun","8","{""source"": ""Wiktionary Hausa"", ""license"": ""CC BY-SA"", ""attribution"": ""Wiktionary via kaikki.org"", ""definitions"": [""bare, exposed""], ""parts_of_speech"": [""noun""], ""ipa"": [""/bù.kʷʼíː/"", ""[bʊ̀.kʷʼíː]""], ""examples"": [], ""dialect_assigned_default"": true}"
"luƙwi","noun","8","{""source"": ""Wiktionary Hausa"", ""license"": ""CC BY-SA"", ""attribution"": ""Wiktionary via kaikki.org"", ""definitions"": [""finely ground or pounded""], ""parts_of_speech"": [""noun""], ""ipa"": [""/lú.kʷʼíː/"", ""[lɪ́.kʷʼíː]""], ""examples"": [], ""dialect_assigned_default"": true}"
"birjik","noun","8","{""source"": ""Wiktionary Hausa"", ""license"": ""CC BY-SA"", ""attribution"": ""Wiktionary via kaikki.org"", ""definitions"": [""plentiful, abundant, scattered everywhere""], ""parts_of_speech"": [""noun""], ""ipa"": [""/bìr.(d)ʒík/"", ""[bɪ̀r.d͡ʒɪ́k]""], ""examples"": [], ""dialect_assigned_default"": true}"
"kirtif","noun","8","{""source"": ""Wiktionary Hausa"", ""license"": ""CC BY-SA"", ""attribution"": ""Wiktionary via kaikki.org"", ""definitions"": [""thick liquid""], ""parts_of_speech"": [""noun""], ""ipa"": [""/kìɽ.típ/"", ""[cɪ̀ɽ.tɪ́p]""], ""examples"": [], ""dialect_assigned_default"": true}"
"murtuk","noun","8","{""source"": ""Wiktionary Hausa"", ""license"": ""CC BY-SA"", ""attribution"": ""Wiktionary via kaikki.org"", ""definitions"": [""dark, turbid""], ""parts_of_speech"": [""noun""], ""ipa"": [""/mùr.túk/"", ""[mʊ̀r.tɪ́k]""], ""examples"": [], ""dialect_assigned_default"": true}"
"samɓal","noun","8","{""source"": ""Wiktionary Hausa"", ""license"": ""CC BY-SA"", ""attribution"": ""Wiktionary via kaikki.org"", ""definitions"": [""straight"", ""very tall""], ""parts_of_speech"": [""noun""], ""ipa"": [""/sàm.ɓál/"", ""[sàm.ɓál]""], ""examples"": [], ""dialect_assigned_default"": true}"
"warwar","noun","8","{""source"": ""Wiktionary Hausa"", ""license"": ""CC BY-SA"", ""attribution"": ""Wiktionary via kaikki.org"", ""definitions"": [""falling flat on one's back""], ""parts_of_speech"": [""noun""], ""ipa"": [""/wàr.wár/"", ""[wàr.wár]""], ""examples"": [], ""dialect_assigned_default"": true}"
"warwas","noun","8","{""source"": ""Wiktionary Hausa"", ""license"": ""CC BY-SA"", ""attribution"": ""Wiktionary via kaikki.org"", ""definitions"": [""alternative form of wàr̃war̃ (“falling flat on one's back”)""], ""parts_of_speech"": [""noun""], ""ipa"": [""/wàr.wás/"", ""[wàr.wás]""], ""examples"": [], ""dialect_assigned_default"": true}"
"wanwar","noun","8","{""source"": ""Wiktionary Hausa"", ""license"": ""CC BY-SA"", ""attribution"": ""Wiktionary via kaikki.org"", ""definitions"": [""alternative form of wàr̃war̃ (“falling flat on one's back”)""], ""parts_of_speech"": [""noun""], ""ipa"": [""/wàn.wár/"", ""[wàm.wár]""], ""examples"": [], ""dialect_assigned_default"": true}"
"zundum","noun","8","{""source"": ""Wiktionary Hausa"", ""license"": ""CC BY-SA"", ""attribution"": ""Wiktionary via kaikki.org"", ""definitions"": [""full""], ""parts_of_speech"": [""noun""], ""ipa"": [""/zùn.dúm/"", ""[zɪ̀n.dɪ́m]""], ""examples"": [], ""dialect_assigned_default"": true}"
"tsundum","noun","8","{""source"": ""Wiktionary Hausa"", ""license"": ""CC BY-SA"", ""attribution"": ""Wiktionary via kaikki.org"", ""definitions"": [""something not too big falling into water"", ""alternative form of zùndum (“full (of a body of water)”)""], ""parts_of_speech"": [""noun""], ""ipa"": [""/(t)sʼùn.dùm/"", ""[sʼɪ̀n.dɪ̀m]"", ""/(t)sʼùn.dúm/"", ""[sʼɪ̀n.dɪ́m]"", ""/(t)sʼùn.dùm/"", ""[sʼɪ̀n.dɪ̀m]"", ""/(t)sʼùn.dúm/"", ""[sʼɪ̀n.dɪ́m]""], ""examples"": [], ""dialect_assigned_default"": true}"
"ƙandas","noun","8","{""source"": ""Wiktionary Hausa"", ""license"": ""CC BY-SA"", ""attribution"": ""Wiktionary via kaikki.org"", ""definitions"": [""dry, lacking moisture or oil""], ""parts_of_speech"": [""noun""], ""ipa"": [""/kʼán.dás/"", ""[kʼán.dás]""], ""examples"": [], ""dialect_assigned_default"": true}"
"jawur","noun","8","{""source"": ""Wiktionary Hausa"", ""license"": ""CC BY-SA"", ""attribution"": ""Wiktionary via kaikki.org"", ""definitions"": [""bright red""], ""parts_of_speech"": [""noun""], ""ipa"": [""/(d)ʒàː.wúr/"", ""[d͡ʒàː.wʊ́r]""], ""examples"": [], ""dialect_assigned_default"": true}"
"jazur","noun","8","{""source"": ""Wiktionary Hausa"", ""license"": ""CC BY-SA"", ""attribution"": ""Wiktionary via kaikki.org"", ""definitions"": [""having reddish skin; light-skinned""], ""parts_of_speech"": [""noun""], ""ipa"": [""/(d)ʒàː.zúr/"", ""[d͡ʒàː.zɪ́r]""], ""examples"": [], ""dialect_assigned_default"": true}"
"maƙil","noun","8","{""source"": ""Wiktionary Hausa"", ""license"": ""CC BY-SA"", ""attribution"": ""Wiktionary via kaikki.org"", ""definitions"": [""very full""], ""parts_of_speech"": [""noun""], ""ipa"": [""/màː.kʼíl/"", ""[màː.cʼɪ́l]""], ""examples"": [], ""dialect_assigned_default"": true}"
"reras","noun","8","{""source"": ""Wiktionary Hausa"", ""license"": ""CC BY-SA"", ""attribution"": ""Wiktionary via kaikki.org"", ""definitions"": [""well arranged""], ""parts_of_speech"": [""noun""], ""ipa"": [""/rèː.rás/"", ""[rèː.rás]""], ""examples"": [], ""dialect_assigned_default"": true}"
"ƙiƙam","noun","8","{""source"": ""Wiktionary Hausa"", ""license"": ""CC BY-SA"", ""attribution"": ""Wiktionary via kaikki.org"", ""definitions"": [""motionless, standing in place""], ""parts_of_speech"": [""noun""], ""ipa"": [""/kʼìː.kʼàm/"", ""[cʼìː.kʼàm]""], ""examples"": [], ""dialect_assigned_default"": true}"
"fururu","noun","8","{""source"": ""Wiktionary Hausa"", ""license"": ""CC BY-SA"", ""attribution"": ""Wiktionary via kaikki.org"", ""definitions"": [""white with dust""], ""parts_of_speech"": [""noun""], ""ipa"": [""/fú.ɽú.ɽú/"", ""[ɸʊ́.ɽɪ́.ɽɪ́]""], ""examples"": [], ""dialect_assigned_default"": true}"
"rututu","noun","8","{""source"": ""Wiktionary Hausa"", ""license"": ""CC BY-SA"", ""attribution"": ""Wiktionary via kaikki.org"", ""definitions"": [""in large numbers""], ""parts_of_speech"": [""noun""], ""ipa"": [""/rú.tú.tú/"", ""[rɪ́.tɪ́.tɪ́]""], ""examples"": [], ""dialect_assigned_default"": true}"
"tsalala","noun","8","{""source"": ""Wiktionary Hausa"", ""license"": ""CC BY-SA"", ""attribution"": ""Wiktionary via kaikki.org"", ""definitions"": [""thin, watered down""], ""parts_of_speech"": [""noun""], ""ipa"": [""/(t)sʼá.lá.lá/"", ""[sʼə́.lə́.lə́]""], ""examples"": [], ""dialect_assigned_default"": true}"
"dukuku","noun","8","{""source"": ""Wiktionary Hausa"", ""license"": ""CC BY-SA"", ""attribution"": ""Wiktionary via kaikki.org"", ""definitions"": [""ugly"", ""sad"", ""clumsy""], ""parts_of_speech"": [""noun""], ""ipa"": [""/dù.kù.kù/"", ""[dɪ̀.kʷʊ̀.kʷʊ̀]""], ""examples"": [], ""dialect_assigned_default"": true}"
"sukuku","noun","8","{""source"": ""Wiktionary Hausa"", ""license"": ""CC BY-SA"", ""attribution"": ""Wiktionary via kaikki.org"", ""definitions"": [""sad, despondent""], ""parts_of_speech"": [""noun""], ""ipa"": [""/sù.kù.kù/"", ""[sɪ̀.kʷʊ̀.kʷʊ̀]""], ""examples"": [], ""dialect_assigned_default"": true}"
"zaƙaƙa","noun","8","{""source"": ""Wiktionary Hausa"", ""license"": ""CC BY-SA"", ""attribution"": ""Wiktionary via kaikki.org"", ""definitions"": [""something long and thin""], ""parts_of_speech"": [""noun""], ""ipa"": [""/zà.kʼà.kʼà/"", ""[zə̀.kʼə̀.kʼə̀]""], ""examples"": [], ""dialect_assigned_default"": true}"
"boɗoɗo","noun","8","{""source"": ""Wiktionary Hausa"", ""license"": ""CC BY-SA"", ""attribution"": ""Wiktionary via kaikki.org"", ""definitions"": [""in an exposing manner""], ""parts_of_speech"": [""noun""], ""ipa"": [""/bòː.ɗòː.ɗòː/"", ""[bòː.ɗòː.ɗòː]""], ""examples"": [], ""dialect_assigned_default"": true}"
"bonono","noun","8","{""source"": ""Wiktionary Hausa"", ""license"": ""CC BY-SA"", ""attribution"": ""Wiktionary via kaikki.org"", ""definitions"": [""something thought to be secure that turns out not to be""], ""parts_of_speech"": [""noun""], ""ipa"": [""/bòː.nòː.nòː/"", ""[bòː.nòː.nòː]""], ""examples"": [], ""dialect_assigned_default"": true}"
"zololo","noun","8","{""source"": ""Wiktionary Hausa"", ""license"": ""CC BY-SA"", ""attribution"": ""Wiktionary via kaikki.org"", ""definitions"": [""tall and thin, having a long neck""], ""parts_of_speech"": [""noun""], ""ipa"": [""/zòː.lòː.lòː/"", ""[zòː.lòː.lòː]""], ""examples"": [], ""dialect_assigned_default"": true}"
"tsololo","noun","8","{""source"": ""Wiktionary Hausa"", ""license"": ""CC BY-SA"", ""attribution"": ""Wiktionary via kaikki.org"", ""definitions"": [""alternative form of zṑlṑlṑ (“tall and thin, having a long neck”)""], ""parts_of_speech"": [""noun""], ""ipa"": [""/(t)sʼòː.lòː.lòː/"", ""[sʼòː.lòː.lòː]""], ""examples"": [], ""dialect_assigned_default"": true}"
"ɓelele","noun","8","{""source"": ""Wiktionary Hausa"", ""license"": ""CC BY-SA"", ""attribution"": ""Wiktionary via kaikki.org"", ""definitions"": [""laughing with mouth wide open""], ""parts_of_speech"": [""noun""], ""ipa"": [""/ɓèː.lèː.lèː/"", ""[ɓèː.lèː.lèː]""], ""examples"": [], ""dialect_assigned_default"": true}"
"ƙerere","noun","8","{""source"": ""Wiktionary Hausa"", ""license"": ""CC BY-SA"", ""attribution"": ""Wiktionary via kaikki.org"", ""definitions"": [""standing disrespectfully before a superior""], ""parts_of_speech"": [""noun""], ""ipa"": [""/kʼèː.ɽèː.ɽèː/"", ""[cʼèː.ɽèː.ɽèː]""], ""examples"": [], ""dialect_assigned_default"": true}"
"galala","noun","8","{""source"": ""Wiktionary Hausa"", ""license"": ""CC BY-SA"", ""attribution"": ""Wiktionary via kaikki.org"", ""definitions"": [""unguarded, out in the open""], ""parts_of_speech"": [""noun""], ""ipa"": [""/ɡàː.làː.làː/"", ""[ɡàː.làː.làː]""], ""examples"": [], ""dialect_assigned_default"": true}"
"burɗunɗun","noun","8","{""source"": ""Wiktionary Hausa"", ""license"": ""CC BY-SA"", ""attribution"": ""Wiktionary via kaikki.org"", ""definitions"": [""swollen (as from insect bites)""], ""parts_of_speech"": [""noun""], ""ipa"": [""/bùr.ɗùn.ɗùn/"", ""[bʊ̀r.ɗɪ̀n.ɗɪ̀ŋ]""], ""examples"": [], ""dialect_assigned_default"": true}"
"ɓangwalgwal","noun","8","{""source"": ""Wiktionary Hausa"", ""license"": ""CC BY-SA"", ""attribution"": ""Wiktionary via kaikki.org"", ""definitions"": [""solid, round, and fleshy (e.g., like a kola nut)""], ""parts_of_speech"": [""noun""], ""ipa"": [""/ɓàn.ɡʷàl.ɡʷàl/"", ""[ɓàŋ.ɡʷàl.ɡʷàl]""], ""examples"": [], ""dialect_assigned_default"": true}"
"jimɓirɓir","noun","8","{""source"": ""Wiktionary Hausa"", ""license"": ""CC BY-SA"", ""attribution"": ""Wiktionary via kaikki.org"", ""definitions"": [""large and heavy from being soaked or bloated""], ""parts_of_speech"": [""noun""], ""ipa"": [""/(d)ʒìm.ɓìr.ɓìr/"", ""[d͡ʒɪ̀m.ɓɪ̀r.ɓɪ̀r]""], ""examples"": [], ""dialect_assigned_default"": true}"
"ƙursunsun","noun","8","{""source"": ""Wiktionary Hausa"", ""license"": ""CC BY-SA"", ""attribution"": ""Wiktionary via kaikki.org"", ""definitions"": [""hard to the touch""], ""parts_of_speech"": [""noun""], ""ipa"": [""/kʼùɽ.sùn.sùn/"", ""[kʷʼʊ̀ɽ.sɪ̀n.sɪ̀ŋ]""], ""examples"": [], ""dialect_assigned_default"": true}"
"ramɓasɓas","noun","8","{""source"": ""Wiktionary Hausa"", ""license"": ""CC BY-SA"", ""attribution"": ""Wiktionary via kaikki.org"", ""definitions"": [""large and bare (usually used to describe a bald head)""], ""parts_of_speech"": [""noun""], ""ipa"": [""/ràm.ɓàs.ɓàs/"", ""[ràm.ɓàs.ɓàs]""], ""examples"": [], ""dialect_assigned_default"": true}"
"samɓalɓal","noun","8","{""source"": ""Wiktionary Hausa"", ""license"": ""CC BY-SA"", ""attribution"": ""Wiktionary via kaikki.org"", ""definitions"": [""straight and tall, slender (of a person)""], ""parts_of_speech"": [""noun""], ""ipa"": [""/sàm.ɓàl.ɓàl/"", ""[sàm.ɓàl.ɓàl]""], ""examples"": [], ""dialect_assigned_default"": true}"
"buguzunzum","noun","8","{""source"": ""Wiktionary Hausa"", ""license"": ""CC BY-SA"", ""attribution"": ""Wiktionary via kaikki.org"", ""definitions"": [""big, fat, untidy, hairy (mainly of women and animals)""], ""parts_of_speech"": [""noun""], ""ipa"": [""/bù.ɡù.zùn.zùm/"", ""[bʊ̀.ɡʷʊ̀.zɪ̀n.zɪ̀m]""], ""examples"": [], ""dialect_assigned_default"": true}"
"fata-fata","noun","8","{""source"": ""Wiktionary Hausa"", ""license"": ""CC BY-SA"", ""attribution"": ""Wiktionary via kaikki.org"", ""definitions"": [""destroying, breaking into pieces""], ""parts_of_speech"": [""noun""], ""ipa"": [""/fá.tá.fá.tá/"", ""[ɸə́.tə́.ɸə́.tə́]""], ""examples"": [], ""dialect_assigned_default"": true}"
"kwata-kwata","noun","8","{""source"": ""Wiktionary Hausa"", ""license"": ""CC BY-SA"", ""attribution"": ""Wiktionary via kaikki.org"", ""definitions"": [""lacking completely""], ""parts_of_speech"": [""noun""], ""ipa"": [""/kʷá.tá.kʷá.tá/"", ""[kʷə́.tə́.kʷə́.tə́]""], ""examples"": [], ""dialect_assigned_default"": true}"
"rugu-rugu","noun","8","{""source"": ""Wiktionary Hausa"", ""license"": ""CC BY-SA"", ""attribution"": ""Wiktionary via kaikki.org"", ""definitions"": [""shattered""], ""parts_of_speech"": [""noun""], ""ipa"": [""/ɽú.ɡú.ɽú.ɡú/"", ""[ɽɪ́.ɡʷʊ́.ɽɪ́.ɡʷʊ́]""], ""examples"": [], ""dialect_assigned_default"": true}"
"wara-wara","noun","8","{""source"": ""Wiktionary Hausa"", ""license"": ""CC BY-SA"", ""attribution"": ""Wiktionary via kaikki.org"", ""definitions"": [""spaced apart, irregularly placed""], ""parts_of_speech"": [""noun""], ""ipa"": [""/wá.ɽá.wá.ɽá/"", ""[wə́.ɽə́.wə́.ɽə́]""], ""examples"": [], ""dialect_assigned_default"": true}"
"dushi-dushi","noun","8","{""source"": ""Wiktionary Hausa"", ""license"": ""CC BY-SA"", ""attribution"": ""Wiktionary via kaikki.org"", ""definitions"": [""hazy, dim, difficult to see""], ""parts_of_speech"": [""noun""], ""ipa"": [""/dú.ʃí.dú.ʃí/"", ""[dɪ́.ʃɪ́.dɪ́.ʃɪ́]""], ""examples"": [], ""dialect_assigned_default"": true}"
"sako-sako","noun","8","{""source"": ""Wiktionary Hausa"", ""license"": ""CC BY-SA"", ""attribution"": ""Wiktionary via kaikki.org"", ""definitions"": [""loosely""], ""parts_of_speech"": [""noun""], ""ipa"": [""/sá.kó.sá.kó/"", ""[sə́.kʷó.sə́.kʷó]""], ""examples"": [], ""dialect_assigned_default"": true}"
"buɗu-buɗu","noun","8","{""source"": ""Wiktionary Hausa"", ""license"": ""CC BY-SA"", ""attribution"": ""Wiktionary via kaikki.org"", ""definitions"": [""covered with powder"", ""having poor eyesight""], ""parts_of_speech"": [""noun""], ""ipa"": [""/bú.ɗú.bú.ɗú/"", ""[bʊ́.ɗɪ́.bʊ́.ɗɪ́]""], ""examples"": [], ""dialect_assigned_default"": true}"
"caɓa-caɓa","noun","8","{""source"": ""Wiktionary Hausa"", ""license"": ""CC BY-SA"", ""attribution"": ""Wiktionary via kaikki.org"", ""definitions"": [""abundant, profuse""], ""parts_of_speech"": [""noun""], ""ipa"": [""/t͡ʃá.ɓá.t͡ʃá.ɓá/"", ""[t͡ʃə́.ɓə́.t͡ʃə́.ɓə́]""], ""examples"": [], ""dialect_assigned_default"": true}"
"caɓaɓa","noun","8","{""source"": ""Wiktionary Hausa"", ""license"": ""CC BY-SA"", ""attribution"": ""Wiktionary via kaikki.org"", ""definitions"": [""alternative form of caɓa-caɓa""], ""parts_of_speech"": [""noun""], ""ipa"": [""/t͡ʃá.ɓá.ɓá/"", ""[t͡ʃə́.ɓə́.ɓə́]""], ""examples"": [], ""dialect_assigned_default"": true}"
"buɗuɗu","noun","8","{""source"": ""Wiktionary Hausa"", ""license"": ""CC BY-SA"", ""attribution"": ""Wiktionary via kaikki.org"", ""definitions"": [""alternative form of buɗu-buɗu""], ""parts_of_speech"": [""noun""], ""ipa"": [""/bú.ɗú.ɗú/"", ""[bʊ́.ɗɪ́.ɗɪ́]""], ""examples"": [], ""dialect_assigned_default"": true}"
"faca-faca","noun","8","{""source"": ""Wiktionary Hausa"", ""license"": ""CC BY-SA"", ""attribution"": ""Wiktionary via kaikki.org"", ""definitions"": [""spending recklessly"", ""playing in or with water""], ""parts_of_speech"": [""noun""], ""ipa"": [""/fà.t͡ʃàː.fá.t͡ʃáː/"", ""[ɸə̀.t͡ʃàː.ɸə́.t͡ʃáː]""], ""examples"": [], ""dialect_assigned_default"": true}"
"cuku-cuku","noun","8","{""source"": ""Wiktionary Hausa"", ""license"": ""CC BY-SA"", ""attribution"": ""Wiktionary via kaikki.org"", ""definitions"": [""trying to get something dishonestly""], ""parts_of_speech"": [""noun""], ""ipa"": [""/t͡ʃù.kùː.t͡ʃú.kúː/"", ""[t͡ʃɪ̀.kʷùː.t͡ʃɪ́.kʷúː]""], ""examples"": [], ""dialect_assigned_default"": true}"
"giɗi-giɗi","noun","8","{""source"": ""Wiktionary Hausa"", ""license"": ""CC BY-SA"", ""attribution"": ""Wiktionary via kaikki.org"", ""definitions"": [""fidgeting"", ""being a busybody""], ""parts_of_speech"": [""noun""], ""ipa"": [""/ɡì.ɗìː.ɡí.ɗíː/"", ""[ɟɪ̀.ɗìː.ɟɪ́.ɗíː]""], ""examples"": [], ""dialect_assigned_default"": true}"
"jale-jale","noun","8","{""source"": ""Wiktionary Hausa"", ""license"": ""CC BY-SA"", ""attribution"": ""Wiktionary via kaikki.org"", ""definitions"": [""going hither and thither""], ""parts_of_speech"": [""noun""], ""ipa"": [""/(d)ʒà.lèː.(d)ʒá.léː/"", ""[d͡ʒə̀.lèː.d͡ʒə́.léː]""], ""examples"": [], ""dialect_assigned_default"": true}"
"wuƙi-wuƙi","noun","8","{""source"": ""Wiktionary Hausa"", ""license"": ""CC BY-SA"", ""attribution"": ""Wiktionary via kaikki.org"", ""definitions"": [""children fidgeting""], ""parts_of_speech"": [""noun""], ""ipa"": [""/wù.kʼìː.wú.kʼíː/"", ""[wʊ̀.cʼìː.wʊ́.cʼíː]""], ""examples"": [], ""dialect_assigned_default"": true}"
"watsal-watsal","noun","8","{""source"": ""Wiktionary Hausa"", ""license"": ""CC BY-SA"", ""attribution"": ""Wiktionary via kaikki.org"", ""definitions"": [""wriggling, squirming, roiling""], ""parts_of_speech"": [""noun""], ""ipa"": [""/wà.(t)sʼàl.wá.(t)sʼál/"", ""[wə̀.sʼàl.wə́.sʼál]""], ""examples"": [], ""dialect_assigned_default"": true}"
"budum-budum","noun","8","{""source"": ""Wiktionary Hausa"", ""license"": ""CC BY-SA"", ""attribution"": ""Wiktionary via kaikki.org"", ""definitions"": [""floundering (physicially or metaphorically)""], ""parts_of_speech"": [""noun""], ""ipa"": [""/bù.dùm.bú.dúm/"", ""[bʊ̀.dɪ̀m.bʊ́.dɪ́m]""], ""examples"": [], ""dialect_assigned_default"": true}"
"baram-baram","noun","8","{""source"": ""Wiktionary Hausa"", ""license"": ""CC BY-SA"", ""attribution"": ""Wiktionary via kaikki.org"", ""definitions"": [""parting on bad terms""], ""parts_of_speech"": [""noun""], ""ipa"": [""/bá.ɽám.bà.ɽàm/"", ""[bə́.ɽám.bə̀.ɽàm]""], ""examples"": [], ""dialect_assigned_default"": true}"
"cukun-cukun","noun","8","{""source"": ""Wiktionary Hausa"", ""license"": ""CC BY-SA"", ""attribution"": ""Wiktionary via kaikki.org"", ""definitions"": [""confused about what to do""], ""parts_of_speech"": [""noun""], ""ipa"": [""/t͡ʃú.kún.t͡ʃù.kùn/"", ""[t͡ʃɪ́.kʷʊ́n.t͡ʃɪ̀.kʷʊ̀ŋ]""], ""examples"": [], ""dialect_assigned_default"": true}"
"gatsal-gatsal","noun","8","{""source"": ""Wiktionary Hausa"", ""license"": ""CC BY-SA"", ""attribution"": ""Wiktionary via kaikki.org"", ""definitions"": [""poorly cut chunks of food"", ""careless or inappropriate speech""], ""parts_of_speech"": [""noun""], ""ipa"": [""/ɡá.(t)sʼál.ɡà.(t)sʼàl/"", ""[ɡə́.sʼál.ɡə̀.sʼàl]""], ""examples"": [], ""dialect_assigned_default"": true}"
"kikyu-kikyu","noun","8","{""source"": ""Wiktionary Hausa"", ""license"": ""CC BY-SA"", ""attribution"": ""Wiktionary via kaikki.org"", ""definitions"": [""standing alert""], ""parts_of_speech"": [""noun""], ""ipa"": [""/kí.cúː.kì.cùː/"", ""[cɪ́.cúː.cɪ̀.cùː]""], ""examples"": [], ""dialect_assigned_default"": true}"
"makari","noun","8","{""source"": ""Wiktionary Hausa"", ""license"": ""CC BY-SA"", ""attribution"": ""Wiktionary via kaikki.org"", ""definitions"": [""antidote""], ""parts_of_speech"": [""noun""], ""ipa"": [""/má.ká.ɽíː/"", ""[mə́.kə́.ɽíː]""], ""examples"": [], ""dialect_assigned_default"": true}"
"arewa","noun","8","{""source"": ""Wiktionary Hausa"", ""license"": ""CC BY-SA"", ""attribution"": ""Wiktionary via kaikki.org"", ""definitions"": [""north""], ""parts_of_speech"": [""noun""], ""ipa"": [""/ʔá.ɽèː.wá/"", ""[ʔá.ɽèː.wə́]""], ""examples"": [], ""dialect_assigned_default"": true}"
"gusum","adv","8","{""source"": ""Wiktionary Hausa"", ""license"": ""CC BY-SA"", ""attribution"": ""Wiktionary via kaikki.org"", ""definitions"": [""south""], ""parts_of_speech"": [""adv""], ""ipa"": [""/ɡú.sùm/"", ""[ɡʷʊ́.sɪ̀ŋ]""], ""examples"": [], ""dialect_assigned_default"": true}"
"waliyyi","noun","8","{""source"": ""Wiktionary Hausa"", ""license"": ""CC BY-SA"", ""attribution"": ""Wiktionary via kaikki.org"", ""definitions"": [""saint, holy man"", ""the man who represents the bride in marriage negotiations""], ""parts_of_speech"": [""noun""], ""ipa"": [""/wà.líj.jìː/"", ""[wə̀.lɪ́j.jìː]""], ""examples"": [], ""dialect_assigned_default"": true}"
"dogara","verb","8","{""source"": ""Wiktionary Hausa"", ""license"": ""CC BY-SA"", ""attribution"": ""Wiktionary via kaikki.org"", ""definitions"": [""entrust, rely on, trust in"", ""ability to endure"", ""trust in God""], ""parts_of_speech"": [""verb"", ""noun""], ""ipa"": [""/dòː.ɡá.ɽà/"", ""[dòː.ɡə́.ɽə̀]"", ""/dòː.ɡá.ɽàː/"", ""[dòː.ɡə́.ɽàː]"", ""/dòː.ɡá.ɽà/"", ""[dòː.ɡə́.ɽə̀]"", ""/dòː.ɡá.ɽàː/"", ""[dòː.ɡə́.ɽàː]""], ""examples"": [], ""dialect_assigned_default"": true}"
"zafi","noun","8","{""source"": ""Wiktionary Hausa"", ""license"": ""CC BY-SA"", ""attribution"": ""Wiktionary via kaikki.org"", ""definitions"": [""heat""], ""parts_of_speech"": [""noun""], ""ipa"": [""/záː.fíː/"", ""[záː.ɸíː]""], ""examples"": [], ""dialect_assigned_default"": true}"
"hurriyya","noun","8","{""source"": ""Wiktionary Hausa"", ""license"": ""CC BY-SA"", ""attribution"": ""Wiktionary via kaikki.org"", ""definitions"": [""freedom, liberty""], ""parts_of_speech"": [""noun""], ""ipa"": [""/hùr.ríj.jàː/"", ""[hʊ̀r.rɪ́j.jàː]""], ""examples"": [], ""dialect_assigned_default"": true}"
"hazbiya","noun","8","{""source"": ""Wiktionary Hausa"", ""license"": ""CC BY-SA"", ""attribution"": ""Wiktionary via kaikki.org"", ""definitions"": [""speckled pigeon""], ""parts_of_speech"": [""noun""], ""ipa"": [""/ház.bí.jáː/"", ""[ház.bɪ́.jáː]""], ""examples"": [], ""dialect_assigned_default"": true}"
"hodar-ibilis","noun","8","{""source"": ""Wiktionary Hausa"", ""license"": ""CC BY-SA"", ""attribution"": ""Wiktionary via kaikki.org"", ""definitions"": [""cocaine""], ""parts_of_speech"": [""noun""], ""ipa"": [""/hóː.dàr.ʔì.bì.lîs/"", ""[hóː.dàr.ʔɪ̀.bɪ̀.lɪ̂s]""], ""examples"": [], ""dialect_assigned_default"": true}"
"hawainiya","noun","8","{""source"": ""Wiktionary Hausa"", ""license"": ""CC BY-SA"", ""attribution"": ""Wiktionary via kaikki.org"", ""definitions"": [""chameleon""], ""parts_of_speech"": [""noun""], ""ipa"": [""/hà.wái.nì.jáː/"", ""[hà.wéi.nɪ̀.jáː]""], ""examples"": [], ""dialect_assigned_default"": true}"
"gwanjo","noun","8","{""source"": ""Wiktionary Hausa"", ""license"": ""CC BY-SA"", ""attribution"": ""Wiktionary via kaikki.org"", ""definitions"": [""public auction"", ""secondhand clothes, often of European origin, for sale in a market""], ""parts_of_speech"": [""noun""], ""ipa"": [""/ɡʷàn.(d)ʒóː/"", ""[ɡʷàn.d͡ʒóː]""], ""examples"": [], ""dialect_assigned_default"": true}"
"fuɗu","num","8","{""source"": ""Wiktionary Hausa"", ""license"": ""CC BY-SA"", ""attribution"": ""Wiktionary via kaikki.org"", ""definitions"": [""alternative form of huɗu (“four”)""], ""parts_of_speech"": [""num""], ""ipa"": [""/fú.ɗú/"", ""[ɸʊ́.ɗɪ́]""], ""examples"": [], ""dialect_assigned_default"": true}"
"gwanki","noun","8","{""source"": ""Wiktionary Hausa"", ""license"": ""CC BY-SA"", ""attribution"": ""Wiktionary via kaikki.org"", ""definitions"": [""roan antelope""], ""parts_of_speech"": [""noun""], ""ipa"": [""/ɡʷán.kíː/"", ""[ɡʷɛ́ɲ.cíː]""], ""examples"": [], ""dialect_assigned_default"": true}"
"gamsheƙa","noun","8","{""source"": ""Wiktionary Hausa"", ""license"": ""CC BY-SA"", ""attribution"": ""Wiktionary via kaikki.org"", ""definitions"": [""Black-necked spitting cobra""], ""parts_of_speech"": [""noun""], ""ipa"": [""/ɡàm.ʃèː.kʼáː/"", ""[ɡàm.ʃèː.kʼáː]""], ""examples"": [], ""dialect_assigned_default"": true}"
"tsagagi","noun","8","{""source"": ""Wiktionary Hausa"", ""license"": ""CC BY-SA"", ""attribution"": ""Wiktionary via kaikki.org"", ""definitions"": [""Yellow-billed stork""], ""parts_of_speech"": [""noun""], ""ipa"": [""/(t)sʼá.ɡá.ɡíː/"", ""[sʼə́.ɡə́.ɟíː]""], ""examples"": [], ""dialect_assigned_default"": true}"
"tankarki","noun","8","{""source"": ""Wiktionary Hausa"", ""license"": ""CC BY-SA"", ""attribution"": ""Wiktionary via kaikki.org"", ""definitions"": [""Black-bellied bustard""], ""parts_of_speech"": [""noun""], ""ipa"": [""/tàn.káɽ.kìː/"", ""[tàŋ.káɽ.cìː]""], ""examples"": [], ""dialect_assigned_default"": true}"
"tafarnuwa","noun","8","{""source"": ""Wiktionary Hausa"", ""license"": ""CC BY-SA"", ""attribution"": ""Wiktionary via kaikki.org"", ""definitions"": [""garlic""], ""parts_of_speech"": [""noun""], ""ipa"": [""/tà.fár.nú.wáː/"", ""[tə̀.ɸár.nʊ́.wáː]""], ""examples"": [], ""dialect_assigned_default"": true}"
"siyaki","noun","8","{""source"": ""Wiktionary Hausa"", ""license"": ""CC BY-SA"", ""attribution"": ""Wiktionary via kaikki.org"", ""definitions"": [""striped hyena""], ""parts_of_speech"": [""noun""], ""ipa"": [""/sì.jáː.kíː/"", ""[sɪ̀.jáː.cíː]""], ""examples"": [], ""dialect_assigned_default"": true}"
"shirwa","noun","8","{""source"": ""Wiktionary Hausa"", ""license"": ""CC BY-SA"", ""attribution"": ""Wiktionary via kaikki.org"", ""definitions"": [""hawk, specifically the black kite""], ""parts_of_speech"": [""noun""], ""ipa"": [""/ʃíɽ.wàː/"", ""[ʃɪ́ɽ.wàː]""], ""examples"": [], ""dialect_assigned_default"": true}"
"haƙori","noun","8","{""source"": ""Wiktionary Hausa"", ""license"": ""CC BY-SA"", ""attribution"": ""Wiktionary via kaikki.org"", ""definitions"": [""tooth"", ""ivory""], ""parts_of_speech"": [""noun""], ""ipa"": [""/há.kʼóː.ɽíː/"", ""[há.kʷʼóː.ɽíː]""], ""examples"": [], ""dialect_assigned_default"": true}"
"tsamiya","noun","8","{""source"": ""Wiktionary Hausa"", ""license"": ""CC BY-SA"", ""attribution"": ""Wiktionary via kaikki.org"", ""definitions"": [""The tree Dialium guineense (velvet tamarind)"", ""tamarind (fruit)""], ""parts_of_speech"": [""noun""], ""ipa"": [""/(t)sʼáː.mí.jáː/"", ""[sʼáː.mɪ́.jáː]""], ""examples"": [], ""dialect_assigned_default"": true}"
"magana","noun","8","{""source"": ""Wiktionary Hausa"", ""license"": ""CC BY-SA"", ""attribution"": ""Wiktionary via kaikki.org"", ""definitions"": [""speech, talk"", ""broadcasting"", ""matter, affair""], ""parts_of_speech"": [""noun""], ""ipa"": [""/mà.ɡá.nàː/"", ""[mə̀.ɡə́.nàː]""], ""examples"": [], ""dialect_assigned_default"": true}"
"sulhu","noun","8","{""source"": ""Wiktionary Hausa"", ""license"": ""CC BY-SA"", ""attribution"": ""Wiktionary via kaikki.org"", ""definitions"": [""reconciliation, arbitration"", ""peace""], ""parts_of_speech"": [""noun""], ""ipa"": [""/súl.hùː/"", ""[sɪ́l.hùː]""], ""examples"": [], ""dialect_assigned_default"": true}"
"tuntunmi","noun","8","{""source"": ""Wiktionary Hausa"", ""license"": ""CC BY-SA"", ""attribution"": ""Wiktionary via kaikki.org"", ""definitions"": [""Hadada ibis""], ""parts_of_speech"": [""noun""], ""ipa"": [""/tún.tún.míː/"", ""[tɪ́n.tɪ́m.míː]""], ""examples"": [], ""dialect_assigned_default"": true}"
"yabirbira","noun","8","{""source"": ""Wiktionary Hausa"", ""license"": ""CC BY-SA"", ""attribution"": ""Wiktionary via kaikki.org"", ""definitions"": [""fruit bat""], ""parts_of_speech"": [""noun""], ""ipa"": [""/jàː.bíɽ.bì.ɽáː/"", ""[jàː.bɪ́ɽ.bɪ̀.ɽáː]""], ""examples"": [], ""dialect_assigned_default"": true}"
"zumurrudu","noun","8","{""source"": ""Wiktionary Hausa"", ""license"": ""CC BY-SA"", ""attribution"": ""Wiktionary via kaikki.org"", ""definitions"": [""emerald""], ""parts_of_speech"": [""noun""], ""ipa"": [""/zú.mùr.rú.dù/"", ""[zɪ́.mʊ̀r.rɪ́.dɪ̀]""], ""examples"": [], ""dialect_assigned_default"": true}"
"darduma","noun","8","{""source"": ""Wiktionary Hausa"", ""license"": ""CC BY-SA"", ""attribution"": ""Wiktionary via kaikki.org"", ""definitions"": [""oriental rug, carpet""], ""parts_of_speech"": [""noun""], ""ipa"": [""/dàr.dúː.màː/"", ""[dàr.dúː.màː]""], ""examples"": [], ""dialect_assigned_default"": true}"
"dimilmilo","noun","8","{""source"": ""Wiktionary Hausa"", ""license"": ""CC BY-SA"", ""attribution"": ""Wiktionary via kaikki.org"", ""definitions"": [""Reed cormorant""], ""parts_of_speech"": [""noun""], ""ipa"": [""/dí.míl.mí.lòː/"", ""[dɪ́.mɪ́l.mɪ́.lòː]""], ""examples"": [], ""dialect_assigned_default"": true}"
"dodon-koɗi","noun","8","{""source"": ""Wiktionary Hausa"", ""license"": ""CC BY-SA"", ""attribution"": ""Wiktionary via kaikki.org"", ""definitions"": [""snail, snailshell""], ""parts_of_speech"": [""noun""], ""ipa"": [""/dòː.dón.kóː.ɗì/"", ""[dòː.dáŋ.kʷóː.ɗɪ̀]""], ""examples"": [], ""dialect_assigned_default"": true}"
"dogon-yaro","noun","8","{""source"": ""Wiktionary Hausa"", ""license"": ""CC BY-SA"", ""attribution"": ""Wiktionary via kaikki.org"", ""definitions"": [""neem tree, Azadirachta indica""], ""parts_of_speech"": [""noun""], ""ipa"": [""/dóː.ɡón.jáː.ɽò/"", ""[dóː.ɡʷáɲ.jáː.ɽò]""], ""examples"": [], ""dialect_assigned_default"": true}"
"fitsari","noun","8","{""source"": ""Wiktionary Hausa"", ""license"": ""CC BY-SA"", ""attribution"": ""Wiktionary via kaikki.org"", ""definitions"": [""urine""], ""parts_of_speech"": [""noun""], ""ipa"": [""/fí.(t)sʼáː.ɽíː/"", ""[ɸɪ́.sʼáː.ɽíː]""], ""examples"": [], ""dialect_assigned_default"": true}"
"gaggafa","noun","8","{""source"": ""Wiktionary Hausa"", ""license"": ""CC BY-SA"", ""attribution"": ""Wiktionary via kaikki.org"", ""definitions"": [""bateleur""], ""parts_of_speech"": [""noun""], ""ipa"": [""/ɡáɡ.ɡáː.fáː/"", ""[ɡáɡ.ɡáː.ɸáː]""], ""examples"": [], ""dialect_assigned_default"": true}"
"bahasi","noun","8","{""source"": ""Wiktionary Hausa"", ""license"": ""CC BY-SA"", ""attribution"": ""Wiktionary via kaikki.org"", ""definitions"": [""investigation; inquiry""], ""parts_of_speech"": [""noun""], ""ipa"": [""/bá.hà.síː/"", ""[bə́.hà.síː]""], ""examples"": [], ""dialect_assigned_default"": true}"
"cibiya","noun","8","{""source"": ""Wiktionary Hausa"", ""license"": ""CC BY-SA"", ""attribution"": ""Wiktionary via kaikki.org"", ""definitions"": [""navel; umbilical cord"", ""center""], ""parts_of_speech"": [""noun""], ""ipa"": [""/t͡ʃíː.bì.jáː/"", ""[t͡ʃíː.bɪ̀.jáː]""], ""examples"": [], ""dialect_assigned_default"": true}"
"gefen","prep","8","{""source"": ""Wiktionary Hausa"", ""license"": ""CC BY-SA"", ""attribution"": ""Wiktionary via kaikki.org"", ""definitions"": [""beside, next to""], ""parts_of_speech"": [""prep""], ""ipa"": [""/ɡéː.fèn/"", ""[ɟéː.ɸàŋ]""], ""examples"": [], ""dialect_assigned_default"": true}"
"Akure","name","8","{""source"": ""Wiktionary Hausa"", ""license"": ""CC BY-SA"", ""attribution"": ""Wiktionary via kaikki.org"", ""definitions"": [""Akure (the largest city and state capital of Ondo State, Nigeria)""], ""parts_of_speech"": [""name""], ""ipa"": [""/ʔà.kú.ɽé/"", ""[ʔà.kʷʊ́.ɽé]""], ""examples"": [], ""dialect_assigned_default"": true}"
"kurna","noun","8","{""source"": ""Wiktionary Hausa"", ""license"": ""CC BY-SA"", ""attribution"": ""Wiktionary via kaikki.org"", ""definitions"": [""thorn tree""], ""parts_of_speech"": [""noun""], ""ipa"": [""/kúr.nàː/"", ""[kʷʊ́r.nàː]""], ""examples"": [], ""dialect_assigned_default"": true}"
"borintinke","noun","8","{""source"": ""Wiktionary Hausa"", ""license"": ""CC BY-SA"", ""attribution"": ""Wiktionary via kaikki.org"", ""definitions"": [""marabou stork""], ""parts_of_speech"": [""noun""], ""ipa"": [""/bòː.ɽín.tín.kèː/"", ""[bòː.ɽɪ́n.tɪ́ɲ.cèː]""], ""examples"": [], ""dialect_assigned_default"": true}"
"hannu","noun","8","{""source"": ""Wiktionary Hausa"", ""license"": ""CC BY-SA"", ""attribution"": ""Wiktionary via kaikki.org"", ""definitions"": [""hand"", ""arm""], ""parts_of_speech"": [""noun""], ""ipa"": [""/hán.núː/"", ""[hán.núː]""], ""examples"": [], ""dialect_assigned_default"": true}"
"kunkuru","noun","8","{""source"": ""Wiktionary Hausa"", ""license"": ""CC BY-SA"", ""attribution"": ""Wiktionary via kaikki.org"", ""definitions"": [""tortoise""], ""parts_of_speech"": [""noun""], ""ipa"": [""/kùn.kú.ɽúː/"", ""[kʷʊ̀ŋ.kʷʊ́.ɽúː]""], ""examples"": [], ""dialect_assigned_default"": true}"
"ƙwaro","noun","8","{""source"": ""Wiktionary Hausa"", ""license"": ""CC BY-SA"", ""attribution"": ""Wiktionary via kaikki.org"", ""definitions"": [""insect""], ""parts_of_speech"": [""noun""], ""ipa"": [""/kʷʼàː.ɽóː/"", ""[kʷʼàː.ɽóː]""], ""examples"": [], ""dialect_assigned_default"": true}"
"ƙaura","noun","8","{""source"": ""Wiktionary Hausa"", ""license"": ""CC BY-SA"", ""attribution"": ""Wiktionary via kaikki.org"", ""definitions"": [""migration""], ""parts_of_speech"": [""noun""], ""ipa"": [""/kʼáu.ɽáː/"", ""[kʼáu.ɽáː]""], ""examples"": [], ""dialect_assigned_default"": true}"
"gaskiya","noun","8","{""source"": ""Wiktionary Hausa"", ""license"": ""CC BY-SA"", ""attribution"": ""Wiktionary via kaikki.org"", ""definitions"": [""truth"", ""fact""], ""parts_of_speech"": [""noun""], ""ipa"": [""/ɡás.kí.jáː/"", ""[ɡás.cɪ́.jáː]""], ""examples"": [], ""dialect_assigned_default"": true}"
"yaƙi","noun","8","{""source"": ""Wiktionary Hausa"", ""license"": ""CC BY-SA"", ""attribution"": ""Wiktionary via kaikki.org"", ""definitions"": [""war"", ""combat""], ""parts_of_speech"": [""noun""], ""ipa"": [""/jáː.kʼìː/"", ""[jáː.cʼìː]""], ""examples"": [], ""dialect_assigned_default"": true}"
"tsari","noun","8","{""source"": ""Wiktionary Hausa"", ""license"": ""CC BY-SA"", ""attribution"": ""Wiktionary via kaikki.org"", ""definitions"": [""arrangement, plan, system""], ""parts_of_speech"": [""noun""], ""ipa"": [""/(t)sʼáː.ɽìː/"", ""[sʼáː.ɽìː]""], ""examples"": [], ""dialect_assigned_default"": true}"
"riɗi","noun","8","{""source"": ""Wiktionary Hausa"", ""license"": ""CC BY-SA"", ""attribution"": ""Wiktionary via kaikki.org"", ""definitions"": [""beniseed, sesame seed""], ""parts_of_speech"": [""noun""], ""ipa"": [""/ɽíː.ɗíː/"", ""[ɽíː.ɗíː]""], ""examples"": [], ""dialect_assigned_default"": true}"
"rumbu","noun","8","{""source"": ""Wiktionary Hausa"", ""license"": ""CC BY-SA"", ""attribution"": ""Wiktionary via kaikki.org"", ""definitions"": [""granary"", ""storage facility""], ""parts_of_speech"": [""noun""], ""ipa"": [""/ɽùm.búː/"", ""[ɽɪ̀m.búː]""], ""examples"": [], ""dialect_assigned_default"": true}"
"ganuwa","noun","8","{""source"": ""Wiktionary Hausa"", ""license"": ""CC BY-SA"", ""attribution"": ""Wiktionary via kaikki.org"", ""definitions"": [""town wall, rampart""], ""parts_of_speech"": [""noun""], ""ipa"": [""/ɡáː.nú.wáː/"", ""[ɡáː.nʊ́.wáː]""], ""examples"": [], ""dialect_assigned_default"": true}"
"ganji","noun","8","{""source"": ""Wiktionary Hausa"", ""license"": ""CC BY-SA"", ""attribution"": ""Wiktionary via kaikki.org"", ""definitions"": [""gutta-percha tree""], ""parts_of_speech"": [""noun""], ""ipa"": [""/ɡán.(d)ʒìː/"", ""[ɡán.d͡ʒìː]""], ""examples"": [], ""dialect_assigned_default"": true}"
"garafuni","noun","8","{""source"": ""Wiktionary Hausa"", ""license"": ""CC BY-SA"", ""attribution"": ""Wiktionary via kaikki.org"", ""definitions"": [""balsam apple vine""], ""parts_of_speech"": [""noun""], ""ipa"": [""/ɡà.ɽàː.fú.níː/"", ""[ɡə̀.ɽàː.ɸʊ́.níː]""], ""examples"": [], ""dialect_assigned_default"": true}"
"gawasa","noun","8","{""source"": ""Wiktionary Hausa"", ""license"": ""CC BY-SA"", ""attribution"": ""Wiktionary via kaikki.org"", ""definitions"": [""gingerbread plum tree""], ""parts_of_speech"": [""noun""], ""ipa"": [""/ɡá.wá.sàː/"", ""[ɡə́.wə́.sàː]""], ""examples"": [], ""dialect_assigned_default"": true}"
"makiyaya","noun","8","{""source"": ""Wiktionary Hausa"", ""license"": ""CC BY-SA"", ""attribution"": ""Wiktionary via kaikki.org"", ""definitions"": [""pasture, grazing land""], ""parts_of_speech"": [""noun""], ""ipa"": [""/má.kí.jáː.jáː/"", ""[mə́.cɪ́.jáː.jáː]""], ""examples"": [], ""dialect_assigned_default"": true}"
"maƙala","noun","8","{""source"": ""Wiktionary Hausa"", ""license"": ""CC BY-SA"", ""attribution"": ""Wiktionary via kaikki.org"", ""definitions"": [""article, essay""], ""parts_of_speech"": [""noun""], ""ipa"": [""/mà.kʼáː.làː/"", ""[mə̀.kʼáː.làː]""], ""examples"": [], ""dialect_assigned_default"": true}"
"maƙari","noun","8","{""source"": ""Wiktionary Hausa"", ""license"": ""CC BY-SA"", ""attribution"": ""Wiktionary via kaikki.org"", ""definitions"": [""boundary, limit""], ""parts_of_speech"": [""noun""], ""ipa"": [""/má.kʼáː.ɽíː/"", ""[mə́.kʼáː.ɽíː]""], ""examples"": [], ""dialect_assigned_default"": true}"
"makwanci","noun","8","{""source"": ""Wiktionary Hausa"", ""license"": ""CC BY-SA"", ""attribution"": ""Wiktionary via kaikki.org"", ""definitions"": [""sleeping place"", ""graveyards, cemeteries""], ""parts_of_speech"": [""noun""], ""ipa"": [""/má.kʷán.t͡ʃíː/"", ""[mə́.kʷán.t͡ʃíː]""], ""examples"": [], ""dialect_assigned_default"": true}"
"makwarwa","noun","8","{""source"": ""Wiktionary Hausa"", ""license"": ""CC BY-SA"", ""attribution"": ""Wiktionary via kaikki.org"", ""definitions"": [""bush fowl, francolin?""], ""parts_of_speech"": [""noun""], ""ipa"": [""/má.kʷáɽ.wáː/"", ""[mə́.kʷáɽ.wáː]""], ""examples"": [], ""dialect_assigned_default"": true}"
"maƙoƙo","noun","8","{""source"": ""Wiktionary Hausa"", ""license"": ""CC BY-SA"", ""attribution"": ""Wiktionary via kaikki.org"", ""definitions"": [""goiter""], ""parts_of_speech"": [""noun""], ""ipa"": [""/màː.kʼóː.kʼòː/"", ""[màː.kʷʼóː.kʷʼòː]""], ""examples"": [], ""dialect_assigned_default"": true}"
"maƙoshi","noun","8","{""source"": ""Wiktionary Hausa"", ""license"": ""CC BY-SA"", ""attribution"": ""Wiktionary via kaikki.org"", ""definitions"": [""throat, esophagus""], ""parts_of_speech"": [""noun""], ""ipa"": [""/má.kʼóː.ʃíː/"", ""[mə́.kʷʼóː.ʃíː]""], ""examples"": [], ""dialect_assigned_default"": true}"
"maƙwabci","noun","8","{""source"": ""Wiktionary Hausa"", ""license"": ""CC BY-SA"", ""attribution"": ""Wiktionary via kaikki.org"", ""definitions"": [""neighbor""], ""parts_of_speech"": [""noun""], ""ipa"": [""/má.kʷʼàb.t͡ʃíː/"", ""[mə́.kʷʼàb.t͡ʃíː]""], ""examples"": [], ""dialect_assigned_default"": true}"
"maƙiyi","noun","8","{""source"": ""Wiktionary Hausa"", ""license"": ""CC BY-SA"", ""attribution"": ""Wiktionary via kaikki.org"", ""definitions"": [""enemy""], ""parts_of_speech"": [""noun""], ""ipa"": [""/má.kʼì.jíː/"", ""[mə́.cʼɪ̀.jíː]""], ""examples"": [], ""dialect_assigned_default"": true}"
"mamaki","noun","8","{""source"": ""Wiktionary Hausa"", ""license"": ""CC BY-SA"", ""attribution"": ""Wiktionary via kaikki.org"", ""definitions"": [""astonishment, surprise""], ""parts_of_speech"": [""noun""], ""ipa"": [""/màː.máː.kìː/"", ""[màː.máː.cìː]""], ""examples"": [], ""dialect_assigned_default"": true}"
"maraya","noun","8","{""source"": ""Wiktionary Hausa"", ""license"": ""CC BY-SA"", ""attribution"": ""Wiktionary via kaikki.org"", ""definitions"": [""city, urban area"", ""kob"", ""orphan""], ""parts_of_speech"": [""noun""], ""ipa"": [""/má.ɽáː.já/"", ""[mə́.ɽáː.jɛ́]"", ""/máː.ɽà.jáː/"", ""[máː.ɽɛ̀.jáː]"", ""/mà.ɽáː.jàː/"", ""[mə̀.ɽáː.jàː]""], ""examples"": [], ""dialect_assigned_default"": true}"
"masaƙi","noun","8","{""source"": ""Wiktionary Hausa"", ""license"": ""CC BY-SA"", ""attribution"": ""Wiktionary via kaikki.org"", ""definitions"": [""weaver""], ""parts_of_speech"": [""noun""], ""ipa"": [""/má.sàː.kʼíː/"", ""[mə́.sàː.cʼíː]""], ""examples"": [], ""dialect_assigned_default"": true}"
"masaniya","noun","8","{""source"": ""Wiktionary Hausa"", ""license"": ""CC BY-SA"", ""attribution"": ""Wiktionary via kaikki.org"", ""definitions"": [""knowledge""], ""parts_of_speech"": [""noun""], ""ipa"": [""/má.sá.nì.jáː/"", ""[mə́.sə́.nɪ̀.jáː]""], ""examples"": [], ""dialect_assigned_default"": true}"
"masassaƙi","noun","8","{""source"": ""Wiktionary Hausa"", ""license"": ""CC BY-SA"", ""attribution"": ""Wiktionary via kaikki.org"", ""definitions"": [""adze"", ""carpenter, carver""], ""parts_of_speech"": [""noun""], ""ipa"": [""/má.sás.sá.kʼíː/"", ""[mə́.sás.sə́.cʼíː]"", ""/má.sàs.sà.kʼíː/"", ""[mə́.sàs.sə̀.cʼíː]"", ""/má.sás.sá.kʼíː/"", ""[mə́.sás.sə́.cʼíː]"", ""/má.sàs.sà.kʼíː/"", ""[mə́.sàs.sə̀.cʼíː]""], ""examples"": [], ""dialect_assigned_default"": true}"
"mashar̃ci","noun","8","{""source"": ""Wiktionary Hausa"", ""license"": ""CC BY-SA"", ""attribution"": ""Wiktionary via kaikki.org"", ""definitions"": [""comb""], ""parts_of_speech"": [""noun""], ""ipa"": [""/má.ʃár.t͡ʃíː/"", ""[mə́.ʃár.t͡ʃíː]""], ""examples"": [], ""dialect_assigned_default"": true}"
"mashawar̃ta","noun","8","{""source"": ""Wiktionary Hausa"", ""license"": ""CC BY-SA"", ""attribution"": ""Wiktionary via kaikki.org"", ""definitions"": [""council-chamber, conference""], ""parts_of_speech"": [""noun""], ""ipa"": [""/má.ʃáː.wár.táː/"", ""[mə́.ʃáː.wár.táː]""], ""examples"": [], ""dialect_assigned_default"": true}"
"farko","noun","8","{""source"": ""Wiktionary Hausa"", ""license"": ""CC BY-SA"", ""attribution"": ""Wiktionary via kaikki.org"", ""definitions"": [""beginning""], ""parts_of_speech"": [""noun""], ""ipa"": [""/fáɽ.kóː/"", ""[ɸáɽ.kʷóː]""], ""examples"": [], ""dialect_assigned_default"": true}"
"fassara","noun","8","{""source"": ""Wiktionary Hausa"", ""license"": ""CC BY-SA"", ""attribution"": ""Wiktionary via kaikki.org"", ""definitions"": [""translation""], ""parts_of_speech"": [""noun""], ""ipa"": [""/fás.sá.ràː/"", ""[ɸás.sə́.ràː]""], ""examples"": [], ""dialect_assigned_default"": true}"
"tattaunawa","noun","8","{""source"": ""Wiktionary Hausa"", ""license"": ""CC BY-SA"", ""attribution"": ""Wiktionary via kaikki.org"", ""definitions"": [""discussion, negotiations""], ""parts_of_speech"": [""noun""], ""ipa"": [""/tát.tàu.nâː.wáː/"", ""[tát.tàu.nâː.wáː]""], ""examples"": [], ""dialect_assigned_default"": true}"
"kasuwanci","noun","8","{""source"": ""Wiktionary Hausa"", ""license"": ""CC BY-SA"", ""attribution"": ""Wiktionary via kaikki.org"", ""definitions"": [""marketing, trading, commerce""], ""parts_of_speech"": [""noun""], ""ipa"": [""/káː.sú.wán.t͡ʃìː/"", ""[káː.sʊ́.wán.t͡ʃìː]""], ""examples"": [], ""dialect_assigned_default"": true}"
"yunƙuri","noun","8","{""source"": ""Wiktionary Hausa"", ""license"": ""CC BY-SA"", ""attribution"": ""Wiktionary via kaikki.org"", ""definitions"": [""serious attempt, effort""], ""parts_of_speech"": [""noun""], ""ipa"": [""/jùn.kʼú.ɽíː/"", ""[jʊ̀ŋ.kʷʼʊ́.ɽíː]""], ""examples"": [], ""dialect_assigned_default"": true}"
"zaƙami","noun","8","{""source"": ""Wiktionary Hausa"", ""license"": ""CC BY-SA"", ""attribution"": ""Wiktionary via kaikki.org"", ""definitions"": [""thorn apple tree""], ""parts_of_speech"": [""noun""], ""ipa"": [""/zá.kʼà.míː/"", ""[zə́.kʼə̀.míː]""], ""examples"": [], ""dialect_assigned_default"": true}"
"kwamanda","noun","8","{""source"": ""Wiktionary Hausa"", ""license"": ""CC BY-SA"", ""attribution"": ""Wiktionary via kaikki.org"", ""definitions"": [""commander""], ""parts_of_speech"": [""noun""], ""ipa"": [""/kʷà.mán.dàː/"", ""[kʷə̀.mán.dàː]""], ""examples"": [], ""dialect_assigned_default"": true}"
"muƙami","noun","8","{""source"": ""Wiktionary Hausa"", ""license"": ""CC BY-SA"", ""attribution"": ""Wiktionary via kaikki.org"", ""definitions"": [""position (political or professional)"", ""status, influence""], ""parts_of_speech"": [""noun""], ""ipa"": [""/mù.kʼáː.mìː/"", ""[mʊ̀.kʼáː.mìː]""], ""examples"": [], ""dialect_assigned_default"": true}"
"tabbatarwa","noun","8","{""source"": ""Wiktionary Hausa"", ""license"": ""CC BY-SA"", ""attribution"": ""Wiktionary via kaikki.org"", ""definitions"": [""confirmation, certification""], ""parts_of_speech"": [""noun""], ""ipa"": [""/táb.bá.târ.wáː/"", ""[táb.bə́.târ.wáː]""], ""examples"": [], ""dialect_assigned_default"": true}"
"tsaro","noun","8","{""source"": ""Wiktionary Hausa"", ""license"": ""CC BY-SA"", ""attribution"": ""Wiktionary via kaikki.org"", ""definitions"": [""defense, protection, security""], ""parts_of_speech"": [""noun""], ""ipa"": [""/(t)sʼà.ɽóː/"", ""[sʼə̀.ɽóː]""], ""examples"": [], ""dialect_assigned_default"": true}"
"tsawo","noun","8","{""source"": ""Wiktionary Hausa"", ""license"": ""CC BY-SA"", ""attribution"": ""Wiktionary via kaikki.org"", ""definitions"": [""height, altitude"", ""length""], ""parts_of_speech"": [""noun""], ""ipa"": [""/(t)sʼá.wóː/"", ""[sʼə́.wóː]""], ""examples"": [], ""dialect_assigned_default"": true}"
"hassada","noun","8","{""source"": ""Wiktionary Hausa"", ""license"": ""CC BY-SA"", ""attribution"": ""Wiktionary via kaikki.org"", ""definitions"": [""envy""], ""parts_of_speech"": [""noun""], ""ipa"": [""/hás.sá.dàː/"", ""[hás.sə́.dàː]""], ""examples"": [], ""dialect_assigned_default"": true}"
"guduma","noun","8","{""source"": ""Wiktionary Hausa"", ""license"": ""CC BY-SA"", ""attribution"": ""Wiktionary via kaikki.org"", ""definitions"": [""hammer, mallet""], ""parts_of_speech"": [""noun""], ""ipa"": [""/ɡù.dú.màː/"", ""[ɡʷʊ̀.dɪ́.màː]""], ""examples"": [], ""dialect_assigned_default"": true}"
"giginya","noun","8","{""source"": ""Wiktionary Hausa"", ""license"": ""CC BY-SA"", ""attribution"": ""Wiktionary via kaikki.org"", ""definitions"": [""deleb palm (Borassus aethiopum)""], ""parts_of_speech"": [""noun""], ""ipa"": [""/ɡí.ɡín.jàː/"", ""[ɟɪ́.ɟɪ́ɲ.jàː]""], ""examples"": [], ""dialect_assigned_default"": true}"
"wallafa","verb","8","{""source"": ""Wiktionary Hausa"", ""license"": ""CC BY-SA"", ""attribution"": ""Wiktionary via kaikki.org"", ""definitions"": [""to compose, write""], ""parts_of_speech"": [""verb""], ""ipa"": [""/wàl.lá.fàː/"", ""[wàl.lə́.ɸàː]""], ""examples"": [], ""dialect_assigned_default"": true}"
"wariya","noun","8","{""source"": ""Wiktionary Hausa"", ""license"": ""CC BY-SA"", ""attribution"": ""Wiktionary via kaikki.org"", ""definitions"": [""secession, separation, segregation""], ""parts_of_speech"": [""noun""], ""ipa"": [""/wáː.ɽí.jáː/"", ""[wáː.ɽɪ́.jáː]""], ""examples"": [], ""dialect_assigned_default"": true}"
"mafari","noun","8","{""source"": ""Wiktionary Hausa"", ""license"": ""CC BY-SA"", ""attribution"": ""Wiktionary via kaikki.org"", ""definitions"": [""origin, beginning"", ""reason, cause""], ""parts_of_speech"": [""noun""], ""ipa"": [""/má.fá.ɽíː/"", ""[mə́.ɸə́.ɽíː]""], ""examples"": [], ""dialect_assigned_default"": true}"
"mafaka","noun","8","{""source"": ""Wiktionary Hausa"", ""license"": ""CC BY-SA"", ""attribution"": ""Wiktionary via kaikki.org"", ""definitions"": [""haven, shelter, sanctuary""], ""parts_of_speech"": [""noun""], ""ipa"": [""/má.fá.káː/"", ""[mə́.ɸə́.káː]""], ""examples"": [], ""dialect_assigned_default"": true}"
"sakiya","noun","8","{""source"": ""Wiktionary Hausa"", ""license"": ""CC BY-SA"", ""attribution"": ""Wiktionary via kaikki.org"", ""definitions"": [""amendment, alteration""], ""parts_of_speech"": [""noun""], ""ipa"": [""/sáː.kí.já/"", ""[sáː.cɪ́.jɛ́]""], ""examples"": [], ""dialect_assigned_default"": true}"
"ambaliya","noun","8","{""source"": ""Wiktionary Hausa"", ""license"": ""CC BY-SA"", ""attribution"": ""Wiktionary via kaikki.org"", ""definitions"": [""overflowing, flooding"", ""congestion (of people)""], ""parts_of_speech"": [""noun""], ""ipa"": [""/ʔám.bàː.lí.jàː/"", ""[ʔám.bàː.lɪ́.jàː]""], ""examples"": [], ""dialect_assigned_default"": true}"
"ta'adda","noun","8","{""source"": ""Wiktionary Hausa"", ""license"": ""CC BY-SA"", ""attribution"": ""Wiktionary via kaikki.org"", ""definitions"": [""act of terrorism""], ""parts_of_speech"": [""noun""], ""ipa"": [""/tá.ʔàd.dá/"", ""[tə́.ʔàd.də́]""], ""examples"": [], ""dialect_assigned_default"": true}"
"tsakiya","noun","8","{""source"": ""Wiktionary Hausa"", ""license"": ""CC BY-SA"", ""attribution"": ""Wiktionary via kaikki.org"", ""definitions"": [""middle, center"", ""prime, height""], ""parts_of_speech"": [""noun""], ""ipa"": [""/(t)sʼá.kí.jàː/"", ""[sʼə́.cɪ́.jàː]""], ""examples"": [], ""dialect_assigned_default"": true}"
"sanar̃wa","noun","8","{""source"": ""Wiktionary Hausa"", ""license"": ""CC BY-SA"", ""attribution"": ""Wiktionary via kaikki.org"", ""definitions"": [""announcement""], ""parts_of_speech"": [""noun""], ""ipa"": [""/sá.nâr.wáː/"", ""[sə́.nâr.wáː]""], ""examples"": [], ""dialect_assigned_default"": true}"
"sansani","noun","8","{""source"": ""Wiktionary Hausa"", ""license"": ""CC BY-SA"", ""attribution"": ""Wiktionary via kaikki.org"", ""definitions"": [""camp, barracks""], ""parts_of_speech"": [""noun""], ""ipa"": [""/sàn.sá.níː/"", ""[sàn.sə́.níː]""], ""examples"": [], ""dialect_assigned_default"": true}"
"saboda","prep","8","{""source"": ""Wiktionary Hausa"", ""license"": ""CC BY-SA"", ""attribution"": ""Wiktionary via kaikki.org"", ""definitions"": [""because, because of"", ""thanks to"", ""on account of, for the sake of""], ""parts_of_speech"": [""prep""], ""ipa"": [""/sá.bòː.dà/"", ""[sə́.bòː.də̀]""], ""examples"": [], ""dialect_assigned_default"": true}"
"shugabanci","noun","8","{""source"": ""Wiktionary Hausa"", ""license"": ""CC BY-SA"", ""attribution"": ""Wiktionary via kaikki.org"", ""definitions"": [""leadership""], ""parts_of_speech"": [""noun""], ""ipa"": [""/ʃúː.ɡá.bán.t͡ʃìː/"", ""[ʃúː.ɡə́.bán.t͡ʃìː]""], ""examples"": [], ""dialect_assigned_default"": true}"
"biyayya","noun","8","{""source"": ""Wiktionary Hausa"", ""license"": ""CC BY-SA"", ""attribution"": ""Wiktionary via kaikki.org"", ""definitions"": [""obedience, loyalty, allegiance""], ""parts_of_speech"": [""noun""], ""ipa"": [""/bì.jáj.jàː/"", ""[bɪ̀.jɛ́j.jàː]""], ""examples"": [], ""dialect_assigned_default"": true}"
"cigaba","noun","8","{""source"": ""Wiktionary Hausa"", ""license"": ""CC BY-SA"", ""attribution"": ""Wiktionary via kaikki.org"", ""definitions"": [""promotion"", ""progress, civilization"", ""continuation""], ""parts_of_speech"": [""noun""], ""ipa"": [""/t͡ʃîː.ɡà.bá/"", ""[t͡ʃîː.ɡə̀.bə́]""], ""examples"": [], ""dialect_assigned_default"": true}"
"matukar̃","conj","8","{""source"": ""Wiktionary Hausa"", ""license"": ""CC BY-SA"", ""attribution"": ""Wiktionary via kaikki.org"", ""definitions"": [""as long as, on the condition that, to the extent that""], ""parts_of_speech"": [""conj""], ""ipa"": [""/má.tú.kár/"", ""[mə́.tɪ́.kár]""], ""examples"": [], ""dialect_assigned_default"": true}"
"iƙir̃ar̃i","noun","8","{""source"": ""Wiktionary Hausa"", ""license"": ""CC BY-SA"", ""attribution"": ""Wiktionary via kaikki.org"", ""definitions"": [""boast, claim"", ""stress, emphasis""], ""parts_of_speech"": [""noun""], ""ipa"": [""/ʔì.kʼì.ráː.rìː/"", ""[ʔɪ̀.cʼɪ̀.ráː.rìː]""], ""examples"": [], ""dialect_assigned_default"": true}"
"hankali","noun","8","{""source"": ""Wiktionary Hausa"", ""license"": ""CC BY-SA"", ""attribution"": ""Wiktionary via kaikki.org"", ""definitions"": [""good sense""], ""parts_of_speech"": [""noun""], ""ipa"": [""/hán.kà.lì/"", ""[háŋ.kə̀.lɪ̀]""], ""examples"": [], ""dialect_assigned_default"": true}"
"damuwa","noun","8","{""source"": ""Wiktionary Hausa"", ""license"": ""CC BY-SA"", ""attribution"": ""Wiktionary via kaikki.org"", ""definitions"": [""trouble, nuisance, bother, worry""], ""parts_of_speech"": [""noun""], ""ipa"": [""/dàː.mú.wáː/"", ""[dàː.mʊ́.wáː]""], ""examples"": [], ""dialect_assigned_default"": true}"
"shawar̃a","noun","8","{""source"": ""Wiktionary Hausa"", ""license"": ""CC BY-SA"", ""attribution"": ""Wiktionary via kaikki.org"", ""definitions"": [""advice, opinion"", ""decision""], ""parts_of_speech"": [""noun""], ""ipa"": [""/ʃáː.wá.ràː/"", ""[ʃáː.wə́.ràː]""], ""examples"": [], ""dialect_assigned_default"": true}"
"bincike","noun","8","{""source"": ""Wiktionary Hausa"", ""license"": ""CC BY-SA"", ""attribution"": ""Wiktionary via kaikki.org"", ""definitions"": [""investigation, research""], ""parts_of_speech"": [""noun""], ""ipa"": [""/bìn.t͡ʃì.kéː/"", ""[bɪ̀n.t͡ʃɪ̀.céː]""], ""examples"": [], ""dialect_assigned_default"": true}"
"tallafa","verb","8","{""source"": ""Wiktionary Hausa"", ""license"": ""CC BY-SA"", ""attribution"": ""Wiktionary via kaikki.org"", ""definitions"": [""to support, carry (in the palm of the hand)"", ""to provide for, give relief to, take care of""], ""parts_of_speech"": [""verb""], ""ipa"": [""/tál.láː.fà/"", ""[tál.láː.ɸə̀]"", ""/tàl.lá.fàː/"", ""[tàl.lə́.ɸàː]"", ""/tál.láː.fà/"", ""[tál.láː.ɸə̀]"", ""/tàl.lá.fàː/"", ""[tàl.lə́.ɸàː]""], ""examples"": [], ""dialect_assigned_default"": true}"
"addaba","noun","8","{""source"": ""Wiktionary Hausa"", ""license"": ""CC BY-SA"", ""attribution"": ""Wiktionary via kaikki.org"", ""definitions"": [""harassment, annoyance""], ""parts_of_speech"": [""noun""], ""ipa"": [""/ʔàd.dá.bàː/"", ""[ʔàd.də́.bàː]""], ""examples"": [], ""dialect_assigned_default"": true}"
"aiki","noun","8","{""source"": ""Wiktionary Hausa"", ""license"": ""CC BY-SA"", ""attribution"": ""Wiktionary via kaikki.org"", ""definitions"": [""work, job"", ""act, activity"", ""embroidery""], ""parts_of_speech"": [""noun""], ""ipa"": [""/ʔái.kìː/"", ""[ʔái.cìː]""], ""examples"": [], ""dialect_assigned_default"": true}"
"ma'aikata","noun","8","{""source"": ""Wiktionary Hausa"", ""license"": ""CC BY-SA"", ""attribution"": ""Wiktionary via kaikki.org"", ""definitions"": [""factory, workplace""], ""parts_of_speech"": [""noun""], ""ipa"": [""/má.ʔái.ká.táː/"", ""[mə́.ʔái.kə́.táː]""], ""examples"": [], ""dialect_assigned_default"": true}"
"fetur̃","noun","8","{""source"": ""Wiktionary Hausa"", ""license"": ""CC BY-SA"", ""attribution"": ""Wiktionary via kaikki.org"", ""definitions"": [""gasoline, petroleum""], ""parts_of_speech"": [""noun""], ""ipa"": [""/féː.tùr/"", ""[ɸéː.tɪ̀r]""], ""examples"": [], ""dialect_assigned_default"": true}"
"amfani","noun","8","{""source"": ""Wiktionary Hausa"", ""license"": ""CC BY-SA"", ""attribution"": ""Wiktionary via kaikki.org"", ""definitions"": [""usefulness, advantage""], ""parts_of_speech"": [""noun""], ""ipa"": [""/ʔàm.fàː.níː/"", ""[ʔàm.ɸàː.níː]""], ""examples"": [], ""dialect_assigned_default"": true}"
"albashi","noun","8","{""source"": ""Wiktionary Hausa"", ""license"": ""CC BY-SA"", ""attribution"": ""Wiktionary via kaikki.org"", ""definitions"": [""salary, wages""], ""parts_of_speech"": [""noun""], ""ipa"": [""/ʔàl.bâː.ʃíː/"", ""[ʔàl.bâː.ʃíː]""], ""examples"": [], ""dialect_assigned_default"": true}"
"taimako","noun","8","{""source"": ""Wiktionary Hausa"", ""license"": ""CC BY-SA"", ""attribution"": ""Wiktionary via kaikki.org"", ""definitions"": [""aid, help""], ""parts_of_speech"": [""noun""], ""ipa"": [""/tài.má.kóː/"", ""[tèi.mə́.kʷóː]""], ""examples"": [], ""dialect_assigned_default"": true}"
"sakamako","noun","8","{""source"": ""Wiktionary Hausa"", ""license"": ""CC BY-SA"", ""attribution"": ""Wiktionary via kaikki.org"", ""definitions"": [""result, outcome, consequence"", ""feedback, recompense""], ""parts_of_speech"": [""noun""], ""ipa"": [""/sàː.kà.má.kóː/"", ""[sàː.kə̀.mə́.kʷóː]""], ""examples"": [], ""dialect_assigned_default"": true}"
"matsala","noun","8","{""source"": ""Wiktionary Hausa"", ""license"": ""CC BY-SA"", ""attribution"": ""Wiktionary via kaikki.org"", ""definitions"": [""problem, affair, obstacle""], ""parts_of_speech"": [""noun""], ""ipa"": [""/mà.(t)sʼá.làː/"", ""[mə̀.sʼə́.làː]""], ""examples"": [], ""dialect_assigned_default"": true}"
"musamman","adv","8","{""source"": ""Wiktionary Hausa"", ""license"": ""CC BY-SA"", ""attribution"": ""Wiktionary via kaikki.org"", ""definitions"": [""especially, expressly"", ""independence, sovereignty""], ""parts_of_speech"": [""adv""], ""ipa"": [""/mù.sám.màn/"", ""[mʊ̀.sám.màŋ]""], ""examples"": [], ""dialect_assigned_default"": true}"
"buƙata","verb","8","{""source"": ""Wiktionary Hausa"", ""license"": ""CC BY-SA"", ""attribution"": ""Wiktionary via kaikki.org"", ""definitions"": [""to need, require"", ""to request of"", ""need, requirement""], ""parts_of_speech"": [""verb"", ""noun""], ""ipa"": [""/bù.kʼáː.tàː/"", ""[bʊ̀.kʼáː.tàː]"", ""/bù.kʼáː.tàː/"", ""[bʊ̀.kʼáː.tàː]""], ""examples"": [], ""dialect_assigned_default"": true}"
"tsokana","noun","8","{""source"": ""Wiktionary Hausa"", ""license"": ""CC BY-SA"", ""attribution"": ""Wiktionary via kaikki.org"", ""definitions"": [""provocation""], ""parts_of_speech"": [""noun""], ""ipa"": [""/(t)sʼóː.kà.náː/"", ""[sʼóː.kə̀.náː]""], ""examples"": [], ""dialect_assigned_default"": true}"
"tsakani","noun","8","{""source"": ""Wiktionary Hausa"", ""license"": ""CC BY-SA"", ""attribution"": ""Wiktionary via kaikki.org"", ""definitions"": [""interval between two points"", ""relationship""], ""parts_of_speech"": [""noun""], ""ipa"": [""/(t)sʼà.káː.níː/"", ""[sʼə̀.káː.níː]""], ""examples"": [], ""dialect_assigned_default"": true}"
"inganta","verb","8","{""source"": ""Wiktionary Hausa"", ""license"": ""CC BY-SA"", ""attribution"": ""Wiktionary via kaikki.org"", ""definitions"": [""to strengthen, make durable"", ""to become stronger""], ""parts_of_speech"": [""verb""], ""ipa"": [""/ʔín.ɡàn.táː/"", ""[ʔɪ́ŋ.ɡàn.táː]"", ""/ʔìn.ɡán.tà/"", ""[ʔɪ̀ŋ.ɡán.tə̀]"", ""/ʔín.ɡàn.táː/"", ""[ʔɪ́ŋ.ɡàn.táː]"", ""/ʔìn.ɡán.tà/"", ""[ʔɪ̀ŋ.ɡán.tə̀]""], ""examples"": [], ""dialect_assigned_default"": true}"
"faɗa","verb","8","{""source"": ""Wiktionary Hausa"", ""license"": ""CC BY-SA"", ""attribution"": ""Wiktionary via kaikki.org"", ""definitions"": [""to tell, say"", ""to fall into, fall onto, descend on"", ""to throw oneself into"", ""quarrel, fight"", ""reprimand""], ""parts_of_speech"": [""verb"", ""noun""], ""ipa"": [""/fà.ɗáː/"", ""[ɸə̀.ɗáː]"", ""/fáː.ɗàː/"", ""[ɸáː.ɗàː]"", ""/fá.ɗàː/"", ""[ɸə́.ɗàː]"", ""/fà.ɗáː/"", ""[ɸə̀.ɗáː]"", ""/fáː.ɗàː/"", ""[ɸáː.ɗàː]"", ""/fá.ɗàː/"", ""[ɸə́.ɗàː]"", ""/fà.ɗáː/"", ""[ɸə̀.ɗáː]"", ""/fáː.ɗàː/"", ""[ɸáː.ɗàː]"", ""/fá.ɗàː/"", ""[ɸə́.ɗàː]""], ""examples"": [], ""dialect_assigned_default"": true}"
"shaci","noun","8","{""source"": ""Wiktionary Hausa"", ""license"": ""CC BY-SA"", ""attribution"": ""Wiktionary via kaikki.org"", ""definitions"": [""mark, trace, zone"", ""verbal noun of shata""], ""parts_of_speech"": [""noun""], ""ipa"": [""/ʃáː.t͡ʃìː/"", ""[ʃáː.t͡ʃìː]""], ""examples"": [], ""dialect_assigned_default"": true}"
"shata","verb","8","{""source"": ""Wiktionary Hausa"", ""license"": ""CC BY-SA"", ""attribution"": ""Wiktionary via kaikki.org"", ""definitions"": [""to mark the outline of a plan or pattern""], ""parts_of_speech"": [""verb""], ""ipa"": [""/ʃá.tàː/"", ""[ʃə́.tàː]""], ""examples"": [], ""dialect_assigned_default"": true}"
"haɗi","noun","8","{""source"": ""Wiktionary Hausa"", ""license"": ""CC BY-SA"", ""attribution"": ""Wiktionary via kaikki.org"", ""definitions"": [""combination (especially of disparate things)"", ""mischief-making, inciting other people to quarrel""], ""parts_of_speech"": [""noun""], ""ipa"": [""/há.ɗìː/"", ""[há.ɗìː]""], ""examples"": [], ""dialect_assigned_default"": true}"
"haɗama","noun","8","{""source"": ""Wiktionary Hausa"", ""license"": ""CC BY-SA"", ""attribution"": ""Wiktionary via kaikki.org"", ""definitions"": [""greed, gluttony""], ""parts_of_speech"": [""noun""], ""ipa"": [""/hà.ɗá.màː/"", ""[hà.ɗə́.màː]""], ""examples"": [], ""dialect_assigned_default"": true}"
"haihuwa","noun","8","{""source"": ""Wiktionary Hausa"", ""license"": ""CC BY-SA"", ""attribution"": ""Wiktionary via kaikki.org"", ""definitions"": [""birth"", ""one's biological child"", ""verbal noun of haihu""], ""parts_of_speech"": [""noun""], ""ipa"": [""/hái.hù.wáː/"", ""[hái.hʊ̀.wáː]""], ""examples"": [], ""dialect_assigned_default"": true}"
"haihu","verb","8","{""source"": ""Wiktionary Hausa"", ""license"": ""CC BY-SA"", ""attribution"": ""Wiktionary via kaikki.org"", ""definitions"": [""to give birth, have a child""], ""parts_of_speech"": [""verb""], ""ipa"": [""/hái.hù/"", ""[hái.hʊ̀]""], ""examples"": [], ""dialect_assigned_default"": true}"
"mutuwa","noun","8","{""source"": ""Wiktionary Hausa"", ""license"": ""CC BY-SA"", ""attribution"": ""Wiktionary via kaikki.org"", ""definitions"": [""death"", ""verbal noun of mutu""], ""parts_of_speech"": [""noun""], ""ipa"": [""/mú.tú.wàː/"", ""[mʊ́.tʊ́.wàː]""], ""examples"": [], ""dialect_assigned_default"": true}"
"mutunci","noun","8","{""source"": ""Wiktionary Hausa"", ""license"": ""CC BY-SA"", ""attribution"": ""Wiktionary via kaikki.org"", ""definitions"": [""decency, humaneness"", ""dignity, prestige, reputation""], ""parts_of_speech"": [""noun""], ""ipa"": [""/mú.tún.t͡ʃìː/"", ""[mʊ́.tɪ́n.t͡ʃìː]""], ""examples"": [], ""dialect_assigned_default"": true}"
"nakiya","noun","8","{""source"": ""Wiktionary Hausa"", ""license"": ""CC BY-SA"", ""attribution"": ""Wiktionary via kaikki.org"", ""definitions"": [""explosives""], ""parts_of_speech"": [""noun""], ""ipa"": [""/nàː.kí.jàː/"", ""[nàː.cɪ́.jàː]""], ""examples"": [], ""dialect_assigned_default"": true}"
"zalunci","noun","8","{""source"": ""Wiktionary Hausa"", ""license"": ""CC BY-SA"", ""attribution"": ""Wiktionary via kaikki.org"", ""definitions"": [""oppression, tyranny""], ""parts_of_speech"": [""noun""], ""ipa"": [""/záː.lún.t͡ʃìː/"", ""[záː.lɪ́n.t͡ʃìː]""], ""examples"": [], ""dialect_assigned_default"": true}"
"yawanci","noun","8","{""source"": ""Wiktionary Hausa"", ""license"": ""CC BY-SA"", ""attribution"": ""Wiktionary via kaikki.org"", ""definitions"": [""majority, most""], ""parts_of_speech"": [""noun""], ""ipa"": [""/já.wán.t͡ʃíː/"", ""[jɛ́.wán.t͡ʃíː]""], ""examples"": [], ""dialect_assigned_default"": true}"
"bishar̃a","noun","8","{""source"": ""Wiktionary Hausa"", ""license"": ""CC BY-SA"", ""attribution"": ""Wiktionary via kaikki.org"", ""definitions"": [""good tidings"", ""the gospel""], ""parts_of_speech"": [""noun""], ""ipa"": [""/bì.ʃáː.ràː/"", ""[bɪ̀.ʃáː.ràː]""], ""examples"": [], ""dialect_assigned_default"": true}"
"tsarki","noun","8","{""source"": ""Wiktionary Hausa"", ""license"": ""CC BY-SA"", ""attribution"": ""Wiktionary via kaikki.org"", ""definitions"": [""cleanliness, purity, holiness""], ""parts_of_speech"": [""noun""], ""ipa"": [""/(t)sʼáɽ.kíː/"", ""[sʼáɽ.cíː]""], ""examples"": [""Littāfī̀ mài tsarkī""], ""dialect_assigned_default"": true}"
"tasiri","noun","8","{""source"": ""Wiktionary Hausa"", ""license"": ""CC BY-SA"", ""attribution"": ""Wiktionary via kaikki.org"", ""definitions"": [""influence, power"", ""benefit, usefulness""], ""parts_of_speech"": [""noun""], ""ipa"": [""/táː.síː.ɽìː/"", ""[táː.síː.ɽìː]""], ""examples"": [], ""dialect_assigned_default"": true}"
"gaskata","verb","8","{""source"": ""Wiktionary Hausa"", ""license"": ""CC BY-SA"", ""attribution"": ""Wiktionary via kaikki.org"", ""definitions"": [""to believe"", ""to verify"", ""to be borne out, prove to be true""], ""parts_of_speech"": [""verb""], ""ipa"": [""/ɡás.kà.táː/"", ""[ɡás.kə̀.táː]"", ""/ɡàs.ká.tà/"", ""[ɡàs.kə́.tə̀]"", ""/ɡás.kà.táː/"", ""[ɡás.kə̀.táː]"", ""/ɡàs.ká.tà/"", ""[ɡàs.kə́.tə̀]""], ""examples"": [], ""dialect_assigned_default"": true}"
"bangaskiya","noun","8","{""source"": ""Wiktionary Hausa"", ""license"": ""CC BY-SA"", ""attribution"": ""Wiktionary via kaikki.org"", ""definitions"": [""belief, acceptance, (religious) submission""], ""parts_of_speech"": [""noun""], ""ipa"": [""/bán.ɡás.kí.jáː/"", ""[báŋ.ɡás.cɪ́.jáː]""], ""examples"": [], ""dialect_assigned_default"": true}"
"mashaidi","noun","8","{""source"": ""Wiktionary Hausa"", ""license"": ""CC BY-SA"", ""attribution"": ""Wiktionary via kaikki.org"", ""definitions"": [""witness""], ""parts_of_speech"": [""noun""], ""ipa"": [""/má.ʃài.díː/"", ""[mə́.ʃèi.díː]""], ""examples"": [], ""dialect_assigned_default"": true}"
"yanzu","adv","8","{""source"": ""Wiktionary Hausa"", ""license"": ""CC BY-SA"", ""attribution"": ""Wiktionary via kaikki.org"", ""definitions"": [""now, at present""], ""parts_of_speech"": [""adv""], ""ipa"": [""/jàn.zú/"", ""[jɛ̀n.zɪ́]""], ""examples"": [], ""dialect_assigned_default"": true}"
"zuwa","noun","8","{""source"": ""Wiktionary Hausa"", ""license"": ""CC BY-SA"", ""attribution"": ""Wiktionary via kaikki.org"", ""definitions"": [""arrival"", ""to, towards"", ""to, into"", ""as far as, up to, until""], ""parts_of_speech"": [""noun"", ""prep""], ""ipa"": [""/zú.wàː/"", ""[zʊ́.wàː]"", ""/zú.wàː/"", ""[zʊ́.wàː]""], ""examples"": [], ""dialect_assigned_default"": true}"
"wando","noun","8","{""source"": ""Wiktionary Hausa"", ""license"": ""CC BY-SA"", ""attribution"": ""Wiktionary via kaikki.org"", ""definitions"": [""trousers, pants""], ""parts_of_speech"": [""noun""], ""ipa"": [""/wàn.dóː/"", ""[wàn.dóː]""], ""examples"": [], ""dialect_assigned_default"": true}"
"gunki","noun","8","{""source"": ""Wiktionary Hausa"", ""license"": ""CC BY-SA"", ""attribution"": ""Wiktionary via kaikki.org"", ""definitions"": [""idol, statue, fetish""], ""parts_of_speech"": [""noun""], ""ipa"": [""/ɡún.kìː/"", ""[ɡʷʊ́ɲ.cìː]""], ""examples"": [], ""dialect_assigned_default"": true}"
"guɗa","noun","8","{""source"": ""Wiktionary Hausa"", ""license"": ""CC BY-SA"", ""attribution"": ""Wiktionary via kaikki.org"", ""definitions"": [""ululation""], ""parts_of_speech"": [""noun""], ""ipa"": [""/ɡúː.ɗàː/"", ""[ɡʷúː.ɗàː]""], ""examples"": [], ""dialect_assigned_default"": true}"
"kujera","noun","8","{""source"": ""Wiktionary Hausa"", ""license"": ""CC BY-SA"", ""attribution"": ""Wiktionary via kaikki.org"", ""definitions"": [""chair""], ""parts_of_speech"": [""noun""], ""ipa"": [""/kú.(d)ʒèː.ɽáː/"", ""[kʷʊ́.d͡ʒèː.ɽáː]""], ""examples"": [], ""dialect_assigned_default"": true}"
"matuƙa","noun","8","{""source"": ""Wiktionary Hausa"", ""license"": ""CC BY-SA"", ""attribution"": ""Wiktionary via kaikki.org"", ""definitions"": [""limit, utmost extreme""], ""parts_of_speech"": [""noun""], ""ipa"": [""/má.tú.kʼáː/"", ""[mə́.tɪ́.kʼáː]""], ""examples"": [], ""dialect_assigned_default"": true}"
"mazauni","noun","8","{""source"": ""Wiktionary Hausa"", ""license"": ""CC BY-SA"", ""attribution"": ""Wiktionary via kaikki.org"", ""definitions"": [""seat, dwelling-place"", ""dweller, settler, inhabitant, resident""], ""parts_of_speech"": [""noun""], ""ipa"": [""/má.záu.níː/"", ""[mə́.záu.níː]"", ""/má.zàu.níː/"", ""[mə́.zàu.níː]"", ""/má.záu.níː/"", ""[mə́.záu.níː]"", ""/má.zàu.níː/"", ""[mə́.zàu.níː]""], ""examples"": [], ""dialect_assigned_default"": true}"
"kyauro","noun","8","{""source"": ""Wiktionary Hausa"", ""license"": ""CC BY-SA"", ""attribution"": ""Wiktionary via kaikki.org"", ""definitions"": [""reed"", ""shaft (of an arrow)""], ""parts_of_speech"": [""noun""], ""ipa"": [""/cáu.ɽóː/"", ""[cɛ́u.ɽóː]""], ""examples"": [], ""dialect_assigned_default"": true}"
"masauki","noun","8","{""source"": ""Wiktionary Hausa"", ""license"": ""CC BY-SA"", ""attribution"": ""Wiktionary via kaikki.org"", ""definitions"": [""place for lodging, overnight quarters""], ""parts_of_speech"": [""noun""], ""ipa"": [""/má.sáu.kíː/"", ""[mə́.sáu.cíː]""], ""examples"": [], ""dialect_assigned_default"": true}"
"masarauta","noun","8","{""source"": ""Wiktionary Hausa"", ""license"": ""CC BY-SA"", ""attribution"": ""Wiktionary via kaikki.org"", ""definitions"": [""seat of government, administrative domain, town where the chief lives""], ""parts_of_speech"": [""noun""], ""ipa"": [""/má.sá.ɽáu.táː/"", ""[mə́.sə́.ɽáu.táː]""], ""examples"": [], ""dialect_assigned_default"": true}"
"zauna","verb","8","{""source"": ""Wiktionary Hausa"", ""license"": ""CC BY-SA"", ""attribution"": ""Wiktionary via kaikki.org"", ""definitions"": [""to sit"", ""to settle (down), live, remain (in a place)""], ""parts_of_speech"": [""verb""], ""ipa"": [""/záu.nàː/"", ""[záu.nàː]""], ""examples"": [], ""dialect_assigned_default"": true}"
"tafiya","noun","8","{""source"": ""Wiktionary Hausa"", ""license"": ""CC BY-SA"", ""attribution"": ""Wiktionary via kaikki.org"", ""definitions"": [""journey, trip""], ""parts_of_speech"": [""noun""], ""ipa"": [""/tà.fí.jàː/"", ""[tə̀.ɸɪ́.jàː]""], ""examples"": [], ""dialect_assigned_default"": true}"
"tafarki","noun","8","{""source"": ""Wiktionary Hausa"", ""license"": ""CC BY-SA"", ""attribution"": ""Wiktionary via kaikki.org"", ""definitions"": [""road, highway"", ""path, way""], ""parts_of_speech"": [""noun""], ""ipa"": [""/tá.fáɽ.kìː/"", ""[tə́.ɸáɽ.cìː]""], ""examples"": [], ""dialect_assigned_default"": true}"
"girma","noun","8","{""source"": ""Wiktionary Hausa"", ""license"": ""CC BY-SA"", ""attribution"": ""Wiktionary via kaikki.org"", ""definitions"": [""bigness, size"", ""importance, prestige""], ""parts_of_speech"": [""noun""], ""ipa"": [""/ɡíɽ.máː/"", ""[ɟɪ́ɽ.máː]""], ""examples"": [], ""dialect_assigned_default"": true}"
"tambari","noun","8","{""source"": ""Wiktionary Hausa"", ""license"": ""CC BY-SA"", ""attribution"": ""Wiktionary via kaikki.org"", ""definitions"": [""royal hemispherical drum"", ""official government seal"", ""trademark""], ""parts_of_speech"": [""noun""], ""ipa"": [""/tám.bà.ɽíː/"", ""[tám.bə̀.ɽíː]""], ""examples"": [], ""dialect_assigned_default"": true}"
"igiya","noun","8","{""source"": ""Wiktionary Hausa"", ""license"": ""CC BY-SA"", ""attribution"": ""Wiktionary via kaikki.org"", ""definitions"": [""rope, string"", ""cable"", ""chevron on military or police uniforms indicating rank""], ""parts_of_speech"": [""noun""], ""ipa"": [""/ʔí.ɡí.jàː/"", ""[ʔɪ́.ɟɪ́.jàː]""], ""examples"": [], ""dialect_assigned_default"": true}"
"idan","conj","8","{""source"": ""Wiktionary Hausa"", ""license"": ""CC BY-SA"", ""attribution"": ""Wiktionary via kaikki.org"", ""definitions"": [""if, when (in the future)""], ""parts_of_speech"": [""conj""], ""ipa"": [""/ʔì.dán/"", ""[ʔɪ̀.dáŋ]""], ""examples"": [], ""dialect_assigned_default"": true}"
"kowanne","pron","8","{""source"": ""Wiktionary Hausa"", ""license"": ""CC BY-SA"", ""attribution"": ""Wiktionary via kaikki.org"", ""definitions"": [""everyone, each one, whichever one""], ""parts_of_speech"": [""pron""], ""ipa"": [""/kóː.wàn.néː/"", ""[kʷóː.wàn.néː]""], ""examples"": [], ""dialect_assigned_default"": true}"
"kishiya","noun","8","{""source"": ""Wiktionary Hausa"", ""license"": ""CC BY-SA"", ""attribution"": ""Wiktionary via kaikki.org"", ""definitions"": [""co-wife"", ""opposite""], ""parts_of_speech"": [""noun""], ""ipa"": [""/kíː.ʃì.jáː/"", ""[cíː.ʃɪ̀.jáː]""], ""examples"": [], ""dialect_assigned_default"": true}"
"maciji","noun","8","{""source"": ""Wiktionary Hausa"", ""license"": ""CC BY-SA"", ""attribution"": ""Wiktionary via kaikki.org"", ""definitions"": [""snake, serpent""], ""parts_of_speech"": [""noun""], ""ipa"": [""/má.t͡ʃìː.(d)ʒíː/"", ""[mə́.t͡ʃìː.d͡ʒíː]""], ""examples"": [], ""dialect_assigned_default"": true}"
"sauka","verb","8","{""source"": ""Wiktionary Hausa"", ""license"": ""CC BY-SA"", ""attribution"": ""Wiktionary via kaikki.org"", ""definitions"": [""to descend, come down"", ""to be lodged"", ""to arrive"", ""to give birth, deliver"", ""to help unload something from someone"", ""to lodge someone""], ""parts_of_speech"": [""verb""], ""ipa"": [""/sàu.ká/"", ""[sàu.kə́]"", ""/sàu.káː/"", ""[sàu.káː]"", ""/sàu.ká/"", ""[sàu.kə́]"", ""/sàu.káː/"", ""[sàu.káː]""], ""examples"": [], ""dialect_assigned_default"": true}"
"rijiya","noun","8","{""source"": ""Wiktionary Hausa"", ""license"": ""CC BY-SA"", ""attribution"": ""Wiktionary via kaikki.org"", ""definitions"": [""well""], ""parts_of_speech"": [""noun""], ""ipa"": [""/ɽíː.(d)ʒíː.jáː/"", ""[ɽíː.d͡ʒíː.jáː]""], ""examples"": [], ""dialect_assigned_default"": true}"
"rinjaye","noun","8","{""source"": ""Wiktionary Hausa"", ""license"": ""CC BY-SA"", ""attribution"": ""Wiktionary via kaikki.org"", ""definitions"": [""victory, success"", ""preponderance, majority""], ""parts_of_speech"": [""noun""], ""ipa"": [""/ɽín.(d)ʒáː.jèː/"", ""[ɽɪ́n.d͡ʒáː.jèː]""], ""examples"": [], ""dialect_assigned_default"": true}"
"runji","noun","8","{""source"": ""Wiktionary Hausa"", ""license"": ""CC BY-SA"", ""attribution"": ""Wiktionary via kaikki.org"", ""definitions"": [""fulani slave settlement""], ""parts_of_speech"": [""noun""], ""ipa"": [""/ɽún.(d)ʒìː/"", ""[ɽɪ́n.d͡ʒìː]""], ""examples"": [], ""dialect_assigned_default"": true}"
"rumfa","noun","8","{""source"": ""Wiktionary Hausa"", ""license"": ""CC BY-SA"", ""attribution"": ""Wiktionary via kaikki.org"", ""definitions"": [""shed, shelter, lean-to, market stall""], ""parts_of_speech"": [""noun""], ""ipa"": [""/ɽùm.fáː/"", ""[ɽɪ̀m.ɸáː]""], ""examples"": [], ""dialect_assigned_default"": true}"
"samame","noun","8","{""source"": ""Wiktionary Hausa"", ""license"": ""CC BY-SA"", ""attribution"": ""Wiktionary via kaikki.org"", ""definitions"": [""surprise attack""], ""parts_of_speech"": [""noun""], ""ipa"": [""/sà.màː.méː/"", ""[sə̀.màː.méː]""], ""examples"": [], ""dialect_assigned_default"": true}"
"jinjimi","noun","8","{""source"": ""Wiktionary Hausa"", ""license"": ""CC BY-SA"", ""attribution"": ""Wiktionary via kaikki.org"", ""definitions"": [""white ibis""], ""parts_of_speech"": [""noun""], ""ipa"": [""/(d)ʒín.(d)ʒí.míː/"", ""[d͡ʒɪ́n.d͡ʒɪ́.míː]""], ""examples"": [], ""dialect_assigned_default"": true}"
"waƙa","noun","8","{""source"": ""Wiktionary Hausa"", ""license"": ""CC BY-SA"", ""attribution"": ""Wiktionary via kaikki.org"", ""definitions"": [""song""], ""parts_of_speech"": [""noun""], ""ipa"": [""/wá.kʼá/"", ""[wə́.kʼə́]""], ""examples"": [], ""dialect_assigned_default"": true}"
"talotalo","noun","8","{""source"": ""Wiktionary Hausa"", ""license"": ""CC BY-SA"", ""attribution"": ""Wiktionary via kaikki.org"", ""definitions"": [""turkey""], ""parts_of_speech"": [""noun""], ""ipa"": [""/tà.ló.tà.ló/"", ""[tə̀.ló.tə̀.ló]""], ""examples"": [], ""dialect_assigned_default"": true}"
"tsoro","noun","8","{""source"": ""Wiktionary Hausa"", ""license"": ""CC BY-SA"", ""attribution"": ""Wiktionary via kaikki.org"", ""definitions"": [""fear""], ""parts_of_speech"": [""noun""], ""ipa"": [""/(t)sʼòː.ɽóː/"", ""[sʼòː.ɽóː]""], ""examples"": [], ""dialect_assigned_default"": true}"
"ɓauna","noun","8","{""source"": ""Wiktionary Hausa"", ""license"": ""CC BY-SA"", ""attribution"": ""Wiktionary via kaikki.org"", ""definitions"": [""buffalo""], ""parts_of_speech"": [""noun""], ""ipa"": [""/ɓáu.náː/"", ""[ɓáu.náː]""], ""examples"": [], ""dialect_assigned_default"": true}"
"tunkiya","noun","8","{""source"": ""Wiktionary Hausa"", ""license"": ""CC BY-SA"", ""attribution"": ""Wiktionary via kaikki.org"", ""definitions"": [""sheep, ewe""], ""parts_of_speech"": [""noun""], ""ipa"": [""/tún.kì.jáː/"", ""[tɪ́ɲ.cɪ̀.jáː]""], ""examples"": [], ""dialect_assigned_default"": true}"
"ʼY","character","8","{""source"": ""Wiktionary Hausa"", ""license"": ""CC BY-SA"", ""attribution"": ""Wiktionary via kaikki.org"", ""definitions"": [""A letter of the Hausa alphabet, written in the Latin script..""], ""parts_of_speech"": [""character""], ""ipa"": [""/j̰/"", ""[j̰]""], ""examples"": [], ""dialect_assigned_default"": true}"
"tattasai","noun","8","{""source"": ""Wiktionary Hausa"", ""license"": ""CC BY-SA"", ""attribution"": ""Wiktionary via kaikki.org"", ""definitions"": [""large red peppers; (in particular, Capsicum annuum)""], ""parts_of_speech"": [""noun""], ""ipa"": [""/tàːt.tàː.sái/"", ""[tàːt.tàː.séi]""], ""examples"": [], ""dialect_assigned_default"": true}"
"makabarta","noun","8","{""source"": ""Wiktionary Hausa"", ""license"": ""CC BY-SA"", ""attribution"": ""Wiktionary via kaikki.org"", ""definitions"": [""cemetery""], ""parts_of_speech"": [""noun""], ""ipa"": [""/má.ká.bár.táː/"", ""[mə́.kə́.bár.táː]""], ""examples"": [], ""dialect_assigned_default"": true}"
"bedin","noun","8","{""source"": ""Wiktionary Hausa"", ""license"": ""CC BY-SA"", ""attribution"": ""Wiktionary via kaikki.org"", ""definitions"": [""possessed form of bēdī̀""], ""parts_of_speech"": [""noun""], ""ipa"": [], ""examples"": [], ""dialect_assigned_default"": true}"
"almajiranci","noun","8","{""source"": ""Wiktionary Hausa"", ""license"": ""CC BY-SA"", ""attribution"": ""Wiktionary via kaikki.org"", ""definitions"": [""A system of Islamic education practiced in northern Nigeria by the almajiris.""], ""parts_of_speech"": [""noun""], ""ipa"": [""/ʔál.máː.(d)ʒí.rán.t͡ʃìː/"", ""[ʔál.máː.d͡ʒɪ́.rán.t͡ʃìː]""], ""examples"": [], ""dialect_assigned_default"": true}"
"Aboki","noun","8","{""source"": ""Wiktionary Hausa"", ""license"": ""CC BY-SA"", ""attribution"": ""Wiktionary via kaikki.org"", ""definitions"": [""alternative letter-case form of aboki""], ""parts_of_speech"": [""noun""], ""ipa"": [], ""examples"": [], ""dialect_assigned_default"": true}"
"hukunci","noun","8","{""source"": ""Wiktionary Hausa"", ""license"": ""CC BY-SA"", ""attribution"": ""Wiktionary via kaikki.org"", ""definitions"": [""verdict, condemnation, sentence""], ""parts_of_speech"": [""noun""], ""ipa"": [""/hú.kún.t͡ʃìː/"", ""[hʊ́.kʷʊ́n.t͡ʃìː]""], ""examples"": [], ""dialect_assigned_default"": true}"
"maiwa","noun","8","{""source"": ""Wiktionary Hausa"", ""license"": ""CC BY-SA"", ""attribution"": ""Wiktionary via kaikki.org"", ""definitions"": [""a long-season, photoperiod sensitive variety of pearl millet""], ""parts_of_speech"": [""noun""], ""ipa"": [""/mài.wáː/"", ""[mèi.wáː]""], ""examples"": [], ""dialect_assigned_default"": true}"
"alamci","noun","8","{""source"": ""Wiktionary Hausa"", ""license"": ""CC BY-SA"", ""attribution"": ""Wiktionary via kaikki.org"", ""definitions"": [""symbolism""], ""parts_of_speech"": [""noun""], ""ipa"": [""/ʔá.lám.t͡ʃìː/"", ""[ʔá.lám.t͡ʃìː]""], ""examples"": [], ""dialect_assigned_default"": true}"
"ajiye","verb","8","{""source"": ""Wiktionary Hausa"", ""license"": ""CC BY-SA"", ""attribution"": ""Wiktionary via kaikki.org"", ""definitions"": [""to put down, put away"", ""to store, save, safeguard""], ""parts_of_speech"": [""verb""], ""ipa"": [""/ʔá.(d)ʒì.jéː/"", ""[ʔá.d͡ʒɪ̀.jéː]""], ""examples"": [""Ajiye littafin a kan tebur."", ""Ajiye wannan sirrin."", ""Suna ajiye abinci don lokacin rani.""], ""dialect_assigned_default"": true}"
"soyayya","noun","8","{""source"": ""Wiktionary Hausa"", ""license"": ""CC BY-SA"", ""attribution"": ""Wiktionary via kaikki.org"", ""definitions"": [""love, affection, romance""], ""parts_of_speech"": [""noun""], ""ipa"": [""/sòː.jáj.jàː/"", ""[sòː.jɛ́j.jàː]""], ""examples"": [], ""dialect_assigned_default"": true}"
"jagoranci","noun","8","{""source"": ""Wiktionary Hausa"", ""license"": ""CC BY-SA"", ""attribution"": ""Wiktionary via kaikki.org"", ""definitions"": [""leadership""], ""parts_of_speech"": [""noun""], ""ipa"": [""/(d)ʒáː.ɡóː.ɽán.t͡ʃìː/"", ""[d͡ʒáː.ɡʷóː.ɽán.t͡ʃìː]""], ""examples"": [], ""dialect_assigned_default"": true}"
"waɗannan","pron","8","{""source"": ""Wiktionary Hausa"", ""license"": ""CC BY-SA"", ""attribution"": ""Wiktionary via kaikki.org"", ""definitions"": [""these, these ones; plural of wannàn"", ""these; plural of wannàn"", ""those, those ones; plural of wànnan"", ""those; plural of wànnan""], ""parts_of_speech"": [""pron"", ""det""], ""ipa"": [""/wá.ɗàn.nân/"", ""[wə́.ɗàn.nâŋ]"", ""/wá.ɗàn.nân/"", ""[wə́.ɗàn.nâŋ]"", ""/wà.ɗàn.nán/"", ""[wə̀.ɗàn.náŋ]"", ""/wà.ɗàn.nán/"", ""[wə̀.ɗàn.náŋ]""], ""examples"": [], ""dialect_assigned_default"": true}"
"ƙunci","noun","8","{""source"": ""Wiktionary Hausa"", ""license"": ""CC BY-SA"", ""attribution"": ""Wiktionary via kaikki.org"", ""definitions"": [""constriction, narrowness"", ""bad temper, anger""], ""parts_of_speech"": [""noun""], ""ipa"": [""/kʼún.t͡ʃíː/"", ""[kʷʼʊ́n.t͡ʃíː]""], ""examples"": [], ""dialect_assigned_default"": true}"
"satifikat","noun","8","{""source"": ""Wiktionary Hausa"", ""license"": ""CC BY-SA"", ""attribution"": ""Wiktionary via kaikki.org"", ""definitions"": [""certificate""], ""parts_of_speech"": [""noun""], ""ipa"": [""/sàː.tí.fí.kàt/"", ""[sàː.tɪ́.ɸɪ́.kàt]""], ""examples"": [], ""dialect_assigned_default"": true}"
"tsittsige","noun","8","{""source"": ""Wiktionary Hausa"", ""license"": ""CC BY-SA"", ""attribution"": ""Wiktionary via kaikki.org"", ""definitions"": [""A small tree stump""], ""parts_of_speech"": [""noun""], ""ipa"": [""/(t)sʼí(t)sʼ.(t)sʼí.ɡèː/"", ""[sʼɪ́sʼ.sʼɪ́.ɟèː]""], ""examples"": [], ""dialect_assigned_default"": true}"
"ƙawa","noun","8","{""source"": ""Wiktionary Hausa"", ""license"": ""CC BY-SA"", ""attribution"": ""Wiktionary via kaikki.org"", ""definitions"": [""a fondness; great desire"", ""a female friend of a woman or girl"", ""ally""], ""parts_of_speech"": [""noun""], ""ipa"": [""/kʼáː.wàː/"", ""[kʼáː.wàː]"", ""/kʼá.wáː/"", ""[kʼə́.wáː]""], ""examples"": [], ""dialect_assigned_default"": true}"
"rubutu","noun","8","{""source"": ""Wiktionary Hausa"", ""license"": ""CC BY-SA"", ""attribution"": ""Wiktionary via kaikki.org"", ""definitions"": [""verbal noun of r̃ubū̀tā"", ""writing""], ""parts_of_speech"": [""noun""], ""ipa"": [""/rù.bùː.túː/"", ""[rɪ̀.bùː.túː]""], ""examples"": [], ""dialect_assigned_default"": true}"
"rubuce-rubuce","noun","8","{""source"": ""Wiktionary Hausa"", ""license"": ""CC BY-SA"", ""attribution"": ""Wiktionary via kaikki.org"", ""definitions"": [""plural of r̃ùbū̀tū""], ""parts_of_speech"": [""noun""], ""ipa"": [], ""examples"": [], ""dialect_assigned_default"": true}"
"karatu","noun","8","{""source"": ""Wiktionary Hausa"", ""license"": ""CC BY-SA"", ""attribution"": ""Wiktionary via kaikki.org"", ""definitions"": [""verbal noun of kar̃àntā"", ""reading"", ""education, study, learning""], ""parts_of_speech"": [""noun""], ""ipa"": [""/kà.ràː.túː/"", ""[kə̀.ràː.túː]""], ""examples"": [], ""dialect_assigned_default"": true}"
"karance-karance","noun","8","{""source"": ""Wiktionary Hausa"", ""license"": ""CC BY-SA"", ""attribution"": ""Wiktionary via kaikki.org"", ""definitions"": [""plural of kàr̃ā̀tū""], ""parts_of_speech"": [""noun""], ""ipa"": [], ""examples"": [], ""dialect_assigned_default"": true}"
"kaidin","noun","8","{""source"": ""Wiktionary Hausa"", ""license"": ""CC BY-SA"", ""attribution"": ""Wiktionary via kaikki.org"", ""definitions"": [""plural of kaidi""], ""parts_of_speech"": [""noun""], ""ipa"": [], ""examples"": [], ""dialect_assigned_default"": true}"
"wannan","pron","8","{""source"": ""Wiktionary Hausa"", ""license"": ""CC BY-SA"", ""attribution"": ""Wiktionary via kaikki.org"", ""definitions"": [""this, this one"", ""this"", ""that, that one"", ""that""], ""parts_of_speech"": [""pron"", ""det""], ""ipa"": [""/wán.nàn/"", ""[wán.nàŋ]"", ""/wán.nàn/"", ""[wán.nàŋ]"", ""/wàn.nán/"", ""[wàn.náŋ]"", ""/wàn.nán/"", ""[wàn.náŋ]""], ""examples"": [], ""dialect_assigned_default"": true}"
"awaki","noun","8","{""source"": ""Wiktionary Hausa"", ""license"": ""CC BY-SA"", ""attribution"": ""Wiktionary via kaikki.org"", ""definitions"": [""plural of akuya""], ""parts_of_speech"": [""noun""], ""ipa"": [], ""examples"": [], ""dialect_assigned_default"": true}"
"satifiket","noun","8","{""source"": ""Wiktionary Hausa"", ""license"": ""CC BY-SA"", ""attribution"": ""Wiktionary via kaikki.org"", ""definitions"": [""alternative form of satifikat""], ""parts_of_speech"": [""noun""], ""ipa"": [""/sàː.tí.fí.kèt/"", ""[sàː.tɪ́.ɸɪ́.càt]""], ""examples"": [], ""dialect_assigned_default"": true}"
"ƙanƙara","noun","8","{""source"": ""Wiktionary Hausa"", ""license"": ""CC BY-SA"", ""attribution"": ""Wiktionary via kaikki.org"", ""definitions"": [""ice, snow, hail"", ""flint"", ""to craft something very well""], ""parts_of_speech"": [""noun"", ""verb""], ""ipa"": [""/kʼàn.kʼá.ráː/"", ""[kʼàŋ.kʼə́.ráː]"", ""/kʼán.kʼà.ɽáː/"", ""[kʼáŋ.kʼə̀.ɽáː]""], ""examples"": [], ""dialect_assigned_default"": true}"
"itace","noun","8","{""source"": ""Wiktionary Hausa"", ""license"": ""CC BY-SA"", ""attribution"": ""Wiktionary via kaikki.org"", ""definitions"": [""tree"", ""wood, stick""], ""parts_of_speech"": [""noun""], ""ipa"": [""/ʔí.tàː.t͡ʃéː/"", ""[ʔɪ́.tàː.t͡ʃéː]""], ""examples"": [], ""dialect_assigned_default"": true}"
"tsutsa","noun","8","{""source"": ""Wiktionary Hausa"", ""license"": ""CC BY-SA"", ""attribution"": ""Wiktionary via kaikki.org"", ""definitions"": [""worm""], ""parts_of_speech"": [""noun""], ""ipa"": [""/(t)sʼúː.(t)sʼàː/"", ""[sʼúː.sʼàː]""], ""examples"": [], ""dialect_assigned_default"": true}"
"ciyawa","noun","8","{""source"": ""Wiktionary Hausa"", ""license"": ""CC BY-SA"", ""attribution"": ""Wiktionary via kaikki.org"", ""definitions"": [""grass""], ""parts_of_speech"": [""noun""], ""ipa"": [""/t͡ʃì.jáː.wàː/"", ""[t͡ʃɪ̀.jáː.wàː]""], ""examples"": [], ""dialect_assigned_default"": true}"
"zuciya","noun","8","{""source"": ""Wiktionary Hausa"", ""license"": ""CC BY-SA"", ""attribution"": ""Wiktionary via kaikki.org"", ""definitions"": [""heart""], ""parts_of_speech"": [""noun""], ""ipa"": [""/zúː.t͡ʃì.jáː/"", ""[zúː.t͡ʃɪ̀.jáː]""], ""examples"": [], ""dialect_assigned_default"": true}"
"wutsiya","noun","8","{""source"": ""Wiktionary Hausa"", ""license"": ""CC BY-SA"", ""attribution"": ""Wiktionary via kaikki.org"", ""definitions"": [""tail""], ""parts_of_speech"": [""noun""], ""ipa"": [""/wú.(t)sʼí.jàː/"", ""[wʊ́.sʼɪ́.jàː]""], ""examples"": [], ""dialect_assigned_default"": true}"
"tebur","noun","8","{""source"": ""Wiktionary Hausa"", ""license"": ""CC BY-SA"", ""attribution"": ""Wiktionary via kaikki.org"", ""definitions"": [""table, desk""], ""parts_of_speech"": [""noun""], ""ipa"": [""/téː.bùr/"", ""[téː.bʊ̀r]""], ""examples"": [""Ajiye littafin a kan tebur.""], ""dialect_assigned_default"": true}"
"mabuɗi","noun","8","{""source"": ""Wiktionary Hausa"", ""license"": ""CC BY-SA"", ""attribution"": ""Wiktionary via kaikki.org"", ""definitions"": [""key""], ""parts_of_speech"": [""noun""], ""ipa"": [""/má.búː.ɗíː/"", ""[mə́.búː.ɗíː]""], ""examples"": [], ""dialect_assigned_default"": true}"
"Daular Musulunci","name","8","{""source"": ""Wiktionary Hausa"", ""license"": ""CC BY-SA"", ""attribution"": ""Wiktionary via kaikki.org"", ""definitions"": [""Islamic State"", ""Islamic realm""], ""parts_of_speech"": [""name""], ""ipa"": [""/dáu.làr mú.sú.lún.t͡ʃìː/"", ""[dáu.làr mʊ́.sɪ́.lɪ́n.t͡ʃìː]""], ""examples"": [], ""dialect_assigned_default"": true}"
"R̃","character","8","{""source"": ""Wiktionary Hausa"", ""license"": ""CC BY-SA"", ""attribution"": ""Wiktionary via kaikki.org"", ""definitions"": [""The uppercase of r̃.""], ""parts_of_speech"": [""character""], ""ipa"": [], ""examples"": [""A tilde over an r indicates that it is rolled/trilled, not flapped: r̃, R̃.""], ""dialect_assigned_default"": true}"
