"headword","pos","dialect_id","jsonb_data"
"dọònịdō","NNC","5","{""source"": ""IgboAPI"", ""definitions"": [""tug-of-war""], ""examples"": [], ""dialect_variants"": []}"
"-gba aka ọlū","AV","5","{""source"": ""IgboAPI"", ""definitions"": [""be unemployed""], ""examples"": [], ""dialect_variants"": []}"
"-lo n’ife","AV","5","{""source"": ""IgboAPI"", ""definitions"": [""be useful""], ""examples"": [], ""dialect_variants"": []}"
"-kponita","AV","5","{""source"": ""IgboAPI"", ""definitions"": [""gather up""], ""examples"": [], ""dialect_variants"": []}"
"jùù","NNC","5","{""source"": ""IgboAPI"", ""definitions"": [""quiet""], ""examples"": [], ""dialect_variants"": []}"
"-fe","AV","5","{""source"": ""IgboAPI"", ""definitions"": [""fly;"", ""sprinkle; cast; throw (especially many objects)""], ""examples"": [], ""dialect_variants"": []}"
"-dì ǹdìdì","AV","5","{""source"": ""IgboAPI"", ""definitions"": [""be patient""], ""examples"": [], ""dialect_variants"": []}"
"chi èjiri","NNC","5","{""source"": ""IgboAPI"", ""definitions"": [""The day declines""], ""examples"": [], ""dialect_variants"": []}"
"òtò","NNC","5","{""source"": ""IgboAPI"", ""definitions"": [""trodden mud for building""], ""examples"": [], ""dialect_variants"": []}"
"akụ","NNC","5","{""source"": ""IgboAPI"", ""definitions"": [""palm kernel"", ""pubic hair""], ""examples"": [], ""dialect_variants"": []}"
"àkàrà","unknown","5","{""source"": ""IgboAPI"", ""definitions"": [""see akàlà""], ""examples"": [], ""dialect_variants"": []}"
"-da n’ọkụ","AV","5","{""source"": ""IgboAPI"", ""definitions"": [""warm (soup, etc.)""], ""examples"": [], ""dialect_variants"": []}"
"ji ābị","NNC","5","{""source"": ""IgboAPI"", ""definitions"": [""(Dioscorea praehensilis Benth.) yam cultivar which never grows to a very great size, of inferior quality""], ""examples"": [], ""dialect_variants"": []}"
"kọmkọm","NNC","5","{""source"": ""IgboAPI"", ""definitions"": [""an old type of money""], ""examples"": [], ""dialect_variants"": []}"
"mkpà akā","NNC","5","{""source"": ""IgboAPI"", ""definitions"": [""biceps""], ""examples"": [], ""dialect_variants"": []}"
"ile ọkū","NNC","5","{""source"": ""IgboAPI"", ""definitions"": [""flame; spark; hot part of fire""], ""examples"": [], ""dialect_variants"": []}"
"òpìà","NNC","5","{""source"": ""IgboAPI"", ""definitions"": [""matchet; sword; large knife""], ""examples"": [], ""dialect_variants"": []}"
"-ji eji","AV","5","{""source"": ""IgboAPI"", ""definitions"": [""be ripe (especially of ùbe)""], ""examples"": [], ""dialect_variants"": []}"
"-takwosị","AV","5","{""source"": ""IgboAPI"", ""definitions"": [""eat something unripe""], ""examples"": [], ""dialect_variants"": []}"
"-lụ ọlụ","AV","5","{""source"": ""IgboAPI"", ""definitions"": [""work""], ""examples"": [], ""dialect_variants"": []}"
"àfè ụlā","NNC","5","{""source"": ""IgboAPI"", ""definitions"": [""night-gown""], ""examples"": [], ""dialect_variants"": []}"
"-gbachi ùgòdì","AV","5","{""source"": ""IgboAPI"", ""definitions"": [""turn the key""], ""examples"": [], ""dialect_variants"": []}"
"ọyà azịza","NNC","5","{""source"": ""IgboAPI"", ""definitions"": [""(literally swelling disease) used to describe diseases which are""], ""examples"": [], ""dialect_variants"": []}"
"nsansa mmīli","unknown","5","{""source"": ""IgboAPI"", ""definitions"": [""shower of rain; few drops of rain""], ""examples"": [], ""dialect_variants"": []}"
"òlụlụ","AV","5","{""source"": ""IgboAPI"", ""definitions"": [""working; constructing; making"", ""work; task; work to be done; working in my house""], ""examples"": [{""igbo"": ""Òlili nà òlụlû dì be m#"", ""english"": ""There is plenty of eating and working""}], ""dialect_variants"": []}"
"-gbasị ògbàdụ","AV","5","{""source"": ""IgboAPI"", ""definitions"": [""rub off grains from maize cob""], ""examples"": [], ""dialect_variants"": []}"
"ìnyàǹga","NNC","5","{""source"": ""IgboAPI"", ""definitions"": [""parade; bluff; showing-off""], ""examples"": [], ""dialect_variants"": []}"
"-nọ mmilī","AV","5","{""source"": ""IgboAPI"", ""definitions"": [""(used with obì or ume) be fearful, worried""], ""examples"": [{""igbo"": ""Èri m jì nụ nà ụgbọ gbùlù mmadù n’ụzō Āba kà obī jì ànọ m#mmilī màkà nà nwụnyè m jēlụ ịzūta ife n’Àba akà ànatarọ"", ""english"": ""Since learning that somebody was killed by a lorry on the Aba road I have been worried, because my wife who is away in Aba to buy something has not returned""}], ""dialect_variants"": []}"
"nwunyē di","NNC","5","{""source"": ""IgboAPI"", ""definitions"": [""co-wife; ‘mate’""], ""examples"": [], ""dialect_variants"": []}"
"Ukò Chukwu","NNC","5","{""source"": ""IgboAPI"", ""definitions"": [""(Christian usage) minister; pastor; deacon; priest""], ""examples"": [], ""dialect_variants"": []}"
"okwu āsị","NNC","5","{""source"": ""IgboAPI"", ""definitions"": [""lie""], ""examples"": [{""igbo"": ""Okwu Chūkwu"", ""english"": ""Word of God; the Gospel; sermon""}], ""dialect_variants"": []}"
"-dà n’ụkwụ","AV","5","{""source"": ""IgboAPI"", ""definitions"": [""happen in one's presence""], ""examples"": [], ""dialect_variants"": []}"
"-ŋàghalị","AV","5","{""source"": ""IgboAPI"", ""definitions"": [""shake (a container of liquid) around Shake the pot of medicine round so that the medicine in it may mix well"", ""roll about (as of a boat on water), swing here and there (intr.) is rolling about on the water like a boat?""], ""examples"": [{""igbo"": ""Ŋàghalịa ìtè ọgwù afù kà ọgwū dī n’imē ya wèlụ jezùe ọnū"", ""english"": ""Shake the pot of medicine round so that the medicine in it may mix well""}, {""igbo"": ""Nèe kà ụgbọ afū sì aŋàghalị n’enu mmīli"", ""english"": ""See how that boat is rolling about on the water""}, {""igbo"": ""Kèdu ǹkè ị nà-aŋàghalị kà ụgbọ?"", ""english"": ""Why are you rolling about like a boat?""}], ""dialect_variants"": []}"
"ntì","NNC","5","{""source"": ""IgboAPI"", ""definitions"": [""ear""], ""examples"": [], ""dialect_variants"": []}"
"okwuchi","NNC","5","{""source"": ""IgboAPI"", ""definitions"": [""cork; stopper; lid (compare okwu 2.)""], ""examples"": [], ""dialect_variants"": []}"
"-chụ ala","AV","5","{""source"": ""IgboAPI"", ""definitions"": [""wean""], ""examples"": [{""igbo"": ""Ànyị gà-àchụ nwa ānyị ala n’ọnwa īsiì"", ""english"": ""We shall wean our child at six months""}], ""dialect_variants"": []}"
"-tụlùpù","AV","5","{""source"": ""IgboAPI"", ""definitions"": [""fall down; roll down (like a baby); fall and mix""], ""examples"": [{""igbo"": ""Nwa a mūlụ ọfụū atụlùpùgo n’enu àkwà"", ""english"": ""The new-born baby has rolled off the bed""}], ""dialect_variants"": []}"
"eke ukwu","NNC","5","{""source"": ""IgboAPI"", ""definitions"": [""the larger python; African or Rock Python; (Python sebae)""], ""examples"": [], ""dialect_variants"": []}"
"okpōsi","NNC","5","{""source"": ""IgboAPI"", ""definitions"": [""simple, faceless image carved (usually from ògilìsì) to"", ""represent a dead ancestor after his final funeral rites; they are usually dumb-bell shaped, except that those for married daughters are cylindrical; all the family okpōsi are kept together and offered food or libations from time to time while the protection of the ancestors is solicited""], ""examples"": [], ""dialect_variants"": []}"
"-bù","AV","5","{""source"": ""IgboAPI"", ""definitions"": [""be large, stout"", ""break (hard covering, shell) to get out contents (e.g. egg, ụkwà); hatch"", ""sing"", ""uproot""], ""examples"": [{""igbo"": ""Òkụkò mụ gà-abū akwa yā n’ọnwa òzọ"", ""english"": ""My hen will hatch her eggs next month""}, {""igbo"": ""Ọ nà-abù nkwū"", ""english"": ""He is uprooting a palmtree""}], ""dialect_variants"": []}"
"òmìmì","NNC","5","{""source"": ""IgboAPI"", ""definitions"": [""depth; (fig.) mystery""], ""examples"": [], ""dialect_variants"": []}"
"-tachi obì","AV","5","{""source"": ""IgboAPI"", ""definitions"": [""bear up; endure""], ""examples"": [], ""dialect_variants"": []}"
"ọnyà igwè","NNC","5","{""source"": ""IgboAPI"", ""definitions"": [""steel trap""], ""examples"": [], ""dialect_variants"": []}"
"-bèlì","AV","5","{""source"": ""IgboAPI"", ""definitions"": [""cut into pieces"", ""cut into small pieces""], ""examples"": [{""igbo"": ""Achò m ibēlì anụ m gà-ènye nwa nkịtā"", ""english"": ""I want to cut into small pieces the meat I intend to give to the puppy""}], ""dialect_variants"": []}"
"àlụlù","NNC","5","{""source"": ""IgboAPI"", ""definitions"": [""medicinal plant, also used for stew""], ""examples"": [], ""dialect_variants"": []}"
"-kèlụ","AV","5","{""source"": ""IgboAPI"", ""definitions"": [""take one's share""], ""examples"": [], ""dialect_variants"": []}"
"-me ntado","AV","5","{""source"": ""IgboAPI"", ""definitions"": [""be tight (e.g. as undersized shirt, etc.)""], ""examples"": [{""igbo:"": ""Àfe à mèlù m ntado"", ""english"": ""This shirt is too tight for me""}], ""dialect_variants"": []}"
"òbùnà","AV","5","{""source"": ""IgboAPI"", ""definitions"": [""any; every""], ""examples"": [{""igbo"": ""Nye m#ife ōbụnà"", ""english"": ""Give me anything""}, {""igbo"": ""Mmadū ōbụnà gà-anòdị ànì"", ""english"": ""Every person shall sit down""}], ""dialect_variants"": []}"
"kọtùma","NNC","5","{""source"": ""IgboAPI"", ""definitions"": [""court messenger (English)""], ""examples"": [], ""dialect_variants"": []}"
"-dè-be","ESUF","5","{""source"": ""IgboAPI"", ""definitions"": [""near(er)""], ""examples"": [], ""dialect_variants"": []}"
"-gbagha okwu","NNC","5","{""source"": ""IgboAPI"", ""definitions"": [""contradict; argue""], ""examples"": [], ""dialect_variants"": []}"
"-lụmì","AV","5","{""source"": ""IgboAPI"", ""definitions"": [""go far with a task""], ""examples"": [{""igbo"": ""Ndù àlụmìgo ugbō yā"", ""english"": ""Ndụ has gone very far in the cultivation of his farm""}], ""dialect_variants"": []}"
"ntiwa","AV","5","{""source"": ""IgboAPI"", ""definitions"": [""smashing; breaking; division""], ""examples"": [], ""dialect_variants"": []}"
"ofe ùtàzì","NNC","5","{""source"": ""IgboAPI"", ""definitions"": [""ùtàzì soup""], ""examples"": [], ""dialect_variants"": []}"
"-gbà-do","NNC","5","{""source"": ""IgboAPI"", ""definitions"": [""extensional suffix all; entirely (compare -gbà 3.)""], ""examples"": [], ""dialect_variants"": []}"
"ògbòmà","NNC","5","{""source"": ""IgboAPI"", ""definitions"": [""wizard; kind of male witch capable of travelling where it wishes unseen by day. Fewer in number than the ordinary witch, but capable of greater damage once offended (compare Yoruba ọsò)""], ""examples"": [], ""dialect_variants"": []}"
"-nye n’aka","unknown","5","{""source"": ""IgboAPI"", ""definitions"": [""commit; hand over to""], ""examples"": [], ""dialect_variants"": []}"
"-dị iwe","NNC","5","{""source"": ""IgboAPI"", ""definitions"": [""annoy""], ""examples"": [{""igbo"": ""Ife o mèlù dì m iwe"", ""english"": ""What he did annoys me""}], ""dialect_variants"": []}"
"-kwụsị","AV","5","{""source"": ""IgboAPI"", ""definitions"": [""stop; stay Ọ chò ịkwụ sị motò He wants to stop the car""], ""examples"": [], ""dialect_variants"": []}"
"-bimì","AV","5","{""source"": ""IgboAPI"", ""definitions"": [""live far in""], ""examples"": [], ""dialect_variants"": []}"
"-gha mkpụlụ osisi","AV","5","{""source"": ""IgboAPI"", ""definitions"": [""sow seeds (broadcast)""], ""examples"": [], ""dialect_variants"": []}"
"-kpokọlụ","AV","5","{""source"": ""IgboAPI"", ""definitions"": [""gather together and carry away; collect Ekpōkọlụgo m  òlòma diCnénu tebùlù I have collected (and taken away) the oranges on the table""], ""examples"": [], ""dialect_variants"": []}"
"-gbechìgha","AV","5","{""source"": ""IgboAPI"", ""definitions"": [""crawl back""], ""examples"": [], ""dialect_variants"": []}"
"-tụnye n’ụkwụ","AV","5","{""source"": ""IgboAPI"", ""definitions"": [""be at hand, imminent; come unexpectedly""], ""examples"": [{""igbo"": ""\""Chèghalịa nù n’ifì nà Ànì Ezè Enu igwē àtụnyego n’ụkwụ\"""", ""english"": ""Repent ye, for the Kingdom of God is at hand\""""}], ""dialect_variants"": []}"
"okpùlùkpù","NNC","5","{""source"": ""IgboAPI"", ""definitions"": [""kind of instrument""], ""examples"": [], ""dialect_variants"": []}"
"-le ùle","AV","5","{""source"": ""IgboAPI"", ""definitions"": [""rot; be rotten; be corrupt; be lazy"", ""be rotten, lazy, corrupt""], ""examples"": [], ""dialect_variants"": []}"
"-sụ ji","AV","5","{""source"": ""IgboAPI"", ""definitions"": [""pound yam""], ""examples"": [], ""dialect_variants"": []}"
"njùnà","unknown","5","{""source"": ""IgboAPI"", ""definitions"": [""see ejùnà""], ""examples"": [], ""dialect_variants"": []}"
"(anwū) -cha","NNC","5","{""source"": ""IgboAPI"", ""definitions"": [""beat (of sun)""], ""examples"": [], ""dialect_variants"": []}"
"-kèbe","AV","5","{""source"": ""IgboAPI"", ""definitions"": [""betroth""], ""examples"": [{""igbo"": ""Ọ kèbè m àda yā"", ""english"": ""He betrothed his daughter to me, or He gave me his first daughter in marriage""}], ""dialect_variants"": []}"
"-kpata àkù","AV","5","{""source"": ""IgboAPI"", ""definitions"": [""acquire wealth"", ""amass wealth""], ""examples"": [], ""dialect_variants"": []}"
"ǹdudù","NNC","5","{""source"": ""IgboAPI"", ""definitions"": [""electric catfish (Malapterurus electricus) (= èlùlù)""], ""examples"": [], ""dialect_variants"": []}"
"ògàzì","NNC","5","{""source"": ""IgboAPI"", ""definitions"": [""guineafowl""], ""examples"": [], ""dialect_variants"": []}"
"-kwụbà","AV","5","{""source"": ""IgboAPI"", ""definitions"": [""jump in""], ""examples"": [], ""dialect_variants"": []}"
"ùba","NNC","5","{""source"": ""IgboAPI"", ""definitions"": [""plentifulness; increase"", ""wealth; riches (compare àkù)"", ""male name""], ""examples"": [], ""dialect_variants"": []}"
"ọ nà n’iyì","NNC","5","{""source"": ""IgboAPI"", ""definitions"": [""He's no use""], ""examples"": [{""igbo"": ""Afịa ọ jè nà n’iyì"", ""english"": ""The trade he did was a loss""}], ""dialect_variants"": []}"
"ndị","NNC","5","{""source"": ""IgboAPI"", ""definitions"": [""nation; people, those (plural of onye)""], ""examples"": [], ""dialect_variants"": []}"
"ịbà ojiī","NNC","5","{""source"": ""IgboAPI"", ""definitions"": [""malaria; jaundice without yellow coloration of eyeballs and fingernails""], ""examples"": [], ""dialect_variants"": []}"
"-zu orī","AV","5","{""source"": ""IgboAPI"", ""definitions"": [""steal""], ""examples"": [], ""dialect_variants"": []}"
"o mekwa","PRN","5","{""source"": ""IgboAPI"", ""definitions"": [""afterwards""], ""examples"": [], ""dialect_variants"": []}"
"-tụfìkọ","AV","5","{""source"": ""IgboAPI"", ""definitions"": [""be entangled together; entangle""], ""examples"": [], ""dialect_variants"": []}"
"òfufo chī","AV","5","{""source"": ""IgboAPI"", ""definitions"": [""dawn""], ""examples"": [], ""dialect_variants"": []}"
"-mùkwù","ESUF","5","{""source"": ""IgboAPI"", ""definitions"": [""read more (of) Ọ chò ịmùkwù akwụkwọ She wants to study further""], ""examples"": [], ""dialect_variants"": []}"
"òfùfè","AV","5","{""source"": ""IgboAPI"", ""definitions"": [""service; worship; adoration"", ""crossing; passing""], ""examples"": [{""igbo"": ""O fègo"", ""english"": ""He has passed""}, {""igbo"": ""Ogè efègo"", ""english"": ""The time has long passed""}], ""dialect_variants"": []}"
"-kpọchìgha","AV","5","{""source"": ""IgboAPI"", ""definitions"": [""call back; recall""], ""examples"": [], ""dialect_variants"": []}"
"-kwukwàsị","ESUF","5","{""source"": ""IgboAPI"", ""definitions"": [""speak again""], ""examples"": [], ""dialect_variants"": []}"
"R","unknown","5","{""source"": ""IgboAPI"", ""definitions"": [], ""examples"": [], ""dialect_variants"": []}"
"ọdū","NNC","5","{""source"": ""IgboAPI"", ""definitions"": [""pestle"", ""elephant tusk""], ""examples"": [], ""dialect_variants"": []}"
"onye ntụkwàsị obì","AV","5","{""source"": ""IgboAPI"", ""definitions"": [""person being trusted""], ""examples"": [], ""dialect_variants"": []}"
"-kpà ji","AV","5","{""source"": ""IgboAPI"", ""definitions"": [""stack yams (in the barn)""], ""examples"": [], ""dialect_variants"": []}"
"-fenaba","AV","5","{""source"": ""IgboAPI"", ""definitions"": [""fly home""], ""examples"": [], ""dialect_variants"": []}"
"-yòchapù","AV","5","{""source"": ""IgboAPI"", ""definitions"": [""sift out""], ""examples"": [], ""dialect_variants"": []}"
"Oche ǹke à dì chìm","NNC","5","{""source"": ""IgboAPI"", ""definitions"": [""This chair is very firm""], ""examples"": [], ""dialect_variants"": []}"
"nrìba amā","AV","5","{""source"": ""IgboAPI"", ""definitions"": [""(distinguishing) mark"", ""mark; distinguishing mark""], ""examples"": [], ""dialect_variants"": []}"
"ndọlì","AV","5","{""source"": ""IgboAPI"", ""definitions"": [""tearing into pieces""], ""examples"": [], ""dialect_variants"": []}"
"-gba ụgbọ","AV","5","{""source"": ""IgboAPI"", ""definitions"": [""go in a vehicle"", ""move (as liquid) (1) flow, run (liquid as subject)""], ""examples"": [], ""dialect_variants"": []}"
"-gba n’ugbō","AV","5","{""source"": ""IgboAPI"", ""definitions"": [""cultivate adjoining farms; be farm neighbours""], ""examples"": [], ""dialect_variants"": []}"
"ọtụlụ","NNC","5","{""source"": ""IgboAPI"", ""definitions"": [""used in""], ""examples"": [], ""dialect_variants"": []}"
"di ānyị","PRN","5","{""source"": ""IgboAPI"", ""definitions"": [""such a one, so and so (e.g. where a name is unknown); friend"", ""such a one; so and so!; (used to address a man, or less often to refer to him, either where name is unknown or by wives referring to husband)""], ""examples"": [], ""dialect_variants"": []}"
"ònwùnwò","NNC","5","{""source"": ""IgboAPI"", ""definitions"": [""change""], ""examples"": [], ""dialect_variants"": []}"
"Òlìsà","NNC","5","{""source"": ""IgboAPI"", ""definitions"": [""The Great God""], ""examples"": [{""igbo"": ""Òlìsà ebùlu ùwà"", ""english"": ""God who supports the world""}, {""igbo"": ""Òlìsà elòka"", ""english"": ""God thought deeply (male name)""}, {""igbo"": ""Òlìsà èmeka"", ""english"": ""God has done a lot (male name)""}, {""igbo"": ""Nwolìsà"", ""english"": ""the son of God (male name)""}], ""dialect_variants"": []}"
"ugbokō","NNC","5","{""source"": ""IgboAPI"", ""definitions"": [""forest; thicket; jungle; farm""], ""examples"": [], ""dialect_variants"": []}"
"nsikpù","AV","5","{""source"": ""IgboAPI"", ""definitions"": [""obscuring (e.g. of sun)""], ""examples"": [], ""dialect_variants"": []}"
"-fụ afụfụ","AV","5","{""source"": ""IgboAPI"", ""definitions"": [""suffer"", ""suffer (compare -ta afụfụ)""], ""examples"": [], ""dialect_variants"": []}"
"ebe a nà-enì ozū","NNC","5","{""source"": ""IgboAPI"", ""definitions"": [""burial ground""], ""examples"": [], ""dialect_variants"": []}"
"-kwụlụ ọtọ","AV","5","{""source"": ""IgboAPI"", ""definitions"": [""(= -kwụ ọtọ)""], ""examples"": [], ""dialect_variants"": []}"
"nsam","NNC","5","{""source"": ""IgboAPI"", ""definitions"": [""small shellfish found in salt water; periwinkle (compare ejùnà, kòso)""], ""examples"": [], ""dialect_variants"": []}"
"dòtị","NNC","5","{""source"": ""IgboAPI"", ""definitions"": [""catapult"", ""dirt; filth (colloquial, English dirty)""], ""examples"": [], ""dialect_variants"": []}"
"-mìlị","AV","5","{""source"": ""IgboAPI"", ""definitions"": [""suck""], ""examples"": [], ""dialect_variants"": []}"
"-rughalị","AV","5","{""source"": ""IgboAPI"", ""definitions"": [""turn, bend round; change""], ""examples"": [], ""dialect_variants"": []}"
"-gbamì mkpòlògwù(gwù)","AV","5","{""source"": ""IgboAPI"", ""definitions"": [""send roots deep""], ""examples"": [], ""dialect_variants"": []}"
"-ti mmanwụ","AV","5","{""source"": ""IgboAPI"", ""definitions"": [""bring out spirits in the form of masquerades""], ""examples"": [], ""dialect_variants"": []}"
"abụbọ","NNC","5","{""source"": ""IgboAPI"", ""definitions"": [""vegetables""], ""examples"": [], ""dialect_variants"": []}"
"nkwupùta","ESUF","5","{""source"": ""IgboAPI"", ""definitions"": [""confession; profession (of faith, etc.)""], ""examples"": [], ""dialect_variants"": []}"
"-zùnita","AV","5","{""source"": ""IgboAPI"", ""definitions"": [""rear; bring up; educate; train up""], ""examples"": [{""igbo"": ""Ndù azùnitago Ùgònnwā"", ""english"": ""Ndụ has trained Ugonnwa up""}], ""dialect_variants"": []}"
"-gwakwụlụ","AV","5","{""source"": ""IgboAPI"", ""definitions"": [""reply""], ""examples"": [], ""dialect_variants"": []}"
"àrụ ikē nà òdìmmā","PV","5","{""source"": ""IgboAPI"", ""definitions"": [""(good and) well-being"", ""good health and well-being; well-being""], ""examples"": [{""igbo"": ""Obì ọma nà-ewèta òdìmmā"", ""english"": ""Kindness promotes good relations""}], ""dialect_variants"": []}"
"mkpụlù","NNC","5","{""source"": ""IgboAPI"", ""definitions"": [""something roundish and smooth, e.g. shot-putt""], ""examples"": [], ""dialect_variants"": []}"
"-lapùta ile","NNC","5","{""source"": ""IgboAPI"", ""definitions"": [""put out the tongue""], ""examples"": [], ""dialect_variants"": []}"
"òkelekwū","NNC","5","{""source"": ""IgboAPI"", ""definitions"": [""rat, or any small animal""], ""examples"": [], ""dialect_variants"": []}"
"-gbàkwụnye ụnò","AV","5","{""source"": ""IgboAPI"", ""definitions"": [""enlarge, extend house (by adding more rooms at either or both ends or sides);"", ""enlarge, extend house (by adding more rooms)""], ""examples"": [{""ibgo"": ""Anà m agbàkwụnye ụnò m ụnō ūla naàbò"", ""english"": ""I am enlarging my house by two more bedrooms""}], ""dialect_variants"": []}"
"à","DEM","5","{""source"": ""IgboAPI"", ""definitions"": [""this""], ""examples"": [], ""dialect_variants"": []}"
"ǹju īko","NNC","5","{""source"": ""IgboAPI"", ""definitions"": [""cupful""], ""examples"": [{""igbo"": ""Bikō mànyelụ m#ǹju īko gàrị naàbò"", ""english"": ""Please measure out two cupfuls of garri for me""}], ""dialect_variants"": []}"
"mwopū àfè","AV","5","{""source"": ""IgboAPI"", ""definitions"": [""taking off of clothes""], ""examples"": [], ""dialect_variants"": []}"
"-te ajā","AV","5","{""source"": ""IgboAPI"", ""definitions"": [""rub, smoothe, wet wall; paint wall""], ""examples"": [], ""dialect_variants"": []}"
"-duga","AV","5","{""source"": ""IgboAPI"", ""definitions"": [""accompany""], ""examples"": [], ""dialect_variants"": []}"
"òbùbò ọkū","NNC","5","{""source"": ""IgboAPI"", ""definitions"": [""heap of glowing coals""], ""examples"": [], ""dialect_variants"": []}" 
"-mụ-mù","AV","5","{""source"": ""IgboAPI"", ""definitions"": [""hum; murmur""], ""examples"": [{""igbo"": ""Amārọ m ịfe nā-amụmù n’ime ụnò"", ""english"": ""I don’t know what is humming in the room""}], ""dialect_variants"": []}"
"-kpakọ","AV","5","{""source"": ""IgboAPI"", ""definitions"": [""walk together (of friends)""], ""examples"": [], ""dialect_variants"": []}"
"anya ọkū","NNC","5","{""source"": ""IgboAPI"", ""definitions"": [""disease of the eye"", ""fierceness of aspect"", ""jealousy; envy (literally fiery eyes)""], ""examples"": [], ""dialect_variants"": []}"
"mkpà","NNC","5","{""source"": ""IgboAPI"", ""definitions"": [""need; difficulty; necessity (from -kpà 2. be needful)"", ""used in"", ""forceps; tongs"", ""holding; captivity; restriction; imprisonment (from -kpà 1. grip)"", ""one stake full of yams tied in a barn""], ""examples"": [], ""dialect_variants"": []}"
"-bù osisi","AV","5","{""source"": ""IgboAPI"", ""definitions"": [""uproot tree""], ""examples"": [], ""dialect_variants"": []}"
"-nchèkasị","AV","5","{""source"": ""IgboAPI"", ""definitions"": [""worry greatly; wear out oneself with thinking""], ""examples"": [], ""dialect_variants"": []}"
"-wa","AV","5","{""source"": ""IgboAPI"", ""definitions"": [""cut; split; divide; space"", ""come out; break through; burst out (on); force one's way in"", ""wander; explore (e.g. forest)"", ""break; shatter"", ""continuing; becoming more and more""], ""examples"": [{""igbo"": ""Ụmù ọlū ya nà-àbawanye ūba"", ""english"": ""His apprentices are increasing more and more""}], ""dialect_variants"": []}"
"-bèka","AV","5","{""source"": ""IgboAPI"", ""definitions"": [""cut out; cut into"", ""cut asunder""], ""examples"": [], ""dialect_variants"": []}"
"-ke ekike","NNC","5","{""source"": ""IgboAPI"", ""definitions"": [""dress; adorn""], ""examples"": [{""igbo"": ""O kèlù ekike ndi aghā"", ""english"": ""He is dressed as a soldier""}], ""dialect_variants"": []}"
"ekwum","NNC","5","{""source"": ""IgboAPI"", ""definitions"": [""lungfish; mudfish (Protopterus annectens) (= ebī)""], ""examples"": [], ""dialect_variants"": []}"
"àrụ ūfụ","NNC","5","{""source"": ""IgboAPI"", ""definitions"": [""urgency; state of disquiet"", ""sickness; pain""], ""examples"": [], ""dialect_variants"": []}"
"ndi gboo","NNC","5","{""source"": ""IgboAPI"", ""definitions"": [""the ancients""], ""examples"": [], ""dialect_variants"": []}"
"-kwu","ESUF","5","{""source"": ""IgboAPI"", ""definitions"": [""speak"", ""cork; stopper"", ""trust in"", ""eat more""], ""examples"": [], ""dialect_variants"": []}"
"òyì","NNC","5","{""source"": ""IgboAPI"", ""definitions"": [""friend; lover; mistress; adultery (more common than enyì and òwì)""], ""examples"": [], ""dialect_variants"": []}"
"ìzù","AV","5","{""source"": ""IgboAPI"", ""definitions"": [""meeting; council; consultation; plot"", ""meeting, council"", ""whisper""], ""examples"": [], ""dialect_variants"": []}"
"-mapù imi","AV","5","{""source"": ""IgboAPI"", ""definitions"": [""blow the nose""], ""examples"": [], ""dialect_variants"": []}"
"ǹchịcha","NNC","5","{""source"": ""IgboAPI"", ""definitions"": [""disease causing skin to turn yellow; blasting or withering of vegetation""], ""examples"": [], ""dialect_variants"": []}"
"òdògwùmà","NNC","5","{""source"": ""IgboAPI"", ""definitions"": [""(compare òbògwù) duck""], ""examples"": [], ""dialect_variants"": []}"
"oke ọnū","NNC","5","{""source"": ""IgboAPI"", ""definitions"": [""of great price; costly; expensive; dear gba Christmas na-abịa I am going to buy my wife costly clothes for the celebration of next Christmas"", ""precious redeemed by Christ's precious blood different previous metals in our king's court"", ""big mouth (used to describe a talkative person) nà-èkwu okwū My servant is a chatterbox; he talks all the time and everywhere"", ""great mouth (used to describe a person, usually a child, who surpasses others in eating); gluttonous akā ībè ya sòọsò ya The child is a voracious eater, he has eaten the food placed for him and other children all by himself""], ""examples"": [{""igbo"": ""Agà m àzụtalụ nwūnyè m akwā dī oke ọnū ọ gà-èji wèlụ gba Christmas na-abịa"", ""english"": ""I am going to buy my wife costly clothes for the celebration of next Christmas""}, {""igbo"": ""Òbàla Kraìst dị oke ọnū àgbapùtago ānyị"", ""english"": ""We have been redeemed by Christ's precious blood""}, {""igbo"": ""Ọnā dī ichè ichè dị oke ọnū dì nà òbi èze ānyị"", ""english"": ""There are different previous metals in our king's court""}, {""igbo"": ""Nwa òdìbò m nwèlù oke ọnū; ogè ǹcha nà ebe niīne kà ọ nà-èkwu okwū"", ""english"": ""My servant is a chatterbox; he talks all the time and everywhere""}, {""igbo"": ""Nwatà afù nwèlù oke ọnū, o līsịgo nni e dèbèèlù ya nà ụmù akā ībè ya sòọsò ya"", ""english"": ""The child is a voracious eater, he has eaten the food placed for him and other children all by himself""}], ""dialect_variants"": []}"
"-sànye","AV","5","{""source"": ""IgboAPI"", ""definitions"": [""open and show another something; reveal to; initiate""], ""examples"": [], ""dialect_variants"": []}"
"-tepùbe afọ","AV","5","{""source"": ""IgboAPI"", ""definitions"": [""have a bulging, distended abdomen""], ""examples"": [{""igbo"": ""Nèe kà o sì tepùbe afō kà nwaànyị dī ime"", ""english"": ""See how his abdomen is distended like that of a pregnant woman""}], ""dialect_variants"": []}"
"isi egō","NNC","5","{""source"": ""IgboAPI"", ""definitions"": [""unit of six cowries (= èkpète)"", ""capital""], ""examples"": [], ""dialect_variants"": []}"
"akpịliCịkpọ  nkụ","AV","5","{""source"": ""IgboAPI"", ""definitions"": [""intense thirst""], ""examples"": [], ""dialect_variants"": []}"
"-kaghè","AV","5","{""source"": ""IgboAPI"", ""definitions"": [""talk, act foolishly""], ""examples"": [], ""dialect_variants"": []}"
"ànyìnyà","NNC","5","{""source"": ""IgboAPI"", ""definitions"": [""horse""], ""examples"": [], ""dialect_variants"": []}"
"-nò n’ụnò","AV","5","{""source"": ""IgboAPI"", ""definitions"": [""be at home""], ""examples"": [{""igbo"": ""Nnā ānyị nò n’ụnò"", ""english"": ""Father is in""}], ""dialect_variants"": []}"
"ajō ife","AV","5","{""source"": ""IgboAPI"", ""definitions"": [""crime, including abomination and defilement"", ""abomination; defilement""], ""examples"": [], ""dialect_variants"": []}"
"-kì-li","AV","5","{""source"": ""IgboAPI"", ""definitions"": [""look at; gaze at; witness; watch"", ""about; up and down (always with -gba)""], ""examples"": [{""igbo"": ""-gbakìli ànì"", ""english"": ""go about; go or move about hesitantly, worriedly, at random""}, {""igbo"": ""Motō ì kà esò je afīa enupùgo ebe ị nà-àgbakìli ànì"", ""english"": ""The lorry you were to have taken to the market has left while you were busy fussing about""}], ""dialect_variants"": []}"
"(chi) -jibìdo","AV","5","{""source"": ""IgboAPI"", ""definitions"": [""benighted""], ""examples"": [{""igbo"": ""Chî jibìdòlù ànyị n’ụzò"", ""english"": ""We were benighted on the way""}], ""dialect_variants"": []}"
"afele","NNC","5","{""source"": ""IgboAPI"", ""definitions"": [""plate; flat dish""], ""examples"": [], ""dialect_variants"": []}"
"-bifè (okè)","AV","5","{""source"": ""IgboAPI"", ""definitions"": [""live too long (in a place)""], ""examples"": [], ""dialect_variants"": []}"
"-fụju anya","AV","5","{""source"": ""IgboAPI"", ""definitions"": [""toil, suffer greatly"", ""be horrified, as by an abomination horrified by what is happening now""], ""examples"": [{""igbo"": ""Ndị mmadù àfụjugo anya n’ife nā-eme kịtāà"", ""english"": ""People are horrified by what is happening now""}], ""dialect_variants"": []}"
"-kè","AV","5","{""source"": ""IgboAPI"", ""definitions"": [""share; divide""], ""examples"": [], ""dialect_variants"": []}"
"ụzò mbànye","AV","5","{""source"": ""IgboAPI"", ""definitions"": [""crossroads; street corner""], ""examples"": [], ""dialect_variants"": []}"
"-kpa akụ","NNC","5","{""source"": ""IgboAPI"", ""definitions"": [""search for palm kernels at the farm (usually of children)"", ""B. play a board game like draughts""], ""examples"": [], ""dialect_variants"": []}"
"nne ochīè","NNC","5","{""source"": ""IgboAPI"", ""definitions"": [""maternal grandmother""], ""examples"": [], ""dialect_variants"": []}"
"ebe ōbibi","AV","5","{""source"": ""IgboAPI"", ""definitions"": [""habitation; dwelling place""], ""examples"": [], ""dialect_variants"": []}"
"-kpasàpù","AV","5","{""source"": ""IgboAPI"", ""definitions"": [""spread wide open""], ""examples"": [], ""dialect_variants"": []}"
"ọlụ","NNC","5","{""source"": ""IgboAPI"", ""definitions"": [""work; task; something difficult, tiring, tiresome (from -lụ 1. work)"", ""fault; weakness (of behaviour in human beings) (from -lụ 2. defile)"", ""limb of humans or leg of animals, including hip""], ""examples"": [{""igbo"": ""Gịnî bù ọlụ gī?"", ""english"": ""What is your work?""}, {""igbo"": ""Bìa kà ànyị je ọlū"", ""english"": ""Come and let us go to work""}, {""igbo"": ""Ịnyà ụgbọ dì ọlụ"", ""english"": ""Driving is difficult""}, {""igbo"": ""Ọlụ Oyìbo"", ""english"": ""Civil Service""}, {""igbo"": ""Ụmù m ìbùa nò Ọlụ Oyìbo"", ""english"": ""Two of my children are in the Civil Service""}, {""igbo"": ""Egbè m nwèlù ntịntị ọlū"", ""english"": ""My gun has a slight fault""}, {""igbo"": ""Ibè gbàlù ọlụ nwaàyì"", ""english"": ""Ibe has the weakness of excessive love for women""}, {""igbo"": ""Ọ bụlụ nà ụnù abòsịa atụlū afù, wètalụnù m òfu ọlū ya"", ""english"": ""Bring me one of the hindquarters after cutting up that sheep""}], ""dialect_variants"": []}"
"-wabàta","AV","5","{""source"": ""IgboAPI"", ""definitions"": [""rush inside""], ""examples"": [], ""dialect_variants"": []}"
"ìgbà ogwè","NNC","5","{""source"": ""IgboAPI"", ""definitions"": [""tall standing drum used to play abìà music""], ""examples"": [], ""dialect_variants"": []}"
"ètètè","NNC","5","{""source"": ""IgboAPI"", ""definitions"": [""woven shield used in war by the Ada people""], ""examples"": [], ""dialect_variants"": []}"
"ùru","NNC","5","{""source"": ""IgboAPI"", ""definitions"": [""sorrow; grief""], ""examples"": [], ""dialect_variants"": []}"
"mkpejide","AV","5","{""source"": ""IgboAPI"", ""definitions"": [""injustice""], ""examples"": [], ""dialect_variants"": []}"
"-gbasà ute","NNC","5","{""source"": ""IgboAPI"", ""definitions"": [""spread mat (in general, without necessarily implying for purpose of sleeping)""], ""examples"": [{""igbo"": ""Jèe gbasàa utē n’anwū"", ""english"": ""Go and spread the mat in the sun""}], ""dialect_variants"": []}"
"òkịtịkpākpa","unknown","5","{""source"": ""IgboAPI"", ""definitions"": [], ""examples"": [], ""dialect_variants"": []}"
"igiligi","NNC","5","{""source"": ""IgboAPI"", ""definitions"": [""dew""], ""examples"": [], ""dialect_variants"": []}"
"-dàbà","AV","5","{""source"": ""IgboAPI"", ""definitions"": [""fall in with; correspond; be in agreement with""], ""examples"": [], ""dialect_variants"": []}"
"ǹda òbùlùbù","AV","5","{""source"": ""IgboAPI"", ""definitions"": [""falling upon in a mass""], ""examples"": [{""igbo"": ""Fâ bìàkwùtèlù yà nà ǹda òbùlùbù"", ""english"": ""They came falling upon him in a mass""}], ""dialect_variants"": []}"
"-ri","AV","5","{""source"": ""IgboAPI"", ""definitions"": [""leak; be leaking""], ""examples"": [{""igbo"": ""Ìtè m nà-èri ēri"", ""english"": ""My pot is leaking""}], ""dialect_variants"": []}"
"-nyàka","AV","5","{""source"": ""IgboAPI"", ""definitions"": [""break off; pull off; sever; pluck off violently""], ""examples"": [], ""dialect_variants"": []}"
"òzịza","AV","5","{""source"": ""IgboAPI"", ""definitions"": [""swelling; lump"", ""answer; reply"", ""swelling (of animal body)""], ""examples"": [], ""dialect_variants"": []}"
"ọkpụkpụ āzụ","NNC","5","{""source"": ""IgboAPI"", ""definitions"": [""backbone""], ""examples"": [], ""dialect_variants"": []}"
"ùgò","NNC","5","{""source"": ""IgboAPI"", ""definitions"": [""\""eagle\"", a bird valued for its rarity and beauty. Its white feather is a symbol of prestige worn with the red cap of onye ǹzè. (Palmnut Vulture, Gypohierax angolensis, and/or West African River Eagle, Haliaetus vocifer.)""], ""examples"": [], ""dialect_variants"": []}"
"ànịnị","NNC","5","{""source"": ""IgboAPI"", ""definitions"": [""tenth of a penny (Hausa àniinii)""], ""examples"": [], ""dialect_variants"": []}"
"-dàjụ obì","AV","5","{""source"": ""IgboAPI"", ""definitions"": [""propitiate; appease; atone""], ""examples"": [], ""dialect_variants"": []}"
"-nekpọ anya","AV","5","{""source"": ""IgboAPI"", ""definitions"": [""take a good look at""], ""examples"": [], ""dialect_variants"": []}"
"ògba","NNC","5","{""source"": ""IgboAPI"", ""definitions"": [""African pike (Hepsetus odoe) (= ògàzị mwù)""], ""examples"": [], ""dialect_variants"": []}"
"-kè ǹràmanya","NNC","5","{""source"": ""IgboAPI"", ""definitions"": [""divide equally""], ""examples"": [{""igbo"": ""Bikō kèe anụ afù ǹràmanya"", ""english"": ""Please divide that meat equally""}], ""dialect_variants"": []}"
"-dọkalì","AV","5","{""source"": ""IgboAPI"", ""definitions"": [""tear in pieces""], ""examples"": [], ""dialect_variants"": []}"
"-kpọ òmìmì","AV","5","{""source"": ""IgboAPI"", ""definitions"": [""dive""], ""examples"": [], ""dialect_variants"": []}"
"Ìgbò","NNC","5","{""source"": ""IgboAPI"", ""definitions"": [""the Igbo people in general; the Igbo language""], ""examples"": [], ""dialect_variants"": []}"
"-ra ìfulū","AV","5","{""source"": ""IgboAPI"", ""definitions"": [""blossom; flower""], ""examples"": [], ""dialect_variants"": []}"
"-tabèsị","AV","5","{""source"": ""IgboAPI"", ""definitions"": [""bite off all""], ""examples"": [], ""dialect_variants"": []}"
"-fètabà","AV","5","{""source"": ""IgboAPI"", ""definitions"": [""cross over (someone else's area)""], ""examples"": [{""igbo"": ""Ifētàbà okè adīrọ mmā"", ""english"": ""Exceeding the limit is not good""}], ""dialect_variants"": []}"
"ibe òlòma","NNC","5","{""source"": ""IgboAPI"", ""definitions"": [""segment of orange""], ""examples"": [], ""dialect_variants"": []}"
"-lụ àrụ ụkà","AV","5","{""source"": ""IgboAPI"", ""definitions"": [""be self-controlled""], ""examples"": [], ""dialect_variants"": []}"
"-tụnye ndù","AV","5","{""source"": ""IgboAPI"", ""definitions"": [""refresh; revive""], ""examples"": [], ""dialect_variants"": []}"
"-kpọ ùbọ","AV","5","{""source"": ""IgboAPI"", ""definitions"": [""play musical instrument (sansa, guitar, organ)""], ""examples"": [], ""dialect_variants"": []}"
"-bọsa","AV","5","{""source"": ""IgboAPI"", ""definitions"": [""spatter (e.g. with dust)""], ""examples"": [], ""dialect_variants"": []}"
"-sị òsiālị","AV","5","{""source"": ""IgboAPI"", ""definitions"": [""bear witness""], ""examples"": [], ""dialect_variants"": []}"
"-dà ọnū","AV","5","{""source"": ""IgboAPI"", ""definitions"": [""be expensive""], ""examples"": [], ""dialect_variants"": []}"
"ànì ọcha","NNC","5","{""source"": ""IgboAPI"", ""definitions"": [""dry land, not overflowed in wet season"", ""Ìgbò land""], ""examples"": [], ""dialect_variants"": []}"
"-je Agbàlà","NNC","5","{""source"": ""IgboAPI"", ""definitions"": [""consult the Agbala in Awka, the most famous one""], ""examples"": [], ""dialect_variants"": []}"
"-chụni","AV","5","{""source"": ""IgboAPI"", ""definitions"": [""stir up (birds, etc.)""], ""examples"": [], ""dialect_variants"": []}"
"-kụ ọgwù","AV","5","{""source"": ""IgboAPI"", ""definitions"": [""mix medicine""], ""examples"": [], ""dialect_variants"": []}"
"-gbọ-tò","AV","5","{""source"": ""IgboAPI"", ""definitions"": [""lay down""], ""examples"": [{""igbo"": ""Ebe à kà ọ gbōtòlù òkpu m nà-àchọ"", ""english"": ""It is here that he abandoned the hat I was looking for""}], ""dialect_variants"": []}"
"òkàlà","NNC","5","{""source"": ""IgboAPI"", ""definitions"": [""half; part; portion""], ""examples"": [], ""dialect_variants"": []}"
"-wakwàsị","AV","5","{""source"": ""IgboAPI"", ""definitions"": [""attack""], ""examples"": [], ""dialect_variants"": []}"
"ùnànwụledè","unknown","5","{""source"": ""IgboAPI"", ""definitions"": [""see nànwụledè""], ""examples"": [], ""dialect_variants"": []}"
"ịfùlụfū àgwà","NNC","5","{""source"": ""IgboAPI"", ""definitions"": [""pod of beans""], ""examples"": [], ""dialect_variants"": []}"
"ògàlànyà","NNC","5","{""source"": ""IgboAPI"", ""definitions"": [""one rich in money, goods or children""], ""examples"": [], ""dialect_variants"": []}"
"-chi anya","AV","5","{""source"": ""IgboAPI"", ""definitions"": [""be well woven; be tight"", ""be well-woven, tight""], ""examples"": [], ""dialect_variants"": []}"
"-gbòsà","AV","5","{""source"": ""IgboAPI"", ""definitions"": [""part (antagonists)""], ""examples"": [], ""dialect_variants"": []}"
"òkpùkpù naàbò","NNC","5","{""source"": ""IgboAPI"", ""definitions"": [""double stack""], ""examples"": [{""igbo"": ""Ị gà-èdo jī òkpùkpù naàbò n’ime ọbā"", ""english"": ""You will place the yams in two stacks inside the barn""}], ""dialect_variants"": []}"
"àkpà abù","NNC","5","{""source"": ""IgboAPI"", ""definitions"": [""boil in armpit""], ""examples"": [], ""dialect_variants"": []}"
"osi","NNC","5","{""source"": ""IgboAPI"", ""definitions"": [""tree (when followed by name of the tree; compare osisi) e.g. osi ụkwà African Breadfruit (Treculia africana Decne.) tree""], ""examples"": [], ""dialect_variants"": []}"
"-kwùghepù","unknown","5","{""source"": ""IgboAPI"", ""definitions"": [""uncover""], ""examples"": [], ""dialect_variants"": []}"
"-to ogonogo","AV","5","{""source"": ""IgboAPI"", ""definitions"": [""be long, tall""], ""examples"": [], ""dialect_variants"": []}"
"mbè","unknown","5","{""source"": ""IgboAPI"", ""definitions"": [""see mbèkwù"", ""small calabash for measuring salt"", ""used in""], ""examples"": [], ""dialect_variants"": []}"
"ọyà","NNC","5","{""source"": ""IgboAPI"", ""definitions"": [""sickness; illness (from -yà 2. be sick)""], ""examples"": [], ""dialect_variants"": []}"
"-we","AV","5","{""source"": ""IgboAPI"", ""definitions"": [""be angry, annoyed""], ""examples"": [], ""dialect_variants"": []}"
"-gba ghalịị","AV","5","{""source"": ""IgboAPI"", ""definitions"": [""confuse""], ""examples"": [{""igbo"": ""Okwu afù gbàlù m ghalịị"", ""english"": ""I didn't understand that word""}], ""dialect_variants"": []}"
"ifelē","NNC","5","{""source"": ""IgboAPI"", ""definitions"": [""shame; shyness; reserve""], ""examples"": [{""igbo"": ""Ifelē ekwērọ ya àyọ ayìyọ"", ""english"": ""He was too ashamed (embarrassed) to beg""}], ""dialect_variants"": []}"
"mkpọmkpọ","NNC","5","{""source"": ""IgboAPI"", ""definitions"": [""broken-down object; ruinous, ruined, waste (wall, house)"", ""poor, despised, hopeless (of person)""], ""examples"": [{""igbo"": ""Ǹkaà bù mkpọmkpọ ụnò"", ""english"": ""This is a dilapidated house""}, {""igbo"": ""Oke mmàdù adīrọ èbi na mkpọmkpọ ụnò"", ""english"": ""A great man never lives in a dilapidated house""}], ""dialect_variants"": []}"
"-jemì","AV","5","{""source"": ""IgboAPI"", ""definitions"": [""go far in""], ""examples"": [], ""dialect_variants"": []}"
"-bịachị anya","NNC","5","{""source"": ""IgboAPI"", ""definitions"": [""come regularly""], ""examples"": [], ""dialect_variants"": []}"
"-netù anya","AV","5","{""source"": ""IgboAPI"", ""definitions"": [""look downwards"", ""look downwards; look down on""], ""examples"": [], ""dialect_variants"": []}"
"ndị nwufù","NNC","5","{""source"": ""IgboAPI"", ""definitions"": [""those yonder""], ""examples"": [], ""dialect_variants"": []}"
"òkwute anwūlù","NNC","5","{""source"": ""IgboAPI"", ""definitions"": [""stone for grinding snuff""], ""examples"": [], ""dialect_variants"": []}"
"ànì mmanụ anwū nà mmili ala efī","NNC","5","{""source"": ""IgboAPI"", ""definitions"": [""promised land (land of milk and honey)""], ""examples"": [], ""dialect_variants"": []}"
"ụgwō","NNC","5","{""source"": ""IgboAPI"", ""definitions"": [""debt; wages; salary""], ""examples"": [{""igbo:"": ""Ànyị gà-èli ụgwō taàtà"", ""english"": ""We shall receive our salary today""}], ""dialect_variants"": []}"
"-gba nlò","AV","5","{""source"": ""IgboAPI"", ""definitions"": [""be soft; be watery (especially of food)""], ""examples"": [], ""dialect_variants"": []}"
"anwụlū èkèlèke","NNC","5","{""source"": ""IgboAPI"", ""definitions"": [""tied tobacco; bits of tied tobacco retailed in small amounts - 1d, 3d, etc.""], ""examples"": [], ""dialect_variants"": []}"
"-bụ ọnū","AV","5","{""source"": ""IgboAPI"", ""definitions"": [""curse""], ""examples"": [], ""dialect_variants"": []}"
"ìde jī ụnò","NNC","5","{""source"": ""IgboAPI"", ""definitions"": [""chief person supporting family (literally pillar holding the house)""], ""examples"": [], ""dialect_variants"": []}"
"òbube","AV","5","{""source"": ""IgboAPI"", ""definitions"": [""crying""], ""examples"": [], ""dialect_variants"": []}"
"-bà afà","AV","5","{""source"": ""IgboAPI"", ""definitions"": [""name; give a name (e.g. to new-born baby)""], ""examples"": [], ""dialect_variants"": []}"
"onye nkuzi","AV","5","{""source"": ""IgboAPI"", ""definitions"": [""teacher; instructor""], ""examples"": [], ""dialect_variants"": []}"
"ògwa","NNC","5","{""source"": ""IgboAPI"", ""definitions"": [""verandah; porch; covered gateway; reception room""], ""examples"": [], ""dialect_variants"": []}"
"àzì efìfìè","NNC","5","{""source"": ""IgboAPI"", ""definitions"": [""lunch""], ""examples"": [], ""dialect_variants"": []}"
"-kpọchi mmiliì","ESUF","5","{""source"": ""IgboAPI"", ""definitions"": [""turn off (i.e. lock, shut) tap""], ""examples"": [], ""dialect_variants"": []}"
"okuko ākwa","NNC","5","{""source"": ""IgboAPI"", ""definitions"": [""eggshell""], ""examples"": [], ""dialect_variants"": []}"
"-chachanye","AV","5","{""source"": ""IgboAPI"", ""definitions"": [""wash into""], ""examples"": [], ""dialect_variants"": []}"
"ònyì","NNC","5","{""source"": ""IgboAPI"", ""definitions"": [""dysentery (compare òtòlò)""], ""examples"": [], ""dialect_variants"": []}"
"ndumì ụnò","NNC","5","{""source"": ""IgboAPI"", ""definitions"": [""framework of roof (before thatching or fixing the sheets)""], ""examples"": [], ""dialect_variants"": []}"
"(pọmpù) -kwò","AV","5","{""source"": ""IgboAPI"", ""definitions"": [""be surrounded by anxious, pushing crowd trying to get water (of tap)""], ""examples"": [], ""dialect_variants"": []}"
"n’iru","NNC","5","{""source"": ""IgboAPI"", ""definitions"": [""forward; before (of place)""], ""examples"": [], ""dialect_variants"": []}"
"ndị ọkù","NNC","5","{""source"": ""IgboAPI"", ""definitions"": [""fishermen""], ""examples"": [], ""dialect_variants"": []}"
"-kpakọbà","AV","5","{""source"": ""IgboAPI"", ""definitions"": [""gather together into; heap up""], ""examples"": [], ""dialect_variants"": []}"
"-kwùkwù aka","AV","5","{""source"": ""IgboAPI"", ""definitions"": [""clench, close the hand""], ""examples"": [], ""dialect_variants"": []}"
"o mèzì","PRN","5","{""source"": ""IgboAPI"", ""definitions"": [""or else; otherwise; if not; failing this""], ""examples"": [], ""dialect_variants"": []}"
"-wùnị enū","NNC","5","{""source"": ""IgboAPI"", ""definitions"": [""jump up""], ""examples"": [], ""dialect_variants"": []}"
"òli mmadù","NNC","5","{""source"": ""IgboAPI"", ""definitions"": [""cannibal""], ""examples"": [], ""dialect_variants"": []}"
"-tùchapù","AV","5","{""source"": ""IgboAPI"", ""definitions"": [""pick out, off (things which stick, e.g. fleas on dog)""], ""examples"": [{""igbo"": ""Bikō tụchàpụ m arụrụ tādolụ m n’àzụ"", ""english"": ""Please pick off the ant which is biting me on the back""}], ""dialect_variants"": []}"
"ǹdụdụ","NNC","5","{""source"": ""IgboAPI"", ""definitions"": [""fork, skewer of iron or wood for taking yam, etc., from cooking-pot""], ""examples"": [], ""dialect_variants"": []}"
"-gba mbìbì","AV","5","{""source"": ""IgboAPI"", ""definitions"": [""borrow; go about borrowing""], ""examples"": [{""igbo"": ""Ogè niīne kà ọ nà-àgba mbìbì egō"", ""english"": ""He always goes about borrowing money""}], ""dialect_variants"": []}"
"arụrụ afō","NNC","5","{""source"": ""IgboAPI"", ""definitions"": [""intestinal worm, very tiny; pinworm (literally ants of belly)""], ""examples"": [], ""dialect_variants"": []}"
"-tu-kwù","AV","5","{""source"": ""IgboAPI"", ""definitions"": [""squat""], ""examples"": [], ""dialect_variants"": []}"
"-de","AV","5","{""source"": ""IgboAPI"", ""definitions"": [""mark; write; press"", ""sound; rumble""], ""examples"": [], ""dialect_variants"": []}"
"bìlìbìlì","NNC","5","{""source"": ""IgboAPI"", ""definitions"": [""cloudiness; dimness""], ""examples"": [], ""dialect_variants"": []}"
"ọgụ ìbùa","CD","5","{""source"": ""IgboAPI"", ""definitions"": [""forty""], ""examples"": [], ""dialect_variants"": []}"
"n’ètitì","PREP","5","{""source"": ""IgboAPI"", ""definitions"": [""amidst; in the middle of""], ""examples"": [], ""dialect_variants"": []}"
"ọgò nwaàyì","NNC","5","{""source"": ""IgboAPI"", ""definitions"": [""mother-in-law; female relative-in-law;"", ""mother-in-law; any female relative by marriage""], ""examples"": [], ""dialect_variants"": []}"
"òbùbè","AV","5","{""source"": ""IgboAPI"", ""definitions"": [""ending; stopping""], ""examples"": [], ""dialect_variants"": []}"
"-kpochapù","AV","5","{""source"": ""IgboAPI"", ""definitions"": [""clean away; exterminate""], ""examples"": [], ""dialect_variants"": []}"
"ogbè","NNC","5","{""source"": ""IgboAPI"", ""definitions"": [""lump; piece; loaf; whole (of ball-like objects, e.g. bread, cake, ụkwà, etc.)"", ""'village', i.e. a residential unit smaller than one of the three 'quarters' (Ezi, Ìfìtè, and Ìkeǹgà) into which a 'town’ (òbòdò) is divided, and larger than a lineage or 'family' (ụmù nnà)""], ""examples"": [{""igbo"": ""Ọgò m nwokē wètààlù m ọgbē àchìchà naàbò ǹnyàafù, m nyawaa ōfu ọgbè ìbùọ nye Ēke òfu mkpekele, wèlụ ōfu ọgbē fōdụlụ debe n’ime akpàtì nnī"", ""english"": ""My father-in-law brought me two loaves of bread yesterday. I broke one loaf into two and gave Eke one half, and kept the remaining loaf in the food-box.""}], ""dialect_variants"": []}"
"mbalā","NNC","5","{""source"": ""IgboAPI"", ""definitions"": [""spaciousness; roominess; wideness""], ""examples"": [], ""dialect_variants"": []}"
"-gba àzì","AV","5","{""source"": ""IgboAPI"", ""definitions"": [""take food, eat (especially in early morning)""], ""examples"": [], ""dialect_variants"": []}"
"-kwusà","AV","5","{""source"": ""IgboAPI"", ""definitions"": [""say about; spread the news""], ""examples"": [], ""dialect_variants"": []}"
"mmili ōwụwa","AV","5","{""source"": ""IgboAPI"", ""definitions"": [""coming out of underground water, flooding the land of that area. An example is what sometimes occurs in buildings in swampy areas, where water sometimes appears and floods the floors"", ""coming out of underground water, flooding the land (e.g. when water seeps into buildings in swampy areas)"", ""come out, rise, shine (of sun)""], ""examples"": [], ""dialect_variants"": []}"
"ọmà afīa","NNC","5","{""source"": ""IgboAPI"", ""definitions"": [""centre of market""], ""examples"": [], ""dialect_variants"": []}"
"mmadū ōbụnà","NNC","5","{""source"": ""IgboAPI"", ""definitions"": [""everybody; any person; every person""], ""examples"": [], ""dialect_variants"": []}"
"-dinà àba","AV","5","{""source"": ""IgboAPI"", ""definitions"": [""sleep on the back""], ""examples"": [], ""dialect_variants"": []}"
"ezē ànì","NNC","5","{""source"": ""IgboAPI"", ""definitions"": [""life-size image of carved wood""], ""examples"": [], ""dialect_variants"": []}"
"Mèelụ ānyị èbelè","NNC","5","{""source"": ""IgboAPI"", ""definitions"": [""Have mercy on us""], ""examples"": [], ""dialect_variants"": []}"
"-do iru","AV","5","{""source"": ""IgboAPI"", ""definitions"": [""face; turn face to incline towards""], ""examples"": [], ""dialect_variants"": []}"
"-gbasàsị","AV","5","{""source"": ""IgboAPI"", ""definitions"": [""be scattered about""], ""examples"": [], ""dialect_variants"": []}"
"-lipù","AV","5","{""source"": ""IgboAPI"", ""definitions"": [""devour; eat up"", ""eat up""], ""examples"": [], ""dialect_variants"": []}"
"-ma ubè","AV","5","{""source"": ""IgboAPI"", ""definitions"": [""pierce with a spear""], ""examples"": [], ""dialect_variants"": []}"
"-gba iyī","NNC","5","{""source"": ""IgboAPI"", ""definitions"": [""bind with an oath; adjure""], ""examples"": [], ""dialect_variants"": []}"
"ǹte","NNC","5","{""source"": ""IgboAPI"", ""definitions"": [""small cricket""], ""examples"": [], ""dialect_variants"": []}"
"iru nà àzụ","NNC","5","{""source"": ""IgboAPI"", ""definitions"": [""backwards and forwards; up and down; to and fro""], ""examples"": [], ""dialect_variants"": []}"
"okwu","NNC","5","{""source"": ""IgboAPI"", ""definitions"": [""word; speech; affair; matter; dispute; quarrel"", ""cover; lid; stopper; cork (from -kwu 2. cover)""], ""examples"": [{""igbo"": ""Bikō rapū m aka màkà nà okwu adīrọ n’ètitì mụ nà gị!"", ""english"": ""Please leave me alone, since there is no quarrel between us""}], ""dialect_variants"": []}"
"-wopù","AV","5","{""source"": ""IgboAPI"", ""definitions"": [""take off clothes""], ""examples"": [], ""dialect_variants"": []}"
"-kpù òkpu ogwu#","AV","5","{""source"": ""IgboAPI"", ""definitions"": [""wear crown of thorns""], ""examples"": [], ""dialect_variants"": []}"
"ànì ụlō","NNC","5","{""source"": ""IgboAPI"", ""definitions"": [""clay soil""], ""examples"": [], ""dialect_variants"": []}"
"-chu mmilī","AV","5","{""source"": ""IgboAPI"", ""definitions"": [""go to fetch water"", ""go to water""], ""examples"": [], ""dialect_variants"": []}"
"-lu àrụ","AV","5","{""source"": ""IgboAPI"", ""definitions"": [""receive; reach""], ""examples"": [], ""dialect_variants"": []}"
"-pù ala","AV","5","{""source"": ""IgboAPI"", ""definitions"": [""become mad; be mad""], ""examples"": [{""igbo"": ""Ì nà-apù alā?"", ""english"": ""Are you mad?""}], ""dialect_variants"": []}"
"abụzù","NNC","5","{""source"": ""IgboAPI"", ""definitions"": [""mole-cricket (edible)""], ""examples"": [], ""dialect_variants"": []}"
"nwanne afō","NNC","5","{""source"": ""IgboAPI"", ""definitions"": [""brother or sister of same father and mother; full brother or sister (literally brother or sister of same womb)""], ""examples"": [], ""dialect_variants"": []}"
"-wènita enū","AV","5","{""source"": ""IgboAPI"", ""definitions"": [""lift up; take up""], ""examples"": [], ""dialect_variants"": []}"
"(motò) -kwọpìà","NNC","5","{""source"": ""IgboAPI"", ""definitions"": [""be crushed (by lorry or any vehicle) Motò gà-àkwọpiCa giCisi otù ụbòsì màkà nà ị diCachàlụ motò òfụma A lorry will crush your head one day because you never give way properly to lorries"", ""be crushed (by motor vehicle)""], ""examples"": [], ""dialect_variants"": []}"
"-gbànye","AV","5","{""source"": ""IgboAPI"", ""definitions"": [""reckon with; regard; care for; consider (as important)"", ""mate (mammals); wed; marry""], ""examples"": [{""ibgo"": ""Àgbanyèrò m yà n’ife"", ""english"": ""I have no regard for him or I do not consider him/it important""}], ""dialect_variants"": []}"
"Jìsie ikē","AV","5","{""source"": ""IgboAPI"", ""definitions"": [""struggle hard, or persevere (used as greeting to someone working, travelling, etc.)""], ""examples"": [], ""dialect_variants"": []}"
"puku","NNC","5","{""source"": ""IgboAPI"", ""definitions"": [""eight thousand; thousands""], ""examples"": [], ""dialect_variants"": []}"
"-lụ afọ","AV","5","{""source"": ""IgboAPI"", ""definitions"": [""have stomach-ache""], ""examples"": [], ""dialect_variants"": []}"
"-bọkòta","AV","5","{""source"": ""IgboAPI"", ""definitions"": [""gather together, pile up""], ""examples"": [], ""dialect_variants"": []}"
"-gachata","AV","5","{""source"": ""IgboAPI"", ""definitions"": [""snatch off""], ""examples"": [], ""dialect_variants"": []}"
"akpù onū","NNC","5","{""source"": ""IgboAPI"", ""definitions"": [""goitre""], ""examples"": [], ""dialect_variants"": []}"
"ogùlùgù","NNC","5","{""source"": ""IgboAPI"", ""definitions"": [""rainbow""], ""examples"": [], ""dialect_variants"": []}"
"ògàniiru","AV","5","{""source"": ""IgboAPI"", ""definitions"": [""progress""], ""examples"": [], ""dialect_variants"": []}"
"nrapù","AV","5","{""source"": ""IgboAPI"", ""definitions"": [""abandonment"", ""euphemism for 'die' (compare -nwụ 1.); pass away""], ""examples"": [{""igbo"": ""Nwatā nō n’àkwà ọyà èri ụkā gālụ aga ārapùgo"", ""english"": ""The child who has been sick since last week has passed away""}], ""dialect_variants"": []}"
"ekwēekwe","NNC","5","{""source"": ""IgboAPI"", ""definitions"": [""stubbornness""], ""examples"": [], ""dialect_variants"": []}"
"-degalụ akwụkwọ","AV","5","{""source"": ""IgboAPI"", ""definitions"": [""write (letter) to""], ""examples"": [{""igbo"": ""Achòlù m idēgalụ onye isī akwụkwọ"", ""english"": ""I want to write to the manager""}], ""dialect_variants"": []}"
"nàa gboo","AV","5","{""source"": ""IgboAPI"", ""definitions"": [""farewell (to those expected to return)""], ""examples"": [], ""dialect_variants"": []}"
"òduduū","NNC","5","{""source"": ""IgboAPI"", ""definitions"": [""damp; cold(ness)""], ""examples"": [], ""dialect_variants"": []}"
"-yi àkwa","AV","5","{""source"": ""IgboAPI"", ""definitions"": [""lay eggs""], ""examples"": [{""igbo"": ""Òkụkò m nà-èyi ākwa"", ""english"": ""My fowl is laying eggs""}], ""dialect_variants"": []}"
"ǹzìzà","NNC","5","{""source"": ""IgboAPI"", ""definitions"": [""worship; homage"", ""large broom for sweeping outdoors""], ""examples"": [], ""dialect_variants"": []}"
"ìwòlò","NNC","5","{""source"": ""IgboAPI"", ""definitions"": [""peeled-off skin, slough, of snake""], ""examples"": [], ""dialect_variants"": []}"
"-kpọlì","AV","5","{""source"": ""IgboAPI"", ""definitions"": [""grind dry thing (not thoroughly); break into splinters or pieces""], ""examples"": [], ""dialect_variants"": []}"
"nwa dibìà","NNC","5","{""source"": ""IgboAPI"", ""definitions"": [""native doctor's attendant; native doctor""], ""examples"": [], ""dialect_variants"": []}"
"nya","unknown","5","{""source"": ""IgboAPI"", ""definitions"": [""see ya""], ""examples"": [], ""dialect_variants"": []}"
"ògba nta","AV","5","{""source"": ""IgboAPI"", ""definitions"": [""hunter (iv) snap (with sharp sound); spring up (as corn) with a popping sound, as when roasting"", ""hunter""], ""examples"": [], ""dialect_variants"": []}"
"-kwukụta","unknown","5","{""source"": ""IgboAPI"", ""definitions"": [""say all""], ""examples"": [], ""dialect_variants"": []}"
"-gbà","AV","5","{""source"": ""IgboAPI"", ""definitions"": [""lie across"", ""give a hand in carrying"", ""join; pair; add"", ""wear any kind of ring or anklet, etc., on any part of the body (the object, of any material, must go round the particular part of the body)"", ""force to drink liquid (e.g. drug, water, wine, etc.)"", ""grow big or strong; grow, become stout; come of age; be fully-grown"", ""Mkpi gbàlù àgbà The he-goat is fully-grown""], ""examples"": [], ""dialect_variants"": []}"
"-gù","AV","5","{""source"": ""IgboAPI"", ""definitions"": [""give name to; name"", ""embrace; grip; enclose in arms""], ""examples"": [], ""dialect_variants"": []}"
"-pù òlịlī","AV","5","{""source"": ""IgboAPI"", ""definitions"": [""go out for a stroll; go out to another house to stay and play with friends there (usually of children)""], ""examples"": [], ""dialect_variants"": []}"
"-gba aka","AV","5","{""source"": ""IgboAPI"", ""definitions"": [""snap fingers to show interest"", ""be empty-handed empty-handed"", ""snap fingers to show interest (v) kick"", ""be empty-handed; go without""], ""examples"": [{""igbo"": ""Agà m àgba akā je be ezè"", ""english"": ""I shall go to the King’s house""}], ""dialect_variants"": []}"
"-gwa","AV","5","{""source"": ""IgboAPI"", ""definitions"": [""tell (no vowel suffix)"", ""mix"", ""revenge; avenge""], ""examples"": [{""igbo"": ""Gwa m ife mēlụ ị bīarọ ùnyàafù"", ""english"": ""Tell me why you did not come yesterday""}, {""igbo"": ""Ọ chò igwā m ịfe"", ""english"": ""He wants to tell me something""}], ""dialect_variants"": []}"
"nnu oyìbo","NNC","5","{""source"": ""IgboAPI"", ""definitions"": [""sugar (imported)""], ""examples"": [], ""dialect_variants"": []}"
"òkwù","NNC","5","{""source"": ""IgboAPI"", ""definitions"": [""friend (good or bad sense)""], ""examples"": [], ""dialect_variants"": []}"
"-kpọgbu","AV","5","{""source"": ""IgboAPI"", ""definitions"": [""crucify; kill by nailing""], ""examples"": [], ""dialect_variants"": []}"
"-gba nchāla","AV","5","{""source"": ""IgboAPI"", ""definitions"": [""rust; corrode""], ""examples"": [], ""dialect_variants"": []}"
"-dò ǹdò","AV","5","{""source"": ""IgboAPI"", ""definitions"": [""be shady (of place)""], ""examples"": [], ""dialect_variants"": []}"
"òluku","NNC","5","{""source"": ""IgboAPI"", ""definitions"": [""cotton (plant)""], ""examples"": [], ""dialect_variants"": []}"
"-kpupù akwà","NNC","5","{""source"": ""IgboAPI"", ""definitions"": [""take off coverlet""], ""examples"": [], ""dialect_variants"": []}"
"ùli ārụ","NNC","5","{""source"": ""IgboAPI"", ""definitions"": [""indigo body designs""], ""examples"": [], ""dialect_variants"": []}"
"-jụ àsè","AV","5","{""source"": ""IgboAPI"", ""definitions"": [""inquire, ask about""], ""examples"": [{""igbo"": ""Ajù m àsè i"", ""english"": ""I asked about you""}], ""dialect_variants"": []}"
"okpolo īlo","NNC","5","{""source"": ""IgboAPI"", ""definitions"": [""road, street (especially in town)""], ""examples"": [{""igbo"": ""Pùta n’okpolo īlo"", ""english"": ""Leave the road""}], ""dialect_variants"": []}"
"-tụ ùzù","AV","5","{""source"": ""IgboAPI"", ""definitions"": [""quarrel noisily; make noise (in quarrel (= -fịọ ùzù)"", ""drop, place, upon"", ""quarrel noisily; make noise""], ""examples"": [], ""dialect_variants"": []}"
"-nwe àtù","unknown","5","{""source"": ""IgboAPI"", ""definitions"": [""have an equal, another of its kind""], ""examples"": [], ""dialect_variants"": []}"
"mpanaaka","NNC","5","{""source"": ""IgboAPI"", ""definitions"": [""small native hand-lamp""], ""examples"": [], ""dialect_variants"": []}"
"òkìkè","NNC","5","{""source"": ""IgboAPI"", ""definitions"": [""creation; (in Nri thought) one of the aspects of Chukwu, manifested in the creation of things visible and invisible and in the laws of nature (-kè create)""], ""examples"": [], ""dialect_variants"": []}"
"-jụ","AV","5","{""source"": ""IgboAPI"", ""definitions"": [""ask"", ""refuse; reject"", ""be cool, calm""], ""examples"": [{""igbo"": ""Ọ jūgo ndi enyì ya"", ""english"": ""He has given up his friends""}], ""dialect_variants"": []}"
"aka ōkwute","NNC","5","{""source"": ""IgboAPI"", ""definitions"": [""stone for grinding corn""], ""examples"": [], ""dialect_variants"": []}"
"-sètịpù ijè","AV","5","{""source"": ""IgboAPI"", ""definitions"": [""embark or continue on a journey"", ""embark, continue, on a journey""], ""examples"": [], ""dialect_variants"": []}"
"òdìegwù","NNC","5","{""source"": ""IgboAPI"", ""definitions"": [""the tragic; the wonderful""], ""examples"": [], ""dialect_variants"": []}"
"nkụzi","NNC","5","{""source"": ""IgboAPI"", ""definitions"": [""teaching; instruction""], ""examples"": [], ""dialect_variants"": []}"
"-lụlịta ụkà","AV","5","{""source"": ""IgboAPI"", ""definitions"": [""debate; discuss""], ""examples"": [], ""dialect_variants"": []}"
"-bèkapùta","AV","5","{""source"": ""IgboAPI"", ""definitions"": [""cut to pieces from""], ""examples"": [], ""dialect_variants"": []}"
"-fụtalụ","ESUF","5","{""source"": ""IgboAPI"", ""definitions"": [""discover for""], ""examples"": [], ""dialect_variants"": []}"
"ònwùnwè","DEM","5","{""source"": ""IgboAPI"", ""definitions"": [""changing"", ""change bodily appearance (e.g. put mask on or off)""], ""examples"": [], ""dialect_variants"": []}"
"òdùm","NNC","5","{""source"": ""IgboAPI"", ""definitions"": [""lion"", ""any animal or person of great size and strength""], ""examples"": [], ""dialect_variants"": []}"
"nni egbè","NNC","5","{""source"": ""IgboAPI"", ""definitions"": [""cartridge""], ""examples"": [], ""dialect_variants"": []}"
"-tụkpò aka","AV","5","{""source"": ""IgboAPI"", ""definitions"": [""clasp""], ""examples"": [], ""dialect_variants"": []}"
"-dị èbelè","NNC","5","{""source"": ""IgboAPI"", ""definitions"": [""be kind-hearted""], ""examples"": [], ""dialect_variants"": []}"
"kwọ","unknown","5","{""source"": ""IgboAPI"", ""definitions"": [""see kwa""], ""examples"": [], ""dialect_variants"": []}"
"-gwagbu","AV","5","{""source"": ""IgboAPI"", ""definitions"": [""slander (a person) to death; curse bitterly""], ""examples"": [], ""dialect_variants"": []}"
"kwụkọnye","AV","5","{""source"": ""IgboAPI"", ""definitions"": [], ""examples"": [], ""dialect_variants"": []}"
"-de akwà","AV","5","{""source"": ""IgboAPI"", ""definitions"": [""iron clothes""], ""examples"": [], ""dialect_variants"": []}"
"-dọ akpịlī","AV","5","{""source"": ""IgboAPI"", ""definitions"": [""long after""], ""examples"": [], ""dialect_variants"": []}"
"-ru alūsị","AV","5","{""source"": ""IgboAPI"", ""definitions"": [""venerate divinities""], ""examples"": [], ""dialect_variants"": []}"
"-nufù","AV","5","{""source"": ""IgboAPI"", ""definitions"": [""mislead; deceive; advise wrongly; seduce; push out of the way""], ""examples"": [], ""dialect_variants"": []}"
"ndinyom","NNC","5","{""source"": ""IgboAPI"", ""definitions"": [""women; females""], ""examples"": [], ""dialect_variants"": []}"
"-rù mọọ","AV","5","{""source"": ""IgboAPI"", ""definitions"": [""look after deities""], ""examples"": [], ""dialect_variants"": []}"
"onye ēbelè","NNC","5","{""source"": ""IgboAPI"", ""definitions"": [""the merciful (person)""], ""examples"": [], ""dialect_variants"": []}"
"onye ìsì","NNC","5","{""source"": ""IgboAPI"", ""definitions"": [""a blind person""], ""examples"": [], ""dialect_variants"": []}"
"ifùlù","NNC","5","{""source"": ""IgboAPI"", ""definitions"": [""small fish with fins, caught when the Niger falls (November)""], ""examples"": [], ""dialect_variants"": []}"
"-rikwa","ADV","5","{""source"": ""IgboAPI"", ""definitions"": [""eat again""], ""examples"": [], ""dialect_variants"": []}"
"alā ụla","NNC","5","{""source"": ""IgboAPI"", ""definitions"": [""sleeplessness""], ""examples"": [], ""dialect_variants"": []}"
"-rùrube","AV","5","{""source"": ""IgboAPI"", ""definitions"": [""rumble (of thunder)""], ""examples"": [], ""dialect_variants"": []}"
"abìà","NNC","5","{""source"": ""IgboAPI"", ""definitions"": [""music played on ìgbà ogwè, a tall standing drum, when great warriors die""], ""examples"": [], ""dialect_variants"": []}"
"ụnò ikpē","NNC","5","{""source"": ""IgboAPI"", ""definitions"": [""court of law""], ""examples"": [], ""dialect_variants"": []}"
"òdogwu","NNC","5","{""source"": ""IgboAPI"", ""definitions"": [""champion; one of great prowess; hero; title for such a one; male name""], ""examples"": [{""igbo"": ""Òdogwu kà ọ bù"", ""english"": ""He is a hero""}], ""dialect_variants"": []}"
"-ri-","AV","5","{""source"": ""IgboAPI"", ""definitions"": [""clean, wipe off""], ""examples"": [], ""dialect_variants"": []}"
"-bè okwu","AV","5","{""source"": ""IgboAPI"", ""definitions"": [""settle a dispute""], ""examples"": [], ""dialect_variants"": []}"
"nne milichukwu","NNC","5","{""source"": ""IgboAPI"", ""definitions"": [""godmother""], ""examples"": [], ""dialect_variants"": []}"
"ndi orī","NNC","5","{""source"": ""IgboAPI"", ""definitions"": [""rogues; highwaymen""], ""examples"": [], ""dialect_variants"": []}"
"nkekele ejùnà","NNC","5","{""source"": ""IgboAPI"", ""definitions"": [""snail-shell""], ""examples"": [], ""dialect_variants"": []}"
"mmakwu","NNC","5","{""source"": ""IgboAPI"", ""definitions"": [""loop""], ""examples"": [], ""dialect_variants"": []}"
"nà ǹkịtị","PREP","5","{""source"": ""IgboAPI"", ""definitions"": [""in vain; for nothing""], ""examples"": [{""igbo"": ""Ife o mè bù nà ǹkịtị"", ""english"": ""What he has done is in vain""}], ""dialect_variants"": []}"
"ònòkò ọkū","NNC","5","{""source"": ""IgboAPI"", ""definitions"": [""half-burnt piece of wood""], ""examples"": [], ""dialect_variants"": []}"
"ǹkenū","NNC","5","{""source"": ""IgboAPI"", ""definitions"": [""small bird which nods its head""], ""examples"": [], ""dialect_variants"": []}"
"(ògùgò) -gbu","NNC","5","{""source"": ""IgboAPI"", ""definitions"": [""be happy""], ""examples"": [{""igbo"": ""Ògùgò nà-ègbu m"", ""english"": ""I am happy (because of a specific thing)""}], ""dialect_variants"": []}"
"mkpogo","NNC","5","{""source"": ""IgboAPI"", ""definitions"": [""steep place; cliff""], ""examples"": [], ""dialect_variants"": []}"
"-su ekwe","AV","5","{""source"": ""IgboAPI"", ""definitions"": [""beat the gong"", ""beat wooden drum""], ""examples"": [], ""dialect_variants"": []}"
"Igwē nà Ànì","NNC","5","{""source"": ""IgboAPI"", ""definitions"": [""(in Nri thought) the firmament and the earth, which together make up Ùwà, the visible world""], ""examples"": [], ""dialect_variants"": []}"
"-kpo ọsọ","NNC","5","{""source"": ""IgboAPI"", ""definitions"": [""rush; run quickly (literally collect running)""], ""examples"": [], ""dialect_variants"": []}"
"okpulu","NNC","5","{""source"": ""IgboAPI"", ""definitions"": [""kind of stiff bag made by Hausas for packing clothes, etc.""], ""examples"": [], ""dialect_variants"": []}"
"-megide","ESUF","5","{""source"": ""IgboAPI"", ""definitions"": [""act against""], ""examples"": [], ""dialect_variants"": []}"
"mmanya nā-abà n’anya","NNC","5","{""source"": ""IgboAPI"", ""definitions"": [""(literally wine that enters the eyes - mostly used in Bible)""], ""examples"": [], ""dialect_variants"": []}"
"òkà","NNC","5","{""source"": ""IgboAPI"", ""definitions"": [""mightiest; greatest; expert; specialist; used in""], ""examples"": [], ""dialect_variants"": []}"
"onye à","DEM","5","{""source"": ""IgboAPI"", ""definitions"": [""this person""], ""examples"": [], ""dialect_variants"": []}"
"mmìkolo","NNC","5","{""source"": ""IgboAPI"", ""definitions"": [""ferret""], ""examples"": [], ""dialect_variants"": []}"
"-me àgbọò","AV","5","{""source"": ""IgboAPI"", ""definitions"": [""do as, be a young woman""], ""examples"": [], ""dialect_variants"": []}"
"-mà ìwu","NNC","5","{""source"": ""IgboAPI"", ""definitions"": [""make, enact law""], ""examples"": [], ""dialect_variants"": []}"
"-rà àrà","AV","5","{""source"": ""IgboAPI"", ""definitions"": [""bore""], ""examples"": [], ""dialect_variants"": []}"
"-dà ǹgwụlō","NNC","5","{""source"": ""IgboAPI"", ""definitions"": [""be lame""], ""examples"": [], ""dialect_variants"": []}"
"ùde","NNC","5","{""source"": ""IgboAPI"", ""definitions"": [""ointment; palm-kernel ointment (Yoruba àdin and òroro)"", ""fame; report; reputation; name""], ""examples"": [], ""dialect_variants"": []}"
"-jìsi ike","AV","5","{""source"": ""IgboAPI"", ""definitions"": [""put more effort; persevere; maintain effort; hold firmly by that illness)"", ""form of greeting to person travelling, working or going for an examination, meaning farewell or struggle hard, etc.""], ""examples"": [{""igbo"": ""Ọyà afù jìsìlì yà ike"", ""english"": ""He is seriously ill (literally He is firmly held""}], ""dialect_variants"": []}"
"-si ngọ","AV","5","{""source"": ""IgboAPI"", ""definitions"": [""doubt; doubt obstinately""], ""examples"": [], ""dialect_variants"": []}"
"ịfelē","unknown","5","{""source"": ""IgboAPI"", ""definitions"": [""see ifelē""], ""examples"": [], ""dialect_variants"": []}"
"ụmū ùyòm","NNC","5","{""source"": ""IgboAPI"", ""definitions"": [""chicks""], ""examples"": [], ""dialect_variants"": []}"
"-gbù àgbù","AV","5","{""source"": ""IgboAPI"", ""definitions"": [""be fed up; have lost appetite for; have no appetite for""], ""examples"": [{""igbo"": ""Ùdị ọlū à nà-agbū àgbù ọsọ ōsọ"", ""english"": ""This kind of work quickly becomes boring""}], ""dialect_variants"": []}"
"Òrànàǹche","AV","5","{""source"": ""IgboAPI"", ""definitions"": [""male name (literally all at watch)""], ""examples"": [], ""dialect_variants"": []}"
"mà","CJN","5","{""source"": ""IgboAPI"", ""definitions"": [""but; if; whether""], ""examples"": [{""igbo"": ""Jùa nnwokē afù mà ò gà-àbịa echī"", ""english"": ""Ask the man whether he will come tomorrow""}], ""dialect_variants"": []}"
"Nwankwọ","NNC","5","{""source"": ""IgboAPI"", ""definitions"": [""for men born on Ǹkwọ, Èke, Oyè, and Àfò respectively, and Nwam̀gbankw̄ ọ, Nwam̀gbeēke, Nwam̀gbaàfò for women born on Ǹkwọ, Èke, and Àfò respectively. It is also used preceding the name of a deity, person, or set of circumstances, etc., after which a person is named: e.g. Nwudō (son of Udō, a deity); Nwọòrà (son of all); Nwoòlìsà (son of Òlìsà, God); Nwachukwu (son of God); Nwiijè (for a son born away from home)"", ""young of animal""], ""examples"": [], ""dialect_variants"": []}"
"-chụ ọsọ","AV","5","{""source"": ""IgboAPI"", ""definitions"": [""drive; pursue""], ""examples"": [], ""dialect_variants"": []}"
"-kù n’obì","AV","5","{""source"": ""IgboAPI"", ""definitions"": [""hold at the breast; carry in the bosom""], ""examples"": [], ""dialect_variants"": []}"
"ùnànwụlụ","unknown","5","{""source"": ""IgboAPI"", ""definitions"": [""see nànwụledè""], ""examples"": [], ""dialect_variants"": []}"
"-taka","AV","5","{""source"": ""IgboAPI"", ""definitions"": [""spoil by biting (as of ants or termites destroying articles of (clothing)""], ""examples"": [{""igbo"": ""Àkịkà àtakago àfè m zùtàlù ǹnyàafù"", ""english"": ""The termites have destroyed the garment I bought yesterday""}], ""dialect_variants"": []}"
"ilìilì","NNC","5","{""source"": ""IgboAPI"", ""definitions"": [""splinter""], ""examples"": [], ""dialect_variants"": []}"
"-gafè okè","AV","5","{""source"": ""IgboAPI"", ""definitions"": [""be in excess""], ""examples"": [{""igbo"": ""Ife gafèlù okè dì njọ"", ""english"": ""Enough is as good as a feast""}], ""dialect_variants"": []}"
"-du aka","AV","5","{""source"": ""IgboAPI"", ""definitions"": [""help""], ""examples"": [], ""dialect_variants"": []}"
"-gọ alūsi","NNC","5","{""source"": ""IgboAPI"", ""definitions"": [""worship a spirit""], ""examples"": [], ""dialect_variants"": []}"
"-kpo(lụ) ọsọ","AV","5","{""source"": ""IgboAPI"", ""definitions"": [""rush; run quickly (literally collect running)""], ""examples"": [], ""dialect_variants"": []}"
"ùdò","NNC","5","{""source"": ""IgboAPI"", ""definitions"": [""small fibrous plant""], ""examples"": [], ""dialect_variants"": []}"
"mbido","AV","5","{""source"": ""IgboAPI"", ""definitions"": [""beginning; starting""], ""examples"": [], ""dialect_variants"": []}"
"-tògbọ","AV","5","{""source"": ""IgboAPI"", ""definitions"": [""put, lay, lie, drop down""], ""examples"": [{""igbo"": ""Tògbọ yā ebe afù"", ""english"": ""Leave it there""}, {""igbo"": ""Tògbọ egbè gị n’ànì"", ""english"": ""Lay down your gun""}], ""dialect_variants"": []}"
"ajō ònòdù","NNC","5","{""source"": ""IgboAPI"", ""definitions"": [""position of danger or inconvenience to a person or thing occupied by another. The person occupying the position is himself not necessarily in danger but his being so close to the other is a threat to security or convenience of the aggrived person he is so close to"", ""careless, indecent, or immodest way of sitting (usually of women)"", ""bad conditions, state (poverty, etc.), of person who has not been in that position before""], ""examples"": [{""igbo"": ""Ị nò m ajō ònòdù"", ""english"": ""Your staying so close to me inconveniences me, or is a threat to my security""}, {""igbo"": ""Ụmū Mbà nwaànyì àna-anòka ajọ ọnòdù n’ikpo mmadù"", ""english"": ""Mba's daughters are very fond of sitting carelessly, immodestly, in the midst of people""}, {""igbo"": ""A nò m n’ajō ònòdù"", ""english"": ""I am in a precarious position""}], ""dialect_variants"": []}"
"enwē ike","NNC","5","{""source"": ""IgboAPI"", ""definitions"": [""strengthless; a weakling""], ""examples"": [], ""dialect_variants"": []}"
"onùnù","NNC","5","{""source"": ""IgboAPI"", ""definitions"": [""hole; pit""], ""examples"": [], ""dialect_variants"": []}"
"-za","AV","5","{""source"": ""IgboAPI"", ""definitions"": [""(no vowel suffix) answer; reply"", ""swell (of animal body)""], ""examples"": [{""igbo"": ""Za m"", ""english"": ""Answer me""}, {""igbo"": ""Achòlù m kà ị za akwụkwọ ǹkaà ọsọōsọ"", ""english"": ""I want you to reply to this letter quickly""}, {""igbo"": ""Ọ bụlụ nà ị jērọ gba ụkwụ nā-esògbu gī ọgwù ọ gà-àza"", ""english"": ""If you do not go for an injection, your bad leg will become swollen""}, {""igbo"": ""Ụkwụ m gbàjìlì n’ùtụtù àzago"", ""english"": ""The leg that I fractured in the morning has swollen up""}], ""dialect_variants"": []}"
"ọdù ","NNC","5","{""source"": ""IgboAPI"", ""definitions"": [""tail"", ""the rear, last, youngest""], ""examples"": [{""igbo"": ""Ọdù nkịtā ǹkaà ètoka"", ""english"": ""The tail of this dog is very long""}, {""igbo"": ""Oyèọmâ bù ọdùdù nnwā Èzèmbà"", ""english"": ""Oyeọma is the last-born child of Mr Ezemba""}], ""dialect_variants"": []}"
"-kpè","unknown","5","{""source"": ""IgboAPI"", ""definitions"": [""AV"", ""hearing of the person being slandered)"", ""strip off (bark, skin, etc.)""], ""examples"": [], ""dialect_variants"": []}"
"-gakọ","AV","5","{""source"": ""IgboAPI"", ""definitions"": [""pass towards"", ""thread, string (together)"", ""bring together with thread (e.g. beads)""], ""examples"": [{""igbo"": ""Ọ nà-àgakọ jìgìda"", ""english"": ""She is threading the waistbeads together""}, {""igbo"": ""Ànyị nà-àchọ ịgbākọ mmilī màkà echi"", ""english"": ""We want to draw water into a large container for tomorrow (literally fetch water together)""}], ""dialect_variants"": []}"
"afà Oyìbo ī","NNC","5","{""source"": ""IgboAPI"", ""definitions"": [""your English name""], ""examples"": [], ""dialect_variants"": []}"
"adī àma āma","PV","5","{""source"": ""IgboAPI"", ""definitions"": [""perhaps; maybe; in case (literally one never knows)"", ""perhaps; maybe; in case of""], ""examples"": [], ""dialect_variants"": []}"
"-peka","AV","5","{""source"": ""IgboAPI"", ""definitions"": [""be very, too, small""], ""examples"": [{""igbo"": ""Ife m kètàlù n’anụ afù èpeka"", ""english"": ""My share of the meat was very small""}], ""dialect_variants"": []}"
"ji òkù","NNC","5","{""source"": ""IgboAPI"", ""definitions"": [""a variety of Yellow Guinea Yam (compare ji òyìbò)""], ""examples"": [], ""dialect_variants"": []}"
"-go-du","unknown","5","{""source"": ""IgboAPI"", ""definitions"": [""first; beforehand; preceding (compare -du 3.) going to the market""], ""examples"": [], ""dialect_variants"": []}"
"ùchichì","NNC","5","{""source"": ""IgboAPI"", ""definitions"": [""night""], ""examples"": [{""igbo"": ""Ùchichì adī mma ògwù"", ""english"": ""Night is not good for fighting""}], ""dialect_variants"": []}"
"ànị mmānya","NNC","5","{""source"": ""IgboAPI"", ""definitions"": [""dregs of wine""], ""examples"": [], ""dialect_variants"": []}"
"-kpọ ìfulu#","AV","5","{""source"": ""IgboAPI"", ""definitions"": [""blossom; flower (compare -kpọ ìgùgù)""], ""examples"": [], ""dialect_variants"": []}"
"ègùlò","NNC","5","{""source"": ""IgboAPI"", ""definitions"": [""weaverbird""], ""examples"": [], ""dialect_variants"": []}"
"-tu ǹtutu","AV","5","{""source"": ""IgboAPI"", ""definitions"": [""search for; look for, follow after in direction of thing being followed"", ""differentiate; make distinction""], ""examples"": [], ""dialect_variants"": []}"
"Ewu kà ọ bù","NNC","5","{""source"": ""IgboAPI"", ""definitions"": [""He is a fool""], ""examples"": [], ""dialect_variants"": []}"
"uchu","NNC","5","{""source"": ""IgboAPI"", ""definitions"": [""industry; perseverance; diligence""], ""examples"": [], ""dialect_variants"": []}"
"-nekọta","AV","5","{""source"": ""IgboAPI"", ""definitions"": [""supervise; be in charge""], ""examples"": [], ""dialect_variants"": []}"
"òsìsì","AV","5","{""source"": ""IgboAPI"", ""definitions"": [""weighing""], ""examples"": [], ""dialect_variants"": []}"
"-pịafùsị","AV","5","{""source"": ""IgboAPI"", ""definitions"": [""flog and scatter""], ""examples"": [], ""dialect_variants"": []}"
"sọò!","INTJ","5","{""source"": ""IgboAPI"", ""definitions"": [""exclamation adding emphasis"", ""exclamation of anger, used when someone has been worried by someone else to the point of exhaustion and now asks to be left in peace""], ""examples"": [{""igbo"": ""Dàalụ sọò"", ""english"": ""Oh, thank you!""}, {""igbo"": ""Wèta yā n’-ebe à sọò"", ""english"": ""Bring it here, please!""}, {""igbo"": ""Nòdụnụ ànì sọò"", ""english"": ""Do sit down (addressing more than one person)""}, {""igbo"": ""Nòdụ ànì sọò"", ""english"": ""Do sit down (to one person)""}, {""igbo"": ""Ọ bù ezi okwū sọò"", ""english"": ""It is true, really!""}, {""igbo"": ""Rapū m sọò, jèbe sọò"", ""english"": ""Please leave me alone, you are free to go""}], ""dialect_variants"": []}"
"-gbalụ ọgwù","AV","5","{""source"": ""IgboAPI"", ""definitions"": [""neutralize effect of poison""], ""examples"": [], ""dialect_variants"": []}"
"ùdà","NNC","5","{""source"": ""IgboAPI"", ""definitions"": [""sound; report""], ""examples"": [], ""dialect_variants"": []}"
"ta à bù ànọ","unknown","5","{""source"": ""IgboAPI"", ""definitions"": [""three days ago (literally today is four)"", ""the fourth time""], ""examples"": [{""igbo:"": ""tà a dìnụ, tà a dìnị, ta à dìnwọò"", ""english"": ""(arch.)today (literally today it""}, {""igbo:"": ""I gà-ètigbu m tà a dìnụ!"", ""english"": ""You will beat me to death today!""}], ""dialect_variants"": []}"
"-kwenyelụ","NNC","5","{""source"": ""IgboAPI"", ""definitions"": [""agree with""], ""examples"": [], ""dialect_variants"": []}"
"-kpọte","AV","5","{""source"": ""IgboAPI"", ""definitions"": [""arouse; waken""], ""examples"": [], ""dialect_variants"": []}"
"-lù aka","AV","5","{""source"": ""IgboAPI"", ""definitions"": [""point out; put finger on""], ""examples"": [], ""dialect_variants"": []}"
"ụza","NNC","5","{""source"": ""IgboAPI"", ""definitions"": [""used in""], ""examples"": [], ""dialect_variants"": []}"
"-kpafù","AV","5","{""source"": ""IgboAPI"", ""definitions"": [""go astray; stray and get lost""], ""examples"": [], ""dialect_variants"": []}"
"lì","ADV","5","{""source"": ""IgboAPI"", ""definitions"": [""indicates politeness (can follow verb or (pro)-noun)""], ""examples"": [{""igbo"": ""Kwùe nyā lì"", ""english"": ""Say it, the""}, {""igbo"": ""Jèelì afịa"", ""english"": ""Please to go market""}, {""igbo"": ""Gwa m#lì ife i kwùlù"", ""english"": ""Please tell me what you said""}, {""igbo"": ""Bìalì"", ""english"": ""Please come!""}], ""dialect_variants"": []}"
"-sènita","AV","5","{""source"": ""IgboAPI"", ""definitions"": [""draw up, lift up""], ""examples"": [], ""dialect_variants"": []}"
"-bupùte","AV","5","{""source"": ""IgboAPI"", ""definitions"": [""carry out (object)"", ""bring out, display (e.g. dance)""], ""examples"": [], ""dialect_variants"": []}"
"mbèmbè","NNC","5","{""source"": ""IgboAPI"", ""definitions"": [""small black edible fruit of ilighìlì""], ""examples"": [], ""dialect_variants"": []}"
"-makù","ESUF","5","{""source"": ""IgboAPI"", ""definitions"": [""press to one's body; embrace"", ""embrace"", ""bring near""], ""examples"": [], ""dialect_variants"": []}"
"-likọ","AV","5","{""source"": ""IgboAPI"", ""definitions"": [""eat together""], ""examples"": [], ""dialect_variants"": []}"
"nnwọò","unknown","5","{""source"": ""IgboAPI"", ""definitions"": [""see nwọò""], ""examples"": [], ""dialect_variants"": []}"
"ǹgị","PRN","5","{""source"": ""IgboAPI"", ""definitions"": [""(emphatic; 2nd pers.sg.) you (singular); thou; thee""], ""examples"": [{""igbo"": ""(Ọ) ǹgị kà mụ nà-àgwa"", ""english"": ""It is you I am talking to""}], ""dialect_variants"": []}"
"-bụ","AV","5","{""source"": ""IgboAPI"", ""definitions"": [""be (used to identify two noun phrases with each other)"", ""eject; project"", ""scramble""], ""examples"": [{""igbo"": ""Abū m onye isī"", ""english"": ""I am the leader""}], ""dialect_variants"": []}"
"-feni","AV","5","{""source"": ""IgboAPI"", ""definitions"": [""fly up""], ""examples"": [], ""dialect_variants"": []}"
"-gbajebe","AV","5","{""source"": ""IgboAPI"", ""definitions"": [""run somewhere""], ""examples"": [], ""dialect_variants"": []}"
"-kò ukò","AV","5","{""source"": ""IgboAPI"", ""definitions"": [""put on airs; show off; be lavish in hospitality; puff oneself up"", ""put on airs; show off; be lavish in hospitality""], ""examples"": [], ""dialect_variants"": []}"
"-tụ òmìmì","AV","5","{""source"": ""IgboAPI"", ""definitions"": [""dive""], ""examples"": [{""igbo"": ""Àmarō m etu esì àtụ òmìmì"", ""english"": ""I don’t know how to dive""}], ""dialect_variants"": []}"
"-gba igwè","AV","5","{""source"": ""IgboAPI"", ""definitions"": [""ride bicycle""], ""examples"": [], ""dialect_variants"": []}"
"-kù ịgà","AV","5","{""source"": ""IgboAPI"", ""definitions"": [""put in fetters; handcuff""], ""examples"": [], ""dialect_variants"": []}"
"anyū","NNC","5","{""source"": ""IgboAPI"", ""definitions"": [""pumpkin""], ""examples"": [], ""dialect_variants"": []}"
"ọnònọō","NNC","5","{""source"": ""IgboAPI"", ""definitions"": [""tree with edible brown fruits, used to sweeten wine""], ""examples"": [], ""dialect_variants"": []}"
"àrụ ọkū","NNC","5","{""source"": ""IgboAPI"", ""definitions"": [""fever""], ""examples"": [], ""dialect_variants"": []}"
"ǹnekwu","NNC","5","{""source"": ""IgboAPI"", ""definitions"": [""size; bigness; importance; (nnē + ukwu)""], ""examples"": [{""igbo"": ""Mmadū à dì ǹnukwu"", ""english"": ""This man is big/important obvious""}], ""dialect_variants"": []}"
"ùfìè","NNC","5","{""source"": ""IgboAPI"", ""definitions"": [""width; across; crosswise"", ""used in""], ""examples"": [], ""dialect_variants"": []}"
"-yàtọ ọnū","NNC","5","{""source"": ""IgboAPI"", ""definitions"": [""open mouth forcibly""], ""examples"": [], ""dialect_variants"": []}"
"-dị anya","NNC","5","{""source"": ""IgboAPI"", ""definitions"": [""be distant, far""], ""examples"": [{""igbo"": ""Ebe mkpọtụ sì àbịâ dì anya"", ""english"": ""Where the noise is coming from is far away""}], ""dialect_variants"": []}"
"-nwe isi","NNC","5","{""source"": ""IgboAPI"", ""definitions"": [""be reasonable; be successful, fruitful""], ""examples"": [], ""dialect_variants"": []}"
"òròwù","NNC","5","{""source"": ""IgboAPI"", ""definitions"": [""fish (Labeo coubie and Barbus occidentalis)""], ""examples"": [], ""dialect_variants"": []}"
"ose anū","NNC","5","{""source"": ""IgboAPI"", ""definitions"": [""see ose""], ""examples"": [], ""dialect_variants"": []}"
"-tibo ajā","AV","5","{""source"": ""IgboAPI"", ""definitions"": [""break piece of wall of with blow; remove part of wall with blow"", ""remove part of wall with blow""], ""examples"": [{""igbo"": ""Akwụ e gbūlu n’àzụ ụnò n’ùtụtū à tìbòlù aja āzụ ụnò"", ""english"": ""The palm-fruit that was cut at the back of the house this morning broke off part of the wall at the back of the compound""}], ""dialect_variants"": []}"
"-sè okwu","NNC","5","{""source"": ""IgboAPI"", ""definitions"": [""quarrel""], ""examples"": [{""igbo"": ""Di nà nwunyè afù nà-esè okwū"", ""english"": ""The husband and wife are quarrelling""}], ""dialect_variants"": []}"
"ùjà","NNC","5","{""source"": ""IgboAPI"", ""definitions"": [""bark, roar (of animal)""], ""examples"": [{""igbo:"": ""Anà m ànụ ùja òdùm"", ""english"": ""I am hearing the roar of a lion""}], ""dialect_variants"": []}"
"-malụ afà","AV","5","{""source"": ""IgboAPI"", ""definitions"": [""be well-known, important""], ""examples"": [{""igbo"": ""Nwoke afù bù onye a màlù afà ya"", ""english"": ""The man is well-known""}], ""dialect_variants"": []}"
"wọò","unknown","5","{""source"": ""IgboAPI"", ""definitions"": [""see nwọò""], ""examples"": [{""igbo"": ""Ife n nwọò fa dèbèlù n’agìga iìlo nà-èyi ụmù akā egwù"", ""english"": ""This thing they placed beside the road frightens the children.""}, {""igbo"": ""Etu ọ dìlì n’ìzìzì kà ọ dì nwọò..."", ""english"": ""As it was in the beginning, is now ...""}, {""igbo"": ""Mèe yā n nwọò Do it like this Etu m dì kà m dì nwọò ènwerọ m ịke ịtā afụfụ màkà nà abù m nnukwu ògàlànyà"", ""english"": ""As I am (in my present position) I cannot suffer any deprivation because I am a fabulously rich man""}], ""dialect_variants"": []}"
"mkpùna","NNC","5","{""source"": ""IgboAPI"", ""definitions"": [""hernia""], ""examples"": [], ""dialect_variants"": []}"
"-zọ osè","AV","5","{""source"": ""IgboAPI"", ""definitions"": [""transplant pepper""], ""examples"": [], ""dialect_variants"": []}"
"ọnyā ūdudo","NNC","5","{""source"": ""IgboAPI"", ""definitions"": [""spider's web"", ""spider's web (literally spider's trap)""], ""examples"": [], ""dialect_variants"": []}"
"-ji oji","AV","5","{""source"": ""IgboAPI"", ""definitions"": [""be black, dark-coloured""], ""examples"": [], ""dialect_variants"": []}"
"-wè","AV","5","{""source"": ""IgboAPI"", ""definitions"": [""take""], ""examples"": [], ""dialect_variants"": []}"
"mkpụlū jī","NNC","5","{""source"": ""IgboAPI"", ""definitions"": [""small yam (see mkpụlù)"", ""small yam, soft and roundish, usually eaten (= mgbafịlị)""], ""examples"": [], ""dialect_variants"": []}"
"-li","AV","5","{""source"": ""IgboAPI"", ""definitions"": [""eat; acquire; absorb"", ""on; against""], ""examples"": [], ""dialect_variants"": []}"
"-rù ụmā","AV","5","{""source"": ""IgboAPI"", ""definitions"": [""charge, price more than right price""], ""examples"": [], ""dialect_variants"": []}"
"-sù àkàkpò","AV","5","{""source"": ""IgboAPI"", ""definitions"": [""be stunted in growth"", ""be stunted in growth (= -dà àkàkpò)""], ""examples"": [], ""dialect_variants"": []}"
"oru nà àbùa","NNC","5","{""source"": ""IgboAPI"", ""definitions"": [""twenty-two""], ""examples"": [], ""dialect_variants"": []}"
"-nomìna","AV","5","{""source"": ""IgboAPI"", ""definitions"": [""swallow down""], ""examples"": [], ""dialect_variants"": []}"
"-rụ ọgwù","NNC","5","{""source"": ""IgboAPI"", ""definitions"": [""neutralise effect of poison"", ""To prove that food or drink presented by the host to his guests have not been poisoned, the host usually tastes every eatable thing presented before his guests. This is called ịrū (nni) ọgwù""], ""examples"": [], ""dialect_variants"": []}"
"gboo lì","NNC","5","{""source"": ""IgboAPI"", ""definitions"": [""early; formerly; long ago; ancient; olden (times) (stronger than gboo)""], ""examples"": [], ""dialect_variants"": []}"
"ugòlo","NNC","5","{""source"": ""IgboAPI"", ""definitions"": [""used in""], ""examples"": [], ""dialect_variants"": []}"
"ekwensu","NNC","5","{""source"": ""IgboAPI"", ""definitions"": [""the malevolent spirits of those who have died a 'bad death' and cannot reincarnate; malevolent non-human spirits; (Christian usage) the devil"", ""(fig.) a person who causes confusion and havoc""], ""examples"": [], ""dialect_variants"": []}"
"nnweju akā","NNC","5","{""source"": ""IgboAPI"", ""definitions"": [""sufficiency; enough""], ""examples"": [], ""dialect_variants"": []}"
"-sọ oyī","NNC","5","{""source"": ""IgboAPI"", ""definitions"": [""disgust; be ugly to; be ugly (e.g. faeces or jagged ulcer)""], ""examples"": [], ""dialect_variants"": []}"
"ọdù akā","NNC","5","{""source"": ""IgboAPI"", ""definitions"": [""little finger""], ""examples"": [], ""dialect_variants"": []}"
"-chedo mmilī","AV","5","{""source"": ""IgboAPI"", ""definitions"": [""hold water""], ""examples"": [], ""dialect_variants"": []}"
"-ra ara","AV","5","{""source"": ""IgboAPI"", ""definitions"": [""sound; make a stir, be a success""], ""examples"": [{""igbo"": ""Nkupùte nnwā Òfuèpeka ràlù àra ri nnē"", ""english"": ""The naming ceremony of Ofuepeka's child was a big occasion""}], ""dialect_variants"": []}"
"ezi amā","NNC","5","{""source"": ""IgboAPI"", ""definitions"": [""space in front of the compound outside the compound wall and beginning from the main gate; street""], ""examples"": [], ""dialect_variants"": []}"
"-tụ izè","AV","5","{""source"": ""IgboAPI"", ""definitions"": [""shudder; shrink from; abhor; make disgusted with, apprehensive of""], ""examples"": [{""igbo"": ""Òmùme Ìbè tùlù m izè"", ""english"": ""Ibe's behaviour disgusts me""}], ""dialect_variants"": []}"
"-gwù mmilī","AV","5","{""source"": ""IgboAPI"", ""definitions"": [""swim""], ""examples"": [], ""dialect_variants"": []}"
"ànì mmarùbe","AV","5","{""source"": ""IgboAPI"", ""definitions"": [""earthquake""], ""examples"": [], ""dialect_variants"": []}"
"-takwo","unknown","5","{""source"": ""IgboAPI"", ""definitions"": [""(of fruits) eat unripe Ọ nà-àtakwo ugiliì acharọ  àcha She is eating an unripe wild mango"", ""bite off prematurely eat or chew unripe fruit; bite off""], ""examples"": [{""igbo:"": ""Agū nà-àtakwo mangō ācharō acha"", ""english"": ""Agụ is eating unripe mango""}], ""dialect_variants"": []}"
"nkọ ","NNC","5","{""source"": ""IgboAPI"", ""definitions"": [""side""], ""examples"": [{""igbo"": ""Dinā nkọ"", ""english"": ""Lie on your side""}], ""dialect_variants"": []}"
"izù","NNC","5","{""source"": ""IgboAPI"", ""definitions"": [""week""], ""examples"": [], ""dialect_variants"": []}"
"tịtaǹgwèlè","NNC","5","{""source"": ""IgboAPI"", ""definitions"": [""pins-and-needles; cramp (= mkpà ǹsịkō, ụtanwaǹgwèlè)""], ""examples"": [{""igbo"": ""Tịtaǹgwèlè nwùlù m"", ""english"": ""I am feeling cramp/pins-and-needles""}], ""dialect_variants"": []}"
"-gba nkịtì","NNC","5","{""source"": ""IgboAPI"", ""definitions"": [""be silent; endure (an insult, provocation)""], ""examples"": [], ""dialect_variants"": []}"
"-nòkọba ọnū","AV","5","{""source"": ""IgboAPI"", ""definitions"": [""assemble; sit together""], ""examples"": [], ""dialect_variants"": []}"
"-lụsị","AV","5","{""source"": ""IgboAPI"", ""definitions"": [""finish a piece of work""], ""examples"": [{""igbo"": ""Alūsịgo m#ọlụ m#"", ""english"": ""I have finished my work""}], ""dialect_variants"": []}"
"òtanke","NNC","5","{""source"": ""IgboAPI"", ""definitions"": [""spy; scout; private detective (from -ta nke eavesdrop)""], ""examples"": [], ""dialect_variants"": []}"
"-kpù-kpù","ADJ","5","{""source"": ""IgboAPI"", ""definitions"": [""motion with hands for silence O kpukpùlù aka ọgè m nà-àkwadebe ikwu#ife ọ mèlù He tried to silence me by gesturing with his hand when I was about to reveal what he had done""], ""examples"": [], ""dialect_variants"": []}"
"òchịcha","AV","5","{""source"": ""IgboAPI"", ""definitions"": [""washing; scrubing"", ""scorching; beating (of sun)""], ""examples"": [{""igbo"": ""Anwụ chàlù"", ""english"": ""The sun shone""}], ""dialect_variants"": []}"
"ùkwù naàbò","NNC","5","{""source"": ""IgboAPI"", ""definitions"": [""120 cowries""], ""examples"": [], ""dialect_variants"": []}"
"-gbu aja ụnò","AV","5","{""source"": ""IgboAPI"", ""definitions"": [""build walls of mud building""], ""examples"": [], ""dialect_variants"": []}"
"ǹtọ ànì","AV","5","{""source"": ""IgboAPI"", ""definitions"": [""foundation; origin""], ""examples"": [{""igbo"": ""Achòlù m ịmā ǹtọ ànì emume afù"", ""english"": ""I want to know the origin of the custom""}], ""dialect_variants"": []}"
"enwe  isi","unknown","5","{""source"": ""IgboAPI"", ""definitions"": [""useless""], ""examples"": [], ""dialect_variants"": []}"
"-ka nka","AV","5","{""source"": ""IgboAPI"", ""definitions"": [""tear; decay; grow old; wear out""], ""examples"": [], ""dialect_variants"": []}"
"-bekwàsị akwā","AV","5","{""source"": ""IgboAPI"", ""definitions"": [""cry to; plead to""], ""examples"": [], ""dialect_variants"": []}"
"àkwalī","NNC","5","{""source"": ""IgboAPI"", ""definitions"": [""creeping plant in the bush, whose vines can be made into strings (Landolphia dulcis)"", ""a charm, made of the strings of àkwalī A. or akwūlu to increase fruitfulness (òmùmù). It can be for a whole village or family, or for an individual woman (àkwalị nwaànyì)""], ""examples"": [], ""dialect_variants"": []}"
"-kù àkùpè","AV","5","{""source"": ""IgboAPI"", ""definitions"": [""fan""], ""examples"": [{""igbo"": ""Fa nà-ekù mmūọ fa àkùpè"", ""english"": ""They are fanning their masquerade""}], ""dialect_variants"": []}"
"-kpọtụ","AV","5","{""source"": ""IgboAPI"", ""definitions"": [""call upon"", ""make noise""], ""examples"": [], ""dialect_variants"": []}"
"ilo","NNC","5","{""source"": ""IgboAPI"", ""definitions"": [""enmity""], ""examples"": [], ""dialect_variants"": []}"
"àjàdù","NNC","5","{""source"": ""IgboAPI"", ""definitions"": [""widower; widow""], ""examples"": [], ""dialect_variants"": []}"
"-gbapùta","AV","5","{""source"": ""IgboAPI"", ""definitions"": [""run out, away"", ""redeem; ransom""], ""examples"": [], ""dialect_variants"": []}"
"B.","AV","5","{""source"": ""IgboAPI"", ""definitions"": [""pluck (leaves from plant)"", ""rub oneself with something greasy"", ""be speechless; be unable to speak much, or at all"", ""purify woman after childbirth"", ""invite masquerade to a ceremony"", ""take (snuff) (literally strike in)"", ""cover, sit on (eggs)"", ""pull oneself along without using legs; creep; shuffle; wriggle; glide (as snake)"", ""keep funeral Ànyị nà-àkwa Ijè We are keeping Ije’s funeral"", ""repay the bride-price paid on a wife"", ""be paralysed"", ""used in"", ""(also -nye-lụ) into, to, with (following another verb, as if suffix)""], ""examples"": [], ""dialect_variants"": []}"
"ekpē","NNC","5","{""source"": ""IgboAPI"", ""definitions"": [""inheritance""], ""examples"": [], ""dialect_variants"": []}"
"Ụ","unknown","5","{""source"": ""IgboAPI"", ""definitions"": [], ""examples"": [], ""dialect_variants"": []}"
"n’ebe afù","NNC","5","{""source"": ""IgboAPI"", ""definitions"": [""there""], ""examples"": [], ""dialect_variants"": []}"
"-jerụka","AV","5","{""source"": ""IgboAPI"", ""definitions"": [""go aside; go a little way""], ""examples"": [], ""dialect_variants"": []}"
"ùdè","NNC","5","{""source"": ""IgboAPI"", ""definitions"": [""flood-plain; swampy farm land""], ""examples"": [], ""dialect_variants"": []}"
"(ụkwalà) -kwa","AV","5","{""source"": ""IgboAPI"", ""definitions"": [""have a cough""], ""examples"": [{""igbo:"": ""Ụkwalà ò nà-àkwa gī?"", ""english"": ""Do you have a cough?""}], ""dialect_variants"": []}"
"ògùdu ànì","NNC","5","{""source"": ""IgboAPI"", ""definitions"": [""wine from felled palm-tree""], ""examples"": [], ""dialect_variants"": []}"
"ògbu mmādù","AV","5","{""source"": ""IgboAPI"", ""definitions"": [""‘man-killer’; a much-coveted honour in the olden days conferred on anyone who possessed a human head"", ""intoxicate""], ""examples"": [], ""dialect_variants"": []}"
"-gbepùta","AV","5","{""source"": ""IgboAPI"", ""definitions"": [""crawl out""], ""examples"": [], ""dialect_variants"": []}"
"-ta nchāla","AV","5","{""source"": ""IgboAPI"", ""definitions"": [""be rusty""], ""examples"": [{""igbo:"": ""Ǹgàjì ị rāpùlù n’ìlo ǹnyàafù ogè mmilī nà-ezò àtago nchāla"", ""english"": ""The spoon you left outside yesterday when it was raining has become rusty""}], ""dialect_variants"": []}"
"-kpukpù aka","NNC","5","{""source"": ""IgboAPI"", ""definitions"": [""motion with hands for silence""], ""examples"": [], ""dialect_variants"": []}"
"ǹdàlàgwùgwù","NNC","5","{""source"": ""IgboAPI"", ""definitions"": [""valley""], ""examples"": [], ""dialect_variants"": []}"
"okokpòlò","NNC","5","{""source"": ""IgboAPI"", ""definitions"": [""bachelor"", ""poor person (fig.)""], ""examples"": [], ""dialect_variants"": []}"
"òbàǹte","NNC","5","{""source"": ""IgboAPI"", ""definitions"": [""pants; underwear""], ""examples"": [], ""dialect_variants"": []}"
"ikpù","NNC","5","{""source"": ""IgboAPI"", ""definitions"": [""hairy part in front of genitals of either sex; vulva""], ""examples"": [], ""dialect_variants"": []}"
"-bò mbò","AV","5","{""source"": ""IgboAPI"", ""definitions"": [""seek revenge with blood""], ""examples"": [{""igbo"": ""Ndi à jèkò mbò"", ""english"": ""These people are going to seek blood revenge""}, {""igbo"": ""Ànyị jèkò ịbò mbò"", ""english"": ""We are going to take revenge""}], ""dialect_variants"": []}"
"òkpukpe","AV","5","{""source"": ""IgboAPI"", ""definitions"": [""reporting; judging""], ""examples"": [], ""dialect_variants"": []}"
"di òkpà","NNC","5","{""source"": ""IgboAPI"", ""definitions"": [""cock""], ""examples"": [], ""dialect_variants"": []}"
"òlaka mmānya","NNC","5","{""source"": ""IgboAPI"", ""definitions"": [""drunkard""], ""examples"": [], ""dialect_variants"": []}"
"-kpata egō","AV","5","{""source"": ""IgboAPI"", ""definitions"": [""acquire money""], ""examples"": [], ""dialect_variants"": []}"
"akwụkwọ osisi","NNC","5","{""source"": ""IgboAPI"", ""definitions"": [""leaf of tree""], ""examples"": [], ""dialect_variants"": []}"
"-nụfìè","AV","5","{""source"": ""IgboAPI"", ""definitions"": [""hear incorrectly""], ""examples"": [], ""dialect_variants"": []}"
"-pù","AV","5","{""source"": ""IgboAPI"", ""definitions"": [""go out (of)"", ""snatch; take by force"", ""be able, sufficient""], ""examples"": [{""igbo"": ""Pùa n’ebe à"", ""english"": ""Get out of this place""}, {""igbo"": ""Apùlù m ijī igwè je ọgụ maìl ìsiì n’ụbòsì"", ""english"": ""I can go 120 miles on a bicycle in one day""}, {""igbo"": ""Jesù pùlù ịgbāpùtà ànyì n’orù"", ""englishi"": ""Jesus can redeem us from slavery""}], ""dialect_variants"": []}"
"ògbunamkpọ","NNC","5","{""source"": ""IgboAPI"", ""definitions"": [""disease of fowls""], ""examples"": [], ""dialect_variants"": []}"
"Bèelụchī","AV","5","{""source"": ""IgboAPI"", ""definitions"": [""personal name (‘Except God’)""], ""examples"": [], ""dialect_variants"": []}"
"ǹso","NNC","5","{""source"": ""IgboAPI"", ""definitions"": [""nearness; the vicinity of""], ""examples"": [], ""dialect_variants"": []}"
"-gbà agịdịgị","NNC","5","{""source"": ""IgboAPI"", ""definitions"": [""be fat, plump; have stout build (of human being only)""], ""examples"": [], ""dialect_variants"": []}"
"òrachi","NNC","5","{""source"": ""IgboAPI"", ""definitions"": [""sasswood tree (very poisonous) (Erythrophleum guineense G. Don)""], ""examples"": [], ""dialect_variants"": []}"
"-wụfù","AV","5","{""source"": ""IgboAPI"", ""definitions"": [""pour away""], ""examples"": [], ""dialect_variants"": []}"
"-dị nwaayò","PV","5","{""source"": ""IgboAPI"", ""definitions"": [""be meek, calm, quiet, humble""], ""examples"": [{""igbo"": ""Ọ dì nwaayò"", ""english"": ""She is gentle""}], ""dialect_variants"": []}"
"-rọ","AV","5","{""source"": ""IgboAPI"", ""definitions"": [""lift down (e.g. pot from the cooking tripod, after the food has been cooked)"", ""pinch (e.g. with nail, claw)"", ""not (-rọò when in final position after non-low tone)""], ""examples"": [], ""dialect_variants"": []}"
"obì","NNC","5","{""source"": ""IgboAPI"", ""definitions"": [""heart; chest; bosom; breast; centre"", ""a fathom (used mainly for measuring cloth)"", ""act of dwelling (-bi 1. dwell)""], ""examples"": [], ""dialect_variants"": []}"
"-tụnùdo","AV","5","{""source"": ""IgboAPI"", ""definitions"": [""entangle; be entangled""], ""examples"": [], ""dialect_variants"": []}"
"-gbanye","AV","5","{""source"": ""IgboAPI"", ""definitions"": [""pour (liquid) into a container""], ""examples"": [], ""dialect_variants"": []}"
"-rùdà","AV","5","{""source"": ""IgboAPI"", ""definitions"": [""run down (of water); flow down"", ""lower the price; price down""], ""examples"": [], ""dialect_variants"": []}"
"-mùgosi","AV","5","{""source"": ""IgboAPI"", ""definitions"": [""teach""], ""examples"": [{""igbo"": ""Ọ nà-amùgosi yā etu e sì egbē àkàmù"", ""english"": ""He is teaching him how liquid pap is prepared""}], ""dialect_variants"": []}"
"-le ọkụ","AV","5","{""source"": ""IgboAPI"", ""definitions"": [""be hot, warm"", ""brand with hot object; burn or touch with fire, hot object"", ""be hot, warm; brand with hot object; burn or touch with fire or hot object""], ""examples"": [{""igbo"": ""Àrụ gī nà-èle ọkū"", ""english"": ""Your body is hot""}, {""igbo"": ""Ì nà-àchọ ilē m ọkụ?"", ""english"": ""Are you going to burn me?""}], ""dialect_variants"": []}"
"ùtàzì","NNC","5","{""source"": ""IgboAPI"", ""definitions"": [""bitter leaf for soup (Gongronema latifolia)""], ""examples"": [], ""dialect_variants"": []}"
"-kpa ude","NNC","5","{""source"": ""IgboAPI"", ""definitions"": [""rub in pomade, grease, ointment""], ""examples"": [], ""dialect_variants"": []}"
"-rùfèga","AV","5","{""source"": ""IgboAPI"", ""definitions"": [""flow over""], ""examples"": [], ""dialect_variants"": []}"
"-lamì ụla","AV","5","{""source"": ""IgboAPI"", ""definitions"": [""fall fast asleep"", ""fall deeply asleep""], ""examples"": [], ""dialect_variants"": []}"
"ǹgwụlō","NNC","5","{""source"": ""IgboAPI"", ""definitions"": [""cripple; lame person""], ""examples"": [{""igbo"": ""Ǹgwụlō adīrọ àgba ọsō"", ""english"": ""A lame person never runs""}, {""igbo"": ""Òyì m nwokē adàgo ngwụlọ"", ""english"": ""My friend has become crippled (fig.) lazy, powerless, person""}, {""igbo"": ""Ǹgwụlō kà ị bù"", ""english"": ""Powerless person that you are!""}], ""dialect_variants"": []}"
"-zàkpò","ESUF","5","{""source"": ""IgboAPI"", ""definitions"": [""sweep upon"", ""sweep something over something (e.g. vomit) so as to cover it completely""], ""examples"": [], ""dialect_variants"": []}"
"Chi ọma","NNC","5","{""source"": ""IgboAPI"", ""definitions"": [""God the Good""], ""examples"": [{""igbo"": ""mà Chi kweif"", ""english"": ""God allows. Usually qualified as Chukwu (i.e. Chi Ukwu, Great God, see separate entry) or Chinēkè (i.e. Chi nā-ekè God who creates)""}], ""dialect_variants"": []}"
"àrụ ōlụlụ","AV","5","{""source"": ""IgboAPI"", ""definitions"": [""state of being maimed or spiritually unclean""], ""examples"": [], ""dialect_variants"": []}"
"-tepù","AV","5","{""source"": ""IgboAPI"", ""definitions"": [""complete or finish with the painting of""], ""examples"": [], ""dialect_variants"": []}"
"-kpèchapù","AV","5","{""source"": ""IgboAPI"", ""definitions"": [""strip off""], ""examples"": [], ""dialect_variants"": []}"
"ude","unknown","5","{""source"": ""IgboAPI"", ""definitions"": [""see udè""], ""examples"": [], ""dialect_variants"": []}"
"-nọcha","AV","5","{""source"": ""IgboAPI"", ""definitions"": [""slide; slip (= nwàcha, -kwàcha)"", ""rub; clean; polish""], ""examples"": [{""igbo"": ""Ànì nà-ème nnọcha n’ùtụtū à màkà nà mmilī ezòka ǹnyàafù"", ""english"": ""The ground is slippery this morning because there was a lot of rain yesterday""}, {""igbo"": ""Achòlù m ìnōcha mmà m kà ọ na-akwā màlàmàlà"", ""english"": ""I want to polish my sword so that it will be glittering""}], ""dialect_variants"": []}"
"akàbò","NNC","5","{""source"": ""IgboAPI"", ""definitions"": [""pangolin, whose skin is used for medicine""], ""examples"": [], ""dialect_variants"": []}"
"-zakpò","AV","5","{""source"": ""IgboAPI"", ""definitions"": [""swell and cover up something completely""], ""examples"": [], ""dialect_variants"": []}"
"ǹkè afù","NNC","5","{""source"": ""IgboAPI"", ""definitions"": [""that (one)""], ""examples"": [], ""dialect_variants"": []}"
"-gwùso egwu","AV","5","{""source"": ""IgboAPI"", ""definitions"": [""play with someone""], ""examples"": [], ""dialect_variants"": []}"
"-wèmì","AV","5","{""source"": ""IgboAPI"", ""definitions"": [""take far away""], ""examples"": [], ""dialect_variants"": []}"
"ụnò ị","PRN","5","{""source"": ""IgboAPI"", ""definitions"": [""your house""], ""examples"": [], ""dialect_variants"": []}"
"-nye ego n gàlì","AV","5","{""source"": ""IgboAPI"", ""definitions"": [""bribe; give a bribe""], ""examples"": [], ""dialect_variants"": []}"
"-kwacha ji (edè)","unknown","5","{""source"": ""IgboAPI"", ""definitions"": [""cut off roots of yam (cocoyam)""], ""examples"": [], ""dialect_variants"": []}"
"nsansa","NNC","5","{""source"": ""IgboAPI"", ""definitions"": [""flatness""], ""examples"": [], ""dialect_variants"": []}"
"-machasịlị","AV","5","{""source"": ""IgboAPI"", ""definitions"": [""know well""], ""examples"": [], ""dialect_variants"": []}"
"-lọ mmụō","AV","5","{""source"": ""IgboAPI"", ""definitions"": [""offer food to the ancestors; feast the dead""], ""examples"": [], ""dialect_variants"": []}"
"-tepùbè afọ","NNC","5","{""source"": ""IgboAPI"", ""definitions"": [""have a bulging distended abdomen""], ""examples"": [], ""dialect_variants"": []}"
"-kwọ ìgbì","NNC","5","{""source"": ""IgboAPI"", ""definitions"": [""rub the gums (of teething child)""], ""examples"": [], ""dialect_variants"": []}"
"nchèghalị","AV","5","{""source"": ""IgboAPI"", ""definitions"": [""repentance""], ""examples"": [], ""dialect_variants"": []}"
"-kpàghe","AV","5","{""source"": ""IgboAPI"", ""definitions"": [""press open; unlock (with key) Bikō kpàgheelụ m  ụzò Please unlock the door for me""], ""examples"": [], ""dialect_variants"": []}"
"-kpa nkàta","AV","5","{""source"": ""IgboAPI"", ""definitions"": [""talk; converse; chat Bikō nye mụ nà Ibè efè níme ụnò ụlā màkà nà ànyiCchòlù ịkpā nkàta nébe  afù Please leave the room for Ibe and myself, for we want to chat there"", ""converse""], ""examples"": [], ""dialect_variants"": []}"
"ụgbọ","NNC","5","{""source"": ""IgboAPI"", ""definitions"": [""canoe; boat; ship""], ""examples"": [], ""dialect_variants"": []}"
"nya kpàtàlù","PRN","5","{""source"": ""IgboAPI"", ""definitions"": [""therefore; for that reason""], ""examples"": [], ""dialect_variants"": []}"
"-sù","AV","5","{""source"": ""IgboAPI"", ""definitions"": [""grunt; make sound like lorry, automobile or other powered vehicle, machine, etc."", ""stab; pierce with the end or point of (e.g. rod, spear, spike, etc.)"", ""compress; shorten; be short"", ""wear (clothes)""], ""examples"": [{""igbo:"": ""Ọ chòlù ịsù m mbàzù"", ""english"": ""He wants to stab me with a digging-stick""}], ""dialect_variants"": []}"
"òchì agha","AV","5","{""source"": ""IgboAPI"", ""definitions"": [""military officer, leader; commanding officer"", ""male name"", ""military officer; commanding officer; military leader""], ""examples"": [], ""dialect_variants"": []}"
"-chụgo","AV","5","{""source"": ""IgboAPI"", ""definitions"": [""drive up""], ""examples"": [], ""dialect_variants"": []}"
"-nò na mkpà","NNC","5","{""source"": ""IgboAPI"", ""definitions"": [""be in difficulty""], ""examples"": [{""igbo"": ""Anò m na mkpà"", ""english"": ""I am in difficulty""}], ""dialect_variants"": []}"
"-ji-de","unknown","5","{""source"": ""IgboAPI"", ""definitions"": [""see -gi-do""], ""examples"": [], ""dialect_variants"": []}"
"ụnò ọgwù","NNC","5","{""source"": ""IgboAPI"", ""definitions"": [""hospital; dispensary; nursing home"", ""hospital (of all types, i.e. including dispensary, etc.)""], ""examples"": [{""igbo"": ""Ànyị nà-èje ụnò ọgwù inēta nwa nnē ānyị àrụ nà-esògbu"", ""english"": ""We are going to the hospital to visit our sister who is ill""}], ""dialect_variants"": []}"
"-kpe","AV","5","{""source"": ""IgboAPI"", ""definitions"": [""report; judge O kpèlì m He reported me Agà m èkpe giCn’aka nnà gị ukwu I shall report you to your master"", ""pray; beg Kà ànyị kpeelu Chine kè Let us pray (unto God) O tègo m jì èkpelu yā kà ọ rapụ  m  I have been begging him for a long time to leave me alone"", ""smearing"", ""AV""], ""examples"": [], ""dialect_variants"": []}"
"-tamù","AV","5","{""source"": ""IgboAPI"", ""definitions"": [""bite into small pieces"", ""mutter; murmur; grumble""], ""examples"": [], ""dialect_variants"": []}"
"ògùgù","unknown","5","{""source"": ""IgboAPI"", ""definitions"": [""see ògwùgwù""], ""examples"": [], ""dialect_variants"": []}"
"ùyòm","NNC","5","{""source"": ""IgboAPI"", ""definitions"": [""newly-hatched chick; chick""], ""examples"": [], ""dialect_variants"": []}"
"mkpọchi ǹtì","NNC","5","{""source"": ""IgboAPI"", ""definitions"": [""stubbornness; habitual disobedience (usually of young person)""], ""examples"": [], ""dialect_variants"": []}"
"-pe-tụ","AV","5","{""source"": ""IgboAPI"", ""definitions"": [""reach; touch; concern""], ""examples"": [{""igbo"": ""Achòlù m kà ị kèe anū afù kà o petụ mmadù niīne"", ""english"": ""I want you to divide that meat so that it may reach everybody""}, {""igbo"": ""Okwu afù pètùlù m"", ""english"": ""The matter concerns me""}], ""dialect_variants"": []}"
"nnekwu ọcha","NNC","5","{""source"": ""IgboAPI"", ""definitions"": [""white hen""], ""examples"": [{""igbo"": ""Agà m ègbu òfu nnekwu ọcha taàtà"", ""english"": ""I am going to kill a white hen to-day""}], ""dialect_variants"": []}"
"ònwunwu","NNC","5","{""source"": ""IgboAPI"", ""definitions"": [""cleanness; brightness; shining""], ""examples"": [], ""dialect_variants"": []}"
"-ti","AV","5","{""source"": ""IgboAPI"", ""definitions"": [""beat; hit; strike"", ""shout; yell; utter cry; howl"", ""shine (of moon)"", ""build; establish""], ""examples"": [{""igbo"": ""Ọnwa nà-èti n’anyàsị à"", ""english"": ""The moon is shining this night""}], ""dialect_variants"": []}"
"-za letà","AV","5","{""source"": ""IgboAPI"", ""definitions"": [""reply to letter""], ""examples"": [], ""dialect_variants"": []}"
"-mù ọkụ","AV","5","{""source"": ""IgboAPI"", ""definitions"": [""kindle light""], ""examples"": [], ""dialect_variants"": []}"
"-sikpù","AV","5","{""source"": ""IgboAPI"", ""definitions"": [""cover""], ""examples"": [], ""dialect_variants"": []}"
"kịtịkpā","NNC","5","{""source"": ""IgboAPI"", ""definitions"": [""smallpox""], ""examples"": [], ""dialect_variants"": []}"
"ego e nyèlù ya","NNC","5","{""source"": ""IgboAPI"", ""definitions"": [""capital""], ""examples"": [], ""dialect_variants"": []}"
"ìgwè","NNC","5","{""source"": ""IgboAPI"", ""definitions"": [""large number""], ""examples"": [], ""dialect_variants"": []}"
"Ndùbiisi (Ndù bụ isi)","NNC","5","{""source"": ""IgboAPI"", ""definitions"": [""male name (literally life is the head)""], ""examples"": [], ""dialect_variants"": []}"
"efi Ìgbò","NNC","5","{""source"": ""IgboAPI"", ""definitions"": [""dwarf cattle"", ""dwarf cattle (versus efi Awụsa, zebu cattle)""], ""examples"": [], ""dialect_variants"": []}"
"-tụ iche","AV","5","{""source"": ""IgboAPI"", ""definitions"": [""throw missile"", ""throw missile (e.g. stone)""], ""examples"": [{""igbo"": ""Ọ nà-àchọ ịtū ǹgwèle nō n’enu ajā iche"", ""english"": ""She wants to throw something at the lizard on the wall""}], ""dialect_variants"": []}"
"Ìgbò Agba Enū","NNC","5","{""source"": ""IgboAPI"", ""definitions"": [""term for the peoples of Idemmīli, Aguata and Awka Divisions""], ""examples"": [], ""dialect_variants"": []}"
"naātọ","CD","5","{""source"": ""IgboAPI"", ""definitions"": [""three (qualifying form, compare ìtọ)""], ""examples"": [], ""dialect_variants"": []}"
"ùwà anụmànù","NNC","5","{""source"": ""IgboAPI"", ""definitions"": [""the animal world""], ""examples"": [], ""dialect_variants"": []}"
"-lọkọ","AV","5","{""source"": ""IgboAPI"", ""definitions"": [""curl hair""], ""examples"": [], ""dialect_variants"": []}"
"-ma mmilī","AV","5","{""source"": ""IgboAPI"", ""definitions"": [""press sprain, etc., with cloth dipped in hot water""], ""examples"": [], ""dialect_variants"": []}"
"-dèsị mmilī","AV","5","{""source"": ""IgboAPI"", ""definitions"": [""drip (as of wet clothes)"", ""drip""], ""examples"": [], ""dialect_variants"": []}"
"-lụsi ike","AV","5","{""source"": ""IgboAPI"", ""definitions"": [""work hard, energetically""], ""examples"": [], ""dialect_variants"": []}"
"-tụ mkpọlọ","NNC","5","{""source"": ""IgboAPI"", ""definitions"": [""imprison""], ""examples"": [{""igbo"": ""A tūgo òyì m mkpọlọ"", ""english"": ""My friend has been jailed""}], ""dialect_variants"": []}"
"-ke","AV","5","{""source"": ""IgboAPI"", ""definitions"": [""tie"", ""shine; glitter""], ""examples"": [{""igbo"": ""Ọkụ dī n’ụnò enū nà-èke kà kpakpaǹdò"", ""english"": ""The lantern in the storey house is glittering like a star""}, {""igbo"": ""Òkwutē afù nà-ègbuke kà goòlù"", ""english"": ""The stone is glittering like gold""}], ""dialect_variants"": []}"
"ọbele nnwā","NNC","5","{""source"": ""IgboAPI"", ""definitions"": [""small child; caressing words used by mothers to their children""], ""examples"": [], ""dialect_variants"": []}"
"ògwugwe","AV","5","{""source"": ""IgboAPI"", ""definitions"": [""pounding""], ""examples"": [], ""dialect_variants"": []}"
"mmili òlùlù","NNC","5","{""source"": ""IgboAPI"", ""definitions"": [""gathering of clouds before rain""], ""examples"": [], ""dialect_variants"": []}"
"-gụ agụū","AV","5","{""source"": ""IgboAPI"", ""definitions"": [""hunger; desire; long for ( -gụ 2. desire)"", ""hunger; desire; long for""], ""examples"": [], ""dialect_variants"": []}"
"èkpè niīne","QTF","5","{""source"": ""IgboAPI"", ""definitions"": [""always; (at) all times"", ""always; at all times""], ""examples"": [], ""dialect_variants"": []}"
"-mụlị","unknown","5","{""source"": ""IgboAPI"", ""definitions"": [""smile; laugh""], ""examples"": [], ""dialect_variants"": []}"
"-kwu okwu alū","NNC","5","{""source"": ""IgboAPI"", ""definitions"": [""speak abominable word(s)""], ""examples"": [], ""dialect_variants"": []}"
"anụ ezì","NNC","5","{""source"": ""IgboAPI"", ""definitions"": [""pork""], ""examples"": [], ""dialect_variants"": []}"
"mgbasịlị akā","unknown","5","{""source"": ""IgboAPI"", ""definitions"": [""finger-ring""], ""examples"": [], ""dialect_variants"": []}"
"ya nà ònwe yā","PRN","5","{""source"": ""IgboAPI"", ""definitions"": [""he himself; she herself""], ""examples"": [], ""dialect_variants"": []}"
"-dì","AV","5","{""source"": ""IgboAPI"", ""definitions"": [""endure; be patient""], ""examples"": [], ""dialect_variants"": []}"
"agadī nwokē","NNC","5","{""source"": ""IgboAPI"", ""definitions"": [""old man""], ""examples"": [], ""dialect_variants"": []}"
"enyi mbà","NNC","5","{""source"": ""IgboAPI"", ""definitions"": [""'Elephant people' (referring to the Igbo)""], ""examples"": [], ""dialect_variants"": []}"
"ùku mbu","NNC","5","{""source"": ""IgboAPI"", ""definitions"": [""shoulder""], ""examples"": [], ""dialect_variants"": []}"
"ùkpànà","NNC","5","{""source"": ""IgboAPI"", ""definitions"": [""grasshopper""], ""examples"": [], ""dialect_variants"": []}"
"-sèwa","AV","5","{""source"": ""IgboAPI"", ""definitions"": [""tear; pull asunder; tear apart"", ""draw on (cigarette, etc.)""], ""examples"": [{""igbo"": ""Sèwaa yā ìbụō"", ""english"": ""Tear it into two""}], ""dialect_variants"": []}"
"-nye nsi","NNC","5","{""source"": ""IgboAPI"", ""definitions"": [""poison""], ""examples"": [], ""dialect_variants"": []}"
"ibì","NNC","5","{""source"": ""IgboAPI"", ""definitions"": [""hydrocele""], ""examples"": [], ""dialect_variants"": []}"
"enū nà ànì","NNC","5","{""source"": ""IgboAPI"", ""definitions"": [""‘up and down’; blouse and wrapper made of same material""], ""examples"": [], ""dialect_variants"": []}"
"-kpụchìgha","AV","5","{""source"": ""IgboAPI"", ""definitions"": [""draw back; lead back (animals)""], ""examples"": [], ""dialect_variants"": []}"
"onye ụkà","NNC","5","{""source"": ""IgboAPI"", ""definitions"": [""Christian""], ""examples"": [{""igbo:"": ""Roseline bù ezigbo onye ụkà"", ""english"": ""Roseline is a devout Christian""}], ""dialect_variants"": []}"
"e-","PREP","5","{""source"": ""IgboAPI"", ""definitions"": [""(harmonizes) verb prefix marking negative""], ""examples"": [{""igbo"": ""Ìgbò enwē ezè"", ""english"": ""The Igbo have no kings""}], ""dialect_variants"": []}"
"àpàtàpà","NNC","5","{""source"": ""IgboAPI"", ""definitions"": [""used in""], ""examples"": [], ""dialect_variants"": []}"
"ùwà ọfụū","NNC","5","{""source"": ""IgboAPI"", ""definitions"": [""modern world; nowadays""], ""examples"": [{""igbo"": ""Proverb: Òkụkò ọfụū amārọ ànì ò wèlụ òfu ụkwū èje"", ""english"": ""Lit. A new fowl moves about on one leg (meaning, a new person in a place usually behaves with extra caution)""}], ""dialect_variants"": []}"
"-yilị àfè","AV","5","{""source"": ""IgboAPI"", ""definitions"": [""put on clothes""], ""examples"": [{""igbo"": ""Yìlị àfè gị"", ""english"": ""Put on your shirt (or clothes)""}], ""dialect_variants"": []}"
"-bịa(sò) n’àzụ","AV","5","{""source"": ""IgboAPI"", ""definitions"": [""come after""], ""examples"": [], ""dialect_variants"": []}"
"Ànìèmeka","AV","5","{""source"": ""IgboAPI"", ""definitions"": [""person’s name (literally The land has done very well)"", ""male name""], ""examples"": [], ""dialect_variants"": []}"
"-gbanarị","AV","5","{""source"": ""IgboAPI"", ""definitions"": [""outrun; run away from; forsake; abandon"", ""run away from (something); abscond from (something, someone)""], ""examples"": [{""igbo"": ""Nkịtā m àgbanarịgo m"", ""english"": ""My dog has run away from me""}, {""igbo"": ""Agà m àgbanarị gī n’ọsọ"", ""english"": ""I can outrun you""}, {""igbo"": ""Nkịtā m zùtàlù ǹnyàafù àgbanarịgo m#"", ""english"": ""The dog I bought yesterday has run away (from me)""}], ""dialect_variants"": []}"
"-gàla ngàla","unknown","5","{""source"": ""IgboAPI"", ""definitions"": [""be proud""], ""examples"": [], ""dialect_variants"": []}"
"òche ògù","AV","5","{""source"": ""IgboAPI"", ""definitions"": [""praying mantis (literally the one offering fight)"", ""praying mantis""], ""examples"": [], ""dialect_variants"": []}"
"Onye a kpògbùlù n’obe -kpọ isi ànì","AV","5","{""source"": ""IgboAPI"", ""definitions"": [""The Crucified"", ""kneel and touch ground with head in humiliation and entreaty""], ""examples"": [], ""dialect_variants"": []}"
"ọnā èdò","NNC","5","{""source"": ""IgboAPI"", ""definitions"": [""gold""], ""examples"": [], ""dialect_variants"": []}"
"ọnụ ikē","NNC","5","{""source"": ""IgboAPI"", ""definitions"": [""expensive""], ""examples"": [], ""dialect_variants"": []}"
"-kà àkà","AV","5","{""source"": ""IgboAPI"", ""definitions"": [""guess""], ""examples"": [], ""dialect_variants"": []}"
"òtite","AV","5","{""source"": ""IgboAPI"", ""definitions"": [""rubbing; smearing; painting; anointing; coating""], ""examples"": [], ""dialect_variants"": []}"
"-sì ụkwụ","AV","5","{""source"": ""IgboAPI"", ""definitions"": [""mark a footprint""], ""examples"": [], ""dialect_variants"": []}"
"mkpūlu","NNC","5","{""source"": ""IgboAPI"", ""definitions"": [""mound of earth""], ""examples"": [], ""dialect_variants"": []}"
"-ra ụkò","AV","5","{""source"": ""IgboAPI"", ""definitions"": [""send representative, ambassador, special messenger, middleman""], ""examples"": [], ""dialect_variants"": []}"
"mpe","NNC","5","{""source"": ""IgboAPI"", ""definitions"": [""used in""], ""examples"": [], ""dialect_variants"": []}"
"-me anya ụlā","AV","5","{""source"": ""IgboAPI"", ""definitions"": [""be drowsy""], ""examples"": [], ""dialect_variants"": []}"
"-defìè","AV","5","{""source"": ""IgboAPI"", ""definitions"": [""write incorrectly""], ""examples"": [], ""dialect_variants"": []}"
"-rube isi","AV","5","{""source"": ""IgboAPI"", ""definitions"": [""incline the head; obey; submit; be loyal to; give respect to""], ""examples"": [{""igbo"": ""Afùlù m Ọjì n’anya màkà nà ọ nà-èrubelụ m isi"", ""english"": ""I like Ọjị because he obeys me""}, {""igbo"": ""Ọ nà-èrubelu ezè isi"", ""english"": ""He is loyal to the king""}, {""igbo"": ""Nwokē afù anārọ èrubelu ndi ọchịchị isi"", ""english"": ""The man gives no respect to people in authority""}], ""dialect_variants"": []}"
"iyì","NNC","5","{""source"": ""IgboAPI"", ""definitions"": [""loss; waste; destruction""], ""examples"": [], ""dialect_variants"": []}"
"-gbakwu(te)","ESUF","5","{""source"": ""IgboAPI"", ""definitions"": [""run towards, to""], ""examples"": [], ""dialect_variants"": []}"
"-cha ntụ ntụ","AV","5","{""source"": ""IgboAPI"", ""definitions"": [""be ash-grey in colour""], ""examples"": [], ""dialect_variants"": []}"
"-gbachi ǹkịtì","AV","5","{""source"": ""IgboAPI"", ""definitions"": [""keep silence; refrain from answering; endure;""], ""examples"": [], ""dialect_variants"": []}"
"-kpa ùkpa oriì","AV","5","{""source"": ""IgboAPI"", ""definitions"": [""be friends with a thief or thieves""], ""examples"": [], ""dialect_variants"": []}"
"òghụghụ","AV","5","{""source"": ""IgboAPI"", ""definitions"": [""plucking out; extraction""], ""examples"": [{""igbo"": ""Ì jèkò ịghū m anya?"", ""english"": ""Are you going to pluck out my eye?""}], ""dialect_variants"": []}"
"òbụbọ","AV","5","{""source"": ""IgboAPI"", ""definitions"": [""raking; digging;""], ""examples"": [], ""dialect_variants"": []}"
"-gba aka ebē","AV","5","{""source"": ""IgboAPI"", ""definitions"": [""bear witness; stand surety""], ""examples"": [], ""dialect_variants"": []}"
"abù ọfụū","NNC","5","{""source"": ""IgboAPI"", ""definitions"": [""new hymn book""], ""examples"": [{""igbo"": ""Àgbà ọfụū"", ""english"": ""New Testament""}], ""dialect_variants"": []}"
"-su ọkụ","AV","5","{""source"": ""IgboAPI"", ""definitions"": [""burn; set alight; set on fire""], ""examples"": [{""igbo"": ""Ì nà-àchọ isū ụnò ọkụ?"", ""english"": ""Do you want to set the house on fire?""}], ""dialect_variants"": []}"
"ùkpoò","NNC","5","{""source"": ""IgboAPI"", ""definitions"": [""fishing hook""], ""examples"": [], ""dialect_variants"": []}"
"mgba n’ògù","NNC","5","{""source"": ""IgboAPI"", ""definitions"": [""strife; conflict""], ""examples"": [], ""dialect_variants"": []}"
"-kụ àkùkù","NNC","5","{""source"": ""IgboAPI"", ""definitions"": [""say slang word""], ""examples"": [], ""dialect_variants"": []}"
"-nọkòba","unknown","5","{""source"": ""IgboAPI"", ""definitions"": [""sit together""], ""examples"": [{""igbo"": ""Achò m kà ụnù nọkòba ọnū"", ""english"": ""I want you to sit together""}], ""dialect_variants"": []}"
"-megwalụ","AV","5","{""source"": ""IgboAPI"", ""definitions"": [""take revenge""], ""examples"": [], ""dialect_variants"": []}"
"-ma ìwu","AV","5","{""source"": ""IgboAPI"", ""definitions"": [""make, enact law""], ""examples"": [], ""dialect_variants"": []}"
"-tinye nnu n’okwu","AV","5","{""source"": ""IgboAPI"", ""definitions"": [""exaggerate (literally put salt in a speech)""], ""examples"": [{""igbo"": ""Etīnyerọ mụ nnu n’okwu à"", ""english"": ""I'm not exaggerating""}], ""dialect_variants"": []}"
"-bikọ","AV","5","{""source"": ""IgboAPI"", ""definitions"": [""live together""], ""examples"": [], ""dialect_variants"": []}"
"òkùkù","AV","5","{""source"": ""IgboAPI"", ""definitions"": [""blowing; fanning; breathing""], ""examples"": [], ""dialect_variants"": []}"
"-kwụghe -chèkwube","ESUF","5","{""source"": ""IgboAPI"", ""definitions"": [""open; uncover Chèkwube Chine kè Trust in God""], ""examples"": [], ""dialect_variants"": []}"
"ìkpò","NNC","5","{""source"": ""IgboAPI"", ""definitions"": [""tall coarse tufted grass"", ""see ùkpò""], ""examples"": [], ""dialect_variants"": []}"
"ebe mgbabà","AV","5","{""source"": ""IgboAPI"", ""definitions"": [""refuge""], ""examples"": [], ""dialect_variants"": []}"
"nkakwù","AV","5","{""source"": ""IgboAPI"", ""definitions"": [""stupidity; foolishness""], ""examples"": [], ""dialect_variants"": []}"
"-ga-cha","AV","5","{""source"": ""IgboAPI"", ""definitions"": [""take off""], ""examples"": [], ""dialect_variants"": []}"
"-kwù-kwù","AV","5","{""source"": ""IgboAPI"", ""definitions"": [""hold together, clench (of hand)"", ""be foolish""], ""examples"": [], ""dialect_variants"": []}"
"-tụfì","ESUF","5","{""source"": ""IgboAPI"", ""definitions"": [""be entangled (also -tụsì)"", ""be entangled; wind; curl; entangle (literally throw and entangle)""], ""examples"": [], ""dialect_variants"": []}"
"-ji anya","NNC","5","{""source"": ""IgboAPI"", ""definitions"": [""be lazy""], ""examples"": [], ""dialect_variants"": []}"
"mgbọwa","AV","5","{""source"": ""IgboAPI"", ""definitions"": [""crack; spliting""], ""examples"": [], ""dialect_variants"": []}"
"myò","NNC","5","{""source"": ""IgboAPI"", ""definitions"": [""sieve (-yò sieve)""], ""examples"": [], ""dialect_variants"": []}"
"-mekọta","AV","5","{""source"": ""IgboAPI"", ""definitions"": [""happen together""], ""examples"": [{""igbo"": ""Ife naàbò afù mèkòtàlù"", ""english"": ""The two events were simultaneous""}], ""dialect_variants"": []}"
"-sèchìgha","AV","5","{""source"": ""IgboAPI"", ""definitions"": [""draw back; withdraw""], ""examples"": [], ""dialect_variants"": []}"
"ụmū èjìma","NNC","5","{""source"": ""IgboAPI"", ""definitions"": [""twins""], ""examples"": [{""igbo"": ""Mmadū à naàbò bù èjìma"", ""english"": ""These two persons are twins""}], ""dialect_variants"": []}"
"ujìjì","NNC","5","{""source"": ""IgboAPI"", ""definitions"": [""leaf used for soup""], ""examples"": [], ""dialect_variants"": []}"
"mmụọ inyī","NNC","5","{""source"": ""IgboAPI"", ""definitions"": [""bad, unclean spirit""], ""examples"": [], ""dialect_variants"": []}"
"ògụgùa","NNC","5","{""source"": ""IgboAPI"", ""definitions"": [""comforter, consoler"", ""male name (-gù-gù comfort)""], ""examples"": [], ""dialect_variants"": []}"
"-li ọkù","AV","5","{""source"": ""IgboAPI"", ""definitions"": [""inherit wealth"", ""livestock""], ""examples"": [{""igbo"": ""Ọkù adī èkwu okwū"", ""english"": ""Livestock never speak (i.e. they can’t complain)""}], ""dialect_variants"": []}"
"-zụbì","AV","5","{""source"": ""IgboAPI"", ""definitions"": [""spoil; train badly""], ""examples"": [], ""dialect_variants"": []}"
"yụ","PRN","5","{""source"": ""IgboAPI"", ""definitions"": [""you; thou; thee (less common than gị)""], ""examples"": [], ""dialect_variants"": []}"
"-sàchi","AV","5","{""source"": ""IgboAPI"", ""definitions"": [""shut, close (usually book)""], ""examples"": [], ""dialect_variants"": []}"
"-bụsịsị","AV","5","{""source"": ""IgboAPI"", ""definitions"": [""scramble madly (for something)""], ""examples"": [{""igbo"": ""Fâ bùsìsìlì àbụsịsị"", ""english"": ""There was a great scramble for it""}], ""dialect_variants"": []}"
"-rìba amā","AV","5","{""source"": ""IgboAPI"", ""definitions"": [""mark something; put a mark on""], ""examples"": [], ""dialect_variants"": []}"
"-nakpu","ESUF","5","{""source"": ""IgboAPI"", ""definitions"": [""go in""], ""examples"": [], ""dialect_variants"": []}"
"-kwedo aka","NNC","5","{""source"": ""IgboAPI"", ""definitions"": [""lay hold of""], ""examples"": [], ""dialect_variants"": []}"
"-chọ egō","AV","5","{""source"": ""IgboAPI"", ""definitions"": [""seek for money (by any means)"", ""seek for money by hook or by crook""], ""examples"": [{""igbo"": ""Ọ nà-àchọ egō ri nnē"", ""english"": ""He tries to make money by hook or by crook""}], ""dialect_variants"": []}"
"ajì","NNC","5","{""source"": ""IgboAPI"", ""definitions"": [""(also akwà ajì) a kind of native woven cloth, rough, coarse and thick"", ""used in""], ""examples"": [], ""dialect_variants"": []}"
"-lebe (= -lesị)","AV","5","{""source"": ""IgboAPI"", ""definitions"": [""sell to""], ""examples"": [], ""dialect_variants"": []}"
"-gotelụ","AV","5","{""source"": ""IgboAPI"", ""definitions"": [""buy for someone"", ""buy for""], ""examples"": [], ""dialect_variants"": []}"
"-te ule","NNC","5","{""source"": ""IgboAPI"", ""definitions"": [""disgrace; put to shame; abase""], ""examples"": [], ""dialect_variants"": []}"
"-sinwụ","AV","5","{""source"": ""IgboAPI"", ""definitions"": [""scorch; wither; have pins and needles; be numb; be half-dead""], ""examples"": [{""igbo"": ""Akwụkwọ nnī m gotalụ n’ùtụtù àsinwụgo"", ""english"": ""The vegetables I bought this morning have withered""}], ""dialect_variants"": []}"
"-gwù unyì","AV","5","{""source"": ""IgboAPI"", ""definitions"": [""dig, mine coal""], ""examples"": [], ""dialect_variants"": []}"
"-rù àrù","AV","5","{""source"": ""IgboAPI"", ""definitions"": [""shake; shiver; shiver with cold""], ""examples"": [], ""dialect_variants"": []}"
"oke ōchịchọ","AV","5","{""source"": ""IgboAPI"", ""definitions"": [""excessive desire; greed""], ""examples"": [], ""dialect_variants"": []}"
"-kwe ùkwe","NNC","5","{""source"": ""IgboAPI"", ""definitions"": [""sing""], ""examples"": [{""igbo"": ""Anùlù m kà ụmù akwụkwọ nà-èkwe ū kwe n’ụnò ụkà"", ""english"": ""I heard the school-children singing a hymn in the church""}, {""igbo"": ""Bikō kwèelụ m òfu ū kwe ụnū kwèlù n’Àba ǹnyàafù"", ""english"": ""Please sing me a song you sang at Aba yesterday""}], ""dialect_variants"": []}"
"nụfù","DEM","5","{""source"": ""IgboAPI"", ""definitions"": [""that yonder""], ""examples"": [], ""dialect_variants"": []}"
"ọnà ọkū","NNC","5","{""source"": ""IgboAPI"", ""definitions"": [""brass""], ""examples"": [], ""dialect_variants"": []}"
"nwa mgbèyì","NNC","5","{""source"": ""IgboAPI"", ""definitions"": [""orphan; destitute child""], ""examples"": [], ""dialect_variants"": []}"
"ǹgùgù","NNC","5","{""source"": ""IgboAPI"", ""definitions"": [""ribs; lungs; loins; waist""], ""examples"": [], ""dialect_variants"": []}"
"-dị imē","PV","5","{""source"": ""IgboAPI"", ""definitions"": [""be pregnant""], ""examples"": [{""igbo"": ""Ọ dì imē"", ""english"": ""She is pregnant""}, {""igbo"": ""Ọ dì ime ọnwa ītọ"", ""english"": ""She is three months pregnant""}, {""igbo"": ""Proverb: Echî dì imē"", ""english"": ""Nobody knows tomorrow (literally tomorrow is pregnant)""}], ""dialect_variants"": []}"
"-gba-","AV","5","{""source"": ""IgboAPI"", ""definitions"": [""crack; split; snap; break"", ""be fixed; fix"", ""turn""], ""examples"": [], ""dialect_variants"": []}"
"-kpa ǹnà","NNC","5","{""source"": ""IgboAPI"", ""definitions"": [""be miserly""], ""examples"": [{""igbo"": ""Ndi nā-akpā ǹnà adīrọ ènwe òyì"", ""english"": ""Miserly people hardly have friends""}], ""dialect_variants"": []}"
"òkwà","NNC","5","{""source"": ""IgboAPI"", ""definitions"": [""(-kwà 4. blow (pipe), sing)"", ""francolin; bushfowl""], ""examples"": [], ""dialect_variants"": []}"
"-zi àzụ akā","AV","5","{""source"": ""IgboAPI"", ""definitions"": [""be insincere (literally show the back of the hand)""], ""examples"": [], ""dialect_variants"": []}"
"mmejọ","AV","5","{""source"": ""IgboAPI"", ""definitions"": [""injury""], ""examples"": [], ""dialect_variants"": []}"
"ọfụlū","unknown","5","{""source"": ""IgboAPI"", ""definitions"": [""see ọfụū""], ""examples"": [], ""dialect_variants"": []}"
"akpụkpụ","NNC","5","{""source"": ""IgboAPI"", ""definitions"": [""crumbs (of pounded food)""], ""examples"": [{""igbo"": ""Proverb Akpụkpụ ikwè ka nne nnī, ònye nwē nni ebulukwọ nnī ya"", ""english"": ""(Lit. If crumbs of pounded food tend to be larger than the main food, the owner of the food will take back his food [in annoyance, discontinuing the pounding])""}], ""dialect_variants"": []}"
"-to akpịlī","AV","5","{""source"": ""IgboAPI"", ""definitions"": [""delight; appeal to; also specifically used to refer to practice by some children who gaze steadily at person eating or holding eatable which greatly appeals to them""], ""examples"": [{""igbo"": ""Èjìma āna ètoka ākpịlị"", ""english"": ""Ejima is too fond of showing her desire to eat what other people are holding or eating""}], ""dialect_variants"": []}"
"òchi","NNC","5","{""source"": ""IgboAPI"", ""definitions"": [""cupping; drawing of blood with horn or horn-shaped calabash from any part of the body to relieve congestion, swelling, pain; getting rid of impure or stagnant blood"", ""instrument used for cupping or letting blood""], ""examples"": [], ""dialect_variants"": []}"
"ùwà ndi mmọọ","NNC","5","{""source"": ""IgboAPI"", ""definitions"": [""the world of spirits""], ""examples"": [], ""dialect_variants"": []}"
"kpukpulukpu","NNC","5","{""source"": ""IgboAPI"", ""definitions"": [""stiffness; firmness ÒC bù ùdị ọyà gịnị  kà ỌjiCnà-ayà afọ yā jì kwe kpukpulukpu? What disease is Ọjị suffering from that his abdomen is so stiff and distended?""], ""examples"": [], ""dialect_variants"": []}"
"-niri ọtọ","AV","5","{""source"": ""IgboAPI"", ""definitions"": [""stand up""], ""examples"": [], ""dialect_variants"": []}"
"ebī","NNC","5","{""source"": ""IgboAPI"", ""definitions"": [""lungfish; mudfish (Protopterus annectens) (= ekwum)""], ""examples"": [], ""dialect_variants"": []}"
"-gwọ ọgwù","NNC","5","{""source"": ""IgboAPI"", ""definitions"": [""prepare medicine""], ""examples"": [], ""dialect_variants"": []}"
"-dị abadaba","NNC","5","{""source"": ""IgboAPI"", ""definitions"": [""be wide, broad, flat Wètalụ m#nni ǹkè m n’ime afele dī abadaba Bring me my own food in a broad flat plate""], ""examples"": [], ""dialect_variants"": []}"
"(olù ụlā) -tụ","AV","5","{""source"": ""IgboAPI"", ""definitions"": [""slumber; doze""], ""examples"": [{""igbo"": ""Olù ụlā àtụbago yā"", ""english"": ""He has started to doze""}], ""dialect_variants"": []}"
"ọma","NNC","5","{""source"": ""IgboAPI"", ""definitions"": [""good; fine; pleasing; nice; beautiful""], ""examples"": [], ""dialect_variants"": []}"
"ànọ","CD","5","{""source"": ""IgboAPI"", ""definitions"": [""Central Igbo form of ìnọ, used in ta à bụ ànọ three days ago (literally today is four)""], ""examples"": [], ""dialect_variants"": []}"
"ife ntụmādị","NNC","5","{""source"": ""IgboAPI"", ""definitions"": [""accident; unexpected, sudden thing""], ""examples"": [{""igbo"": ""Ọ bù ife ntụmādị"", ""english"": ""It is an unexpected thing""}, {""igbo"": ""Ife ntumādî mèlù"", ""english"": ""An unexpected thing happened""}], ""dialect_variants"": []}"
"-ti obì","AV","5","{""source"": ""IgboAPI"", ""definitions"": [""embrace (literally knock chests)"", ""embrace (literally knock chests) (compare -bì, -dà ọmà)""], ""examples"": [{""igbo"": ""Bikō tìe m obì"", ""english"": ""Please embrace me""}], ""dialect_variants"": []}"
"-zònye","AV","5","{""source"": ""IgboAPI"", ""definitions"": [""step in; presume; insinuate""], ""examples"": [], ""dialect_variants"": []}"
"-tisi ike","AV","5","{""source"": ""IgboAPI"", ""definitions"": [""beat hard""], ""examples"": [{""igbo"": ""Àchọrō m itīsi ya ike"", ""english"": ""I don’t want to beat it hard""}], ""dialect_variants"": []}"
"-kpa okē ànì","NNC","5","{""source"": ""IgboAPI"", ""definitions"": [""make boundary between lands""], ""examples"": [], ""dialect_variants"": []}"
"nkwụsị","AV","5","{""source"": ""IgboAPI"", ""definitions"": [""termination; abolition""], ""examples"": [], ""dialect_variants"": []}"
"Enugwū","NNC","5","{""source"": ""IgboAPI"", ""definitions"": [""Enugu""], ""examples"": [], ""dialect_variants"": []}"
"-meghepù","AV","5","{""source"": ""IgboAPI"", ""definitions"": [""undo; loose; unfasten; open""], ""examples"": [], ""dialect_variants"": []}"
"-sàta","AV","5","{""source"": ""IgboAPI"", ""definitions"": [""open page of book"", ""spread (as result of something being opened)""], ""examples"": [{""igbo"": ""Sàta Abù Ọma isi ǹke īsiì"", ""english"": ""Open at the Book of Psalms, chapter six""}], ""dialect_variants"": []}"
"ụzō ēzi amā","NNC","5","{""source"": ""IgboAPI"", ""definitions"": [""main entrance to a compound""], ""examples"": [], ""dialect_variants"": []}"
"egbe","NNC","5","{""source"": ""IgboAPI"", ""definitions"": [""hawk; kite"", ""rogue (slang)""], ""examples"": [], ""dialect_variants"": []}"
"àkàjè","NNC","5","{""source"": ""IgboAPI"", ""definitions"": [""mockery; humiliation""], ""examples"": [], ""dialect_variants"": []}"
"mkpafùli","AV","5","{""source"": ""IgboAPI"", ""definitions"": [""negligence; going astray""], ""examples"": [], ""dialect_variants"": []}"
"-gbapute","AV","5","{""source"": ""IgboAPI"", ""definitions"": [""break ground (of shoot)""], ""examples"": [], ""dialect_variants"": []}"
"ǹcha ncha","INTJ","5","{""source"": ""IgboAPI"", ""definitions"": [""not at all""], ""examples"": [{""igbo"": ""Àgarō m ịpù n’ụnò ǹcha ncha"", ""english"": ""I shall not leave the house at all""}], ""dialect_variants"": []}"
"-gọ àgùgò","NNC","5","{""source"": ""IgboAPI"", ""definitions"": [""deny""], ""examples"": [{""igbo"": ""Adā m àchọ ūkpa onye nā-agọ àgùgò ife o mēlụ"", ""english"": ""I do not like the company of anybody who denies what he has done ( - gọ 1. deny)""}], ""dialect_variants"": []}"
"mkpa ọkū","NNC","5","{""source"": ""IgboAPI"", ""definitions"": [""matches""], ""examples"": [], ""dialect_variants"": []}"
"-chụna(ta)","AV","5","{""source"": ""IgboAPI"", ""definitions"": [""drive home""], ""examples"": [], ""dialect_variants"": []}"
"-dụkọ","AV","5","{""source"": ""IgboAPI"", ""definitions"": [""sew together""], ""examples"": [], ""dialect_variants"": []}"
"-tụ ụnò akịlịka","AV","5","{""source"": ""IgboAPI"", ""definitions"": [""build grass-roofed house""], ""examples"": [], ""dialect_variants"": []}"
"nwanne echī","NNC","5","{""source"": ""IgboAPI"", ""definitions"": [""day after tomorrow""], ""examples"": [], ""dialect_variants"": []}"
"-gbawụsa asọ","AV","5","{""source"": ""IgboAPI"", ""definitions"": [""spit upon (ii) sting; irritate the throat (sometimes painfully, as after eating fresh or improperly cooked cocoyam)""], ""examples"": [], ""dialect_variants"": []}"
"-zòji","AV","5","{""source"": ""IgboAPI"", ""definitions"": [""break, snap by stepping on""], ""examples"": [], ""dialect_variants"": []}"
"mgbakā ārụ","NNC","5","{""source"": ""IgboAPI"", ""definitions"": [""uneasiness of body; irritation""], ""examples"": [], ""dialect_variants"": []}"
"-lì-lì","AV","5","{""source"": ""IgboAPI"", ""definitions"": [""be very old (of thing)""], ""examples"": [{""igbo"": ""Àfè m elilìgo"", ""english"": ""My garment is already tattered""}], ""dialect_variants"": []}"
"-jụ ọnū","NNC","5","{""source"": ""IgboAPI"", ""definitions"": [""draw someone out to gain information""], ""examples"": [], ""dialect_variants"": []}"
"ùshàkà","NNC","5","{""source"": ""IgboAPI"", ""definitions"": [""a calabash, netted with strings of cowries, which is shaken as a musical instrument (= derived from Yoruba sèkèrè)"", ""rattle (= ụyò)"", ""see ùsàkà""], ""examples"": [], ""dialect_variants"": []}"
"une","NNC","5","{""source"": ""IgboAPI"", ""definitions"": [""calabash for storing wine""], ""examples"": [], ""dialect_variants"": []}"
"-kpè ìkpe","AV","5","{""source"": ""IgboAPI"", ""definitions"": [""backbite; slander; speak evil of. Much practised by the Egwu Ọjà dancers many years ago. The soloist in the course of her singing spoke to evil-doers who had been committing evil in secret, e.g. a thief or people involved in adultery, thereby bringing their anti-social practices to light""], ""examples"": [], ""dialect_variants"": []}"
"-tu ùbu","AV","5","{""source"": ""IgboAPI"", ""definitions"": [""be stout""], ""examples"": [], ""dialect_variants"": []}"
"-fùnwu ọkụ","AV","5","{""source"": ""IgboAPI"", ""definitions"": [""light a fire by blowing""], ""examples"": [], ""dialect_variants"": []}"
"ònìinu","NNC","5","{""source"": ""IgboAPI"", ""definitions"": [""a fish (Labeo senegalensis)""], ""examples"": [], ""dialect_variants"": []}"
"ìgòsì","NNC","5","{""source"": ""IgboAPI"", ""definitions"": [""used in""], ""examples"": [], ""dialect_variants"": []}"
"fa nwà","PRN","5","{""source"": ""IgboAPI"", ""definitions"": [""they, them (emphatic)""], ""examples"": [], ""dialect_variants"": []}"
"-bè nni","AV","5","{""source"": ""IgboAPI"", ""definitions"": [""cut up food for eating""], ""examples"": [], ""dialect_variants"": []}"
"ọnụ mīli","NNC","5","{""source"": ""IgboAPI"", ""definitions"": [""spittle; saliva (compare asọ)""], ""examples"": [], ""dialect_variants"": []}"
"ifè nrù","NNC","5","{""source"": ""IgboAPI"", ""definitions"": [""serving; tribute""], ""examples"": [], ""dialect_variants"": []}"
"-kwụ ụgbà","AV","5","{""source"": ""IgboAPI"", ""definitions"": [""turn a somersault""], ""examples"": [], ""dialect_variants"": []}"
"abù òtuto","NNC","5","{""source"": ""IgboAPI"", ""definitions"": [""songs of praise""], ""examples"": [], ""dialect_variants"": []}"
"-malà","AV","5","{""source"": ""IgboAPI"", ""definitions"": [""rub; stroke; soothe; massage""], ""examples"": [], ""dialect_variants"": []}"
"mmadù","NNC","5","{""source"": ""IgboAPI"", ""definitions"": [""person; human being""], ""examples"": [], ""dialect_variants"": []}"
"-wù","AV","5","{""source"": ""IgboAPI"", ""definitions"": [""become known, popular; spread"", ""jump (compare -kwụ 5.)""], ""examples"": [{""igbo"": ""Ife o mèlù nà-ewù"", ""english"": ""What he has done is fast becoming known to everyone""}], ""dialect_variants"": []}"
"-gawalụ","AV","5","{""source"": ""IgboAPI"", ""definitions"": [""go away""], ""examples"": [], ""dialect_variants"": []}"
"susu","unknown","5","{""source"": ""IgboAPI"", ""definitions"": [""see èsusu""], ""examples"": [], ""dialect_variants"": []}"
"ùwa ōnye òzọ","NNC","5","{""source"": ""IgboAPI"", ""definitions"": [""another person’s business""], ""examples"": [], ""dialect_variants"": []}"
"ǹtụ","NNC","5","{""source"": ""IgboAPI"", ""definitions"": [""deception; guile; craft; cunning""], ""examples"": [], ""dialect_variants"": []}"
"nnu","NNC","5","{""source"": ""IgboAPI"", ""definitions"": [""salt""], ""examples"": [], ""dialect_variants"": []}"
"okoòkpò","NNC","5","{""source"": ""IgboAPI"", ""definitions"": [""(from oke òkpò) tapeworm""], ""examples"": [], ""dialect_variants"": []}"
"-tọfù","AV","5","{""source"": ""IgboAPI"", ""definitions"": [""lose; mislay""], ""examples"": [], ""dialect_variants"": []}"
"ǹgwu","NNC","5","{""source"": ""IgboAPI"", ""definitions"": [""tool for digging out yams (-gwu 1. dig)""], ""examples"": [], ""dialect_variants"": []}"
"ife ōŋụŋụ","AV","5","{""source"": ""IgboAPI"", ""definitions"": [""something drinkable"", ""drink""], ""examples"": [], ""dialect_variants"": []}"
"-kpakọta","AV","5","{""source"": ""IgboAPI"", ""definitions"": [""gather, collect (from different points but same area, e.g. farm) and bring Achòlù m kà ụnù jee kpakọta nkụ  I want you (pl.) to go and fetch firewood""], ""examples"": [], ""dialect_variants"": []}"
"òmenàànì","NNC","5","{""source"": ""IgboAPI"", ""definitions"": [""custom (compare òdìbendi)""], ""examples"": [], ""dialect_variants"": []}"
"-kùfè","AV","5","{""source"": ""IgboAPI"", ""definitions"": [""moving rapidly past, creating a current of air""], ""examples"": [], ""dialect_variants"": []}"
"òkpụ","NNC","5","{""source"": ""IgboAPI"", ""definitions"": [""(-kpụ 3. shave) used in""], ""examples"": [], ""dialect_variants"": []}"
"-nye ala","AV","5","{""source"": ""IgboAPI"", ""definitions"": [""breast-feed"", ""breast-feed (literally give breast)""], ""examples"": [], ""dialect_variants"": []}"
"ǹga Àràbà","NNC","5","{""source"": ""IgboAPI"", ""definitions"": [""(fig.) heavy punishment (from the first prison yard at Asaba)""], ""examples"": [{""igbo"": ""Ndị mmūọ tìnyèlì yà nà ǹga"", ""english"": ""The ancestors inflicted lifelong punishment (i.e. lingering sickness) on him""}], ""dialect_variants"": []}"
"oli","NNC","5","{""source"": ""IgboAPI"", ""definitions"": [""food made from maize""], ""examples"": [], ""dialect_variants"": []}"
"onye òkìkè","NNC","5","{""source"": ""IgboAPI"", ""definitions"": [""creator""], ""examples"": [], ""dialect_variants"": []}"
"-me mgbanù","AV","5","{""source"": ""IgboAPI"", ""definitions"": [""be in a hurry""], ""examples"": [{""igbo"": ""Ọ nà-ème mgbanù"", ""english"": ""She is in a hurry""}], ""dialect_variants"": []}"
"-sizè","unknown","5","{""source"": ""IgboAPI"", ""definitions"": [""melt by placing over the fire""], ""examples"": [{""igbo"": ""Ọ nà-èsizē ūde"", ""english"": ""He is melting the pomade over the fire""}], ""dialect_variants"": []}"
"akwa nnī","NNC","5","{""source"": ""IgboAPI"", ""definitions"": [""greediness; lack of hospitality (literally crying for food)"", ""stinginess over food""], ""examples"": [], ""dialect_variants"": []}"
"Ǹnòdụ","NNP","5","{""source"": ""IgboAPI"", ""definitions"": [""shortened form of the name Nòdụlụm#or Nònyelụm#""], ""examples"": [], ""dialect_variants"": []}"
"-detụ ọnū","AV","5","{""source"": ""IgboAPI"", ""definitions"": [""taste""], ""examples"": [], ""dialect_variants"": []}"
"-sètọ","AV","5","{""source"": ""IgboAPI"", ""definitions"": [""tear by pulling""], ""examples"": [{""igbo"": ""Ọ nà-àchọ isètò elili e jìlì ke ngwùgwù afù"", ""english"": ""He wants to break (by pulling) the rope used in tying the parcel""}], ""dialect_variants"": []}"
"-detò","AV","5","{""source"": ""IgboAPI"", ""definitions"": [""lampoon; write against; libel""], ""examples"": [], ""dialect_variants"": []}"
"-tùbì","AV","5","{""source"": ""IgboAPI"", ""definitions"": [""break (something tiny)""], ""examples"": [], ""dialect_variants"": []}"
"agbịsì","NNC","5","{""source"": ""IgboAPI"", ""definitions"": [""black ant infesting houses, living in holes in mud floors""], ""examples"": [], ""dialect_variants"": []}"
"-fùnarị","AV","5","{""source"": ""IgboAPI"", ""definitions"": [""wander from; be lost from""], ""examples"": [{""igbo"": ""Akwụkwọ m#efùnarịgo m#"", ""english"": ""I have lost my book (literally My book is lost from me)""}], ""dialect_variants"": []}"
"-ti òkpọ","AV","5","{""source"": ""IgboAPI"", ""definitions"": [""box; strike with fist""], ""examples"": [{""igbo"": ""Tìe yā òkpọ"", ""english"": ""Give him a blow with your fist""}], ""dialect_variants"": []}"
"-gbatù","AV","5","{""source"": ""IgboAPI"", ""definitions"": [""shoot down; kick down""], ""examples"": [], ""dialect_variants"": []}"
"-bo iru","AV","5","{""source"": ""IgboAPI"", ""definitions"": [""stare at""], ""examples"": [], ""dialect_variants"": []}"
"ukpe","NNC","5","{""source"": ""IgboAPI"", ""definitions"": [""lamp""], ""examples"": [], ""dialect_variants"": []}"
"-nòsị","AV","5","{""source"": ""IgboAPI"", ""definitions"": [""finish staying""], ""examples"": [], ""dialect_variants"": []}"
"arụrụ ọcha","NNC","5","{""source"": ""IgboAPI"", ""definitions"": [""sugar-ant""], ""examples"": [], ""dialect_variants"": []}"
"-bụ abụ","AV","5","{""source"": ""IgboAPI"", ""definitions"": [""scramble (for something)""], ""examples"": [], ""dialect_variants"": []}"
"nkwụ enū","NNC","5","{""source"": ""IgboAPI"", ""definitions"": [""\""up-wine\"" from crown of nkwụ""], ""examples"": [], ""dialect_variants"": []}"
"okwu ọlà","NNC","5","{""source"": ""IgboAPI"", ""definitions"": [""(fig.) stale, old quarrel""], ""examples"": [{""igbo"": ""Rapùzia okwu afù nà ọ bàgo ọlà"", ""english"": ""Drop the quarrel (issue), for it is now stale""}], ""dialect_variants"": []}"
"ònine","AV","5","{""source"": ""IgboAPI"", ""definitions"": [""looking""], ""examples"": [], ""dialect_variants"": []}"
"mwepù","AV","5","{""source"": ""IgboAPI"", ""definitions"": [""act of taking away, removing; subtraction""], ""examples"": [], ""dialect_variants"": []}"
"akpū jī","NNC","5","{""source"": ""IgboAPI"", ""definitions"": [""2nd yam for replanting. At the beginning of yam harvest, the first yams harvested are not quite as firm as those harvested at the end, so some early harvested yams when dug up are not completely rooted out from the soil; the tuber is carefully cut leaving the very tip of the head and the roots in the soil. These are properly covered back in the soil. By the end of the yam harvest these are harvested together with the remaining yams. By this time the small piece of the yam left with the tip of the head of the yam in the soil has grown more yam""], ""examples"": [], ""dialect_variants"": []}"
"be","AV","5","{""source"": ""IgboAPI"", ""definitions"": [""home; dwelling"", ""stop (on reaching sufficiency)""], ""examples"": [{""igbo"": ""Ọ nò nà be yā"", ""english"": ""He is at home; he is in""}, {""igbo"": ""Kà o be nọòfụ!"", ""english"": ""That is enough!""}, {""igbo"": ""Ò berō etu à"", ""english"": ""It is more than this (literally It does not stop at this size, or at this number)""}, {""igbo"": ""Ò bù etu à kà o bēlụ?"", ""english"": ""Is it only this? Is this all?""}], ""dialect_variants"": []}"
"-kùdà","AV","5","{""source"": ""IgboAPI"", ""definitions"": [""bring down""], ""examples"": [], ""dialect_variants"": []}"
"-mecha imi","AV","5","{""source"": ""IgboAPI"", ""definitions"": [""wipe the nose""], ""examples"": [], ""dialect_variants"": []}"
"-chị (achị)","AV","5","{""source"": ""IgboAPI"", ""definitions"": [""rule; govern""], ""examples"": [], ""dialect_variants"": []}"
"-rubà","AV","5","{""source"": ""IgboAPI"", ""definitions"": [""pour in""], ""examples"": [], ""dialect_variants"": []}"
"-dè ǹdè","AV","5","{""source"": ""IgboAPI"", ""definitions"": [""be sickly, delicate"", ""disappear""], ""examples"": [{""igbo"": ""Ọ nà-edē ǹdè"", ""english"": ""He is sickly""}, {""igbo"": ""Dibìa à nà-edē ǹdè"", ""english"": ""This dibịa has the power of disappearing""}], ""dialect_variants"": []}"
"-sị","AV","5","{""source"": ""IgboAPI"", ""definitions"": [""say; tell"", ""completely; totally"", ""about (restricted to verbs ending in -sà 1. B.)""], ""examples"": [{""igbo"": ""Ọ sì nà ya amā abịa"", ""english"": ""He said that she wouldn’t come""}], ""dialect_variants"": []}"
"ògbugbu mmadù","AV","5","{""source"": ""IgboAPI"", ""definitions"": [""manslaughter; murder""], ""examples"": [], ""dialect_variants"": []}"
"mkpọmkpọ mmadù","NNC","5","{""source"": ""IgboAPI"", ""definitions"": [""a poor, despised, hopeless man""], ""examples"": [], ""dialect_variants"": []}"
"nwa àkàkpò","NNC","5","{""source"": ""IgboAPI"", ""definitions"": [""dwarf; stunted person""], ""examples"": [], ""dialect_variants"": []}"
"-do alūsị","AV","5","{""source"": ""IgboAPI"", ""definitions"": [""erect a shrine""], ""examples"": [], ""dialect_variants"": []}"
"nka","NNC","5","{""source"": ""IgboAPI"", ""definitions"": [""old age; oldness""], ""examples"": [], ""dialect_variants"": []}"
"mkpọ ānwụ","AV","5","{""source"": ""IgboAPI"", ""definitions"": [""drought; extended dry season; severe dry season; long period without rain""], ""examples"": [], ""dialect_variants"": []}"
"-mì òmìmì","AV","5","{""source"": ""IgboAPI"", ""definitions"": [""dive""], ""examples"": [], ""dialect_variants"": []}"
"Ŋ","unknown","5","{""source"": ""IgboAPI"", ""definitions"": [], ""examples"": [], ""dialect_variants"": []}"
"òkìlìkili ụnò","NNC","5","{""source"": ""IgboAPI"", ""definitions"": [""round about the house (fig.)""], ""examples"": [{""igbo"": ""Òkìlìkilî bù ijè Agwù"", ""english"": ""(Lit. cycle is the movement of Agwù), i.e. Agwù moves in a cycle, or Agwù moves from one person to another until appeased). Used by workers or performers, e.g. doctors and actors, who run rounds of duty, to describe the nature of their work. Also used by other people to describe such people, or similar conditions which are rotative in nature""}], ""dialect_variants"": []}"
"-rèpù","AV","5","{""source"": ""IgboAPI"", ""definitions"": [""walk, creep out stealthily""], ""examples"": [], ""dialect_variants"": []}"
"-fụlụ","AV","5","{""source"": ""IgboAPI"", ""definitions"": [""discover a fault""], ""examples"": [], ""dialect_variants"": []}"
"-kpì","AV","5","{""source"": ""IgboAPI"", ""definitions"": [""cut hair""], ""examples"": [], ""dialect_variants"": []}"
"òlaka mmanya","NNC","5","{""source"": ""IgboAPI"", ""definitions"": [""drunkard""], ""examples"": [], ""dialect_variants"": []}"
"ògwùgwò","AV","5","{""source"": ""IgboAPI"", ""definitions"": [""scraping; scooping out""], ""examples"": [], ""dialect_variants"": []}"
"genye nà","CJN","5","{""source"": ""IgboAPI"", ""definitions"": [""unless; until""], ""examples"": [{""igbo"": ""Agà m anò ebe à genye nà ò bìàlù"", ""english"": ""I will be here until he comes""}, {""igbo"": ""Àyị amā eje ọlū genye nà ò mèlù ife ayị chòlù"", ""english"": ""We shall not work unless he does what we want.""}], ""dialect_variants"": []}"
"-golu","AV","5","{""source"": ""IgboAPI"", ""definitions"": [""buy; hire (things)""], ""examples"": [], ""dialect_variants"": []}"
"bùusù","NNC","5","{""source"": ""IgboAPI"", ""definitions"": [""cat (English puss, compare nwa mba, nwa ōnogbò)""], ""examples"": [], ""dialect_variants"": []}"
"-kpà àkpà = -kpà","AV","5","{""source"": ""IgboAPI"", ""definitions"": [""be narrow, tight, pressed together, choked, crowded; restrict;""], ""examples"": [], ""dialect_variants"": []}"
"-zofù èzofù","AV","5","{""source"": ""IgboAPI"", ""definitions"": [""hide away""], ""examples"": [], ""dialect_variants"": []}"
"-focha","AV","5","{""source"": ""IgboAPI"", ""definitions"": [""clear (a space)""], ""examples"": [], ""dialect_variants"": []}"
"-kọ akọ","AV","5","{""source"": ""IgboAPI"", ""definitions"": [""dry""], ""examples"": [], ""dialect_variants"": []}"
"-tụna enū","AV","5","{""source"": ""IgboAPI"", ""definitions"": [""bounce; rebound""], ""examples"": [], ""dialect_variants"": []}"
"-kpụ n dèlè","AV","5","{""source"": ""IgboAPI"", ""definitions"": [""make track""], ""examples"": [], ""dialect_variants"": []}"
"-tụni","AV","5","{""source"": ""IgboAPI"", ""definitions"": [""build up (a causeway)"", ""throw (oneself about); bounce; rebound""], ""examples"": [], ""dialect_variants"": []}"
"nkwafè","unknown","5","{""source"": ""IgboAPI"", ""definitions"": [""transfer (by packing bag and baggage and going to another place)""], ""examples"": [], ""dialect_variants"": []}"
"-bu afọ imē","AV","5","{""source"": ""IgboAPI"", ""definitions"": [""be pregnant (literally carry pregnant belly)"", ""be pregnant"", ""be pregnant (literally carry pregnant abdomen)""], ""examples"": [{""igbo"": ""Ngọzī bù afọ imē"", ""english"": ""Ngọzi is pregnant""}], ""dialect_variants"": []}"
"ùdo","NNC","5","{""source"": ""IgboAPI"", ""definitions"": [""peace; quietness; calmness""], ""examples"": [], ""dialect_variants"": []}"
"-mefìè","AV","5","{""source"": ""IgboAPI"", ""definitions"": [""do wrong; sin""], ""examples"": [], ""dialect_variants"": []}"
"-gbado mkpòlògwù(gwù)","AV","5","{""source"": ""IgboAPI"", ""definitions"": [""take root""], ""examples"": [], ""dialect_variants"": []}"
"-bịakwute","AV","5","{""source"": ""IgboAPI"", ""definitions"": [""come near to (a person)""], ""examples"": [], ""dialect_variants"": []}"
"-jìdesi ike","AV","5","{""source"": ""IgboAPI"", ""definitions"": [""hold firmly""], ""examples"": [{""igbo"": ""Jìdesie yā ike"", ""english"": ""Hold him firmly""}], ""dialect_variants"": []}"
"-nubà","AV","5","{""source"": ""IgboAPI"", ""definitions"": [""push in""], ""examples"": [], ""dialect_variants"": []}"
"-so mmà","AV","5","{""source"": ""IgboAPI"", ""definitions"": [""sharpen knife, matchet""], ""examples"": [], ""dialect_variants"": []}"
"-paga","AV","5","{""source"": ""IgboAPI"", ""definitions"": [""carry to""], ""examples"": [], ""dialect_variants"": []}"
"-kpọlègota","unknown","5","{""source"": ""IgboAPI"", ""definitions"": [""roll up (of an object that rolls)""], ""examples"": [], ""dialect_variants"": []}"
"-tu ụkpò","AV","5","{""source"": ""IgboAPI"", ""definitions"": [""blister""], ""examples"": [], ""dialect_variants"": []}"
"mmili mmili","NNC","5","{""source"": ""IgboAPI"", ""definitions"": [""wet; damp; watery""], ""examples"": [], ""dialect_variants"": []}"
"ìlìlò","NNC","5","{""source"": ""IgboAPI"", ""definitions"": [""weed""], ""examples"": [], ""dialect_variants"": []}"
"ònwu màlàmàlà","NNC","5","{""source"": ""IgboAPI"", ""definitions"": [""flashing""], ""examples"": [], ""dialect_variants"": []}"
"ajụ ūtabà","NNC","5","{""source"": ""IgboAPI"", ""definitions"": [""roll of tobacco""], ""examples"": [], ""dialect_variants"": []}"
"-dị","PV","5","{""source"": ""IgboAPI"", ""definitions"": [""be (in a state of); have (a certain quality)"", ""(probably originates from -dị 1., in Onitsha used only in the negative; it marks the progressive or habitual negative verb forms""], ""examples"": [{""igbo"": ""Chikē adī-àbịa"", ""english"": ""(So) Chike is not coming/does not usually come""}, {""igbo"": ""Nkịtā adī àta ọjī"", ""english"": ""Dogs never eat kolanuts""}], ""dialect_variants"": []}"
"-kpa akpa","AV","5","{""source"": ""IgboAPI"", ""definitions"": [""pick with an instrument""], ""examples"": [], ""dialect_variants"": []}"
"òli ǹzèlè","NNC","5","{""source"": ""IgboAPI"", ""definitions"": [""chief; titled man""], ""examples"": [], ""dialect_variants"": []}"
"mkpò tanjele","NNC","5","{""source"": ""IgboAPI"", ""definitions"": [""special container for òtanjele""], ""examples"": [], ""dialect_variants"": []}"
"mkpì","NNC","5","{""source"": ""IgboAPI"", ""definitions"": [""section (as of seed or nut)""], ""examples"": [], ""dialect_variants"": []}"
"ajụ","NNC","5","{""source"": ""IgboAPI"", ""definitions"": [""headpad""], ""examples"": [], ""dialect_variants"": []}"
"-ŋùlị","unknown","5","{""source"": ""IgboAPI"", ""definitions"": [""rejoice"", ""rejoice; jubilate""], ""examples"": [{""igbo"": ""Gịnî kpàtà ijì aŋùlị?"", ""english"": ""Why are you rejoicing?""}], ""dialect_variants"": []}"
"ụnò afīa","NNC","5","{""source"": ""IgboAPI"", ""definitions"": [""market stall""], ""examples"": [{""igbo"": ""Ọ bụlụ nà ị chòlù inwēta ụdị àkpà ị nà-àchọ ịzū jèe n’ụnò afīa Ŏfọ"", ""english"": ""If you want to get the kind of bag you were wanting to buy, go to Ọfọ's market stall""}], ""dialect_variants"": []}"
"-ma amụma","AV","5","{""source"": ""IgboAPI"", ""definitions"": [""prophesy; foretell""], ""examples"": [], ""dialect_variants"": []}"
"-zìpù","AV","5","{""source"": ""IgboAPI"", ""definitions"": [""send forth; send out; send; despatch""], ""examples"": [{""igbo"": ""Ezīpùgo m nwa òdìbò m kà o je kpọọlụ m Agnes"", ""english"": ""I have sent out my servant to call me Agnes""}, {""igbo"": ""Ì zipùgo akwụkwọ ī?"", ""english"": ""Have you despatched your letter?""}], ""dialect_variants"": []}"
"mbọ","NNC","5","{""source"": ""IgboAPI"", ""definitions"": [""nail (of toe or finger); claw""], ""examples"": [], ""dialect_variants"": []}"
"nwuny+e diì","NNC","5","{""source"": ""IgboAPI"", ""definitions"": [""co-wife""], ""examples"": [], ""dialect_variants"": []}"
"ji ukòm","NNC","5","{""source"": ""IgboAPI"", ""definitions"": [""White Guinea Yam (Dioscorea cayenensis rotundata Poir.), fat and of high quality; features in feasts"", ""White Guinea Yam (Dioscorea rotundata Poir.), fat and of good quality, features in feasts""], ""examples"": [], ""dialect_variants"": []}"
"-kpọ ìfulū","NNC","5","{""source"": ""IgboAPI"", ""definitions"": [""blossom; flower (compare -kpọ ìgùgù)""], ""examples"": [], ""dialect_variants"": []}"
"-kpùchita","AV","5","{""source"": ""IgboAPI"", ""definitions"": [""cover up; shut up; shut; cover""], ""examples"": [], ""dialect_variants"": []}"
"-fabàsị (or -fàbàsị)","AV","5","{""source"": ""IgboAPI"", ""definitions"": [""stuff, squeeze into (e.g. crowded room)""], ""examples"": [], ""dialect_variants"": []}"
"-dà òbò","AV","5","{""source"": ""IgboAPI"", ""definitions"": [""be idle (= -dì òbò)""], ""examples"": [], ""dialect_variants"": []}"
"àkwa ògàzì","NNC","5","{""source"": ""IgboAPI"", ""definitions"": [""egg of guineafowl""], ""examples"": [], ""dialect_variants"": []}"
"-napùta okwu","AV","5","{""source"": ""IgboAPI"", ""definitions"": [""force someone to speak out""], ""examples"": [], ""dialect_variants"": []}"
"-sè","AV","5","{""source"": ""IgboAPI"", ""definitions"": [""draw; pull; stretch"", ""draw (e.g. diagram)""], ""examples"": [], ""dialect_variants"": []}"
"àkpà nnwammīli","NNC","5","{""source"": ""IgboAPI"", ""definitions"": [""bladder""], ""examples"": [], ""dialect_variants"": []}"
"ènyò anyā","NNC","5","{""source"": ""IgboAPI"", ""definitions"": [""pair of spectacles""], ""examples"": [], ""dialect_variants"": []}"
"-chịpù","AV","5","{""source"": ""IgboAPI"", ""definitions"": [""take away (several things)""], ""examples"": [], ""dialect_variants"": []}"
"mkpìlìsì osisi","NNC","5","{""source"": ""IgboAPI"", ""definitions"": [""stump of tree""], ""examples"": [], ""dialect_variants"": []}"
"nkịta ọfīa","NNC","5","{""source"": ""IgboAPI"", ""definitions"": [""tree bear or Ashanti tree-hyrax (Dendrohyrax dorsalis sylvestris Temm.)""], ""examples"": [], ""dialect_variants"": []}"
"ọgò nwaànyì","AV","5","{""source"": ""IgboAPI"", ""definitions"": [""mother-in-law; female relative by marriage""], ""examples"": [], ""dialect_variants"": []}"
"-tụ imē","AV","5","{""source"": ""IgboAPI"", ""definitions"": [""become pregnant; be pregnant"", ""conceive; be pregnant""], ""examples"": [{""igbo"": ""Elòlù m nà nkịtā m gà-àtụ imē n’ọnwa ītọ na-abịa"", ""english"": ""I think my dog will become pregnant in three months to come""}], ""dialect_variants"": []}"
"eteke uvīe","NNC","5","{""source"": ""IgboAPI"", ""definitions"": [""fish (Hemichromis bimaculatus) (compare ìkpoòkpò)""], ""examples"": [], ""dialect_variants"": []}"
"òfu jī","NNC","5","{""source"": ""IgboAPI"", ""definitions"": [""seed yam""], ""examples"": [], ""dialect_variants"": []}"
"-zù-zù","AV","5","{""source"": ""IgboAPI"", ""definitions"": [""massage; caress; stroke""], ""examples"": [], ""dialect_variants"": []}"
"-li ulù","AV","5","{""source"": ""IgboAPI"", ""definitions"": [""gain; profit; benefit""], ""examples"": [], ""dialect_variants"": []}"
"-gbò mkpà","AV","5","{""source"": ""IgboAPI"", ""definitions"": [""relieve need; satisfy want; suffice; be useful"", ""be useful""], ""examples"": [{""igbo"": ""Igwè Nnā āyị zụtaalụ m n'arō gālụ aga nà-egbòlụ m nnukwu mkpà n'arō à màkà nà ọ bù ya kà m jìzì èje akwụkwọ n'ụnò akwụkwọ m ọfụū tēlụ aka ri nnē"", ""english"": ""The bicycle bought for me by our father last year is very useful to me this year, because it is the bicycle that I ride to my new school, which is very far away""}], ""dialect_variants"": []}"
"kwà ùchichì","PREP","5","{""source"": ""IgboAPI"", ""definitions"": [""nightly""], ""examples"": [], ""dialect_variants"": []}"
"-dụmì ụnò","NNC","5","{""source"": ""IgboAPI"", ""definitions"": [""lay rafters, roof, of a house""], ""examples"": [], ""dialect_variants"": []}"
"-nòwanye","AV","5","{""source"": ""IgboAPI"", ""definitions"": [""sit down carelessly and uninvited among a group""], ""examples"": [], ""dialect_variants"": []}"
"èbeē zi?","INTJ","5","{""source"": ""IgboAPI"", ""definitions"": [""Where then? where else?""], ""examples"": [], ""dialect_variants"": []}"
"Ugwu Awụsa","NNC","5","{""source"": ""IgboAPI"", ""definitions"": [""Northern Nigeria""], ""examples"": [{""igbo"": ""Nwaàmàlùbịa ejēnurò Ugwu Awụsa"", ""english"": ""Nwaamalụbịa has never been to Northern Nigeria""}], ""dialect_variants"": []}"
"-bọni abọni","AV","5","{""source"": ""IgboAPI"", ""definitions"": [""dig up earth into beds for planting""], ""examples"": [], ""dialect_variants"": []}"
"-fili","AV","5","{""source"": ""IgboAPI"", ""definitions"": [""support""], ""examples"": [], ""dialect_variants"": []}"
"nwọò","unknown","5","{""source"": ""IgboAPI"", ""definitions"": [], ""examples"": [{""igbo"": ""etu m dì kà m dì nwọò"", ""english"": ""in my present (great) position""}], ""dialect_variants"": []}"
"àrụ ọcha","NNC","5","{""source"": ""IgboAPI"", ""definitions"": [""leprosy""], ""examples"": [], ""dialect_variants"": []}"
"òfu à","NNC","5","{""source"": ""IgboAPI"", ""definitions"": [""this same""], ""examples"": [], ""dialect_variants"": []}"
"Ọchịchị Nàìjirìà","AV","5","{""source"": ""IgboAPI"", ""definitions"": [""the Government of Nigeria""], ""examples"": [], ""dialect_variants"": []}"
"Ọlụ Oyìbo","NNC","5","{""source"": ""IgboAPI"", ""definitions"": [""civil service""], ""examples"": [], ""dialect_variants"": []}"
"Agù","NNC","5","{""source"": ""IgboAPI"", ""definitions"": [""see Agwù""], ""examples"": [], ""dialect_variants"": []}"
"-kwuchi ọnụ","ESUF","5","{""source"": ""IgboAPI"", ""definitions"": [""cover, plug hole, mouth, opening""], ""examples"": [], ""dialect_variants"": []}"
"-gwò egwu","NNC","5","{""source"": ""IgboAPI"", ""definitions"": [""dance very well in type of dance in which back muscles come into play""], ""examples"": [], ""dialect_variants"": []}"
"ogonogo ogè òne?","NNC","5","{""source"": ""IgboAPI"", ""definitions"": [""How long? (of time)""], ""examples"": [{""igbo"": ""Ogonogo ogè òne kà ị gà-anò nà mmilī?"", ""english"": ""How long are you going to stay at the stream?""}], ""dialect_variants"": []}"
"-kwọ","NNC","5","{""source"": ""IgboAPI"", ""definitions"": [""grind; grate; saw; rub; (with aka as object) wash (hands)"", ""scoop up (water)""], ""examples"": [], ""dialect_variants"": []}"
"òkwutē ùwà tụùwà","NNC","5","{""source"": ""IgboAPI"", ""definitions"": [""Rock of Ages (ref. to Bible)""], ""examples"": [], ""dialect_variants"": []}"
"ogwū","NNC","5","{""source"": ""IgboAPI"", ""definitions"": [""thorn""], ""examples"": [], ""dialect_variants"": []}"
"-dọ aka na ntì","AV","5","{""source"": ""IgboAPI"", ""definitions"": [""advise; warn""], ""examples"": [], ""dialect_variants"": []}"
"-kù ume","AV","5","{""source"": ""IgboAPI"", ""definitions"": [""breathe""], ""examples"": [], ""dialect_variants"": []}"
"ùlùkòmbụbā","NNC","5","{""source"": ""IgboAPI"", ""definitions"": [""butterfly""], ""examples"": [], ""dialect_variants"": []}"
"ikili akā","NNC","5","{""source"": ""IgboAPI"", ""definitions"": [""elbow""], ""examples"": [], ""dialect_variants"": []}"
"ùkwù nkū","NNC","5","{""source"": ""IgboAPI"", ""definitions"": [""bundle of firewood""], ""examples"": [], ""dialect_variants"": []}"
"-jìpù aka","AV","5","{""source"": ""IgboAPI"", ""definitions"": [""be disappointed""], ""examples"": [{""igbo"": ""O jipù m aka"", ""english"": ""I was badly disappointed""}], ""dialect_variants"": []}"
"ànyasì","NNC","5","{""source"": ""IgboAPI"", ""definitions"": [""evening; night (compare ùchichì)""], ""examples"": [], ""dialect_variants"": []}"
"ùbù","NNC","5","{""source"": ""IgboAPI"", ""definitions"": [""staleness""], ""examples"": [{""igbo"": ""Azū à àdàgo ùbù"", ""english"": ""This fish has gone stale""}], ""dialect_variants"": []}"
"mmili ǹdà arò","NNC","5","{""source"": ""IgboAPI"", ""definitions"": [""the first rain in the year""], ""examples"": [], ""dialect_variants"": []}"
"opoto ọkū","NNC","5","{""source"": ""IgboAPI"", ""definitions"": [""burning coal; ember""], ""examples"": [], ""dialect_variants"": []}"
"àkpa èbu","NNC","5","{""source"": ""IgboAPI"", ""definitions"": [""wasps’ nest""], ""examples"": [], ""dialect_variants"": []}"
"-fèga ọfịa","AV","5","{""source"": ""IgboAPI"", ""definitions"": [""prepare forest for planting by propitiating the spirits (or gods) concerned""], ""examples"": [], ""dialect_variants"": []}"
"-ta alụ","AV","5","{""source"": ""IgboAPI"", ""definitions"": [""bite""], ""examples"": [{""igbo:"": ""Agà m àta gī alụ ọ bụlụ nà ị rāpùrò m"", ""english"": ""I shall bite you if you don’t leave me alone""}], ""dialect_variants"": []}"
"-chì akwa","AV","5","{""source"": ""IgboAPI"", ""definitions"": [""cry very much; sob (harder than -kwa akwa)""], ""examples"": [], ""dialect_variants"": []}"
"-na mmụō","NNC","5","{""source"": ""IgboAPI"", ""definitions"": [""die (euphemistic) (literally return to the land of the spirits)""], ""examples"": [], ""dialect_variants"": []}"
"-yifè","AV","5","{""source"": ""IgboAPI"", ""definitions"": [""paddle, ferry across""], ""examples"": [], ""dialect_variants"": []}"
"ebì","NNC","5","{""source"": ""IgboAPI"", ""definitions"": [""porcupine""], ""examples"": [], ""dialect_variants"": []}"
"-dà ọbù","AV","5","{""source"": ""IgboAPI"", ""definitions"": [""fall into pit trap"", ""fall into pit-trap (Proverb)""], ""examples"": [{""igbo"": ""Ò jọfùlù àkù nnà ya n’ụjō sì nà enyi nà-adàa ọbù tanaa"", ""english"": ""The person who was too cowardly to reclaim his father's wealth said that elephants fall into pit-traps and perish. (Used when appealing to someone who has suffered some loss to forget and stop brooding over it)""}], ""dialect_variants"": []}"
"ezì","NNC","5","{""source"": ""IgboAPI"", ""definitions"": [""pig; domestic pig; dirty person""], ""examples"": [], ""dialect_variants"": []}"
"oke òrìmìlì","NNC","5","{""source"": ""IgboAPI"", ""definitions"": [""sea; ocean""], ""examples"": [], ""dialect_variants"": []}"
"-ti ụnò","AV","5","{""source"": ""IgboAPI"", ""definitions"": [""build a (good) house""], ""examples"": [], ""dialect_variants"": []}"
"òghù","NNC","5","{""source"": ""IgboAPI"", ""definitions"": [""flying squirrel""], ""examples"": [], ""dialect_variants"": []}"
"-si ọnyà","AV","5","{""source"": ""IgboAPI"", ""definitions"": [""set trap""], ""examples"": [], ""dialect_variants"": []}"
"ògbaā tumtum","NNC","5","{""source"": ""IgboAPI"", ""definitions"": [""motor-cycle (-gba 1. C.iii 'shoot' + noun agent prefix + tumtum 'sound of motor-cycle')""], ""examples"": [], ""dialect_variants"": []}"
"-debà","AV","5","{""source"": ""IgboAPI"", ""definitions"": [""write into""], ""examples"": [], ""dialect_variants"": []}"
"-wùbà","AV","5","{""source"": ""IgboAPI"", ""definitions"": [""jump into""], ""examples"": [], ""dialect_variants"": []}"
"nụ ọkụ n’obì","NNC","5","{""source"": ""IgboAPI"", ""definitions"": [""be zealous, enthusiastic; agitate; anger; enrage""], ""examples"": [], ""dialect_variants"": []}"
"-ma nnwokē","AV","5","{""source"": ""IgboAPI"", ""definitions"": [""not to be in state of virginity (of woman) (literally know a man)""], ""examples"": [{""igbo"": ""Nwatà nwaànyì afù akā àmarọ nwokē"", ""english"": ""The young girl has not known a man""}], ""dialect_variants"": []}"
"àkụlō","NNC","5","{""source"": ""IgboAPI"", ""definitions"": [""plant (Selaginella)""], ""examples"": [], ""dialect_variants"": []}"
"Ògbuēfi","NNC","5","{""source"": ""IgboAPI"", ""definitions"": [""title; used for non-title holders as mark of respect; master; head chief; male name (literally slayer of cattle)""], ""examples"": [{""igbo"": ""Ògbu ēfi Nnànyèlùgò Onye ọ gà-àdịlị mmā"", ""english"": ""Title for late Dr. Nnamdì Azìkiwe""}], ""dialect_variants"": []}"
"-jefù","AV","5","{""source"": ""IgboAPI"", ""definitions"": [""go astray; err; get lost when walking, travelling""], ""examples"": [], ""dialect_variants"": []}"
"asìsà","AV","5","{""source"": ""IgboAPI"", ""definitions"": [""involuntary confession while delirious or with mind wandering""], ""examples"": [], ""dialect_variants"": []}"
"-sò n’ùsòlò","AV","5","{""source"": ""IgboAPI"", ""definitions"": [""be in order, procession"", ""be in line""], ""examples"": [{""igbo"": ""Achòlù m kà ụnū sòo n’ùsòlò"", ""english"": ""I want you to form a procession, or, get into single file""}], ""dialect_variants"": []}"
"-kụpù aka -kụsịsị aka","AV","5","{""source"": ""IgboAPI"", ""definitions"": [""fail; give up""], ""examples"": [], ""dialect_variants"": []}"
"ōbodòlòbo","NNC","5","{""source"": ""IgboAPI"", ""definitions"": [], ""examples"": [{""igbo"": ""Di ntā gbàgbùlù òsa wèlụ akwụkwọ òbodòlòbo kechie yā"", ""english"": ""The hunter killed a squirrel and wrapped it in a broad leaf""}, {""igbo"": ""Proverb: Akwụkwọ ōbodòlòbo gwàlù òsa kà ọ wèlụ nwayòò na-àkpọ màkà nà ọ bụlụ nà di ntā àbịa gbagbue yā nà ọ bù ya bū akwụkwọ ōbodòlòbo kà di ntā gà-akùlụ wèlụ kechi ōsa"", ""english"": ""Lit. The broad leaf warned the squirrel to call gently because when the hunter was attracted by the squirrel's call it was he, the broad leaf, that the hunter was going to cut and use for wrapping up the squirrel. Meaning- Be careful how you expose yourself to danger, risks, trouble, etc., because whenever you involve yourself in trouble it is going to be I (we) who will bear the brunt of it""}], ""dialect_variants"": []}"
"-de letà","AV","5","{""source"": ""IgboAPI"", ""definitions"": [""write letter""], ""examples"": [], ""dialect_variants"": []}"
"ogē ūfọdụ","NNC","5","{""source"": ""IgboAPI"", ""definitions"": [""sometimes; from time to time""], ""examples"": [], ""dialect_variants"": []}"
"-ŋa ògbàdụ","AV","5","{""source"": ""IgboAPI"", ""definitions"": [""roast corn""], ""examples"": [], ""dialect_variants"": []}"
"-nefù anya","AV","5","{""source"": ""IgboAPI"", ""definitions"": [""look aside; neglect; overlook"", ""look aside; neglect; connive at""], ""examples"": [], ""dialect_variants"": []}"
"ọchù","NNC","5","{""source"": ""IgboAPI"", ""definitions"": [""homicide; murder; manslaughter""], ""examples"": [], ""dialect_variants"": []}"
"nlòzọ","AV","5","{""source"": ""IgboAPI"", ""definitions"": [""forgetfulness""], ""examples"": [], ""dialect_variants"": []}"
"-nwe ifelē","NNC","5","{""source"": ""IgboAPI"", ""definitions"": [""be shy, restrained, reserved""], ""examples"": [], ""dialect_variants"": []}"
"ègbè","NNC","5","{""source"": ""IgboAPI"", ""definitions"": [""boundary mark""], ""examples"": [{""igbo"": ""Onye ropù ègbè ò je nga"", ""english"": ""Anyone who uproots a boundary mark will go to prison""}], ""dialect_variants"": []}"
"otuto","AV","5","{""source"": ""IgboAPI"", ""definitions"": [""growing; being long; being tall""], ""examples"": [], ""dialect_variants"": []}"
"-chọsà","AV","5","{""source"": ""IgboAPI"", ""definitions"": [""seek everywhere""], ""examples"": [], ""dialect_variants"": []}"
"ajō ọlụ","AV","5","{""source"": ""IgboAPI"", ""definitions"": [""very, exceedingly, hard""], ""examples"": [], ""dialect_variants"": []}"
"-bịakpè àzụ","unknown","5","{""source"": ""IgboAPI"", ""definitions"": [""come last""], ""examples"": [], ""dialect_variants"": []}"
"ekò","NNC","5","{""source"": ""IgboAPI"", ""definitions"": [""blacksmith's bellows""], ""examples"": [], ""dialect_variants"": []}"
"isi njedebe","AV","5","{""source"": ""IgboAPI"", ""definitions"": [""end, finish"", ""end; finish""], ""examples"": [{""igbo"": ""Ànyị èlugo n’isi njedebe òbòdò afù"", ""english"": ""We have reached the end of that town""}], ""dialect_variants"": []}"
"òsusu isī","NNC","5","{""source"": ""IgboAPI"", ""definitions"": [""lock, coil of hair""], ""examples"": [], ""dialect_variants"": []}"
"-ta ịta","AV","5","{""source"": ""IgboAPI"", ""definitions"": [""win stakes in a game""], ""examples"": [], ""dialect_variants"": []}"
"Kraìst","NNC","5","{""source"": ""IgboAPI"", ""definitions"": [""Christ""], ""examples"": [], ""dialect_variants"": []}"
"òkwa àbù","AV","5","{""source"": ""IgboAPI"", ""definitions"": [""soloist""], ""examples"": [], ""dialect_variants"": []}"
"-lùchì","AV","5","{""source"": ""IgboAPI"", ""definitions"": [""obscure (sun, of clouds)""], ""examples"": [], ""dialect_variants"": []}"
"-fù ọkụ","AV","5","{""source"": ""IgboAPI"", ""definitions"": [""blow fire""], ""examples"": [], ""dialect_variants"": []}"
"enu nà ànì","NNC","5","{""source"": ""IgboAPI"", ""definitions"": [""up-and-down; blouse and wrapper made of same material""], ""examples"": [{""igbo"": ""O yì enu nà ànì"", ""english"": ""She is wearing an up-and-down""}], ""dialect_variants"": []}"
"-gị-gàdo","AV","5","{""source"": ""IgboAPI"", ""definitions"": [""catch hold of (of someone weak, e.g. spider)""], ""examples"": [], ""dialect_variants"": []}"
"-dọ ndọ","AV","5","{""source"": ""IgboAPI"", ""definitions"": [""persist; haggle; bargain"", ""have a tug-of-war""], ""examples"": [], ""dialect_variants"": []}"
"-kwe n’aka","AV","5","{""source"": ""IgboAPI"", ""definitions"": [""shake hands""], ""examples"": [], ""dialect_variants"": []}"
"esō","NNC","5","{""source"": ""IgboAPI"", ""definitions"": [""gum from tree""], ""examples"": [], ""dialect_variants"": []}"
"agbàlà","NNC","5","{""source"": ""IgboAPI"", ""definitions"": [""(also agbàlà nwaànyì) woman of great influence or of strong, stout build"", ""an object about 8’ long, made of two long bamboos, with a number of coconut shells fixed between them representing the number of girls the owner was on intimate terms with in his youth""], ""examples"": [], ""dialect_variants"": []}"
"ǹzuzō","NNC","5","{""source"": ""IgboAPI"", ""definitions"": [""hiding; secret (-zo 1. hide)""], ""examples"": [], ""dialect_variants"": []}"
"-kpasà","AV","5","{""source"": ""IgboAPI"", ""definitions"": [""scatter (with some care); spread out (e.g. grains in sun, partly burnt firewood)""], ""examples"": [], ""dialect_variants"": []}"
"ǹji","NNC","5","{""source"": ""IgboAPI"", ""definitions"": [""blackness; darkness (-ji 3. be black)""], ""examples"": [], ""dialect_variants"": []}"
"-gbọ agbọō","AV","5","{""source"": ""IgboAPI"", ""definitions"": [""vomit"", ""vomit (vomit)""], ""examples"": [{""igbo"": ""Àda nà-àgbọ agbọō"", ""english"": ""Ada is vomiting""}, {""igbo"": ""Ọ gịnī kpàtàlù ị jì àgbọ agbọō n'ùtụtù?"", ""english"": ""Why were you vomiting in the morning?""}], ""dialect_variants"": []}"
"gìdìgìdì","NNC","5","{""source"": ""IgboAPI"", ""definitions"": [""disorder; trouble (compare Yoruba gìdìgìdì of violent physical movement, especially fighting)""], ""examples"": [{""igbo"": ""Ụnō à nà-adà gìdìgìdì"", ""english"": ""There is great trouble in this house.""}, {""igbo"": ""Ogè ife à mèlù mmadù niīne wèe na-àgba gìdìgìdì"", ""english"": ""When this thing happened all the people were running helter-skelter""}], ""dialect_variants"": []}"
"-kwù-","unknown","5","{""source"": ""IgboAPI"", ""definitions"": [""cover; cover with lid; invert""], ""examples"": [{""igbo"": ""Kwùchie ìte siì nókụ"", ""english"": ""Cover the pot on the fire""}], ""dialect_variants"": []}"
"onye ànị mmadù","NNC","5","{""source"": ""IgboAPI"", ""definitions"": [""foreigner; stranger""], ""examples"": [], ""dialect_variants"": []}"
"-kpe ekpele","NNC","5","{""source"": ""IgboAPI"", ""definitions"": [""say prayer""], ""examples"": [], ""dialect_variants"": []}"
"òsọ","NNC","5","{""source"": ""IgboAPI"", ""definitions"": [""runaway; wanderer; fugitive""], ""examples"": [], ""dialect_variants"": []}"
"-dụ adụ","AV","5","{""source"": ""IgboAPI"", ""definitions"": [""retch""], ""examples"": [], ""dialect_variants"": []}"
"Dinwenu ānyị","PRN","5","{""source"": ""IgboAPI"", ""definitions"": [""Our Lord""], ""examples"": [], ""dialect_variants"": []}"
"ụgbògùlù","NNC","5","{""source"": ""IgboAPI"", ""definitions"": [""pumpkin (Cucurbita pepo Linn. and C. maxima Duchesne)""], ""examples"": [], ""dialect_variants"": []}"
"òtịta","AV","5","{""source"": ""IgboAPI"", ""definitions"": [""chewing; biting; gnawing""], ""examples"": [], ""dialect_variants"": []}"
"-wèpù obì","AV","5","{""source"": ""IgboAPI"", ""definitions"": [""dismiss from the mind""], ""examples"": [], ""dialect_variants"": []}"
"ndọgha","AV","5","{""source"": ""IgboAPI"", ""definitions"": [""reverse; changing of position (of something by somebody)""], ""examples"": [], ""dialect_variants"": []}"
"-ticha","AV","5","{""source"": ""IgboAPI"", ""definitions"": [""shake off (e.g. dust or sand) by beating the surface with palm of the hand"", ""thresh"", ""cry out; exclaim""], ""examples"": [], ""dialect_variants"": []}"
"-jì","AV","5","{""source"": ""IgboAPI"", ""definitions"": [""take; hold; use""], ""examples"": [], ""dialect_variants"": []}"
"ala efī","NNC","5","{""source"": ""IgboAPI"", ""definitions"": [""milk (from cow)"", ""cow’s milk""], ""examples"": [], ""dialect_variants"": []}"
"-tù","AV","5","{""source"": ""IgboAPI"", ""definitions"": [""insert something into covering or mass (e.g. sword passed through belt, feather in hat or hair)"", ""down down an elephant if I am given a gun the load which is on the chair"", ""break the surface of a hard object (e.g. break with tips of nails, usually of both hands, small seeds like melon seeds to remove the covering)"", ""pick off (e.g. ants, fruits of certain grasses, or weeds with sticky fruits, from cloth)"", ""be variegated in colour, mottled, spotted"", ""measure (length); point at"", ""spatter; drop; drip (of liquids); drizzle"", ""cheat; defraud""], ""examples"": [], ""dialect_variants"": []}"
"akụ mmili igwē","NNC","5","{""source"": ""IgboAPI"", ""definitions"": [""hail""], ""examples"": [], ""dialect_variants"": []}"
"-neta anya","AV","5","{""source"": ""IgboAPI"", ""definitions"": [""regard; have respect for""], ""examples"": [], ""dialect_variants"": []}"
"ụkwà","NNC","5","{""source"": ""IgboAPI"", ""definitions"": [""African Breadfruit (Treculia africana Decne.)""], ""examples"": [], ""dialect_variants"": []}"
"ọgòm ajiī","NNC","5","{""source"": ""IgboAPI"", ""definitions"": [""fish (Phago loricatus)""], ""examples"": [], ""dialect_variants"": []}"
"-pìkọ","AV","5","{""source"": ""IgboAPI"", ""definitions"": [""compress; press together""], ""examples"": [], ""dialect_variants"": []}"
"-dò anya","AV","5","{""source"": ""IgboAPI"", ""definitions"": [""be clear""], ""examples"": [{""igbo"": ""Ife à dò m anya"", ""english"": ""This thing is clear to me""}], ""dialect_variants"": []}"
"-wụpù","AV","5","{""source"": ""IgboAPI"", ""definitions"": [""pour out; throw out (especially liquids)""], ""examples"": [], ""dialect_variants"": []}"
