"headword","pos","dialect_id","jsonb_data"
"Ya Kammala Ziyarar Yakin Neman Zabe A Jihar Kano","sentence","8","{""source"": ""VOA Hausa"", ""split"": ""train"", ""dialect_assigned_default"": true}"
"Gabanin bayyana a dadalin taron , sai da shugaban ya bude wata gada da gwamnatin Kano ta gina a daf da Barikin sojoji na Bokavo kuma ya kai ziyarar neman tabarraki fadar mai martaba sarkin Kano Malam Muhamamdu Sanusi na biyu .","sentence","8","{""source"": ""VOA Hausa"", ""split"": ""train"", ""dialect_assigned_default"": true}"
"Dubbun dubatun mutane ne suka yi dafifi domin tarbar shugaban , sai dai a iya cewa taron ya saba da wadda aka saba gani a lokutan baya , inda Kano kan tsaya cik har sai shugaban ya kammala ziyara .","sentence","8","{""source"": ""VOA Hausa"", ""split"": ""train"", ""dialect_assigned_default"": true}"
"A wannan karon jama'a da dama musamman a sassa daban daban na birnin Kano sun ci gaba da harkokin su .","sentence","8","{""source"": ""VOA Hausa"", ""split"": ""train"", ""dialect_assigned_default"": true}"
"Domin karin Bayani saurari rahoton Mahmud Ibrahim Kwari .","sentence","8","{""source"": ""VOA Hausa"", ""split"": ""train"", ""dialect_assigned_default"": true}"
"Lauyoyi Suna Fashin Baki A Kan Gurfanar Da Babban Alakali Gaban Kotu","sentence","8","{""source"": ""VOA Hausa"", ""split"": ""train"", ""dialect_assigned_default"": true}"
"A sharhin lauya mai zaman kan sa a Abuja , Yusuf Sallau Mutum Biyu yace girman matsayin alkalin zai zama kaskanci a gare shi da jami’an shari’a in an gurfanar da shi gaban kotu ta hanyar shigar da shi akwatin ba da shaida .","sentence","8","{""source"": ""VOA Hausa"", ""split"": ""train"", ""dialect_assigned_default"": true}"
"Mutum Biyu yace duk da a tsarin mulkin Najeriya babban alkalin ba shi da kariya kamar ta shugaban kasa da gwamnoni , amma ya na cikin tsarin doka a bi ta hannun hukumar kula da shari’a NJC ta binciki lamarin kafin daukar matakin gurfana gaban kotu .","sentence","8","{""source"": ""VOA Hausa"", ""split"": ""train"", ""dialect_assigned_default"": true}"
"Da ya ke amsa tambayar matakin da kotu zata dauka in babban alkalin ya ki gurfana gaban ta karo na biyu , Barista Yusuf Sallau ya ce kotu ka iya bada sammacin kamo wanda a ke tuhuma amma ya na ganin lamarin ba zai kai ga haka ba ga babban alkalin .","sentence","8","{""source"": ""VOA Hausa"", ""split"": ""train"", ""dialect_assigned_default"": true}"
"Wannan dai shi ne kusan karo na farko a Najeriya da a ke yunkurin gurfanar da babban alkali kuma shugaban kotun koli gaban kotu .","sentence","8","{""source"": ""VOA Hausa"", ""split"": ""train"", ""dialect_assigned_default"": true}"
"Ga rahoton Nasiru Adamu Elhikaya daga birnin Abuja :","sentence","8","{""source"": ""VOA Hausa"", ""split"": ""train"", ""dialect_assigned_default"": true}"
"Najeriya Za Ta Hana Mutane Miliyan 47 Bahaya A Fili","sentence","8","{""source"": ""VOA Hausa"", ""split"": ""train"", ""dialect_assigned_default"": true}"
"Ministan Ruwan Najeriya , Injiniya Suleiman Husaini Adamu , ya ce a halin yanzu akwai kimanin mutane miliyan 47 da su ke bahaya a filin Allah ta’ala , al’amarin da ya sa Najeriya ta zama kasa ta biyu a duk fadin duniya wajen wannan matsalar .","sentence","8","{""source"": ""VOA Hausa"", ""split"": ""train"", ""dialect_assigned_default"": true}"
"Ya bayyana hakan a gurin wani taro kan albarkatun ruwa da tsabtar muhalli .","sentence","8","{""source"": ""VOA Hausa"", ""split"": ""train"", ""dialect_assigned_default"": true}"
"MInistan ruwan ya ce , Indiya tana da kimanin mutane miliyan 500 da su ke bahaya a fili , amma bisa kokarin da Firaiminstan Indiya ya yi cikin shekaru uku kacal an shawo kan matsalar da kashi cas’in a duk fadin kasar .","sentence","8","{""source"": ""VOA Hausa"", ""split"": ""train"", ""dialect_assigned_default"": true}"
"Mininstan ruwan yace mutanan Indiya sun yi bandaki sama da miliyan 80 , ya kuma kara da cewa idan har Indiya za ta iya hana Mutane miliyan 500 cikin shekaru uku to ba abinda zai hana Najeriya ta hana mutanenta miliyan 47 .","sentence","8","{""source"": ""VOA Hausa"", ""split"": ""train"", ""dialect_assigned_default"": true}"
"Sannan y ace don shawo kan wannan matsalar ya tura wasu jami’ai daga ma’aikatarsa da kuma wakilai daga jihohi zuwa Indiya don ganin yadda itama Najeriya zata dabbaka wannan tsarin yadda zai dace da ita .","sentence","8","{""source"": ""VOA Hausa"", ""split"": ""train"", ""dialect_assigned_default"": true}"
"A halin da ake ciki yanzu , Najeriya ta na da kananan hukumomi 774 , daga cikinsu goma ne kacal inda ba a bahaya a fili .","sentence","8","{""source"": ""VOA Hausa"", ""split"": ""train"", ""dialect_assigned_default"": true}"
"Dr. Husaini Hassan , wanda kwararre ne kan muhalli ya ce za a iya cimma nasara idan aka maida hankali wajen fadakarwa da kuma bayyana wa jama’a illolin da ke tattare da aikata hakan .","sentence","8","{""source"": ""VOA Hausa"", ""split"": ""train"", ""dialect_assigned_default"": true}"
"Saurari cikakken rahoton Hassan Maina Kaina :","sentence","8","{""source"": ""VOA Hausa"", ""split"": ""train"", ""dialect_assigned_default"": true}"
"An Tabbatar Da Alkali Tanko Muhammed A Matsayin Babban Jojin Najeriya","sentence","8","{""source"": ""VOA Hausa"", ""split"": ""train"", ""dialect_assigned_default"": true}"
"Majalissar Dattawan Najeriya ta tabbatar da Alkali Tanko Muhammed a matsayin babban alkalin alkalan Najeriya bayan da ya yi rikon kwaryar wannan mukamin kusan tsawon watanni shida .","sentence","8","{""source"": ""VOA Hausa"", ""split"": ""train"", ""dialect_assigned_default"": true}"
"A yau Laraba , Majalisar ta tabbatar mai da mukamin .","sentence","8","{""source"": ""VOA Hausa"", ""split"": ""train"", ""dialect_assigned_default"": true}"
"An haifi alkali Tanko Mohammed ranar 31 ga watan Disamba na shekarar 1953 a garin Doguwa da ke karamar hukumar Giade a jihar Bauchi a Arewacin Najeriya .","sentence","8","{""source"": ""VOA Hausa"", ""split"": ""train"", ""dialect_assigned_default"": true}"
"Ya yi makarantar gwamnati da ke Azare ta sakandare , kuma ya kammala a shekarar 1973 .","sentence","8","{""source"": ""VOA Hausa"", ""split"": ""train"", ""dialect_assigned_default"": true}"
"Sannan ya yi karatun digiri na farko a Jami'ar Ahmadu Bello da ke Zaria .","sentence","8","{""source"": ""VOA Hausa"", ""split"": ""train"", ""dialect_assigned_default"": true}"
"Daga baya ya yi karatun Majistrate a shekarar 1984 , da kuma digirin-digirgir duk a Jami'ar Ahmadu Bello a shekara 1998 .","sentence","8","{""source"": ""VOA Hausa"", ""split"": ""train"", ""dialect_assigned_default"": true}"
"Shugaba Buhari ya nada Justice Tanko a matsayin mai rikon kwarya a watan Janairu bayan da ya dakatar da tsohon Alkalin Alkalai Walter Onnoghen wanda aka zarge shi da boye kaddarorinsa .","sentence","8","{""source"": ""VOA Hausa"", ""split"": ""train"", ""dialect_assigned_default"": true}"
"Legas : Majalisar Dokoki Na Shirin Tsige Gwamna Ambode","sentence","8","{""source"": ""VOA Hausa"", ""split"": ""train"", ""dialect_assigned_default"": true}"
"A wani zama da ‘yan Majalisar Dokokin jihar suka gudanar ranar Litinin , akasarin ‘yan Majalisar sun bayyana bukatar tsige gwamnan da mataimakiyarsa da kuma daukar matakai na dakatar da wasu Kwamishinoni bisa zargin da ake musu na kasa gabatar da kasafin kudin bana akan lokaci .","sentence","8","{""source"": ""VOA Hausa"", ""split"": ""train"", ""dialect_assigned_default"": true}"
"Sai dai kakakin Majalisar Dokokin jihar Legas , Mudashiru Obasa , ya roki ‘yan Majalisar da su baiwa gwamnan Karin lokaci ko kuma damar gabatar da uzurin dake gabansa , domin jin dalilan da ya sa ya kasa gabatar da kasafin .","sentence","8","{""source"": ""VOA Hausa"", ""split"": ""train"", ""dialect_assigned_default"": true}"
"Wannan takun saka dai ya samo asali ne ana dab da fara zabe na fidda gwani na takarar mukamin gwamna a zaben da za gudanar a watan gobe .","sentence","8","{""source"": ""VOA Hausa"", ""split"": ""train"", ""dialect_assigned_default"": true}"
"Daukan wannan mataki na fara shirin tsige gwamman jihar Legas dai ya samo asali ne lokacin da mataimakin kakakin Majlisar Wasu Eshilokun Sanni , ya gabatarwa Majalisar wani rahoto wanda ke da nasaba da kasafin kudin .","sentence","8","{""source"": ""VOA Hausa"", ""split"": ""train"", ""dialect_assigned_default"": true}"
"Wakilin Muryar Amurka a Legas Babangida Jibrin ya ji mabanbantan ra’ayoyin wasu mazauna Legas kan wannan takaddamar dake faruwa .","sentence","8","{""source"": ""VOA Hausa"", ""split"": ""train"", ""dialect_assigned_default"": true}"
"Domin Karin bayani saurari rahotan Babangida Jibrin .","sentence","8","{""source"": ""VOA Hausa"", ""split"": ""train"", ""dialect_assigned_default"": true}"
"Zaben 2019 : Atiku Ya yi Alkawarin Ci Gaba Da Noman Rani A Jigawa","sentence","8","{""source"": ""VOA Hausa"", ""split"": ""train"", ""dialect_assigned_default"": true}"
"Masu ruwa da tsaki da talakawa a jihar Jigawa na ci gaba da bayyana albarkacin bakin su dangane da alkawarin dan takarar shugabancin najeriya na Jam'iyyar PDP Alhaji Atiku Abubakar yayi na ci gaba da aikin samar da filin noman rani mai fadin fiye da kadada miliyan daya a jihar a lokacin daya kai ziyarar neman kuri'a jihar a litinin din","sentence","8","{""source"": ""VOA Hausa"", ""split"": ""train"", ""dialect_assigned_default"": true}"
".","sentence","8","{""source"": ""VOA Hausa"", ""split"": ""train"", ""dialect_assigned_default"": true}"
"Baya ga alkawarin bunkasa ayyukan noman rani wadda ke karkashin kulawar hukumar raya koramun Hadejia da Jamare da gwamnatin marigayi shugaba Shagari ta kammala kashin farko a shekarun 1980 , dantakarar na Jam'iyyar PDP yace zai sake gina hanyar mota daga Gaya zuwa Jahun zuwa Kafin Hausa ta bulle yankin Gashuwa a jihar Yobe , kana da wadda ta tashi daga kwanar Dumawa a jihar Kano zuwa Babura ta hade da Jamhuriyar Nijar .","sentence","8","{""source"": ""VOA Hausa"", ""split"": ""train"", ""dialect_assigned_default"": true}"
"Tsohon gwamnan Jigawa Alhaji Sule Lamido wanda ya jagoranci tawagar Atikun Zuwa Jigawan ya yi tanbihi game da wannan gagarumin aiki da cewa , adashen da zasu zuba ke","sentence","8","{""source"": ""VOA Hausa"", ""split"": ""train"", ""dialect_assigned_default"": true}"
"a matsayinsu na jiha da suke kyautata zaton dan takarar jam'iyar PDP zai cika .","sentence","8","{""source"": ""VOA Hausa"", ""split"": ""train"", ""dialect_assigned_default"": true}"
"Bayan maraba da wannan batu na raya noman rani da hanyoyi , talakawan na Jigawa na ne karin ababen habaka rayuwarsu da suka hada da ilimi da inganta rayuwar talakawa .","sentence","8","{""source"": ""VOA Hausa"", ""split"": ""train"", ""dialect_assigned_default"": true}"
"Shi kuwa a nasa bangaren , Hon Nasiru Garba Dantiye dake neman kujerar majalisar wakilan Najeriya daga mazabar Garki / Babura a jam'iyyar ta PDP yayi alkawarin taka rawar data kamata domin kwalliya ta biya kudin sabulu game da alkawuran da aka yiwa talakawa .","sentence","8","{""source"": ""VOA Hausa"", ""split"": ""train"", ""dialect_assigned_default"": true}"
"Saurari cikakken rahoton Mahmud Kwari","sentence","8","{""source"": ""VOA Hausa"", ""split"": ""train"", ""dialect_assigned_default"": true}"
"‘Yan Bindigar Katsina Sun Saki Mata 10 Da Wani Jinjiri","sentence","8","{""source"": ""VOA Hausa"", ""split"": ""train"", ""dialect_assigned_default"": true}"
"A cigaba da sasantawar da ake yi da ‘yan bindiga a jahar Katsina , wadanda su ka yi garkuwa da mutane da dama , sun sake sako mutane a karo na biyu .","sentence","8","{""source"": ""VOA Hausa"", ""split"": ""train"", ""dialect_assigned_default"": true}"
"Rukunin na 2 da ‘yan bindigar suka sako , sun kunshi mata 10 da wani jinjiri , wanda ya bada jimlar mutane 16 , idan aka hada da guda 5 da aka sako ranar Lahadin da ta gabata .","sentence","8","{""source"": ""VOA Hausa"", ""split"": ""train"", ""dialect_assigned_default"": true}"
"Wannan ya biyo bayan rangadin da gwamnan jihar Aminu Bello Masari ya kwashe tsawon mako daya ya na yi , domin tattaunawa da kuma yin sulhu da ‘yan bidigar da ke tada kayar baya a jihar , wadanda su ma aka saki mutanensu kusan 9 da ake tsare da su .","sentence","8","{""source"": ""VOA Hausa"", ""split"": ""train"", ""dialect_assigned_default"": true}"
"Ayyukan ‘yan tada kayar baya da suka hada da kai hare-hare , da kisan jama’a da ma sace su domin karbar kudin fansa , sun ta’azzara sosai a jihar Katsina , jim kadan bayan da rahotanni suka nuna cewa an soma samun zaman lafiya a makwabciyarta jihar Zamfara , sakamakon fito da tsarin sulhu da ‘yan tada kayar baya .","sentence","8","{""source"": ""VOA Hausa"", ""split"": ""train"", ""dialect_assigned_default"": true}"
"Wannan ya sa jihar ta Katsina rungumar tsarin na sulhu , duk da yake gwamna Masari ya ce jihar ce ta soma gudanar da tsarin .","sentence","8","{""source"": ""VOA Hausa"", ""split"": ""train"", ""dialect_assigned_default"": true}"
"To sai dai tuni da wasu manazarta sha’anin tsaro suke bayyana tababa akan tabbacin samun nasarar tsarin na sulhu , a zaman hanyar kawar da ayyukan ‘yan bindigar , to amma Sakataren gwamnatin jihar ta Katsina , Mustafa Muhammad Inuwa , wanda shine ke jagorancin shirin na sulhu a jihar , yana da ra’ayi banban .","sentence","8","{""source"": ""VOA Hausa"", ""split"": ""train"", ""dialect_assigned_default"": true}"
"Har kawo yanzu dai , akwai sauran mutane kusan 18 da ba a sako ba , daga cikin mutane 29 da ‘yan bindigar su ka yi awon gaba da su a garin Shimfida kadai , a wani hari da suka kai makwanni biyu da suka gabata , kazalika da wasu kuma da aka ce an kama a wasu garuruwan .","sentence","8","{""source"": ""VOA Hausa"", ""split"": ""train"", ""dialect_assigned_default"": true}"
"Ga Murtala Faruk Sanyinna da cikakken rahoton :","sentence","8","{""source"": ""VOA Hausa"", ""split"": ""train"", ""dialect_assigned_default"": true}"
"Dakarun Hadin Gwiwa Sun Kashe ‘Yan Boko Haram 39","sentence","8","{""source"": ""VOA Hausa"", ""split"": ""train"", ""dialect_assigned_default"": true}"
"Dakarun na rundunar kawancen kasashen yankin Tafkin Chadin , sunyi wani fafatawa ne mai zafi a yankin kan iyakar Najeriya da Chadi .","sentence","8","{""source"": ""VOA Hausa"", ""split"": ""train"", ""dialect_assigned_default"": true}"
"Fafatawar da Runduna ta biyu a bangaren Chadi da Runduna ta uku a bangaren Najeriya suka kaddamar na farautar neman yan ta'addan mai take Operation Yancin Tafki Ya yi sanadiyyar halaka mayakan Boko Haram 39 a kauyen Cross Kauwa dake dabda tafkin Chadi .","sentence","8","{""source"": ""VOA Hausa"", ""split"": ""train"", ""dialect_assigned_default"": true}"
"Wata sanarwa da sojojin suka aikewa Muryar Amurka , mai dauke da da hanun Kanar Ezindu Idima , ta ce a bangaren su , sojoji 20 sun Sami raunuka .","sentence","8","{""source"": ""VOA Hausa"", ""split"": ""train"", ""dialect_assigned_default"": true}"
"Dakarun Hadin gwiwar kazalika sun kuma sun kwato motocin yaki biyu da wasu manyan bindigogi na harbo jiragen sama da kuma karin wasu bindigogi masu sarrafa kansu da harsasai masu yawan gaske .","sentence","8","{""source"": ""VOA Hausa"", ""split"": ""train"", ""dialect_assigned_default"": true}"
"Tuni dai babban Hafsan Hafsoshin Rundunar tsaro na Chadi Janaral Tahir Erda da Babban Hafsan sojin kasa na kasar suka tsallako kan iyakar Najeriya , inda suka je har Kinnasara a bangaren Monguno don jinjinawa dakarun .","sentence","8","{""source"": ""VOA Hausa"", ""split"": ""train"", ""dialect_assigned_default"": true}"
"Janar Also Erda ya kuma nemi dakarun da su gaggauta kawo karshen ta'addancin na Boko Haram Akan lokaci .","sentence","8","{""source"": ""VOA Hausa"", ""split"": ""train"", ""dialect_assigned_default"": true}"
"Domin karin bayani saurari rahotan Hassan Maina Kaina .","sentence","8","{""source"": ""VOA Hausa"", ""split"": ""train"", ""dialect_assigned_default"": true}"
"ZABEN NAJERIYA : Zaben Shugaban Kasa Da Na ‘Yan Majalisu","sentence","8","{""source"": ""VOA Hausa"", ""split"": ""train"", ""dialect_assigned_default"": true}"
"‘Yan sa’o’i kafin a fara kad’a kuri’u , an ji ‘karar fashewar wani abu a garin Maiduguri dake Arewa maso Gabashin Najeriya .","sentence","8","{""source"": ""VOA Hausa"", ""split"": ""train"", ""dialect_assigned_default"": true}"
"Sai dai ba a tabbatar da abin da ya haifar da fashewar ba cikin gaggawa , amma mayakan kungiyar Boko Haram sun sha kai hare-hare a garin Maiduguri .","sentence","8","{""source"": ""VOA Hausa"", ""split"": ""train"", ""dialect_assigned_default"": true}"
"A can wani garin dake Arewa maso Gabashin Najeriyar , Geidam , kamfanin dillancin labarai na Reuters ya bayar da rahotannin wasu hare-hare daga masu tsatsaurin ra’ayi a yau Asabar , lamarin da ya tilastawa iyalai barin gidajensu .","sentence","8","{""source"": ""VOA Hausa"", ""split"": ""train"", ""dialect_assigned_default"": true}"
"Daya daga cikin ‘yan garin da yake Magana ta wayar talho da Reuters ya ce","sentence","8","{""source"": ""VOA Hausa"", ""split"": ""train"", ""dialect_assigned_default"": true}"
"” Ya ci gaba da cewa yanzu haka muna cikin daji muna ta gudu .","sentence","8","{""source"": ""VOA Hausa"", ""split"": ""train"", ""dialect_assigned_default"": true}"
"Jiya Juma’a shugaba Buhari ya ce za a samar da tsaro a dukkannin rumfunan zabe .","sentence","8","{""source"": ""VOA Hausa"", ""split"": ""train"", ""dialect_assigned_default"": true}"
"A wani jawabi da yayi wanda aka nuna ta talabijin a fadin kasar , Shugaba Buhari ya ce an dauki matakan tsaro a fadin kasar don zaben , ya kuma tabbatar da cewa mutane zasu kada kuri’a ba tare da wata fargaba ba .","sentence","8","{""source"": ""VOA Hausa"", ""split"": ""train"", ""dialect_assigned_default"": true}"
"Rikicin siyasa na zafafa a kasar yayin da ‘yan Najeriya ke shirin zaben sabon shugaban kasa da ‘yan majalissu .","sentence","8","{""source"": ""VOA Hausa"", ""split"": ""train"", ""dialect_assigned_default"": true}"
"A lokacin yakin neman zaben su , jam’iyyar APC ta shugaba Buhari da babbar jam’iyyar adawa ta PDP sun zargi juna da yinkurin yin magudi don canza sakamakon zabe .","sentence","8","{""source"": ""VOA Hausa"", ""split"": ""train"", ""dialect_assigned_default"": true}"
"An Maka Majalisar Dokokin Najeriya A Kotu Kan Sayen Motocin Alfarma","sentence","8","{""source"": ""VOA Hausa"", ""split"": ""train"", ""dialect_assigned_default"": true}"
"Kungiyoyin sun ce sun shigar da kara ne akan suna so a haramta wa majalisar kashe wadannan kudade , saboda ya saba wa kashi na 57 karamin kashi na 4 na tsarin sayayyar kayan amfani na shugabanin majalisar dokokin kasa da aka kirkira a kundin tsarin mulkin majalisar a shekara 2007 .","sentence","8","{""source"": ""VOA Hausa"", ""split"": ""train"", ""dialect_assigned_default"": true}"
"Kungiyoyin sun ce ya zama wajibi majalisar ta zabge yawan adadin kudaden da suke so su sai motocin da su .","sentence","8","{""source"": ""VOA Hausa"", ""split"": ""train"", ""dialect_assigned_default"": true}"
"Daya cikin ya'yan kungiyoyin , Salihu Dantata Mahmood , ya ce ba zai yi wu suna ganin talauci da yunwa da rashin biyan kudaden makarantan yara da rashin magunguna yana daidaita mutane sannan su yi shiru ba , domin ai an zabe su ne domin su yi dokokin da za su canja rayuwar al'umma ba kashe kudade barkatai ba .","sentence","8","{""source"": ""VOA Hausa"", ""split"": ""train"", ""dialect_assigned_default"": true}"
"Shi ma Komred Bako Abdul , wanda ya wakilci kungiyar Campaign for Democracy a lokacin shigar da karar ya ce almubazaranci ne barin ‘yan majalisar su sayi motoci na yawan wadannan kudade .","sentence","8","{""source"": ""VOA Hausa"", ""split"": ""train"", ""dialect_assigned_default"": true}"
"Ya kara da cewa , ‘yan majalisar su yi maza-maza su janye wannan kuduri na sayen motoci domin su wakilan mutane ne ba wakilan kansu ba ne .","sentence","8","{""source"": ""VOA Hausa"", ""split"": ""train"", ""dialect_assigned_default"": true}"
"To wai menene doka ta tanada ne a game da irin wannan mataki na kashe makudan kudade duk shekaru hudu ?","sentence","8","{""source"": ""VOA Hausa"", ""split"": ""train"", ""dialect_assigned_default"": true}"
"Barista Mainasara Ibrahim Umar , ya yi karin haske inda yake cewa babu wata doka da ta tanadi kashe irin wadannan kudade , hasali ma su ‘yan majalisar ne su ka yi dokoki iri daban- daban domin kare dukiyar alumma , amma kuma su ne suke kokarin karya dokokin .","sentence","8","{""source"": ""VOA Hausa"", ""split"": ""train"", ""dialect_assigned_default"": true}"
"Kokarin jin ta bakin yan majalisar ya cutura domin kowanne aka tunkare shi da batun sai ya ki yin magana .","sentence","8","{""source"": ""VOA Hausa"", ""split"": ""train"", ""dialect_assigned_default"": true}"
"Saurari cikakken rahoton Medina Dauda daga Abuja :","sentence","8","{""source"": ""VOA Hausa"", ""split"": ""train"", ""dialect_assigned_default"": true}"
"Rundunar Sojin Najeriya Ta Ragargaza Yan Ta'adda A Baga","sentence","8","{""source"": ""VOA Hausa"", ""split"": ""train"", ""dialect_assigned_default"": true}"
"A kokarin da su ke yi na kakkabe burbushin ‘yan ta’addan kungiyar Boko Haram da ake kira ISWAP a takaice , sabuwar rundur zaratan sojojin da aka kafa ta hadin gwiwa wato NASFC a takaice , wadda kuma ake kira Lafiya Dole , ta fatattaki ‘yan ta’addan da suka kai wa sansanonin soja farmaki a Baga .","sentence","8","{""source"": ""VOA Hausa"", ""split"": ""train"", ""dialect_assigned_default"": true}"
"Dakarun na musamman na bataliyar 707 da ake jinjinawa , wadanda kuma suka jagoranci kai ga cimma wannan gagarumar nasarar , su suka kai farmakin da ya fatattaki ‘yan ta’addan da yawa a wannan yankin , duk da cewa wasu marasa kishin kasa sun je sun gargadi mayakan kafin harin .","sentence","8","{""source"": ""VOA Hausa"", ""split"": ""train"", ""dialect_assigned_default"": true}"
"Dakarun na musamman sun fara kai farmaki ne a ranar 28 ga watan Disamban shekarar 2018 , inda su ka kori mayakan daga garuruwan Zare , Gudumbali , Kukawa da Kross Kauwa ba tare da samun wata tirjiya daga mayakan ‘yan ta’addan ba .","sentence","8","{""source"": ""VOA Hausa"", ""split"": ""train"", ""dialect_assigned_default"": true}"
"Koda yake , a garin Kross Kauwa , ‘yan bindigar na ISWAP sun yi babban kuskuren fitowa .","sentence","8","{""source"": ""VOA Hausa"", ""split"": ""train"", ""dialect_assigned_default"": true}"
"A wani tsari na kwarewa , dakarun sun yi amfani da damar da suka samu ta kai farmaki","sentence","8","{""source"": ""VOA Hausa"", ""split"": ""train"", ""dialect_assigned_default"": true}"
"take , kuma suka yi nasara akan mayakan , sannan suka kwato wasu kayayyaki daga garesu .","sentence","8","{""source"": ""VOA Hausa"", ""split"": ""train"", ""dialect_assigned_default"": true}"
"Duk da cewa wasu daga cikin ‘yan ta’addan sun yi kokarin su kutsa sansanin sojan da ke Monguno , zaratan sojojin sun yi masu tarko , sannan suka fatattaki da yawa daga cikin mayakan , su ka kuma kwace bindigoginsu da yawa da harsasai .","sentence","8","{""source"": ""VOA Hausa"", ""split"": ""train"", ""dialect_assigned_default"": true}"
"Tuni dakarun da ke cike da kwarin gwiwa suka hade da sojojin dake Baga , inda suka kori ‘yan ta’addan a wani sansanin soja .","sentence","8","{""source"": ""VOA Hausa"", ""split"": ""train"", ""dialect_assigned_default"": true}"
"Sai dai , a yayin da suke wannan kokarin , rundunar sojan ta yi rashin jami’i daya da soja daya , yayin da sojoji 5 suka jikkata .","sentence","8","{""source"": ""VOA Hausa"", ""split"": ""train"", ""dialect_assigned_default"": true}"
"An riga an kwashe gawarwakin sojojin biyu da kuma wadanda suka jikkata daga wurin .","sentence","8","{""source"": ""VOA Hausa"", ""split"": ""train"", ""dialect_assigned_default"": true}"
"Sojojin da suka jikkata na samun sauki kuma ana masu jinya a asibiti .","sentence","8","{""source"": ""VOA Hausa"", ""split"": ""train"", ""dialect_assigned_default"": true}"
"Yanzu haka dai dakarun na can na aikin kakkabe sauran mayakan da ke arewacin jihar Borno inda suke maida hankali akan yankin tafkin Chadi .","sentence","8","{""source"": ""VOA Hausa"", ""split"": ""train"", ""dialect_assigned_default"": true}"
"Dakarun na mussaman sun iya cimma wannan nasarar ne tare da hadin gwiwar sojojin saman Najeriya da suka samar da bayannan sirri , suka kuma taimaka ta kai hare-hare ta sama ta hanyar yi wa mayakan na ISWAP kawanya .","sentence","8","{""source"": ""VOA Hausa"", ""split"": ""train"", ""dialect_assigned_default"": true}"
"Yan Bindiga Sun Kashe Jami'an Rundunar Yan Sanda Guda Uku","sentence","8","{""source"": ""VOA Hausa"", ""split"": ""train"", ""dialect_assigned_default"": true}"
"Rundunar ‘yan sandan jihar Nasarawa ta tabbatar da mutuwar jami’anta uku , da wasu mutane biyu a kwanton bauna , da wasu ‘yan bindiga suka kai kan matafiya a hanyar Lafiya zuwa Akwanga dake jahar Nasarawa .","sentence","8","{""source"": ""VOA Hausa"", ""split"": ""train"", ""dialect_assigned_default"": true}"
"Kakakin rundunar ‘yan sandan na jihar Nasarawa , Isma’il Usman , a hirar su da wakiliyar Muryar Amurka Zainab Babaji , yace yanzu dai komai ya lafa , kuma an tura jami’an tsaro don kare lafiyar al’umma a hanyar .","sentence","8","{""source"": ""VOA Hausa"", ""split"": ""train"", ""dialect_assigned_default"": true}"
"Wani dake aikin sufuri a kan hanyar da Muryar Amurka ta yi hira da shi yace a duk lokacin da direbobi zasu bi wannan hanya , fargaba suke , saboda , da rana ake tare hanyar ake fashi .","sentence","8","{""source"": ""VOA Hausa"", ""split"": ""train"", ""dialect_assigned_default"": true}"
"Ga cikakken rahoton daga wakiliyar Muryar Amurka Zainab Babaji .","sentence","8","{""source"": ""VOA Hausa"", ""split"": ""train"", ""dialect_assigned_default"": true}"
"Ci Gaba Da Rufe Iyakan Najeriya Ya Raba Kawunan Yan Majalisar Dattawa","sentence","8","{""source"": ""VOA Hausa"", ""split"": ""train"", ""dialect_assigned_default"": true}"
"An kwashi lokaci ana mahawara a zauren Majalisar Dattawan akan batun rufe iyakar ne biyo bayan wani jawabi da Sanata Adamu Aliero ya gabatar da ke nuna muhimmancin rufewa a bisa dalilin tallafawa tattalin arzikin kasar .","sentence","8","{""source"": ""VOA Hausa"", ""split"": ""train"", ""dialect_assigned_default"": true}"
"Wasu Sanatoci da dama sun marawa yunkurin baya a lokacin da suka amince da mahawarar .","sentence","8","{""source"": ""VOA Hausa"", ""split"": ""train"", ""dialect_assigned_default"": true}"
"Sanata Ahmed Babba Kaita ya bada hujjar matsalar tsaro wanda shi ne babban alhaki na Gwamnati wajen kare lafiyar rayuka , da dukiyar al'umman ta .","sentence","8","{""source"": ""VOA Hausa"", ""split"": ""train"", ""dialect_assigned_default"": true}"
"Na biyu shi ne tattalin arziki , abu na uku kuma kasa ta samu labari cewa wasu kasashe da ke makwabtaka da kasar sun fara cin amanar ta .","sentence","8","{""source"": ""VOA Hausa"", ""split"": ""train"", ""dialect_assigned_default"": true}"
"Amma Sanata Kaita , yana ganin ya kamata a dauki matakin wayar da kan al'umma tukuna kafin a kaiga rufe iyakar , saboda sun san yadda za su magance matsalar da zata biyo bayan rufewar ga rayuwar su .","sentence","8","{""source"": ""VOA Hausa"", ""split"": ""train"", ""dialect_assigned_default"": true}"
"Jihar Borno tana cikin jihohin da ke kan iyaka da kasashe biyu , da kasar Chadi da kasar Kamaru , akan haka ne Sanata mai wakiltan Borno ta Kudu , Sanata Ali Ndume , ya yi korafi cewa rufe iyakar bai yimasa dadi ba , domin talakawan mazabarsa suna cikin wahala .","sentence","8","{""source"": ""VOA Hausa"", ""split"": ""train"", ""dialect_assigned_default"": true}"
"Ya kara bayani cewa maimakon rufe iyakar , da ma kara wa hukumomin tsaro karfi wajen inganta aiyukar su shi ne ya fi .","sentence","8","{""source"": ""VOA Hausa"", ""split"": ""train"", ""dialect_assigned_default"": true}"
"Wasu Sanatocin irin su Gabriel Suswan , daga Jihar Binuwai suna ganin a tattauna da kasashe da ke makwabtaka da Najeriya , tareda nuna masu hakkin kare iyakar , sanan a yawaita sintiri , da sa ido saboda hana masu fasakwari haddasa taasa .","sentence","8","{""source"": ""VOA Hausa"", ""split"": ""train"", ""dialect_assigned_default"": true}"
"A saurari cikakken rahoton daga wakiliyar Muryar Amurka Medina Dauda .","sentence","8","{""source"": ""VOA Hausa"", ""split"": ""train"", ""dialect_assigned_default"": true}"
"An Kafa Kotu Ta Musamman Da Za Ta Binciki Jami'an Soji 21","sentence","8","{""source"": ""VOA Hausa"", ""split"": ""train"", ""dialect_assigned_default"": true}"
"Kwamandan rundunar soja na Operation Lafiya Dole da ke shiyyar arewa maso gabashin Najeriya , Manjo Janaral Benson Akinroluyo , ya kaddamar da wata kotun soja ta musamman da za ta hukunta wasu Jami’an soja 21 da ake zargi da aikata laifuka daban-daban a yayin da suke gudanar da ayyukansu .","sentence","8","{""source"": ""VOA Hausa"", ""split"": ""train"", ""dialect_assigned_default"": true}"
"An dai kaddamar da wannan kotun ce a barikin soja da ke Maimari a garin Maiduguri , karkashin jagorancin Manjo Janaral Abdullahi Ibrahim , Wanda zai kasance shugaban wannan kotun , da ta hada da wasu mambobin kotun .","sentence","8","{""source"": ""VOA Hausa"", ""split"": ""train"", ""dialect_assigned_default"": true}"
"Kwamandan kotun ya ce wannan kotun za ta gudanar da ayyukanta ne ba tare da wani katsalandan ba , kuma za su tabbatar cewa wannan kotun ta yi aikinta cikin adalci ba tare da goyon bayan , ko kuma daurewa wani bangare gindi ba .","sentence","8","{""source"": ""VOA Hausa"", ""split"": ""train"", ""dialect_assigned_default"": true}"
"Kwamandan ya ce mutane 21 ne dai ake Saran za’a yi masu sharia , da wadanda kuma suka aikata laifuffuka daban-daban , sai dai ba’a bayyana irin laifuffukan da ake zarga Jami’an sojan da aikatawa ba .","sentence","8","{""source"": ""VOA Hausa"", ""split"": ""train"", ""dialect_assigned_default"": true}"
"Sai dai a baya irin wannan kotun sojan na musamman da aka kafa a garin Maiduguri ta yanke hukunci ga wasu Jami’an sojan a baya , akan wasu laifuka da suka hada da na fede , da cin zarafin jama’a , da arcewa a bakin aiki , da kinsan kai da gangan ga fararen hula , da dai wasu laifukan da suka sabawa tsarin mulkin kasar .","sentence","8","{""source"": ""VOA Hausa"", ""split"": ""train"", ""dialect_assigned_default"": true}"
"Ga cikakken rahoton wakilin muryar Amurka Haruna Dauda Biu daga Maiduguri","sentence","8","{""source"": ""VOA Hausa"", ""split"": ""train"", ""dialect_assigned_default"": true}"
"Ci Gaba Da Rike El-Zakzzaky Zai Kawo Matsalar Tsaro-Masanin Tsaro","sentence","8","{""source"": ""VOA Hausa"", ""split"": ""train"", ""dialect_assigned_default"": true}"
"Barista El-Zubair Abubakar daya ne daga cikin masu fashin baki kan harkar Shari'a kuma ya ce akwai abun lura .","sentence","8","{""source"": ""VOA Hausa"", ""split"": ""train"", ""dialect_assigned_default"": true}"
"Yace kotu ta riga ta yanke hukunci a kan shai’ar al-Zakzzaky kuma ta umarci gwamnati ta gina masa gida a wani wuri ba cikin Zaria ba kana ta bashi kudi amma gwamnati bata yi hakan ba kuma bata daukaka kara ba a kan wannan hukunci wanda shine kadai abin da yakamata tayi .","sentence","8","{""source"": ""VOA Hausa"", ""split"": ""train"", ""dialect_assigned_default"": true}"
"Wani masanin harkar tsaro a Najeriya Manjo Yahaya Shinko mai ritaya , ya mana tsokaci a kan a kan tasirin fargabar da wasu ke yi cewa sakin sheikh El-zazzaky zai haifar da barazanar tsaro .","sentence","8","{""source"": ""VOA Hausa"", ""split"": ""train"", ""dialect_assigned_default"": true}"
"Yace sakin al-Zakzzaky ba zai kawo matsalar ba illa kwanciyar hankali .","sentence","8","{""source"": ""VOA Hausa"", ""split"": ""train"", ""dialect_assigned_default"": true}"
"Manjo Yahay ya kara da cewa tun da al-Zakzzaky shine shugaban wadannan mutane kuma wanda za ke musu magana su yi ko kada su yi , don haka ci gaba da rike shi zai kawo babbar illa .","sentence","8","{""source"": ""VOA Hausa"", ""split"": ""train"", ""dialect_assigned_default"": true}"
"Ya kuma ce irin haka ya faru a baya ne yasa aka kai ga samun kungiyar Boko Haram .","sentence","8","{""source"": ""VOA Hausa"", ""split"": ""train"", ""dialect_assigned_default"": true}"
"Dama dai gwamnan jihar Kaduna Malam Nasuru Ahmad El-rufai ya taba bayyana laifukan sheikh El-zazzaky kamar rashin yarda da gwamnatin Najeriya da kuma yin biyayya ga gwamnatin Iran , da kisa da rufe hanyar gwamnati bada izinin ba da horar da yara suna gadinsa .","sentence","8","{""source"": ""VOA Hausa"", ""split"": ""train"", ""dialect_assigned_default"": true}"
"Maganar sa tuka-sa-katsi kan shari'ar Sheik Zazzaky dai na cigaba da jan hankalin al'uma musamman ma dai ganin kotu ta bada belin shi .","sentence","8","{""source"": ""VOA Hausa"", ""split"": ""train"", ""dialect_assigned_default"": true}"
"Wakilinmu a Kaduna Isah Lawal Ikara , na dauke da karin bayani :","sentence","8","{""source"": ""VOA Hausa"", ""split"": ""train"", ""dialect_assigned_default"": true}"
"Majalisar Wakilan Najeriya Ta Sanya Hanna A Kudirin Hana Amfani Da Leda","sentence","8","{""source"": ""VOA Hausa"", ""split"": ""train"", ""dialect_assigned_default"": true}"
"Yan majalisar dai sun ce sun dauki wannan matakin ne domin kare muhalli daga gurbacewa wanda kasashen duniya da dama ke kokarin yi , duba da illar dake tattare da leda a koramai da tafkuna da kuma karkashin kasa .","sentence","8","{""source"": ""VOA Hausa"", ""split"": ""train"", ""dialect_assigned_default"": true}"
"Dokar dai na cewa duk wanda aka samu ya karya ta , ba shakka za’a yanke masa hukuncin daurin shekaru uku , ko ya biya tarar rabin miliyan na naira , ko kuma duka .","sentence","8","{""source"": ""VOA Hausa"", ""split"": ""train"", ""dialect_assigned_default"": true}"
"Wani mai amfani da ledar a Najeriya , yace ya goyi bayan matakin domin su ma zasu sami sauki wajen hada hadar kasuwanci .","sentence","8","{""source"": ""VOA Hausa"", ""split"": ""train"", ""dialect_assigned_default"": true}"
"Shi kuwa wani mai kanfanin leda mai suna Ibrahim Mai Leda , cewa yayi wannan mataki bai dace ba , ina laifi a ce duk wanda ke son sayen leda a kara masa kudi mai makon kyauta da yanzu ake bayar wa .","sentence","8","{""source"": ""VOA Hausa"", ""split"": ""train"", ""dialect_assigned_default"": true}"
"ya kuma ce tabbas za’a fuskanci matsalar rashin aikin yi daga kanfanonin leda .","sentence","8","{""source"": ""VOA Hausa"", ""split"": ""train"", ""dialect_assigned_default"": true}"
"Shi kuwa a bangaren sa Malam Muhammed Sani , wani Malamin kimiyayya ,","sentence","8","{""source"": ""VOA Hausa"", ""split"": ""train"", ""dialect_assigned_default"": true}"
"cewa yayi matakin zai taimaka wajen rage ledar da ke cika magudanan","sentence","8","{""source"": ""VOA Hausa"", ""split"": ""train"", ""dialect_assigned_default"": true}"
"ruwa tare da gurbata muhalli .","sentence","8","{""source"": ""VOA Hausa"", ""split"": ""train"", ""dialect_assigned_default"": true}"
"A cewar sa leda kan dauki shekaru kafin ta narke a kasa , abinda ke haifar da gurbacewar kasa da kuma yanayi .","sentence","8","{""source"": ""VOA Hausa"", ""split"": ""train"", ""dialect_assigned_default"": true}"
"Yanzu dai abin jira a gani dai shine ko dokar za ta yi tasiri a","sentence","8","{""source"": ""VOA Hausa"", ""split"": ""train"", ""dialect_assigned_default"": true}"
"Najeriya idan aka amince da ita bisa la’akari da kaka-gidan da leda tayi a Najeriya .","sentence","8","{""source"": ""VOA Hausa"", ""split"": ""train"", ""dialect_assigned_default"": true}"
"Saurari cikakken rahoton wakilin Murya Amurka Babangida Jibril .","sentence","8","{""source"": ""VOA Hausa"", ""split"": ""train"", ""dialect_assigned_default"": true}"
"Za'a Gurfanar Da Matar Da Aka Kama Da Damfara Ta Yanar Gizo","sentence","8","{""source"": ""VOA Hausa"", ""split"": ""train"", ""dialect_assigned_default"": true}"
"Matar dai wacce EFCC ta kama da ke jerin mutanen da hukumar binciken manyan laifuka ta Amurka FBI ke nema , ta yi amfani da hanyar musanya kudi ta yanar gizo .","sentence","8","{""source"": ""VOA Hausa"", ""split"": ""train"", ""dialect_assigned_default"": true}"
"Shugaban EFCC shiyyar Benin Mukhtar Bello yace an kama matar , waddda bai ambaci sunan ta ba , da take damfara ta hanyar musayar kudin BITCOIN , inda ta kan tara bayanai jagororin kamfanoni , ko kasuwanci masu hulda da ketare ta turawa yan uwan hadin bakin ta na Amurka , da ke aiwatar da damfarar .","sentence","8","{""source"": ""VOA Hausa"", ""split"": ""train"", ""dialect_assigned_default"": true}"
"Dama shugaban hukumar yaki da cin hancin Ibrahim Magu , ya bugi kirjin kama yan damfarar duk da sukar da hukumar ke sha na zabar wadanda ta kan yi wa dirar mikiya , da kyale wasu da ke danyen ganye , da gwamnati .","sentence","8","{""source"": ""VOA Hausa"", ""split"": ""train"", ""dialect_assigned_default"": true}"
"EFCC ta ce ta samu motocin alfarma a wajen matar kuma za ta gurfanar da ita a kotu a","sentence","8","{""source"": ""VOA Hausa"", ""split"": ""train"", ""dialect_assigned_default"": true}"
"Najeriya bayan kammala dukkan bincike .","sentence","8","{""source"": ""VOA Hausa"", ""split"": ""train"", ""dialect_assigned_default"": true}"
"Ga cikakken rahoton daga wakilin Muryar Amurka Nasiru Adamu El-Hikaya .","sentence","8","{""source"": ""VOA Hausa"", ""split"": ""train"", ""dialect_assigned_default"": true}"
"Mutane 13 Sun Mutu a Bauchi a Hatsarin Moto","sentence","8","{""source"": ""VOA Hausa"", ""split"": ""train"", ""dialect_assigned_default"": true}"
"Masarautar Bauchi da ma illahirin al’ummar jahar Bauchi na cikin kaduwa da alhinin bayan wani mummunan rashi na wasu bayin Allah a wani hadarin mota da ya faru da yammacin jiya Lahadi .","sentence","8","{""source"": ""VOA Hausa"", ""split"": ""train"", ""dialect_assigned_default"": true}"
"Cikin mutane 13 da su ka rasa rayukansu har da wani mai suna Jamalu Ahmed Yari , dan gidan sarautar yarin Bauchi , da matarsa da kuma ‘ya’ayansa guda biyu masu shekaru uku da kuma shekara biyar , da kuma kanwar matarsa da suke cikin motar Toyota Camry .","sentence","8","{""source"": ""VOA Hausa"", ""split"": ""train"", ""dialect_assigned_default"": true}"
"Sauran mamatan kuma a cikin motar bus samfurin Sharron su ke .","sentence","8","{""source"": ""VOA Hausa"", ""split"": ""train"", ""dialect_assigned_default"": true}"
"A cewar kakakinhukumar Yan sanda DSP Kamal Datti , hatsarin ya faru ne a sanadiyar taho mu gama tsakanin motocin a kan hanyar Bauchi zuwa Gombe da misalin la’asar sakaliya kuma da taimakon mutanen kauye da na jami’an tsaro aka kwaso mutanen zuwa asibitin koyarwa na Jami’ar Abubakar Tafawa Balewa , inda likitoci su ka tabbatar da mutuwar mutane goma sha uku , a yayain da sauran mutane shida su ke samun jinya .","sentence","8","{""source"": ""VOA Hausa"", ""split"": ""train"", ""dialect_assigned_default"": true}"
"Hukumomin Yaki Da Cin Hanci Da Rashawa Na Nijar Da Najeriya Sun Kulla Wata Yarjejeniya","sentence","8","{""source"": ""VOA Hausa"", ""split"": ""train"", ""dialect_assigned_default"": true}"
"Lura da yadda mahandama dukiyar jama’a ke amfani da hanyoyin kasa don boye abubuwan da suka wawure a kasashensu na asali ya sa hukumar HALCIA da takwarar ta Najeriya EFCC kulla yarjejeniya wace a karkashinta Najeriya da Nijer zasu yi aikin hadin guiwa da zummar tunkarar wannan kalubale inji shugaban hukumar EFCC Ibrahim Magu .","sentence","8","{""source"": ""VOA Hausa"", ""split"": ""train"", ""dialect_assigned_default"": true}"
"Shugaban hukumar yaki da cin hanci ta HALCIA mai shari’a Abdourahaman Ghousman ya bayyana cewa yarjejeniyar hukumomin biyu za ta yi tasiri sosai a yakin da suka kaddamar akan barayin dukiyar jama’a .","sentence","8","{""source"": ""VOA Hausa"", ""split"": ""train"", ""dialect_assigned_default"": true}"
"Kamar yadda gwamnatoci ke kara tsaurara matakan dakile hanyoyin cin hanci haka su ma mahandama dukiyar jama’a ke kokarin bullo da dabarun kaucewa dukkan wani tarkon da aka dana , sabili kenan da shugaban reshen transparency international a Nijer Mamman Wada ke gargadin mahukunta .","sentence","8","{""source"": ""VOA Hausa"", ""split"": ""train"", ""dialect_assigned_default"": true}"
"Rahoton Transparency International na shekarar da ta gabata ya saka Nijer da Najeriya a sahun kasashen da suka yi wani dan karamin hobbasa akan maganar yaki da cin hanci yayinda kungiyoyin cikin gida ke kallon dalilan siyasa a matsayin wani tarnakin da ke hanawa jami’an yaki da cin hanci motsawa .","sentence","8","{""source"": ""VOA Hausa"", ""split"": ""train"", ""dialect_assigned_default"": true}"
"Ga karin bayani cikin sauti .","sentence","8","{""source"": ""VOA Hausa"", ""split"": ""train"", ""dialect_assigned_default"": true}"
"Hasashen Masana Kan Tattalin Arzikin Najeriya a 2019","sentence","8","{""source"": ""VOA Hausa"", ""split"": ""train"", ""dialect_assigned_default"": true}"
"Masana sun ce tattalin arzikin Najeriya zai bunkasa a wannan shekara , sai dai akwai yiwuwar ya fuskanci dan tarnaki saboda zabe na gama-gari da ke tafe .","sentence","8","{""source"": ""VOA Hausa"", ""split"": ""train"", ""dialect_assigned_default"": true}"
"Najeriya na shirin yin zaben shugaban kasa a watan Fabrairun , lamarin da masanan suka ce zai sa masu zuba hannayen jari na ciki da wajen kasar su dakata da zuna hannayen jari .","sentence","8","{""source"": ""VOA Hausa"", ""split"": ""train"", ""dialect_assigned_default"": true}"
"Gaskiya ne akwai cewa za a samu ci gaba a tattalin arzikin kasa , koda yake , abin da zai dan shafi abin shi ne , zaben da za a yi 2019 , zai dan sa wadanda za su saka hannun jari a kasar su dan ji dar-dar .","sentence","8","{""source"": ""VOA Hausa"", ""split"": ""train"", ""dialect_assigned_default"": true}"
"” In ji masanin tattalin arziki ta fuskar siyasa , Malam Isa Imam .","sentence","8","{""source"": ""VOA Hausa"", ""split"": ""train"", ""dialect_assigned_default"": true}"
"Imam wanda har ila yau wakili ne a kungiyar tattalin arziki ta Najeriya , ya kara da cewa , amma da zaran an gama zaben , aka tabbatar da gwamnati , abubuwa za su ( ci gaba da ) tafiya .","sentence","8","{""source"": ""VOA Hausa"", ""split"": ""train"", ""dialect_assigned_default"": true}"
"A cewar Imam , akwai tsare-tsare da gwamnati ta tanadar a cikin kasafin kudin bana , wadanda suka shafi fannin noma , kananan masana’antu da kuma fannin saka hannayen jari da ba da tallafi .","sentence","8","{""source"": ""VOA Hausa"", ""split"": ""train"", ""dialect_assigned_default"": true}"
"Ba dai kasafai za ka ji ‘yan Najeriyar na bayyana cewa su na ganin bunkasar tattalin arzikin ba , amma dai wasu ‘yan kasuwa na da ra’ayin cewa farashin wasu kayayyakin masarufi sun sauka .","sentence","8","{""source"": ""VOA Hausa"", ""split"": ""train"", ""dialect_assigned_default"": true}"
"Shekarar bana sai dai a ce alhamudulillahi , ba kamar shekarar da ta gabata ba , abubuwa da dama an samu saukinsu , kamar irinsu su shinkafa , siga , da su masara gaskiya sun sauka sosai tsakani da Allah .","sentence","8","{""source"": ""VOA Hausa"", ""split"": ""train"", ""dialect_assigned_default"": true}"
"In ji wani dan kasuwa mai suna Musa Suleman a Legas .","sentence","8","{""source"": ""VOA Hausa"", ""split"": ""train"", ""dialect_assigned_default"": true}"
"Amma ba a rasa wadansu da ke da ra’ayin cewa , farashin na kayayyaki ba sa sauka , asali ma tashi suke yi .","sentence","8","{""source"": ""VOA Hausa"", ""split"": ""train"", ""dialect_assigned_default"": true}"
"Su dai bangaren yan adawa a kasar , na kokawa da yadda ake tafiyar da harkokin tattalin arzikin na Najeriya , inda suke ikrarin har yanzu babu wani sauyi da aka samu .","sentence","8","{""source"": ""VOA Hausa"", ""split"": ""train"", ""dialect_assigned_default"": true}"
"Batun canza kudaden ketare irinsu dala na daga cikin abubuwan da ‘yan adawan ke cewa na kawo tarnaki wajen bunkasar tattalin arzikin Najeirya , kamar yadda dan takarar shugaban kasa karkashin babbar jam’iyyar adawa ta PDP , Atiku Abubakar ya fada a hirar da ya yi da Sashen Hausa .","sentence","8","{""source"": ""VOA Hausa"", ""split"": ""train"", ""dialect_assigned_default"": true}"
"Ya za a yi a ce yau farashin dala na da matakan farashi wajen hudu ko biyar ?","sentence","8","{""source"": ""VOA Hausa"", ""split"": ""train"", ""dialect_assigned_default"": true}"
"Wani a ce ya saya 300 , wani ace ya saya 305 , wani 310 , ya za a yi a karfafa naira , ba zai yi wu ba .","sentence","8","{""source"": ""VOA Hausa"", ""split"": ""train"", ""dialect_assigned_default"": true}"
"In ji Atiku , wanda tsohon mataimakin shugaban kasa ne .","sentence","8","{""source"": ""VOA Hausa"", ""split"": ""train"", ""dialect_assigned_default"": true}"
"Ya kara da cewa , in ni ne shugaban kasa , sai na hada ( farashin ) duk wuri guda , duk sai su zama farashi guda , saboda yan kasuwa na ciki da da waje kowa ya san lallai ga yadda farashin yake .","sentence","8","{""source"": ""VOA Hausa"", ""split"": ""train"", ""dialect_assigned_default"": true}"
"Sai dai shugaba mai ci , Muhammadu Buhari wanda zai kara da Atiku a zaben na watan Fabrairu , ya ce , lissafin da suka yi na bunkasa tattalin arzikin kasar ya ta'allaka ne akan kasafin kudin bana .","sentence","8","{""source"": ""VOA Hausa"", ""split"": ""train"", ""dialect_assigned_default"": true}"
"Inda muka nufa din","sentence","8","{""source"": ""VOA Hausa"", ""split"": ""train"", ""dialect_assigned_default"": true}"
", mun saka shi ne a lissafin tono mai ganga miliyan 2 .","sentence","8","{""source"": ""VOA Hausa"", ""split"": ""train"", ""dialect_assigned_default"": true}"
"3 akan dalar America 60 kuma akan kowacce dala naira 305 .","sentence","8","{""source"": ""VOA Hausa"", ""split"": ""train"", ""dialect_assigned_default"": true}"
"In ji Buhari .","sentence","8","{""source"": ""VOA Hausa"", ""split"": ""train"", ""dialect_assigned_default"": true}"
"Ya kara da cewa , tafiyar da gwamnati , dole a nunawa mutane hanyar da za a bi a samu kudin da kuma yadda za a kashe kudin , kuma mun nuna batun hanyoyi da tsaro da biyan ma'aikata akan wannan .","sentence","8","{""source"": ""VOA Hausa"", ""split"": ""train"", ""dialect_assigned_default"": true}"
"Saurari wannan rahoton na Babangida Jibril domin jin cikakken bayani da kuma yadda shawara da aka ba jama’a domin bunkasa hanyoyin shigar kudadensu , da kuma tsokacin da ‘yan kasuwar kasar wajen ke yi kan tattalin arzikin na Najeriya :","sentence","8","{""source"": ""VOA Hausa"", ""split"": ""train"", ""dialect_assigned_default"": true}"
"Daruruwan Mata Sun Tattaru A Kofar Majalisar Dokokin Najeriya","sentence","8","{""source"": ""VOA Hausa"", ""split"": ""train"", ""dialect_assigned_default"": true}"
"A yau Jumma’a mata sun yi ta wake-waken cewa suna bukatar a basu kashi hamsin cikin dari na mukamai a lokacin da daruruwan su daga jihohin kasar talatin da shida , ciki har da birnin tarayya suka yi wani jerin gwano daga dandalin Eagle Square zuwa kofar majalisar dokokin Najeriya a birnin na Abuja a karkashin wata hadakar kungiya mai suna Coalition of Women Groups .","sentence","8","{""source"": ""VOA Hausa"", ""split"": ""train"", ""dialect_assigned_default"": true}"
"Daya daga cikin shugabannin kungiyar Binta Kasimu , ta ce sun zo majalisar ne domin su bayyana bukatun su na neman mukamai , kuma a ganinta mata sun cancanta tun da dama cancanta a ke so ba dauki-dora ba .","sentence","8","{""source"": ""VOA Hausa"", ""split"": ""train"", ""dialect_assigned_default"": true}"
"Ita kuma tsohuwar shugabar kungiyar mata ‘yan jarida ta kasa Madam Evelyn Onyilo , ta ce har yanzu a Najeriya babu mata da suka kai kashi talatin da biyar cikin dari , saboda haka dole ne a yi adalci a nada mata sha shida a gwamnati mai jiran gado .","sentence","8","{""source"": ""VOA Hausa"", ""split"": ""train"", ""dialect_assigned_default"": true}"
"Maryam Aliyu Abdullahi , daya daga cikin wadanda suka yi tattakin , ta ce sun zo majalisar ne domin a","sentence","8","{""source"": ""VOA Hausa"", ""split"": ""train"", ""dialect_assigned_default"": true}"
"ne suke da wakilan da zasu ji kukan su , ta kuma nemi wakilan su dube su da idon rahama a ba su abinda ya dace .","sentence","8","{""source"": ""VOA Hausa"", ""split"": ""train"", ""dialect_assigned_default"": true}"
"A cewar Aishatu Adamu , mata suna da ilimi da ta ke ganin ya ma fi na maza , tun da su ma mata suna da kwararrun likitoci da injiniyoyi , da farfesoshi , kuma hasali ma mata ne iyayen duniya .","sentence","8","{""source"": ""VOA Hausa"", ""split"": ""train"", ""dialect_assigned_default"": true}"
"A saboda haka idan aka ba namiji mukami daya , ita ma mace a bata , a yi raba daidai .","sentence","8","{""source"": ""VOA Hausa"", ""split"": ""train"", ""dialect_assigned_default"": true}"
"A wata kididdiga da kungiyar kwadago ta duniya da ake kira ILO a takaice ta yi , ya nuna cewa mata suna baya a yawan ma'aikata a duniya da biliyan daya da miliyan dari uku sabanin maza da suka kai biliyan biyu .","sentence","8","{""source"": ""VOA Hausa"", ""split"": ""train"", ""dialect_assigned_default"": true}"
"Ga karin bayani cikn sauti daga Medina Dauda .","sentence","8","{""source"": ""VOA Hausa"", ""split"": ""train"", ""dialect_assigned_default"": true}"
"Me ‘Yan Najeriya Ke Cewa Kan Dage Zaben Shugaban Kasa ?","sentence","8","{""source"": ""VOA Hausa"", ""split"": ""train"", ""dialect_assigned_default"": true}"
"‘Yan Najeriya na ci gaba da tofa albarkacin bakinsu , tun bayan da hukumar zaben kasar ta INEC ta bayyana cewa ta dage zaben shugaban kasa da na ‘yan Majalisu da aka tsara za a yi a yau Asabar .","sentence","8","{""source"": ""VOA Hausa"", ""split"": ""train"", ""dialect_assigned_default"": true}"
"Da yawa daga cikin ‘yan kasar sun wayi gari ne da jin labarin wanda aka sanar da shi da tsakar daren jiya Juma’a .","sentence","8","{""source"": ""VOA Hausa"", ""split"": ""train"", ""dialect_assigned_default"": true}"
"Shugaban Hukumar ta INEC , Farfesa Mahmud yakubu ne ya bayyana manema labarai shirin dage zaben .","sentence","8","{""source"": ""VOA Hausa"", ""split"": ""train"", ""dialect_assigned_default"": true}"
"Hukumar ta INEC ta ambaci wasu matsaloli da suka shafi rarraba kayayyakin zabe a matsayin dalilan da ya sa ta dage zaben zuwa 23 ga watan Fabrairu .","sentence","8","{""source"": ""VOA Hausa"", ""split"": ""train"", ""dialect_assigned_default"": true}"
"Hukumar har ila yau ta dage zaben gwamnoni zuwa 9 ga watan Maris a maimakon 2 ga wata , kamar yadda aka tsara .","sentence","8","{""source"": ""VOA Hausa"", ""split"": ""train"", ""dialect_assigned_default"": true}"
"Wannan dai ba shi na karon farko da aka dage zabe a Najeriya ba , ko a 2015 ma an dage zabe , bayan da aka bayyana cewa babu cikakken tsaro .","sentence","8","{""source"": ""VOA Hausa"", ""split"": ""train"", ""dialect_assigned_default"": true}"
"Wannan lamari ya sa ‘yan Najeriya na ta bayyana mabanbantan raayoyi , inda yayin da wasu ke sukar lamarin wasu kuwa cewa matakin ya yi daidai idan har akwai matsalar da aka hango .","sentence","8","{""source"": ""VOA Hausa"", ""split"": ""train"", ""dialect_assigned_default"": true}"
"Saurari ra’ayoyin da wakilanmu Sani Malumfashi da Ibrahim Abdulaziz suka tattaro mana daga Katsina da Adamawa :","sentence","8","{""source"": ""VOA Hausa"", ""split"": ""train"", ""dialect_assigned_default"": true}"
"Zanga Zangar Juyin Juya Hali Ya Shiga Wani Hali","sentence","8","{""source"": ""VOA Hausa"", ""split"": ""train"", ""dialect_assigned_default"": true}"
"Wadannan matakan ne suka yi sanadiyar cunkuson ababen hawa a wasu titunan gefen Abuja da ba a faye samun hakan ba da rana tsaka .","sentence","8","{""source"": ""VOA Hausa"", ""split"": ""train"", ""dialect_assigned_default"": true}"
"Akalla dai wata kungiyar tattaunawar musulmi da kirista da jagorancin Pasto Simon AS Dolly ta gudanar da taro don nuna rashin amincewa da zanga-zangar .","sentence","8","{""source"": ""VOA Hausa"", ""split"": ""train"", ""dialect_assigned_default"": true}"
"Taron a masaukin baki na majami’ar Katolika dake unguwar Zone 6 a Abuja ya bukaci masu zanga-zangar su janye matsayar su da bin matakin tattaunawa don warware abin dake damun su .","sentence","8","{""source"": ""VOA Hausa"", ""split"": ""train"", ""dialect_assigned_default"": true}"
"Tijjani Abdulmumin dake jagorantar bangaren matasa a kungiyar , yace duk da akwai matsalar kuncin rayuwa a mulkin da ke kan gado , amma in a ka yi la’akari da yadda fitina kan durkusar da kasa , barin fito-na-fiton ya fi alheri .","sentence","8","{""source"": ""VOA Hausa"", ""split"": ""train"", ""dialect_assigned_default"": true}"
"An samu labarin a Lagos an so gudanar da zanga-zangar inda ‘yan sanda su ka jefa hayaki mai sa kwalla da kuma kama wasu mutane .","sentence","8","{""source"": ""VOA Hausa"", ""split"": ""train"", ""dialect_assigned_default"": true}"
"Madugun zanga-zangar juyin juya hali Omoyele Sowore na hannun ‘yan sandan farin kaya DSS .","sentence","8","{""source"": ""VOA Hausa"", ""split"": ""train"", ""dialect_assigned_default"": true}"
"Magoya bayan Sowore sun garzaya hukumar kare hakkin ‘yan adam inda su ka nemi a sake shi da nuna su na da ‘yancin bayyana ra’ayin su .","sentence","8","{""source"": ""VOA Hausa"", ""split"": ""train"", ""dialect_assigned_default"": true}"
"Haka","sentence","8","{""source"": ""VOA Hausa"", ""split"": ""train"", ""dialect_assigned_default"": true}"
"sun yi zargin an so murkushe da dai sun yi yunkurin isa dandalin bayyana ra’ayi na UNITY , inda ‘yan sanda su ka taru a bigiren don dakile masu son zanga-zangar ta kin jinin gwamnati .","sentence","8","{""source"": ""VOA Hausa"", ""split"": ""train"", ""dialect_assigned_default"": true}"
"Hakanan da sojojin haya da su ka zo a motocin safa biyu don birkita muradin .","sentence","8","{""source"": ""VOA Hausa"", ""split"": ""train"", ""dialect_assigned_default"": true}"
"Ga rahoton wakilin Nasiru Adamu Elhikaya daga birnin Abuja :","sentence","8","{""source"": ""VOA Hausa"", ""split"": ""train"", ""dialect_assigned_default"": true}"
"Rijiyar Kolmani Na Kan Gaba A Aikin Gano Mai A Arewacin Najeriya","sentence","8","{""source"": ""VOA Hausa"", ""split"": ""train"", ""dialect_assigned_default"": true}"
"Hakan ya biyo bayan rijiyar Kolmani ta farko da aka fara aiki a kanta a 1999 inda aka samu iskar gas , yanzu kuma aka toni fiye da kafa dubu 10 da muradun kaiwa kafa dubu 14,270 don kammala aikin rijiyar ta biyu .","sentence","8","{""source"": ""VOA Hausa"", ""split"": ""train"", ""dialect_assigned_default"": true}"
"Sabon shugaban kamfanin fetur Mele Kyari ya ci alwashin bunkasa kamfanin da irin wannan aiki kazalika da tada matatu 4 kafin karewar wa'adin mulkin shugaba Buhari a 2023 .","sentence","8","{""source"": ""VOA Hausa"", ""split"": ""train"", ""dialect_assigned_default"": true}"
"Lamarin aikin gano man ya Kara fitowa fili ne a watan jiya yayin mika ragama a hukumance da tsohon shugaban kamfanin fetur NNPC Maikanti Kachalla Baru ya yi ga sabon shugaban Mele Kolo Kyari .","sentence","8","{""source"": ""VOA Hausa"", ""split"": ""train"", ""dialect_assigned_default"": true}"
"Bayanai daga aikin nemo man na nuna samuwar man a yankin Neja har zuwa tafkin Chadi wanda aikin ya samu tsaiko a yankin kan iyaka saboda illar Boko Haram da kan sace ko barazana ga rayuwar jami'an binciken man .","sentence","8","{""source"": ""VOA Hausa"", ""split"": ""train"", ""dialect_assigned_default"": true}"
"Alamu dai na nuna samun man zai zaburad da samun kudin shiga a arewa , a maimakon dogaro kacokan kan noma da kiwoSaurari cikakken rahoton Nasiru Adamu Elhikaya","sentence","8","{""source"": ""VOA Hausa"", ""split"": ""train"", ""dialect_assigned_default"": true}"
"Kungiyoyi Sun Ce Ba Za Su Zuba Ido Matakan Tsaro Na Sukurkucewa Ba","sentence","8","{""source"": ""VOA Hausa"", ""split"": ""train"", ""dialect_assigned_default"": true}"
"Cibiyar bincike da bunkasa Arewa ta ARDP ta ce ba za ta zuba ido harkokin tsaro na ci gaba da tabarbarewa a cikin kasar ba , saboda alhaki ne da ya rataya a wuyan duk wani dan kasa ya tabbatar da ganin sha’anin tsaro ya inganta a fadin Najeriya .","sentence","8","{""source"": ""VOA Hausa"", ""split"": ""train"", ""dialect_assigned_default"": true}"
"Shugaban Cibiyar Dakta Usman Bugaje , wanda ke amsa tambayoyin manema labaru a lokacin wani taron manema labaran a birnin Kaduna , ya ce yanzu haka kungiyar ta kammala shirya wani babban taro kan tsarkake tsamin tsaro a Kaduna a watan gobe ta Yuli .","sentence","8","{""source"": ""VOA Hausa"", ""split"": ""train"", ""dialect_assigned_default"": true}"
"Da yake ci gaba da bayani , Dakta Bugaje ya ce kungiyar ci gaban Arewa ta ARDP tayi hadin gwiwa da kungiyoyi kamar su kungiyar SABMF da SCDDD wurin gudanar da taro a kan gudunmuwar da kowa zai bayar domin shawo kan matsalolin tsaro a kasar .","sentence","8","{""source"": ""VOA Hausa"", ""split"": ""train"", ""dialect_assigned_default"": true}"
"Dakta Bugaje ya ce dole ne a fada wa gwamnati gaskiya kuma a nuna mata inda ta gaza domin ta gyara aikinta na tsaron al’umma , amma ba wai a yi ta yabon gwamnati alhalin kuma tana nuna gazawarta a kan babban aikinta na kula da sha’anin tsaron kasa .","sentence","8","{""source"": ""VOA Hausa"", ""split"": ""train"", ""dialect_assigned_default"": true}"
"Ya Kara da cewa suna kokarin duban inda gwamnatin ta gaza ne domin su ma su bada tasu gudunmuwa a matsayin sun a ‘yan kasa domin a gudu tare kuma a tsira tare .","sentence","8","{""source"": ""VOA Hausa"", ""split"": ""train"", ""dialect_assigned_default"": true}"
"Kungiyar ta ARDP ta ce ta gayyaci duk wasu masu ruwa da tsaki a fannin kula da sha’anin tsaron Najeriya da duk rundunonin tsaro a Najerira , kana ta ce ta tabbatar da sakwannin gayyatar sun isa ga duk wadanda aka bukaci halartarsu .","sentence","8","{""source"": ""VOA Hausa"", ""split"": ""train"", ""dialect_assigned_default"": true}"
"Ga dai rahoton da Isa Lawal Ikara ya aiko mana daga Kaduna :","sentence","8","{""source"": ""VOA Hausa"", ""split"": ""train"", ""dialect_assigned_default"": true}"
"INEC Ta Yi Kukan Yadda Aka Ci Zarafin Ma’aikatanta a Zaben Shugaban Kasa","sentence","8","{""source"": ""VOA Hausa"", ""split"": ""train"", ""dialect_assigned_default"": true}"
"Da yake jawabi a taron manema labaru Yau a Abuja , shugaban hukumar zaben kasar Farfesa Mahmud Yakubu , ya ce sun damu matuka da yadda ake kai Hari akan akwatunan zabe , rajistar zabe , dakunan Jefa Kuri’a da ma na'urorin tantance masu zabe wadanda yan dabar siyasa suka lalata masu a wancan zaben da ya gabata .","sentence","8","{""source"": ""VOA Hausa"", ""split"": ""train"", ""dialect_assigned_default"": true}"
"Farfesa Yakubu ya ce babbar damuwar ma itace yadda ake garkuwa da Jami'ansu a tursasa masu fadin sakamakon zabe na karya .","sentence","8","{""source"": ""VOA Hausa"", ""split"": ""train"", ""dialect_assigned_default"": true}"
"Al'amarin da yace ba za su amince dashi ba .","sentence","8","{""source"": ""VOA Hausa"", ""split"": ""train"", ""dialect_assigned_default"": true}"
"Ya tabbatar da cewa ba zasu bada takardar shaida ga duk wanda aka ce ya lashe zabe ta irin wannan hanya ba .","sentence","8","{""source"": ""VOA Hausa"", ""split"": ""train"", ""dialect_assigned_default"": true}"
"Shugaban hukumar zaben Najeriya ya bada tabbacin cewa zasu yi aiki kafada da kafada da rundunar ‘yan sandan kasar wajen ‘kara inganta yanayin tsaro a zaben da za ayi gobe na Gwamnoni da na ‘yan Majalisun jihohi .","sentence","8","{""source"": ""VOA Hausa"", ""split"": ""train"", ""dialect_assigned_default"": true}"
"An Yi Bikin Ranar Zaman Lafiya Ta Duniya A Garin Jos","sentence","8","{""source"": ""VOA Hausa"", ""split"": ""train"", ""dialect_assigned_default"": true}"
"Zaman tattaunawa da rungumar juna ba tare da nuna bambancin kabila ko addini ba , na daga ginshikin zaman lafiya mai dorewa a tsakanin al’umma .","sentence","8","{""source"": ""VOA Hausa"", ""split"": ""train"", ""dialect_assigned_default"": true}"
"A bikin ranar zaman lafiya ta duniya da aka gudanar a garin Jos , al’umma da dama sun bayyana cewa akidar yafiya tsakanin wadanda suka sami sabani a baya , zai taimaka wajen samun dawwamammen zaman lafiya da ci gaban kasa baki daya .","sentence","8","{""source"": ""VOA Hausa"", ""split"": ""train"", ""dialect_assigned_default"": true}"
"Basarake a yankin Rantya-gyel da ke Karamar Hukumar Jos Ta Kudu , Da Dalyop Pam , ya ce , duk da rikcin da aka samu a unguwannin makwabtansu , sun dauki matakan tattaunawa tsakanin Kirista da Musulmi don haka su ke zaune lafiya da juna .","sentence","8","{""source"": ""VOA Hausa"", ""split"": ""train"", ""dialect_assigned_default"": true}"
"Abdullahi Rocky Boy , da ke fafutukar wanzar da zaman lafiya a garin Jos , ya ce , dole iyaye su dukufa wajen tarbiyantar da ‘ya’yansu .","sentence","8","{""source"": ""VOA Hausa"", ""split"": ""train"", ""dialect_assigned_default"": true}"
"Shugaban kungiyar matasan Fulani ta Jonde Jam , Alhaji Saidu Maikano , ya ce , ci gaba na samuwa ne idan al’umma sun zauna lafiya .","sentence","8","{""source"": ""VOA Hausa"", ""split"": ""train"", ""dialect_assigned_default"": true}"
"Sakataren gwamnatin jahar Filato , Farfesa Danladi Atu , ya ce , gwamnati na kokarin hada kan jama’a .","sentence","8","{""source"": ""VOA Hausa"", ""split"": ""train"", ""dialect_assigned_default"": true}"
"Ga cikakken rahoton wakiliyar Muryar Amurka Zainab Babaji , daga Jos .","sentence","8","{""source"": ""VOA Hausa"", ""split"": ""train"", ""dialect_assigned_default"": true}"
"A Jihar Filato , Jami’iyyar PDP Ta Zargi Jami’iyyar APC Da Shirin Yin Magudi","sentence","8","{""source"": ""VOA Hausa"", ""split"": ""train"", ""dialect_assigned_default"": true}"
"Jami’iyyar PDP a jihar Filato ta zargi jami’iyyar APC da kokarin yin magudi a zaben gwamna da na ‘yan majalisun dokokin jiha da za’a gudanar ranar Asabar mai zuwa .","sentence","8","{""source"": ""VOA Hausa"", ""split"": ""train"", ""dialect_assigned_default"": true}"
"Shugaban jami’iyyar PDP a jihar Filato , Damishi Sango yace sun sami bayanan dake cewa APC na kokarin kwashe kayan zabe daga babban bankin tarayya dake birnin Jos , duk da shike shugaban bankin ya ki amincewa da shirin su .","sentence","8","{""source"": ""VOA Hausa"", ""split"": ""train"", ""dialect_assigned_default"": true}"
"Sakataren jami’iyyar APC a jihar Filato , Alhaji Bashir Musa Sati , ya ce jam'iyyar PDP na shure-shure ne kawa wanda baya hana mutuwa .","sentence","8","{""source"": ""VOA Hausa"", ""split"": ""train"", ""dialect_assigned_default"": true}"
"Mai ba gwamnan jihar Filato shawara kan harkokin ma’aikata , Malam Jibrin Bachir ya ce a yanzu dai jama’ar Filato sai san barka suke saboda ci gaba da zaman lafiya da aka samu a jihar .","sentence","8","{""source"": ""VOA Hausa"", ""split"": ""train"", ""dialect_assigned_default"": true}"
"Kungiyar Kwadago Ta Najeriya Ta Yi Tir Da Hallaka ‘Yan Najeriya A Afurka Ta Kudu","sentence","8","{""source"": ""VOA Hausa"", ""split"": ""train"", ""dialect_assigned_default"": true}"
"Kungiyar kwadago ta kamfanoni masu zaman kansu TUC ta nuna matukar damuwa ga yadda yan Afurka Ta Kudu su ka far wa yan Najeriya da cin zarafi har ma da kisa , duk da yadda Najeriya ta taimaki kasar ta samu yanci daga wariyar launin fata .","sentence","8","{""source"": ""VOA Hausa"", ""split"": ""train"", ""dialect_assigned_default"": true}"
"Jami'in kungiyar , Nuhu Toro , ya yi karin bayani bayan sanarwa da kungiyar ta rabawa manema labaru .","sentence","8","{""source"": ""VOA Hausa"", ""split"": ""train"", ""dialect_assigned_default"": true}"
"Toro ya ce akwai lokacin da ta kai ga ma'aikatan Najeriya su ka tara gudunmawa su ka aikawa kungiyar gwagwarmayar bakaken fata ta ANC karkashin marigayi Nelson Mandela .","sentence","8","{""source"": ""VOA Hausa"", ""split"": ""train"", ""dialect_assigned_default"": true}"
"Sai dai kungiyar TUC ta bukaci shugaban Afirka ta Kudu , Cyril Ramaphosa , ya dau matakan hana bata gari kai hari kan yan Najeriya da al'ummar wasu kasashen da ke zaune a kasar .","sentence","8","{""source"": ""VOA Hausa"", ""split"": ""train"", ""dialect_assigned_default"": true}"
"Duk da haka , TUC ta ce ba daidai ba ne huce haushi da wasu matasan Najeriya su ka yi kan kamfanin sadarwa na MTN da kasuwar Shoprite duk mallakar yan Afurka Ta Kudu a manyan biranen Najeriya .","sentence","8","{""source"": ""VOA Hausa"", ""split"": ""train"", ""dialect_assigned_default"": true}"
"Saurari cikakken rahoton Nasiru Adamu El-Hikaya daga Abuja :","sentence","8","{""source"": ""VOA Hausa"", ""split"": ""train"", ""dialect_assigned_default"": true}"
"An Yi Wa Manhajar WhatsApp Kutse","sentence","8","{""source"": ""VOA Hausa"", ""split"": ""train"", ""dialect_assigned_default"": true}"
"An yi wa manhajar sada zumunta ta WhatsApp mallakar kamfanin Facebook kutse , a cewar shugabannin kamfanin .","sentence","8","{""source"": ""VOA Hausa"", ""split"": ""train"", ""dialect_assigned_default"": true}"
"WhatsApp ya yi kira ga daukacin masu amfani da manhajar wacce akalla mutum biliyan 1 .","sentence","8","{""source"": ""VOA Hausa"", ""split"": ""train"", ""dialect_assigned_default"": true}"
"5 ke amfani da ita , da su sabunta manhajarsu , kamar yadda kamfanin dillancin labarai na Reuters ya ruwaito .","sentence","8","{""source"": ""VOA Hausa"", ""split"": ""train"", ""dialect_assigned_default"": true}"
"Kamfanin bai bayyana adadin mutanen da kutsen ya shafa ba , amma ya ce ya shawo kan lamarin , inda ya bukaci mutane da su sabunta manhajar ta WhatsApp a wayoyinsu .","sentence","8","{""source"": ""VOA Hausa"", ""split"": ""train"", ""dialect_assigned_default"": true}"
"Manhajar ta WhatsApp , kan yi tunkaho da irin kwararan matakan da ta dauka wajen sirranta duk wani bayani da ke cikinta .","sentence","8","{""source"": ""VOA Hausa"", ""split"": ""train"", ""dialect_assigned_default"": true}"
"Yadda Kutsen Ya FaruMasu kutsen sun kirkiri wata manhaja ce da suke dasawa a wayoyin masu amfani da manhajar ta WhatsApp domin kwasar bayanai .","sentence","8","{""source"": ""VOA Hausa"", ""split"": ""train"", ""dialect_assigned_default"": true}"
"Hakan ya kan ba su damar yin kutse , inda sukan iya leken asirin wayoyin masu amfani da manhajar ta WhatsApp .","sentence","8","{""source"": ""VOA Hausa"", ""split"": ""train"", ""dialect_assigned_default"": true}"
"Masu kutsen sukan kira lambar wanda suke so su tatsi bayanansa , sai su kwashi bayanan da suke bukata , ko da mutum bai amsa wayar ba .","sentence","8","{""source"": ""VOA Hausa"", ""split"": ""train"", ""dialect_assigned_default"": true}"
"Su kan kira mutane ne ta manhajar ta WhatsApp , a cewar jaridar Financial Times , wacce ta ce ita ta fara gano matsalar .","sentence","8","{""source"": ""VOA Hausa"", ""split"": ""train"", ""dialect_assigned_default"": true}"
"An Hallaka Wasu Wakilan Zabe A Jihar Taraba","sentence","8","{""source"": ""VOA Hausa"", ""split"": ""train"", ""dialect_assigned_default"": true}"
"Rahotanni sun bayyana cewa wasu yan bindiga da ba’a san ko su wanene ba , sun hallaka wasu wakilan zabe wato Agents na jam’iyar APC a jihar Taraba , ciki harda wani na hannun daman dan takarar gwamna na jam’iyar APC Sani Abubakar Danladi .","sentence","8","{""source"": ""VOA Hausa"", ""split"": ""train"", ""dialect_assigned_default"": true}"
"Kuma an yi musu kwantar bauna ne , lokacin da suke raka sakamakon zabe zuwa cibiyar hada sakamakon watau Collection Centre na mazabar Amar , dake cikin karamar hukumar Karim Lamido , a arewacin jihar .","sentence","8","{""source"": ""VOA Hausa"", ""split"": ""train"", ""dialect_assigned_default"": true}"
"Mr Aron Arthimas dake zama kakakin jam’iyar APC a jihar , ya ce sun kadu da wannan tashin hankalin .","sentence","8","{""source"": ""VOA Hausa"", ""split"": ""train"", ""dialect_assigned_default"": true}"
"To sai dai kuma , kawo yanzu rundunan yan sandan jihar Taraba , ta bakin kakakinta David Misal , ta ce ba zata kyale ba .","sentence","8","{""source"": ""VOA Hausa"", ""split"": ""train"", ""dialect_assigned_default"": true}"
"Kawo yanzu haka ma dai ana cigaba da hada hancin sakamakon zaben dake fitowa daga kananan hukumomi , yayin da sai a yau ne za’a gudanar da zaben a wasu yankuna na jihar Taraba , sakamakon tangardar da aka samu a jiya .","sentence","8","{""source"": ""VOA Hausa"", ""split"": ""train"", ""dialect_assigned_default"": true}"
"Domin cikakken bayani saurari rahotan Ibrahim Abdulaziz .","sentence","8","{""source"": ""VOA Hausa"", ""split"": ""train"", ""dialect_assigned_default"": true}"
"An Kafa Kwamitin Da Zai Binciki Zargin Da Ake Yi Wa Sojojin Najeriya Lokacin Zabe","sentence","8","{""source"": ""VOA Hausa"", ""split"": ""train"", ""dialect_assigned_default"": true}"
"Kwamitin Wanda keda Wakilcin hafsoshi tara zai binciki irin rawar da sojojin suka taka ko wani abu da suka yi da ya sabawa ka'idoji da sharuddan aiki ya yin zaben da aka kammala a kasar .","sentence","8","{""source"": ""VOA Hausa"", ""split"": ""train"", ""dialect_assigned_default"": true}"
"Tuni dai kwamitin ya tattaro bayanai daga wadanda keda korafi don tantance sahihancin da akewa dakarun ciki har da zargin yunkurin kisan gilla ga gwamnan jihar Rivers Nyesome Wike .","sentence","8","{""source"": ""VOA Hausa"", ""split"": ""train"", ""dialect_assigned_default"": true}"
"Kwamitin kazalika zai binciki kashe wani Hafsa mai mukamin Laftanar da raunata karin wani Hafsa da wasu sojoji ya yin zaben Gwamna a jihar .","sentence","8","{""source"": ""VOA Hausa"", ""split"": ""train"", ""dialect_assigned_default"": true}"
"Gwamnan jihar Rivers Wanda Ya yi bayani ga yan kwamitin ya yi korafin irin shishshigi da sojoji a jiharsa sukai ya yin zaben al'amarin da ya bayyana ko kadan bai cancanta ba .","sentence","8","{""source"": ""VOA Hausa"", ""split"": ""train"", ""dialect_assigned_default"": true}"
"Masanin kimiyyar siyasa Farfesa Jibrin Ibrahim wanda ke zama wakili a cibiyar raya demokradiyya ta CDD , ya ce lalle kan bincike abune mai kyau , amma da bai kamata ace sojojinne zasu gudanar dashi ba duba da yadda suma ake zarginsu .","sentence","8","{""source"": ""VOA Hausa"", ""split"": ""train"", ""dialect_assigned_default"": true}"
"Ya ce kamata ya yi a sami wasu yan baruwanmu suyi binciken don tabbatar da gaskiya da kore zarge-zarge a kuma dauki matakan hana faruwar hakan","sentence","8","{""source"": ""VOA Hausa"", ""split"": ""train"", ""dialect_assigned_default"": true}"
"gaba .","sentence","8","{""source"": ""VOA Hausa"", ""split"": ""train"", ""dialect_assigned_default"": true}"
"Simon Lalong Ya Yi Alkawarin Kawo Sauyi A Jihar Filato","sentence","8","{""source"": ""VOA Hausa"", ""split"": ""train"", ""dialect_assigned_default"": true}"
"Biyo bayan rantsuwar kama aiki da gwamnan jahar Filato Simon Lalong ya yi na ci gaba da shugabancin jihar karo na biyu , wasu al’ummar jihar sun bayyana fatar samun sauyi masu inganci da zasu kyautata rayuwar su .","sentence","8","{""source"": ""VOA Hausa"", ""split"": ""train"", ""dialect_assigned_default"": true}"
"Babban batu da yafi dauke hankalin mutane Filato shine batun baiwa matsa aiki yi domin dogaro da kai .","sentence","8","{""source"": ""VOA Hausa"", ""split"": ""train"", ""dialect_assigned_default"": true}"
"Sai batun batun ilimi da inganta karatu ta yanda matasa ba zasu dogara da ayyukan gwamnati ba , su iya kafa sana’o’i domin taimakawa kawunan su kuma hakan zai sa a samu saukin tashe tashen hankula a jihar .","sentence","8","{""source"": ""VOA Hausa"", ""split"": ""train"", ""dialect_assigned_default"": true}"
"Shiko gwamnan jihar Filato , a hira sa da Muryar Amurka a kwanakin baya , ya yi bayani a kan abubuwan da zai fuskanta a mulkin sa karo na biyu , da suka hada da biyan albashin ma’aikata da samar da tsaro ga al’ummar jihar .","sentence","8","{""source"": ""VOA Hausa"", ""split"": ""train"", ""dialect_assigned_default"": true}"
"Shima gwamnan jihar Jigawa Muhammad Badaru Abubakar wanda ma’abucin jihar Pilato ne yace yana da yakinin Simon Lalong zai samar da sauye-sauye masu inganci a jahar .","sentence","8","{""source"": ""VOA Hausa"", ""split"": ""train"", ""dialect_assigned_default"": true}"
"Wakiliyar mu a Filato Zainab Babaji ta shirya mana wannan rahoto :","sentence","8","{""source"": ""VOA Hausa"", ""split"": ""train"", ""dialect_assigned_default"": true}"
"Zaben Jihohin Bauchi Da Gombe Yana Gudana Cikin Lumana","sentence","8","{""source"": ""VOA Hausa"", ""split"": ""train"", ""dialect_assigned_default"": true}"
"An bayyan zaben gwamnoni a jihohin Bauchi da kuma Gombe da cewa ya yi sauki idan aka kwatanta shi da na shugaban kasa da yan majalisun tarayya da aka gudanar a ranar 23 ga watan da ya gabata .","sentence","8","{""source"": ""VOA Hausa"", ""split"": ""train"", ""dialect_assigned_default"": true}"
"Sai dai zaben kujerar gwamnan da na yan majalisun jihohin , takara ce mai zafi a tsakanin manyan jam’iyun APC da kuma PDP .","sentence","8","{""source"": ""VOA Hausa"", ""split"": ""train"", ""dialect_assigned_default"": true}"
"A jihar Bauchi takara ce tsakanin tsohon ministan tarayya Bala Muhammed Kauran Bauchi , na jam’iyar PDP da kuma Gwamna Muhammed Abdullahi mai son yin tazarce a Jam’iyar APC .","sentence","8","{""source"": ""VOA Hausa"", ""split"": ""train"", ""dialect_assigned_default"": true}"
"A jihar Gombe kuwa takara ce tsakanin tsohon mataimakin kakakin majalisar tarayya wanda a hali yanzu sanata ne dake takarar kujerar gwamna a tutan jam'iyyar PDP .","sentence","8","{""source"": ""VOA Hausa"", ""split"": ""train"", ""dialect_assigned_default"": true}"
"Abokin takararsa shine Muhammad Inuwa Yahaya daga jam’iyar APC mai adawa kuma wannan shine karo na uku da yake yin takara , ya kuma ce jam’iyarsa zata yi nasara a zaben na yau .","sentence","8","{""source"": ""VOA Hausa"", ""split"": ""train"", ""dialect_assigned_default"": true}"
"Domin jin cikakken bayani saurari rahotan Abdulwahab Muhammad .","sentence","8","{""source"": ""VOA Hausa"", ""split"": ""train"", ""dialect_assigned_default"": true}"
"NLC : Anya Babu Yaudara A Kwamitin Da Gwamnatin Tarayya Ta Kafa ?","sentence","8","{""source"": ""VOA Hausa"", ""split"": ""train"", ""dialect_assigned_default"": true}"
"Aci gaba da murza gashin baki tsakanin gwamnatin tarayyar Najeriya da kungiyar yan kwadago ta NLC game da karin albashin ma’aikatan Najeriya .","sentence","8","{""source"": ""VOA Hausa"", ""split"": ""train"", ""dialect_assigned_default"": true}"
"A jiya shugaban kasa Muhammadu Buhari ya kaddamar da wani kwamiti dake karkashin sanannen masanin tattalin arziki Mr Bishmak Riwane , wanda kuma aka debawa kwanaki 30 domin yin nazari da kuma mika rahoton karin na albashi .","sentence","8","{""source"": ""VOA Hausa"", ""split"": ""train"", ""dialect_assigned_default"": true}"
"A jawabinsa wajen kaddamar da wannan kwamitin , shugaba Buhari yace akwai bukatar yin garon bawul ga daukacin albashin ma’aikata , ko kuma dai dai ta su domin tafiya tare .","sentence","8","{""source"": ""VOA Hausa"", ""split"": ""train"", ""dialect_assigned_default"": true}"
"Tuni dai kungiyar kwadago ta kasa tayi fatali da wannan kwamitin , tana mai cewa , wata dabara ce ta gwamnati na jan kafa a dai dai lokacin da zaben kasa ya karato .","sentence","8","{""source"": ""VOA Hausa"", ""split"": ""train"", ""dialect_assigned_default"": true}"
"Ra’ayin wasu yan Najeriya game da shirin karin albashin ko akasin hakan ya banbanta .","sentence","8","{""source"": ""VOA Hausa"", ""split"": ""train"", ""dialect_assigned_default"": true}"
"Wasu na ganin gaskiya mafi karancin albashi na Naira dubu goma sha takwas yayi kadan a kasar","sentence","8","{""source"": ""VOA Hausa"", ""split"": ""train"", ""dialect_assigned_default"": true}"
"Shima wani malamin , cewa yayi akwai bukatar gwamnati ta kara albashin , domin biyan bukatun ma’aikata , waddanda ke zaune a gidajen haya ko biyan kudin makaranta yara ya za suyi ?","sentence","8","{""source"": ""VOA Hausa"", ""split"": ""train"", ""dialect_assigned_default"": true}"
"Ai ko sabon albashin na naira 30,000 sai maneji .","sentence","8","{""source"": ""VOA Hausa"", ""split"": ""train"", ""dialect_assigned_default"": true}"
"Sauda yawa dai wasu na ganin idan aka kara albashin , hakan zai haifar da tsadar kayan masarufi , hasashen da wani masanin tattalin arziki Malam Isa Imam , yace ba gaskiya bane ; yace koda yake za’a samu karin farashin kaya , amma hakan ba zai taka kara ya karya ba , domin tashin kayan bazai dore ba kamar yadda ake gani a wasu kasashe da basu da karfin tattalin arziki .","sentence","8","{""source"": ""VOA Hausa"", ""split"": ""train"", ""dialect_assigned_default"": true}"
"Yanzu dai abun jira a gani shine ko rahoton da wannan kwamitin zai mikawa gwamnatin , ana saura mako daya zaben kasa , zai yi tasiri ga ma’aikatan na samun karin , kafun zaben kasa ?","sentence","8","{""source"": ""VOA Hausa"", ""split"": ""train"", ""dialect_assigned_default"": true}"
"Ga rahoton wakilin sashen Hausa na Muryar Amurka Babangida Jibril .","sentence","8","{""source"": ""VOA Hausa"", ""split"": ""train"", ""dialect_assigned_default"": true}"
"Hukumar Zaben INEC Ta Ce Ta Yi Tanadi Domin Nakasassu","sentence","8","{""source"": ""VOA Hausa"", ""split"": ""train"", ""dialect_assigned_default"": true}"
"An kwashe shekara da shekaru hadakar kungiyoyin guragu , da makafi , da kutare da kurame da kuma bebaye ke kokawa kan yadda ake maida su saniyar ware a wasu harkokin cigaban kasa , ciki harda batun zabe .","sentence","8","{""source"": ""VOA Hausa"", ""split"": ""train"", ""dialect_assigned_default"": true}"
"A wajen wani taron tuntuba da nakasassun suka shirya , hukumar zaben INEC tace an tanadi hanyoyin da suma zasu sami damar kada kuri'arsu kamar sauran jama'a a wannan karon .","sentence","8","{""source"": ""VOA Hausa"", ""split"": ""train"", ""dialect_assigned_default"": true}"
"Barr .","sentence","8","{""source"": ""VOA Hausa"", ""split"": ""train"", ""dialect_assigned_default"": true}"
"Kassim Gana Gaidam , kwamishinan hukumar INEC a jihar Adamawa ya tabbatar da hakan .","sentence","8","{""source"": ""VOA Hausa"", ""split"": ""train"", ""dialect_assigned_default"": true}"
"Kamar sauran nakasassu , ita ma Godiya Simon tace a da , har sun fidda tsammanin za a dama da su .","sentence","8","{""source"": ""VOA Hausa"", ""split"": ""train"", ""dialect_assigned_default"": true}"
"Tabbas taro ya kayatar , ganin yadda hukumar zaben ta tuna da mu da wannan sabon tsarin .","sentence","8","{""source"": ""VOA Hausa"", ""split"": ""train"", ""dialect_assigned_default"": true}"
"Gaskiya mun yi farin ciki sosai .","sentence","8","{""source"": ""VOA Hausa"", ""split"": ""train"", ""dialect_assigned_default"": true}"
"Ai kaji abin da suka ce na tanadin da aka yiwa masu larura , muna fatan wannan zai tabbata , a cewar Godiya .","sentence","8","{""source"": ""VOA Hausa"", ""split"": ""train"", ""dialect_assigned_default"": true}"
"Ba a kammala taron ba sai da masu fama da larurar suka yaba da sabuwar dokar da ta basu dama kamar kowa a Najeriya , sun kuma koka akan yadda wasu ke nuna masu wariya ko kyama ta hanyar kiransu da sunan nakasassu , batun da jami'in yadda labaran hadakar kungiyoyin masu bukata ta musamman Alhassan Ibrahim yace daga yanzu ba zasu lamunce ba .","sentence","8","{""source"": ""VOA Hausa"", ""split"": ""train"", ""dialect_assigned_default"": true}"
"Ruwan Sama Ya Yi Sanadiyar Mutuwar Akalla Mutane 40 A Kenya","sentence","8","{""source"": ""VOA Hausa"", ""split"": ""train"", ""dialect_assigned_default"": true}"
"A kalla mutane 40 ne suka mutu sakamakon rushewar madatsar ruwa a kasar Kenya ranar Laraba bayan anyi ruwan sama kamar da bakin kwarya .","sentence","8","{""source"": ""VOA Hausa"", ""split"": ""train"", ""dialect_assigned_default"": true}"
"Wannan ruwan ya share gidaje da dama da gonaki tare da tsayar da harkokin kasuwanci bayan Dam din dake Solai kilomita 180 a arewa maso yammacin Nairobi yayi ambaliya .","sentence","8","{""source"": ""VOA Hausa"", ""split"": ""train"", ""dialect_assigned_default"": true}"
"Ian Ndegwa wanda yaga yadda lamarin ya faru ya fada wa sashen Swahili na Muryar Amurka cewa adadin rayukan da suka salwanta na iya zarta abinda aka bada rahoto akai .","sentence","8","{""source"": ""VOA Hausa"", ""split"": ""train"", ""dialect_assigned_default"": true}"
"Domin akwai mutane da dama da har yanzu ba’a san inda suke ba .","sentence","8","{""source"": ""VOA Hausa"", ""split"": ""train"", ""dialect_assigned_default"": true}"
"Yace akwai ‘yan sanda da sojoji dama magina suna wannan wurin domin ganin sun kwashe abubuwan da suka toshe hanya tare da neman mutanen da suka bata .","sentence","8","{""source"": ""VOA Hausa"", ""split"": ""train"", ""dialect_assigned_default"": true}"
"Gwamnatin kasar Kenya ta fada a ranar Laraba cewa sakamakon wannan ruwan saman yayi dalilin raba mutane da yawan su ya kai dubu 220 da muhallan su .","sentence","8","{""source"": ""VOA Hausa"", ""split"": ""train"", ""dialect_assigned_default"": true}"
"Sojojin Najeriya Sun Mamaye Kamfanin Jaridar Daily Trust","sentence","8","{""source"": ""VOA Hausa"", ""split"": ""train"", ""dialect_assigned_default"": true}"
"Mataimakin babban Editan Jaridar Daily Trust , Mallam Mahmoud Jega , ya shaidawa Sashen Hausa cewa , sojojin sun isa wurin suna neman wani dan jaridar kamfanin mai suna Hamza Idriss , amma basu sameshi ba , sai suka umarci duk ma'aikatan dake bakin aiki su bar wurin ba tare da bata lokaci ba , Su ka garkame kamfanin bayan sun kashe baki daya na urorin kamfanin .","sentence","8","{""source"": ""VOA Hausa"", ""split"": ""train"", ""dialect_assigned_default"": true}"
"Mahmud ya ce , can ma a ofishin kamfanin dake Arewa maso gabashin Najeriya sojojin sun je suna neman Hamza Idriss , amma da basu sameshi ba suka cafke wasu ‘yan jaridun kamfanin guda biyu .","sentence","8","{""source"": ""VOA Hausa"", ""split"": ""train"", ""dialect_assigned_default"": true}"
"Mataimakin babban editan yakara da cewa , hakan baya rasa nasaba da labarin da Jaridar ta buga cewa , mayakan Boko Haram sun fatattaki sojojin daga garin Baga , sannan ta kara buga labarin cewa sojojin na tattaruwa domin sake kwato garin na baga .","sentence","8","{""source"": ""VOA Hausa"", ""split"": ""train"", ""dialect_assigned_default"": true}"
"Tuni dai kungiyar ‘yan jaridun Najeriya ta yi Allah wadai da wannan mataki na sojojin tana mai bayyana cewa barazana ne ga dimokradiyya .","sentence","8","{""source"": ""VOA Hausa"", ""split"": ""train"", ""dialect_assigned_default"": true}"
"Amma mai magana da fadar shugaban Najeriya Mallam Garba Shehu , ya fitar da wata sanarwa wadda ta umarci sojojin dasu janye daga kamfanin jaridar ta Daily trust .","sentence","8","{""source"": ""VOA Hausa"", ""split"": ""train"", ""dialect_assigned_default"": true}"
"Saurari cikakken rahoton Hassan Maina Kaina","sentence","8","{""source"": ""VOA Hausa"", ""split"": ""train"", ""dialect_assigned_default"": true}"
"Tawagar Majalisar Dattawan Amurka Ta Dawo Daga Zawarcin Afrika","sentence","8","{""source"": ""VOA Hausa"", ""split"": ""train"", ""dialect_assigned_default"": true}"
"Wata tawaga ta Sanatocin Amurka 5 daga jam’iyyu biyu , ta dawo daga ziyarar tsawon mako guda a kasashen Afirka hudu , inda ta je don jaddada kudurin Amurka na taimaka ma nahiyar .","sentence","8","{""source"": ""VOA Hausa"", ""split"": ""train"", ""dialect_assigned_default"": true}"
"Mu dinnan 5 mun je ne da zummar jaddada muhimmancin huldar Amurka da Afirka , kuma an mana kyakkyawar tarba .","sentence","8","{""source"": ""VOA Hausa"", ""split"": ""train"", ""dialect_assigned_default"": true}"
"Kuma ina ganin mun cimma burinmu , “ abin da Sanata Chris Coons , dan jam’iyyar Democrat ya gaya ma manema labarai kenan .","sentence","8","{""source"": ""VOA Hausa"", ""split"": ""train"", ""dialect_assigned_default"": true}"
"To amma Sanata Coons ya kuma yi nuni da cewa sun amsa tambayoyi game da Shugaban Amurka Donald Trump , da kuma alamar rashin son dasawa da Afirka , saboda gibin da ke akwai a diflomasiyyance da kuma kalaman cin mutunci da Trump ya yi .","sentence","8","{""source"": ""VOA Hausa"", ""split"": ""train"", ""dialect_assigned_default"": true}"
"Yan Gudun Hijirar Kamaru Sama Da 35,000 Suka Je Najeriya","sentence","8","{""source"": ""VOA Hausa"", ""split"": ""train"", ""dialect_assigned_default"": true}"
"Dubban ‘yan kasar Kamaru da suka tsere daga kasar saboda tashin hankalin siyasa yanzu suna Najeriya .","sentence","8","{""source"": ""VOA Hausa"", ""split"": ""train"", ""dialect_assigned_default"": true}"
"Hukumomin Najeriya sun ce ‘yan gudun hijira fiye da dubu talatin da biyar suka isa kasar tun daga shekarar 2016 , amma ‘yan rajin kare hakkokin ‘yan gudun hijira sun ce adadin ya zarta haka , ya ma wuce dubu saba’in .","sentence","8","{""source"": ""VOA Hausa"", ""split"": ""train"", ""dialect_assigned_default"": true}"
"A yayinda kasashen duniya ke tunawa da ‘yan gudun hijira a yau 20 ga watan Yuni , hukumomin Najeriya sun ce zasu fara maida ‘yan gudun hijirar Kamaru dake so su koma kasashen su .","sentence","8","{""source"": ""VOA Hausa"", ""split"": ""train"", ""dialect_assigned_default"": true}"
"Ernest Cho dan kasuwa ne a Kamaru kafin ya tsere daga kasar da ‘yayan sa maza biyu zuwa Najeriya .","sentence","8","{""source"": ""VOA Hausa"", ""split"": ""train"", ""dialect_assigned_default"": true}"
"Cho na daya daga cikin ‘yan kasar Kamaru dubu dari hudu da talatin da bakwai da akan tilas suka gujewa kasarsu sakamakon tashin hankalin dake faruwa a yankunan kudu maso yammacin kasar da arewa maso yammacin kasar .","sentence","8","{""source"": ""VOA Hausa"", ""split"": ""train"", ""dialect_assigned_default"": true}"
"Yanzu yana babban birnin Najeriya wato Abuja , inda yake kokarin fara rayuwa .","sentence","8","{""source"": ""VOA Hausa"", ""split"": ""train"", ""dialect_assigned_default"": true}"
"Cho ya ce gidansa dake kauyensu , kusan babu wanda ke zama cikin sa .","sentence","8","{""source"": ""VOA Hausa"", ""split"": ""train"", ""dialect_assigned_default"": true}"
"Kowa ya tsere .","sentence","8","{""source"": ""VOA Hausa"", ""split"": ""train"", ""dialect_assigned_default"": true}"
"Tabarbarewar Sha’anin Ilimi a Jamhuriyar Nijar","sentence","8","{""source"": ""VOA Hausa"", ""split"": ""train"", ""dialect_assigned_default"": true}"
"Da yake yiwa ‘yan kasar Nijar jawabin barka da zagayowar ranar samun ‘yancin kai ta ranar uku ga watan Agusta ne shugaban kasa Mahamadou Issouhou ya bayyana rashin gamsuwa da tafiyar sha’anin ilimi a kasar , wanda a cewarsa mizanin tabarbarewar wannan fanni ne ya haddasasa mummunar faduwar dalibai a jarabawar BREVET da BAC din da aka gudanar a watan yuni da yulin jiya .","sentence","8","{""source"": ""VOA Hausa"", ""split"": ""train"", ""dialect_assigned_default"": true}"
"Shugaban dai ya dora alhakin faruwar matsalar a wuyan dalibai da malamai saboda yawan shiga yajin aiki da yajin daukan karatu da suke yawan yi .","sentence","8","{""source"": ""VOA Hausa"", ""split"": ""train"", ""dialect_assigned_default"": true}"
"Sai dai a cewar Lawali Abubakar na kungiyar FPN shugaban ya yi tuya ya manta da albasa domin a ra’ayinsa gwamnati ce ke da alhakin dukkan abubuwan dake faruwa a fannin ilimi .","sentence","8","{""source"": ""VOA Hausa"", ""split"": ""train"", ""dialect_assigned_default"": true}"
"Aci gaban jawabinsa shugaban kasa ya kara tunatar da jama’a mahimmancin ilimi saboda haka ya gargadi masu hannu a sha’anin karatu musamman dalibai su dakatar da dukkan wata tarzoma don mayar da hankali akan karatu ta yadda","sentence","8","{""source"": ""VOA Hausa"", ""split"": ""train"", ""dialect_assigned_default"": true}"
"gaba zai amfanesu da kuma al’uma .","sentence","8","{""source"": ""VOA Hausa"", ""split"": ""train"", ""dialect_assigned_default"": true}"
"To amma Abdou Idi na ganin yunkurin farfado da sha’anin ilimi ba zai yi tasiri ba muddin gwamnati tana biris da shawarwarin wadanda abin ya shafa .","sentence","8","{""source"": ""VOA Hausa"", ""split"": ""train"", ""dialect_assigned_default"": true}"
"Rashin biyan albashin malamai akan lokaci da jinkirin biyan kudaden alawus din dalibai da karancin malamai da na ajijuwan karatu ko kujeru da teburan zama a makarantu mallakar gwamnati na daga cikin tarin matsalolin da ke kokarin samun gindin zama a ‘yan shekarun","sentence","8","{""source"": ""VOA Hausa"", ""split"": ""train"", ""dialect_assigned_default"": true}"
"a Jamhuriyar Nijar .","sentence","8","{""source"": ""VOA Hausa"", ""split"": ""train"", ""dialect_assigned_default"": true}"
"Domin cikakken bayani saurari rahotan Sule Muminu Barma .","sentence","8","{""source"": ""VOA Hausa"", ""split"": ""train"", ""dialect_assigned_default"": true}"
"Kotu Ta Wanke Gbagbo Daga Zargin Aikata Laifukan Yaki","sentence","8","{""source"": ""VOA Hausa"", ""split"": ""train"", ""dialect_assigned_default"": true}"
"Wasu alkalai a kotun manyan laifuka ta duniya da ake kira ICC a takaice , sun wanke tsohon shugaban Ivory Coast Laurent Gbagbo daga laifukan yakin da ake zargin shi da su .","sentence","8","{""source"": ""VOA Hausa"", ""split"": ""train"", ""dialect_assigned_default"": true}"
"Ana zargin Gbagbo da haddasa mummunan tashin hankalin da ya faru bayan zaben shekarar 2010 da ya yi sanadiyar saukarsa daga karagar mulki .","sentence","8","{""source"": ""VOA Hausa"", ""split"": ""train"", ""dialect_assigned_default"": true}"
"Masu goyon bayan Gbagbo sun yi ta sowa a yau Talata a lokacin da alkali Cuno Tarfusser ya sanar da hukuncin akan tsohon shugaban mai shekaru 73 da haihuwa da kuma Charles Goude , babban hadiminsa kuma tsohon ministan matasan kasar .","sentence","8","{""source"": ""VOA Hausa"", ""split"": ""train"", ""dialect_assigned_default"": true}"
"Tarfusser ya ce yawancin alkalan sun bayyana cewa masu gabatar da kara sun kasa iya gabatar da kwararan hujjoji akan wadanda suke zargi .","sentence","8","{""source"": ""VOA Hausa"", ""split"": ""train"", ""dialect_assigned_default"": true}"
"Fiye da mutane 3,000 aka kashe a kazamin tashin hankalin da ya barke a karshen shekarar 2010 da kuma farkon shekarar 2011 , a lokacin da Gbagbo ya ki ya amince da cewa Alassane Outtara ne ya lashe zaben .","sentence","8","{""source"": ""VOA Hausa"", ""split"": ""train"", ""dialect_assigned_default"": true}"
"Nijar : Jam’iyyar MPN Ta Zargi Gwamnati Da Kawo Tsarin Zaben Da Zai Haddasa Rudani","sentence","8","{""source"": ""VOA Hausa"", ""split"": ""train"", ""dialect_assigned_default"": true}"
"Bayan makwanni uku da ficewarsa tare da jam’iyyarsa ta MPN Kishin Kasa wadda yake shugabanta a gwamnatin Jamhuriyar Nijar , Alhaji Ibrahim Yacouba , ya soma zagayawa cikin kasar yana bayyanawa magoya bayansa dalilin ficewarsa daga gwamnatin hadakar .","sentence","8","{""source"": ""VOA Hausa"", ""split"": ""train"", ""dialect_assigned_default"": true}"
"A Birnin Konni Alhaji Yacouba ya ce sun fice daga gwamnatin kasar ta gamayyar jam’iyyu , sun shiga adawa da gwamnatin .","sentence","8","{""source"": ""VOA Hausa"", ""split"": ""train"", ""dialect_assigned_default"": true}"
"Ya ce sun dauki shekara guda suna jan kunnen gwamnati akan kada ta kawo wani tsarin da zai cuci kasar .","sentence","8","{""source"": ""VOA Hausa"", ""split"": ""train"", ""dialect_assigned_default"": true}"
"Ya kara da cewa , gwamnati ta na son ta kawo wasu ka’idojin zabe da ba’a taba yin anfani da su ba , kuma za su kawo rudani a duk fadin kasar .","sentence","8","{""source"": ""VOA Hausa"", ""split"": ""train"", ""dialect_assigned_default"": true}"
"Yacouba ya ce jam’yyun Nijar su ne suka zauna suka yi shawarar fito da tsarin zabe , ba jam’iyya daya tilo ba yana mai cewa tsarin da suka gada shekara da shekaru yanzu an canza shi da wani daban .","sentence","8","{""source"": ""VOA Hausa"", ""split"": ""train"", ""dialect_assigned_default"": true}"
"Ya ce dalili kenan da suka rubuta wasika akan sauyin da ake kokarin kawowa wanda ya ce ba shi da wani amfani ga al’ummar Nijar .","sentence","8","{""source"": ""VOA Hausa"", ""split"": ""train"", ""dialect_assigned_default"": true}"
"A cewarsa hukumar zaben kasar ta yanzu ta zama mallakar jam’iyya guda , jam’iyyar PNDS Tarayya dake mulki .","sentence","8","{""source"": ""VOA Hausa"", ""split"": ""train"", ""dialect_assigned_default"": true}"
"Sai dai kalamun na Alhaji Ibrahim Yacouba ba su yi wa jam’iyyar da ke mulki , PNDS dadi ba inda Alhaji Umaru Dan Maisaje na majalisar dokokin kasar ya ce su ‘yan Nijar suna da hankalinsu saboda sun yi shekaru 27 suna siyasa .","sentence","8","{""source"": ""VOA Hausa"", ""split"": ""train"", ""dialect_assigned_default"": true}"
"Ya ce duk wanda ya shiga gwamnati da wata manufa amma bai ci nasara ba , sai ya fito yana wasu maganganun marasa dadi .","sentence","8","{""source"": ""VOA Hausa"", ""split"": ""train"", ""dialect_assigned_default"": true}"
"Saurari cikakken rahoton Haruna Mamane Bako domin jin karin bayani :","sentence","8","{""source"": ""VOA Hausa"", ""split"": ""train"", ""dialect_assigned_default"": true}"
"Malawi-Dubban Yan Kasar Suka Yi Zanga-zangar Kyamar Cin Hanci Da Rashawa .","sentence","8","{""source"": ""VOA Hausa"", ""split"": ""train"", ""dialect_assigned_default"": true}"
"A Malawi , dubban yan kasar ne suka yi zanga zanga a duk fadin kasar a ranar jummaa , don nuna rashin amincewar su kan cin hanci da rashawa , da kuma rashin shugabancin ko gwamnati ta kwarai .","sentence","8","{""source"": ""VOA Hausa"", ""split"": ""train"", ""dialect_assigned_default"": true}"
"Ana zanga zangar kwana daya kamin tsohuwar shugabar kasar Joyce Banda ta koma kasar , bayan ta yi shekaru 4 anan Amurka , ana dai ci gaba da bincike kan zargin cin hanci da rashawa zamanin shugabancinta .","sentence","8","{""source"": ""VOA Hausa"", ""split"": ""train"", ""dialect_assigned_default"": true}"
"Lameck Masina ya aiko mana da rahoto daga birnin Balantyre .","sentence","8","{""source"": ""VOA Hausa"", ""split"": ""train"", ""dialect_assigned_default"": true}"
"Lameck yace harkokin kasuwanci sun tsaya cik , a babban birnin kasuwanci na kasar a jiya Jummaa .","sentence","8","{""source"": ""VOA Hausa"", ""split"": ""train"", ""dialect_assigned_default"": true}"
"Inda kusan ba zaka ga kowa akan babban titin birnin na Balantyre ba , yayinda aka rufe kantuna da wasu wuraren kasuwanci .","sentence","8","{""source"": ""VOA Hausa"", ""split"": ""train"", ""dialect_assigned_default"": true}"
"Mutane masu yawa suna fargabar kada a kuma abunda ya faru lokacin wata zanga zangar nuna kyamar gwamnati , inda aka harbe masu zanga-zanga 20 .","sentence","8","{""source"": ""VOA Hausa"", ""split"": ""train"", ""dialect_assigned_default"": true}"
"Daya daga cikin jagororin shirya shirya zanga-zangar a birnin na Balantyre Masuko Thawe , ya yabawa wadanda suka fito saboda gudanar da zanga-zangar cikin lumana , kuma kamar yadda yace , babu wanda ya jikkata ko aka ketawa yanci .","sentence","8","{""source"": ""VOA Hausa"", ""split"": ""train"", ""dialect_assigned_default"": true}"
"Masu zanga zangar suna neman shugaban kasar Peter Mutahrika , ya janye nada Rodney Jose , a matsayin mukaddashin speto Janar na Yansandan kasar .","sentence","8","{""source"": ""VOA Hausa"", ""split"": ""train"", ""dialect_assigned_default"": true}"
"Ana zargin Jose da hanu a kisan wani dalibin wata jami'a a shekara ta 2011 .","sentence","8","{""source"": ""VOA Hausa"", ""split"": ""train"", ""dialect_assigned_default"": true}"
"Masu zanga-zangar sun kuma bukaci gwamnati ta kawo karshen daukewar wutan lantarki a kasar .","sentence","8","{""source"": ""VOA Hausa"", ""split"": ""train"", ""dialect_assigned_default"": true}"
"Yansandan kasar sun ki suce ko zasu kama tsohuwar shugabar kasa Banda , bayan da abun fallasa kan kudi dalar Amurka milyan 32 suka salwanta .","sentence","8","{""source"": ""VOA Hausa"", ""split"": ""train"", ""dialect_assigned_default"": true}"
"Galibin wadanda aka hukunta akan batun kudin duk sun yi zargin cewa itace kanwa uwar gami a wannan badakalar .","sentence","8","{""source"": ""VOA Hausa"", ""split"": ""train"", ""dialect_assigned_default"": true}"
"Firayim Ministan Kasar Mali Da Mambobinsa Sunyi Ritaya","sentence","8","{""source"": ""VOA Hausa"", ""split"": ""train"", ""dialect_assigned_default"": true}"
"Wata sanarwa daga ofishin shugaban kasar Ibrahim Boubacar Keita ta ce : Shugaban kasa ya amince da murabus din na firaministan kasar da na mambobin gwamnatin sa .","sentence","8","{""source"": ""VOA Hausa"", ""split"": ""train"", ""dialect_assigned_default"": true}"
"Wannan mataki ya zo ne bayan tashe tashen hankula a yankin tsakiyar kasar , ciki har da kisan gilla a watan jiya na Fulani 160 , wanda ake zargin mafarauta na Dogon ne suka aikata .","sentence","8","{""source"": ""VOA Hausa"", ""split"": ""train"", ""dialect_assigned_default"": true}"
"Majalisar Dinkin Duniya ta fitar rahoton cewa , a cikin shekarar da ta wuce , fada tsakanin Fulani da al’umar Dogon ya janyo mutuwar mata da yara da maza har guda 600 .","sentence","8","{""source"": ""VOA Hausa"", ""split"": ""train"", ""dialect_assigned_default"": true}"
"Makonni biyu da suka wuce an yi zanga-zanga a garin Bamako , babban birnin kasar , don nuna rashin amincewa da rashin ikon gwamnati na hana aukuwar tashe tashen hankula .","sentence","8","{""source"": ""VOA Hausa"", ""split"": ""train"", ""dialect_assigned_default"": true}"
"An Rattaba Hannu Kan Sabuwar Yarjejeniyar Zaman Lafiya a Sudan ta Kudu","sentence","8","{""source"": ""VOA Hausa"", ""split"": ""train"", ""dialect_assigned_default"": true}"
"A yanzu haka an rattaba hannu akan sabuwar yarjejeniyar zaman lafiya da aka gyara a tsakanin jam’iyyun adawa dake yaki da juna a Sudan ta Kudu don kawo karshen yakin basasar da aka kwashe shekaru biyar ana yi , wanda yayi sanadiyyar mutuwar dubban mutane gami da korar miliyoyi daga gidajen su .","sentence","8","{""source"": ""VOA Hausa"", ""split"": ""train"", ""dialect_assigned_default"": true}"
"Shugaban kasa Salva Kiir , tare da shugaban yan adawa Riek Machar , da sauran wakilan jam’iyyun adawa sun rattaba hannu akan yarjejeniya karshe a makwabciyar kasar Ethiopia a jiya laraba .","sentence","8","{""source"": ""VOA Hausa"", ""split"": ""train"", ""dialect_assigned_default"": true}"
"Duk da cewar gwamnati na murna da wannan yarjejeniya , masu sa ido na kasa da kasa na tababa akan yarjejeniyar .","sentence","8","{""source"": ""VOA Hausa"", ""split"": ""train"", ""dialect_assigned_default"": true}"
"Wata kungiyar raji dake da cibiya a birnin Washington na kasar Amurka , mai suna Enough Project , ta yi tambaya akan yarejejeniyar musamman akan bayyana rashin ma’anar dubawa da daidaito kan zargin shugaban kasa da amfani da karfin mulki wajen sace dukiyar kasar gami da daukan mummunan mataki na tashin hankali akan yan adawa .","sentence","8","{""source"": ""VOA Hausa"", ""split"": ""train"", ""dialect_assigned_default"": true}"
"ETHIOPIA : An Cafke Mutane 30 Akan Bam da Ya Tashi a Wurin Gangamin Siyasa a Addis Ababa","sentence","8","{""source"": ""VOA Hausa"", ""split"": ""train"", ""dialect_assigned_default"": true}"
"An cafke mutum 30 da ake zargi na da hannu a wata fashewa da ta auku a wani gangamin siyasa a Addis Ababa , wacce ta yi sanadin mutuwar mutum biyu a cewar kafar yada labarai mallakar gwamnatin Habasha , wacce ta ruwaito labarin daga wasu majiyoyin ‘yan sanda .","sentence","8","{""source"": ""VOA Hausa"", ""split"": ""train"", ""dialect_assigned_default"": true}"
"Adadin wadanda ake zargi da hannu a wannan hari da aka kai da gurneti , ya haura mutum shida da aka kama a baya .","sentence","8","{""source"": ""VOA Hausa"", ""split"": ""train"", ""dialect_assigned_default"": true}"
"Yayin wata hira da ya yi da kafar yada labarai ta gwamnatin Habasha , shugaban ma’aikatar ‘yan sandan tarayya , Zeinu Jemal , ya ce adadin wadanda ake zargi a harin wanda aka kai a wani wuri da ake kira Meskel Square ya kai 30 , amma ba tare da ya yi cikakken bayani .","sentence","8","{""source"": ""VOA Hausa"", ""split"": ""train"", ""dialect_assigned_default"": true}"
"Jami’ai sun ce mutum 150 suka jikkata a fashewar , yayin da ma’aikatar lafiya ta ba da tabbacin karin mutuwar mutum na biyu a jiya Lahadi .","sentence","8","{""source"": ""VOA Hausa"", ""split"": ""train"", ""dialect_assigned_default"": true}"
"Hukumomin Libya Sun Rufe Filin Tashin Jirage Da Ke Tripoli","sentence","8","{""source"": ""VOA Hausa"", ""split"": ""train"", ""dialect_assigned_default"": true}"
"Hukumomin Libya sun rufe filin jirgin sama daya tilo da ake amfani da shi a Tripoli , bayan wani harin da aka kai da jirgin sama jiya Litini Daukan wannan mataki na zuwa ne yayin da ake ci gaba da fafatawa kan iko da birnin na Tripoli tsakanin bangarorin mayaka biyu da ke gaba da juna .","sentence","8","{""source"": ""VOA Hausa"", ""split"": ""train"", ""dialect_assigned_default"": true}"
"Jami’an tsaro da ke Filin jirgin saman Matiga da ke gabashin babban birnin kasar ta Libya , sun ce zuwa yanzu dai babu wani sashi da ya dau alhakin kai harin , wanda ya bararraka hanyar da jirage ke gudu a kai amma bai raunata kowa ba .","sentence","8","{""source"": ""VOA Hausa"", ""split"": ""train"", ""dialect_assigned_default"": true}"
"Dakarun da ke biyayya ga kwamandan soji , Janar-Khalifa Haftar , sun ci gaba da dannawa da niyyar kwace babban birnin kasar .","sentence","8","{""source"": ""VOA Hausa"", ""split"": ""train"", ""dialect_assigned_default"": true}"
"Firaministan Libya mai samun goyon bayan Majalisar Dinkin Duniya , Fayez Sarraj , ya kira matakin na Janar Haftar yunkurin juyin mulki .","sentence","8","{""source"": ""VOA Hausa"", ""split"": ""train"", ""dialect_assigned_default"": true}"
"Da alamar da Haftar da dakarunsa sun kafu sosai a bayan garin Tripoli , amma Sarraj ya ce a shirye sojojin kasar su ke su tinkare su .","sentence","8","{""source"": ""VOA Hausa"", ""split"": ""train"", ""dialect_assigned_default"": true}"
"Dalibai A Yamai Sun Ci Gaba Da Zanga-zanga","sentence","8","{""source"": ""VOA Hausa"", ""split"": ""train"", ""dialect_assigned_default"": true}"
"Makarantu sun kasance a rufe a sakamakon nuna juyayi akan rasuwar dalibi Mala Bagale wanda ya hadu da ajalinsa a farfajiyar jami'ar Yamai a bara .","sentence","8","{""source"": ""VOA Hausa"", ""split"": ""train"", ""dialect_assigned_default"": true}"
"Yayin da shugabannin kungiyar dalibai ta USN suka hallara a gaban kotun Yamai domin jin halin da ake ciki game da karar da suka shigar a watan Satumban 2017 , a kokarinsu na neman adalci , saidai da alama ana gidan jiya inji Muhammad Iddar , sakataren kungiyar dalibai ta kasar wato USN .","sentence","8","{""source"": ""VOA Hausa"", ""split"": ""train"", ""dialect_assigned_default"": true}"
"A washe garin mutuwar dalibin Mala Bagali , iyayen mamacin sun ziyarci fadar shugaban kasa wanda ya jajanta musu akan wannan rashi abinda Mallan Muhammadu , wani mashawarci a fadar shugaban kasar Nijar yake cewa alama ce dake nuna kyakyawar aniyar gwamnatin kasar wajen neman haske akan abinda ya wakana , inda yace sun tattauna da shi an kuma kafa kwamiti don su gano wanda ya aikata .","sentence","8","{""source"": ""VOA Hausa"", ""split"": ""train"", ""dialect_assigned_default"": true}"
"Ya kara da cewa akwai jami'an tsaro da yawa a lokacin baza a iya gano ko wa ne ne ba .","sentence","8","{""source"": ""VOA Hausa"", ""split"": ""train"", ""dialect_assigned_default"": true}"
"Wasu bayanai da aka bayar jim kadan bayan ganawar su da shugaban kasa na cewa sun rungumi kaddara , saidai jami'an fafutuka irin su Salisu Amadu na cewa maganar Mala Bagale wani abu ne da ya shafi yan kasar Nijar baki daya , ya ce ko da iyaye sun yafe ba zai yiwu ba dole a dubi lamarin .","sentence","8","{""source"": ""VOA Hausa"", ""split"": ""train"", ""dialect_assigned_default"": true}"
"A rahoton da ya bayar a watan Agustan da ya gabata , wani kwamitin bincike da aka kafa a karkashin hukumar kare hakkin dan adam ta CNDH , wanda kuma ya kunshi bangarori da dama ya tabbatar da cewa harbin ya daki wannan dalibi a goshinsa a maimakon buga kanshi da dutse da hukumomin Nijar suka bayyana a washegari .","sentence","8","{""source"": ""VOA Hausa"", ""split"": ""train"", ""dialect_assigned_default"": true}"
"An Jinjinawa Dakarun Hadin Gwiwar Kasashen Afrika","sentence","8","{""source"": ""VOA Hausa"", ""split"": ""train"", ""dialect_assigned_default"": true}"
"Ya jinjinawa abunda ya kira namijin kokari , sannan ya umurci askarawan su kara jan damara don kakkabe abinda ya kira burbushin ‘yan kungiyar daga wannan yanki , abun da tuni ya soma faranta ran jama’ar wannan yanki .","sentence","8","{""source"": ""VOA Hausa"", ""split"": ""train"", ""dialect_assigned_default"": true}"
"Ya kara da cewar , ddakarun sun gwadawa duniya cewa Boko Haram ba ta fi karfin a fatattake ba , haka kuma sun gwadawa mayakan wannan kungiya cewa ba da karfe aka haliccesu ba .","sentence","8","{""source"": ""VOA Hausa"", ""split"": ""train"", ""dialect_assigned_default"": true}"
"Boko Haram ta shiga halin tagayyara , domin kuwa ta kidime ta rasa inda za ta shiga .","sentence","8","{""source"": ""VOA Hausa"", ""split"": ""train"", ""dialect_assigned_default"": true}"
"Aikin dake gabanmu shine mu murkushe wannan kungiya saboda haka mu ci gaba da jajircewa don cimma wannan burin .","sentence","8","{""source"": ""VOA Hausa"", ""split"": ""train"", ""dialect_assigned_default"": true}"
"Yace wajibi ne su gwadawa Boko Haram cewa zasu ci gaba da yakar ta wur-janjan ba gajiyawa .","sentence","8","{""source"": ""VOA Hausa"", ""split"": ""train"", ""dialect_assigned_default"": true}"
"Wannan ziyarar ta mataimakin hafsan hafsoshin Nijar a Diffa ta faranta ran mazauna yankin da ke bayyana cewa , ziyar tasa ta nuna cewar bai manta da dakarun tsaro na hadin gwiwar kasashen tafkin Chadi ba , idan akayi la’akari da nasarorin da yace ana samu a wannan yakin .","sentence","8","{""source"": ""VOA Hausa"", ""split"": ""train"", ""dialect_assigned_default"": true}"
"Masu sharhi a fannin tsaro na kallon wannan rangadi ga dakarun yaki a mtsayin cigaba da zai daure a cewar Kaftin Ali Yacouba mai ritaya .","sentence","8","{""source"": ""VOA Hausa"", ""split"": ""train"", ""dialect_assigned_default"": true}"
"Rahotannin karshen mako sun yi nuni da cewa wasu rokoki sun fadi a wani wurin dake da nisan kilomita 5 da garin Diffa , abinda wasu ke cewa filin jirgi ne aka auna amma haka ta kasa cimma ruwa .","sentence","8","{""source"": ""VOA Hausa"", ""split"": ""train"", ""dialect_assigned_default"": true}"
"Wakilin muryar Amurka a yamai Sule Mumuni Barma ya aiko mana karin bayani .","sentence","8","{""source"": ""VOA Hausa"", ""split"": ""train"", ""dialect_assigned_default"": true}"
"Ana Zaben Shugaban Kasa a Malawi","sentence","8","{""source"": ""VOA Hausa"", ""split"": ""train"", ""dialect_assigned_default"": true}"
"Shugaban kasar Malawi Peter Mutharika na neman wa’adi na biyu yayin da masu kada kuri’a suka dunguma zuwa rumfunan zabe a yau Talata .","sentence","8","{""source"": ""VOA Hausa"", ""split"": ""train"", ""dialect_assigned_default"": true}"
"Kusan mutum miliyan 6 .","sentence","8","{""source"": ""VOA Hausa"", ""split"": ""train"", ""dialect_assigned_default"": true}"
"8 ake sa ran za su yi zabi tsakanin shugaba mai ci Mutharika mai shekaru 78 da ko mataimakin shugaban kasa Saulos Chilima .","sentence","8","{""source"": ""VOA Hausa"", ""split"": ""train"", ""dialect_assigned_default"": true}"
"Har ila yau akwai Lazarus Chakwera wanda a da mai wa’azi ya koma harkar siyasa .","sentence","8","{""source"": ""VOA Hausa"", ""split"": ""train"", ""dialect_assigned_default"": true}"
"Wadannan ‘yan takarar da ke kalubalantar shugaba Mutharika , sun yi alkawarin magance matsalar cin hanci da ta addabi kasar ta Malawi da ke kudancin Afrika .","sentence","8","{""source"": ""VOA Hausa"", ""split"": ""train"", ""dialect_assigned_default"": true}"
"Shi kuwa Mutharika , ya gina yakin neman zabensa ne bisa alkawarin bunkasa tattalin arzikin kasar da fannin ababan more rayuwa .","sentence","8","{""source"": ""VOA Hausa"", ""split"": ""train"", ""dialect_assigned_default"": true}"
"A shekarar da ta gabata , mataimakin shugaban kasa Chilima ya fice daga jam’iyya mai mulki ta Democratic Progressive Party , ya kafa wata jam’iyya da ta fi mayar da hankali kan matasa .","sentence","8","{""source"": ""VOA Hausa"", ""split"": ""train"", ""dialect_assigned_default"": true}"
"Matasa a Malawi su ne suka fi yawa a adadin masu kada kuri’a a kasar .","sentence","8","{""source"": ""VOA Hausa"", ""split"": ""train"", ""dialect_assigned_default"": true}"
"Nijar : Jam'iyyar adawa ta CDS RAHAMA na bukin cika sheakru 27 da kahuwa .","sentence","8","{""source"": ""VOA Hausa"", ""split"": ""train"", ""dialect_assigned_default"": true}"
"A janhuriyar Nijar , yayin da a jiya Asabar jam’iyar CDS RAHAMA ke shagulugulan cika shekaru 27 da kafuwarta , shuwagabaninta sun kudiri aniyar mayar da ita a matsayinta na fil azal don ganin ta yi gogayyar neman mulkin kasa da manyan jam’iyyun kasar a zabukan 2021 .","sentence","8","{""source"": ""VOA Hausa"", ""split"": ""train"", ""dialect_assigned_default"": true}"
"Cikin yanayin rarabuwar kawuna magoya bayan CDS RAHAMA suka gudanar da shagulgulan cikar wannan jam’iya shekaru 27 da kafuwa , sakamakon rikicin dake ci gaba da kara ta’azzara tsakanin wasu shuwagabaninta akan maganar cancantar shugabanci .","sentence","8","{""source"": ""VOA Hausa"", ""split"": ""train"", ""dialect_assigned_default"": true}"
"Bangaren Me Madouguo Boubacar , a wata sanarwar da ya fitar , ya nuna damuwa a game da halin tagayyar da wannan jam’iya ta tsinci kanta , ciki kamar yadda mataimakin shugaban jam’iyyar , Dr. Seidou Oumarou ya bayyana .","sentence","8","{""source"": ""VOA Hausa"", ""split"": ""train"", ""dialect_assigned_default"": true}"
"Bangaren Abdou Labo , wanda ya shirya nasa bukin na daban , ya alakanta koma bayan jam’iyar ta CDS RAHAMA , da abinda ya kira rashin hakurin wasu abokan tafiya .","sentence","8","{""source"": ""VOA Hausa"", ""split"": ""train"", ""dialect_assigned_default"": true}"
"kusoshin CDS na sassan kasa sun sha alwashin samarda hanyoyin warware rigingimun dake dabaibaye wannan jam’iya .","sentence","8","{""source"": ""VOA Hausa"", ""split"": ""train"", ""dialect_assigned_default"": true}"
"To amma a nasu bangaren matan RAHAMA irinsu MME Warkou Rakia Maidaji na ganin dole ne magabatan jam’iya su canza hali .","sentence","8","{""source"": ""VOA Hausa"", ""split"": ""train"", ""dialect_assigned_default"": true}"
"Tuni matasa suka bullo da wata dabarar tayar da takwarorinsu daga barci inji Ila Moussa shugaban matasan CDS RAHAMA yankin Dosso .","sentence","8","{""source"": ""VOA Hausa"", ""split"": ""train"", ""dialect_assigned_default"": true}"
"Ga wakilin Muryar Amurka a Yamai , Sule Barma , da cikakken rahoton :","sentence","8","{""source"": ""VOA Hausa"", ""split"": ""train"", ""dialect_assigned_default"": true}"
"Habasha Ta Shiga Tsakani a Rikicin Siyasar Sudan","sentence","8","{""source"": ""VOA Hausa"", ""split"": ""train"", ""dialect_assigned_default"": true}"
"Firai ministan Ethiopia Abiy Ahmed , ya nuna bukatar akai zuciya nesa , yayin wata ganawa da ya yi da shugabanin sojin kasar Sudan da na ‘yan adawa , a wani yunkuri na yayyafa ruwa kan rikicin siyasar da ya mamaye Sudan , tun bayan da aka hambarar da dadadden shugaban kasar Omar Al Bashir .","sentence","8","{""source"": ""VOA Hausa"", ""split"": ""train"", ""dialect_assigned_default"": true}"
"Dangane da sakamakon tattaunawar da aka kwashe yini guda ana yi , za a iya cewa an samu ci gaba .","sentence","8","{""source"": ""VOA Hausa"", ""split"": ""train"", ""dialect_assigned_default"": true}"
"” In ji mai magana da yawun Ahmed , Billene Seyoum .","sentence","8","{""source"": ""VOA Hausa"", ""split"": ""train"", ""dialect_assigned_default"": true}"
"Shi dai shugaban na kasar ta Habasha , ya jima yana shan yabo kan yadda ya sasanta rikicin da ke tsakanin kasarsa da makwabiyarta ta Eritrea , wacce suka dade sa ba ga maciji .","sentence","8","{""source"": ""VOA Hausa"", ""split"": ""train"", ""dialect_assigned_default"": true}"
"A ranar Alhamis din da ta gabata ne , Kungiyar Tarayyar Afirka ta AU ta dakatar da Sudan daga kungiyar , ta kuma yi barazanar saka mata tsauraran takunkumi , muddin sojojin kasar ba su yi maza sun mika mulki ga farar hula ba .","sentence","8","{""source"": ""VOA Hausa"", ""split"": ""train"", ""dialect_assigned_default"": true}"
"Cin Hanci Da Rashawa Na Kara Samun Wajen Zama A Jamhuriyar Nijar","sentence","8","{""source"": ""VOA Hausa"", ""split"": ""train"", ""dialect_assigned_default"": true}"
"Wata cibiyar nazari da bincike a kasashen Afrika da ake kira Afro Barometre , ta fitar da wani rahoton binciken da ta gudanar a jamhuriyar Nijar , bayan wani zagayen yankunan kasar da yaba jami’an cibiyar damar hada ra’ayoyin jama’a akan batun cin hanci da rashawa .","sentence","8","{""source"": ""VOA Hausa"", ""split"": ""train"", ""dialect_assigned_default"": true}"
"Kimanin mutane 1,200 da suka hada da mata 600 maza 600 ne cibiyar nazari da bincike ta Afro ta tuntuba , a yayin binciken da ta gudanar a yankuna 8 na jamhuriyar Nijar , a matsayin wani ma’aunin tantance mizanin cin hanci a wannan kasar .","sentence","8","{""source"": ""VOA Hausa"", ""split"": ""train"", ""dialect_assigned_default"": true}"
"Kashi 60 daga cikin 100 na ‘yan Nijar na ganin cin hanci yayi katutu a galibin fannoni na ofisoshin hukumomi , sai dai jami’an jandarma da ‘yan sanda ne ke kan gaba wajen aikata wata haramtaciyar dabi’ar a cewar wannan rahoto .","sentence","8","{""source"": ""VOA Hausa"", ""split"": ""train"", ""dialect_assigned_default"": true}"
"Sai dai ra’yoyin jama’a sun ban-banta akan wannan al’amarin , a cewar Malan Soumaila , akwai kamshin gaskiya a tare da wannan rahoto na Afro .","sentence","8","{""source"": ""VOA Hausa"", ""split"": ""train"", ""dialect_assigned_default"": true}"
"Kawo yanzu ba wani martani daga wajen hukumomi akan wannan rahoton , amma a watannin baya ofisoshin ministan cikin gida da na shari’a , sun shirya wani taro wanda ya hada jami’an tsaro da masu kare hakkin jama’a , don nazarin hanyoyin magance matsalar cin hanci akan hanyoyin zirga zirga .","sentence","8","{""source"": ""VOA Hausa"", ""split"": ""train"", ""dialect_assigned_default"": true}"
"Da zummar samo hanyoyin ci gaba da daukan matakan kawo karshen karbar na goro daga hannun talakawa , dabi’ar da ake ganin a halin yanzu ta shafi kowane fanni na harakokin yau da kullun a kasar ta Nijar .","sentence","8","{""source"": ""VOA Hausa"", ""split"": ""train"", ""dialect_assigned_default"": true}"
"Ga rahoton wakilin Muryar Amurka daga birnin Yamai Sile Mumumi Barma .","sentence","8","{""source"": ""VOA Hausa"", ""split"": ""train"", ""dialect_assigned_default"": true}"
"Amurka da Nijar Za Su Inganta Kwallon Kafar Mata a Nijar","sentence","8","{""source"": ""VOA Hausa"", ""split"": ""train"", ""dialect_assigned_default"": true}"
"Kasar Amurka da Jamhuriyar Nijar sun kaddamar da wani shirin hadin gwiwa da nufin bunkasa wasan kwallon kafar ‘yan matan NIjar bayan da aka gano cewa dalilai masu nasaba da al’adu na zama wani shamakin da ke hana wa ‘yan mata buga kwallo , sabanin yadda suka rungumi sauran fannoni na wasanin motsa jiki .","sentence","8","{""source"": ""VOA Hausa"", ""split"": ""train"", ""dialect_assigned_default"": true}"
"Shirin dake tamkar wata matsakaiciyar kakar wasanni ya kunshi gangamin wayar da kan iyaye mahimmancin kwallon kafar ‘yan mata hade da taron bayar da horo ga masu horar da ‘yan mata a fannin kwallo yayin da su ma ‘yan matan suka samu horo akan wasu dubarun buga kwallo daga wasu Amurkawa Joanna Lohman da Staci Wilson wadanda suka zo Nijar takanas domin wannan aiki .","sentence","8","{""source"": ""VOA Hausa"", ""split"": ""train"", ""dialect_assigned_default"": true}"
"Ali Mamadou Bague shine mai horarda ‘yan wasan kugiyar kwallon mata MENA NIger .","sentence","8","{""source"": ""VOA Hausa"", ""split"": ""train"", ""dialect_assigned_default"": true}"
"Gomman ‘yan matan da aka gayyato daga yankuna daban-daban na wannan kasa akasari daliban makarantun secondary ne aka garwaya da ‘yan wasan kungiyoyin kwallon kafar ‘yan sanda da ta Garde Nationale , abinda ya ba da damar karkasa su a rukunoni domin kafsawa .","sentence","8","{""source"": ""VOA Hausa"", ""split"": ""train"", ""dialect_assigned_default"": true}"
"Ita kuwa wannan ‘yar wasa mai sunan A’isha ta bukaci hukumomi su dauki wannan shiri da mahimanci domin a cewarta ‘yan matan Nijar a shirye su ke su daga tutar wannan kasa a fannin kwallon kafa .","sentence","8","{""source"": ""VOA Hausa"", ""split"": ""train"", ""dialect_assigned_default"": true}"
"Komai na wannan kakar wasanni ya gudana akan idon jakadan Amurka a Yamai Amb .","sentence","8","{""source"": ""VOA Hausa"", ""split"": ""train"", ""dialect_assigned_default"": true}"
"Eric P .","sentence","8","{""source"": ""VOA Hausa"", ""split"": ""train"", ""dialect_assigned_default"": true}"
"Whitaker domin tabbatar wa kansa cewa an yi abubuwa cikin nutsuwa kamar yadda aka tsara .","sentence","8","{""source"": ""VOA Hausa"", ""split"": ""train"", ""dialect_assigned_default"": true}"
"Ga wakilinmu a Yamai Sule Baram da cikakken rahoton :","sentence","8","{""source"": ""VOA Hausa"", ""split"": ""train"", ""dialect_assigned_default"": true}"
"Nijar Ta Jaddada Bukatar Neman a Mika Mata Hama Amadou","sentence","8","{""source"": ""VOA Hausa"", ""split"": ""train"", ""dialect_assigned_default"": true}"
"A hirarsu ta baya da wata mujallar kasar Faransa , shugaban kasar Nijar Issouhou Mahamadou ya ba da tabbacin cewa gwamnatinsa ta bukaci Najeriya , da Jamhuriyar Benin , da su dawo da jagoran ‘yan adawa Hama Amadou zuwa gida , inda wata kotu ta yanke masa hukunci daurin shekara 1 a kurkuku sakamakon samunsa da hannu a wata badakalar safarar jarirai .","sentence","8","{""source"": ""VOA Hausa"", ""split"": ""train"", ""dialect_assigned_default"": true}"
"Wannan shi ne matakin da magoya bayansa irin su Mahamadou Maidouka ke kallonsa a matsayin wani yunkurin sharewa jam’iyyar PNDS mai mulki hanyar lashe zaben 2021 .","sentence","8","{""source"": ""VOA Hausa"", ""split"": ""train"", ""dialect_assigned_default"": true}"
"Sai dai shuwagabanin PNDS Tarayya sun nisanta kansu da halin da dan takarar na Moden Lumana ke ciki .","sentence","8","{""source"": ""VOA Hausa"", ""split"": ""train"", ""dialect_assigned_default"": true}"
"Shekaru sama da 4 kenan Hama Amadou ke gudun hijira tsakanin kasashen Faransa , da Ghana , da Najeriya , da Jamhuriyar Benin , bayan da ya gudu daga Nijar a wani lokacin da ake gab da gurfanar da shi a gaban kotu .","sentence","8","{""source"": ""VOA Hausa"", ""split"": ""train"", ""dialect_assigned_default"": true}"
"Sai dai har yanzu magoya bayansa na cewa farin jininsa na ci gaba da karuwa a wajensu , wanda kuma suke ganin shi ne mafarin bita-da-kullin da yake fuskanta daga masu mulki a cewar su .","sentence","8","{""source"": ""VOA Hausa"", ""split"": ""train"", ""dialect_assigned_default"": true}"
"Badakalar safarar jarirai wani al’amari ne da aka shafe shekaru ana fafatawa akansa a kotuna , tun daga Nijar har zuwa kasashen waje .","sentence","8","{""source"": ""VOA Hausa"", ""split"": ""train"", ""dialect_assigned_default"": true}"
"Yayin da hukumomi ke ganin bakin alkalami ya bushe , saboda yadda galibin wadanda ake zargi suka ba da kai ga hukuncin da ya hau kansu .","sentence","8","{""source"": ""VOA Hausa"", ""split"": ""train"", ""dialect_assigned_default"": true}"
"Shi kuwa Hama Amadou da makusantansa na cewa kokuwa ba ta kare ba .","sentence","8","{""source"": ""VOA Hausa"", ""split"": ""train"", ""dialect_assigned_default"": true}"
"A saurari cikakken rahoton wakilin Muryar Amurka Souley Moumouni Barma .","sentence","8","{""source"": ""VOA Hausa"", ""split"": ""train"", ""dialect_assigned_default"": true}"
"Matakin Kama Ali Tera Ya Janyo Muhawara a Nijer","sentence","8","{""source"": ""VOA Hausa"", ""split"": ""train"", ""dialect_assigned_default"": true}"
"Wani jirgin saman kamfanin Ethiopia da ya sauka birnin Yamai a yammacin jiya ne ya zo da Ali Tera hannuwansa daure da ankwa kuma","sentence","8","{""source"": ""VOA Hausa"", ""split"": ""train"", ""dialect_assigned_default"": true}"
"take jami’an tsaro suka fice da shi zuwa ofishin hukumar ‘yan sandan farin kaya .","sentence","8","{""source"": ""VOA Hausa"", ""split"": ""train"", ""dialect_assigned_default"": true}"
"Alkali mai tuhuma Procureur de la Republique , Chaibou Samna ya gayawa Muryar Amurka cewa Ali Tera na fuskantar wasu tarin zarge zarge da suka hada da tunzura jama’a don gudanar da taron tayar da bore dauke da makamai da nufin bijirewa hukuma , da yunkurin tada zaune tsaye da kuma neman haddasa fitina a tsakanin ‘yan kasa , da kuma barazanar kisan kai .","sentence","8","{""source"": ""VOA Hausa"", ""split"": ""train"", ""dialect_assigned_default"": true}"
"Wannan dan tiliki da ya shafe shekaru sama da 20 a kasar Amurka ya yi kaurin suna wajen sukar lamirin gwamnatin shugaba Issouhou Mahamadou ta hanyar sakwannin da yake aikawa a shafukan sada zumunta .","sentence","8","{""source"": ""VOA Hausa"", ""split"": ""train"", ""dialect_assigned_default"": true}"
"A ra’ayin Adamou Manzo na jam’iyar PNDS Tarayya , halin da Ali Tera ya tsinci kansa ciki a yau ya isa abin ishara .","sentence","8","{""source"": ""VOA Hausa"", ""split"": ""train"", ""dialect_assigned_default"": true}"
"Sai dai a na su bangaren magoya bayan jam’iyar MODEN Lumana irin su Bana Ibrahim na ganin matakin hukumomin na Nijer tamkar keta hakkin dan adam ne .","sentence","8","{""source"": ""VOA Hausa"", ""split"": ""train"", ""dialect_assigned_default"": true}"
"Bayan ya shafe daren jiya laraba a ofishin hukumar ‘yan sandan PJ , Ali Tera ya bakunci gidan yarin Filingue dake da nisan km sama da 170 .","sentence","8","{""source"": ""VOA Hausa"", ""split"": ""train"", ""dialect_assigned_default"": true}"
"Kafin a tuso keyar sa zuwa Nijer , Ali Tera ya shafe makwanni a wani gidan yarin Amurka inda aka tsare shi sakamakon rashin mallakar takardun izinin zama a wannan kasa .","sentence","8","{""source"": ""VOA Hausa"", ""split"": ""train"", ""dialect_assigned_default"": true}"
"Cameroon : Duk Da Rikici A Wani Bangaren Kasar Kamaru Tace Zata Gudanar Da Zaben Gama Gari","sentence","8","{""source"": ""VOA Hausa"", ""split"": ""train"", ""dialect_assigned_default"": true}"
"Hukumar zaben kasar Kamaru ta lashi takobin cewar za ta gudanar da zaben shugaban kasa a duk fadin kasar , har da bangaren yan awaren kasar masu anfani da harshen Ingilishi .","sentence","8","{""source"": ""VOA Hausa"", ""split"": ""train"", ""dialect_assigned_default"": true}"
"Alhaji Abdulkadir dan asalin garin Baminda kuma yana cikin masu fada a ji a kungiyar yan awaren , ya yi shakkar gudanar da zabe a yankin su .","sentence","8","{""source"": ""VOA Hausa"", ""split"": ""train"", ""dialect_assigned_default"": true}"
"Ya ce da wuya a yi zabe a wurin su saboda mutane fiye da dubu 50 na gudun hijira a Nigeria .","sentence","8","{""source"": ""VOA Hausa"", ""split"": ""train"", ""dialect_assigned_default"": true}"
"Wasu kuma sama da dubu 400 sun bazama ko sun rikide cikin wasu alummomi , baicin wadanda suke hannu sojoji da yan sanda .","sentence","8","{""source"": ""VOA Hausa"", ""split"": ""train"", ""dialect_assigned_default"": true}"
"Ya ce a yankin kullum ana harbe harbe abun da ya hana masu tsayawa takara zuwa yankin yin kemfen .","sentence","8","{""source"": ""VOA Hausa"", ""split"": ""train"", ""dialect_assigned_default"": true}"
"A cewar Alhaji Abdulkadir , gwamnantin kasar ba ta dauki wani mataki mai kyau ba .","sentence","8","{""source"": ""VOA Hausa"", ""split"": ""train"", ""dialect_assigned_default"": true}"
"Ya ce an roki gwamnati ta janye sojoji ta tattauna da mutanen amma ta ki , maimakon hakan ma kullum kara sojoji ta keyi .","sentence","8","{""source"": ""VOA Hausa"", ""split"": ""train"", ""dialect_assigned_default"": true}"
"Sojojin kuma ba lafiya su ke kawowa mutanen ba .","sentence","8","{""source"": ""VOA Hausa"", ""split"": ""train"", ""dialect_assigned_default"": true}"
"Ya ce gwamnati ta sake mutanen da ta kama .","sentence","8","{""source"": ""VOA Hausa"", ""split"": ""train"", ""dialect_assigned_default"": true}"
"Wadanda suka fice daga kasar ta yi masu ahuwa su dawo .","sentence","8","{""source"": ""VOA Hausa"", ""split"": ""train"", ""dialect_assigned_default"": true}"
"Shi ko shugaban bangaren kula da jama'a na hukumar zabe Alhaji Zakari Muhammadu , ya dage za'a yi zabe a duk fadin kasar .","sentence","8","{""source"": ""VOA Hausa"", ""split"": ""train"", ""dialect_assigned_default"": true}"
"Ya ce sun shirya tsaf kuma an baza jami'an tsaro .","sentence","8","{""source"": ""VOA Hausa"", ""split"": ""train"", ""dialect_assigned_default"": true}"
"Ya ce aikinsu ne su gudanar da zaben .","sentence","8","{""source"": ""VOA Hausa"", ""split"": ""train"", ""dialect_assigned_default"": true}"
"Akan tsaro ya ce gwamnatin Kamaru ta dauki matakan yin hakan .","sentence","8","{""source"": ""VOA Hausa"", ""split"": ""train"", ""dialect_assigned_default"": true}"
"A saurari rahoton Muhammad Awal Garba","sentence","8","{""source"": ""VOA Hausa"", ""split"": ""train"", ""dialect_assigned_default"": true}"
"An Yi Nasarar Gwajin Magungunan Ebola","sentence","8","{""source"": ""VOA Hausa"", ""split"": ""train"", ""dialect_assigned_default"": true}"
"Nasarar magungunan biyu , wadanda aka fi sani da REGN-EB3 da mAb-114 , sun sa masu ilimin kimiyya sun yanke shawarar tsai da binciken da ake yi kansu , a maimakon haka su na son a maida hankali kan yadda za a fara amfani da su a Afirka , inda annobar cutar ta tsawon shekara guda ta lakume rayuka sama da 1,800 Daga yanzu , ba za a kara cewa Ebola ba ta warkuwa ba , abin da Jean-Jacques Muyembe , daraktan Cibiyar Binciken Cututtuka ta Kasar Congo , ya gaya ma jaridar The Guardian kenan .","sentence","8","{""source"": ""VOA Hausa"", ""split"": ""train"", ""dialect_assigned_default"": true}"
"Ya kara da cewa , Wannan cigaban da aka samu zai taimaka wajen ceto dubban rayuka .","sentence","8","{""source"": ""VOA Hausa"", ""split"": ""train"", ""dialect_assigned_default"": true}"
"Cutar Ebola Ta Sake Kashe Wani A Kasar Congo","sentence","8","{""source"": ""VOA Hausa"", ""split"": ""train"", ""dialect_assigned_default"": true}"
"An sami Karin wadansu mutane hudu da suke dauke da kwayar cutar ta Ebola a damokaradiyar jamhuriyar Kwango , bisa ga cewar ma’aikatar lafiyar a sanarwar da ta fitar ta baya bayan","sentence","8","{""source"": ""VOA Hausa"", ""split"": ""train"", ""dialect_assigned_default"": true}"
"Kawo yanzu , an bada rahoton cewa , mutane arba’in da shida suka kamu da zazzabin mai sa zubar jinni tunda aka sami barkewar cutar .","sentence","8","{""source"": ""VOA Hausa"", ""split"": ""train"", ""dialect_assigned_default"": true}"
"Shugaban kasar Joseph Kabila da majalisarsa sun tsaida shawara jiya asabar su kara yawan kudin da ake kashewa wajen gudanar da agajin gaggawa a kokarin shawo kan cutar Ebola , da zai kai sama da dala miliyan hudu","sentence","8","{""source"": ""VOA Hausa"", ""split"": ""train"", ""dialect_assigned_default"": true}"
"Mahamadu Isuhu Ya Bayyana Samun Nasarori a Shekara Ta Biyu","sentence","8","{""source"": ""VOA Hausa"", ""split"": ""train"", ""dialect_assigned_default"": true}"
"Gwamnatin Jamhuriyar Nijar karkashin jagorancin Mahamadu Isuhu ta ce ta samar da ci gaba na a-zo-a-gani a kasar a wa'adinta na biyu .","sentence","8","{""source"": ""VOA Hausa"", ""split"": ""train"", ""dialect_assigned_default"": true}"
"A jiya Lahadi shugaba Isuhu ya bayyana a gidan talbijin inda ya zayyana ire-iren ci gaban da kasarsa ta samar yayin da ya cika shekaru biyu a wa’adinsu na biyu .","sentence","8","{""source"": ""VOA Hausa"", ""split"": ""train"", ""dialect_assigned_default"": true}"
"Ga likitoci da aka samar a asibitoci daban-daban , musamman ma a Maradi da Yamai da kayayyakin aiki da aka samar a asibitocin , hakan ya sa a irin kididdigar da ake yi , an sa Nijar a cikin kasashen da ke kiyaye lafiyar al’umarta .","sentence","8","{""source"": ""VOA Hausa"", ""split"": ""train"", ""dialect_assigned_default"": true}"
"Inji Ministan raya al’adu kuma kakakin gwamnatin ta shugaba Isuhu , Asoumana Malam Isa .","sentence","8","{""source"": ""VOA Hausa"", ""split"": ""train"", ""dialect_assigned_default"": true}"
"Ya kara da cewa an samu ci gaba a fannin ilimi yana mai cewa gano matsalolin da malamai ke da su a fannin na ilimi wannan ma ci gaba ne .","sentence","8","{""source"": ""VOA Hausa"", ""split"": ""train"", ""dialect_assigned_default"": true}"
"Sai dai gwamnatin ta shugaba Isuhu ta amince da cewa akwai sauran matsaloli da kasar ke fuskanta , kamar na cin hanci da rashawa .","sentence","8","{""source"": ""VOA Hausa"", ""split"": ""train"", ""dialect_assigned_default"": true}"
"Sai dai kungiyoyin fararen hula na ganin akwai kurakurai da gwamnatin take tafkawa tun bayan da shugaba Isuhu ya samu wa’adi na biyu .","sentence","8","{""source"": ""VOA Hausa"", ""split"": ""train"", ""dialect_assigned_default"": true}"
"Shi yana murna ya shekara biyu , mutane kuma suna bakin ciki ya yi shekara biyu yana muzguna masu .","sentence","8","{""source"": ""VOA Hausa"", ""split"": ""train"", ""dialect_assigned_default"": true}"
"Inji Jami’in fafutuka Gamatou Muhammadu .","sentence","8","{""source"": ""VOA Hausa"", ""split"": ""train"", ""dialect_assigned_default"": true}"
"Saurari cikakken rahoton Sule Mumuni Barma kan wannan batu :","sentence","8","{""source"": ""VOA Hausa"", ""split"": ""train"", ""dialect_assigned_default"": true}"
"Uwargidan Shugaban Amurka Malania Trump Ta Isa Malawi","sentence","8","{""source"": ""VOA Hausa"", ""split"": ""train"", ""dialect_assigned_default"": true}"
"Yanzu haka Melania Trump , matar shugaban Amurka , tana kasar Malawi a yau Alhamis , kasa ta biyu da take ziyara a rangadin da take na wasu kasashen Afrika .","sentence","8","{""source"": ""VOA Hausa"", ""split"": ""train"", ""dialect_assigned_default"": true}"
"Da saukarta birnin Lilongwe , Melania ta je ta ziyarci wata karamar makarantar firamare wacce ke da dalibbai kamar 8,000 amma malamai 75 kacal .","sentence","8","{""source"": ""VOA Hausa"", ""split"": ""train"", ""dialect_assigned_default"": true}"
"Ta ma zauna ta kalli yaran suna daukan darasin koyon turancin Ingilishi , kuma daga bisani ta zanta da malaman makarantar .","sentence","8","{""source"": ""VOA Hausa"", ""split"": ""train"", ""dialect_assigned_default"": true}"
"Matar shugaban na Amurka tazo da tsarabar da fadar White House ta baiwa ‘yan makarantar , wacce ta hada da jakuna , alli da kuma kwallayen kafa .","sentence","8","{""source"": ""VOA Hausa"", ""split"": ""train"", ""dialect_assigned_default"": true}"
"Haka kuma ance ita ma Hukumar raya Kasashe ta Amurka , USAID , tana shirin bada kyautar tarin littafai ga makarantar .","sentence","8","{""source"": ""VOA Hausa"", ""split"": ""train"", ""dialect_assigned_default"": true}"
"Harin Amurka A Somalia Ranar Asabar Ya Hallaka Mayakan al-Shabab 27","sentence","8","{""source"": ""VOA Hausa"", ""split"": ""train"", ""dialect_assigned_default"": true}"
"Wani harin sama da jiragen yakin Amurka suka kai a ranar Asabar a Somalia , ya hallaka mayakan Al Shabab 27 , a cewar , rundunar dakarun Amurka mai kula da shiyyar Afirka .","sentence","8","{""source"": ""VOA Hausa"", ""split"": ""train"", ""dialect_assigned_default"": true}"
"Rundunar ta bayyana hakan ne a sakon Twitter , tana mai cewa harin an kai shi ne tare da hadin gwiwar gwamnatin Somalia a yankin Bosaso da ke yankin Puntaland mai kwarkwaryan ‘yancin kai .","sentence","8","{""source"": ""VOA Hausa"", ""split"": ""train"", ""dialect_assigned_default"": true}"
"A cewar rundunar ta Amurka , ba a kashe farar hula ko daya a harin ba .","sentence","8","{""source"": ""VOA Hausa"", ""split"": ""train"", ""dialect_assigned_default"": true}"
"Hare-haren Amurkan a cewarta , na kaikaitar sansanonin da ake horarwa da mayakan kungiyar da kuma maboyarsu a baki dayan kasar ta Somalia da kuma yankin .","sentence","8","{""source"": ""VOA Hausa"", ""split"": ""train"", ""dialect_assigned_default"": true}"
"A dai ranar Alhamis din da ta gabata , wani harin saman da Amurkan ta kai akan mayakan na Al Shabab , ya hallaka mutum 12 a can kudancin Mogadishu .","sentence","8","{""source"": ""VOA Hausa"", ""split"": ""train"", ""dialect_assigned_default"": true}"
"Harin na ranar Asabar na zuwa ne , bayan da mayakan na Al Shabab suka kai hari a wani sansanin soji a Puntland , inda suka yi ikararin kashe sojoji biyar , kana suka ce sun jikkata wasu bakwai tare da lalata kayayyakin sojin kasar ta Somalia .","sentence","8","{""source"": ""VOA Hausa"", ""split"": ""train"", ""dialect_assigned_default"": true}"
"Wasu Sojojin Masar 15 Sun Bata","sentence","8","{""source"": ""VOA Hausa"", ""split"": ""train"", ""dialect_assigned_default"": true}"
"Rundunar sojin Masar ta ce an fafata jiya Asabar tsakanin wasu da ake kyautata zaton masu ikirarin jihadi ne da sojojin gwamnati , a wani wurin duba ababen hawa da ke yankin Ruwan Sinai .","sentence","8","{""source"": ""VOA Hausa"", ""split"": ""train"", ""dialect_assigned_default"": true}"
"Wani mai magana da yawun sojin kasar , ya fadawa kamfanin Dillancin labaru na AFP a wani rubutaccen bayani cewa , an hallaka mayaka bakwai a wani harin da aka kai a Sinai mai fama da tashin hankali , yayin da sojoji 15 ake tunanin ko dai sun mutu ko sun ji rauni .","sentence","8","{""source"": ""VOA Hausa"", ""split"": ""train"", ""dialect_assigned_default"": true}"
"Tamer El-Refai , Mai magana da yawun sojojin ya fada a cikin sanarwar cewa , jami’in soja daya da kuma wasu 14 sun mutu ko sun ji raunuka , amma ya gaza bayyana adadin wadanda suka mutu .","sentence","8","{""source"": ""VOA Hausa"", ""split"": ""train"", ""dialect_assigned_default"": true}"
"El-Refai ya ce jami’an tsaro za su bi bayan dun inda ‘yan ta’adda suke domin su kawar da su .","sentence","8","{""source"": ""VOA Hausa"", ""split"": ""train"", ""dialect_assigned_default"": true}"
"”","sentence","8","{""source"": ""VOA Hausa"", ""split"": ""train"", ""dialect_assigned_default"": true}"
"Al Bashir Ya Ajiye Shugabancin Jam'iyyarsa Ta NCP","sentence","8","{""source"": ""VOA Hausa"", ""split"": ""train"", ""dialect_assigned_default"": true}"
"Shugaban Sudan , Omar Al Bashir , ya sauka daga mukaminsa na shugaban jam’iyyarsa da ke mulkin kasar .","sentence","8","{""source"": ""VOA Hausa"", ""split"": ""train"", ""dialect_assigned_default"": true}"
"Jam’iyyar National Congress Party , wacce ake kira NCP takaice , ta fitar da wannan sanarwa a karshen makon","sentence","8","{""source"": ""VOA Hausa"", ""split"": ""train"", ""dialect_assigned_default"": true}"
"ne , bayan da aka kwashe makonni ana zanga zangar nuna adawa ga gwamnatin Al Bashir .","sentence","8","{""source"": ""VOA Hausa"", ""split"": ""train"", ""dialect_assigned_default"": true}"
"Yanzu haka , shugaban na Sudan ya mika mukamin ga mataimakinsa , Ahmed Harun , har sai zuwa lokacin babban taron da jam’iyyar za ta yi a","sentence","8","{""source"": ""VOA Hausa"", ""split"": ""train"", ""dialect_assigned_default"": true}"
"gaba , inda a lokacin ne za ta zabi sabon shugaba .","sentence","8","{""source"": ""VOA Hausa"", ""split"": ""train"", ""dialect_assigned_default"": true}"
"Amma dai ba a saka ranar da za a gudanar da babban taron ba .","sentence","8","{""source"": ""VOA Hausa"", ""split"": ""train"", ""dialect_assigned_default"": true}"
"Ita dai jam’iyyar ta NCP , ita ke morar rinjaye a majalisar dokokin kasar , kuma bisa wata matsaya da aka cimma a tsakanin ‘ya’yan jam’iyyar , shugaban jam’iyya shi ke zama dan takararta a zaben shugaban kasa .","sentence","8","{""source"": ""VOA Hausa"", ""split"": ""train"", ""dialect_assigned_default"": true}"
"Afrika Tana Samun Ci Gaba A Sufurin Jiragen Sama","sentence","8","{""source"": ""VOA Hausa"", ""split"": ""train"", ""dialect_assigned_default"": true}"
"Mataimakin shugaban kungiyar IATA na Nahiyar Afrika da Gabas ta Tsakiya Muhammed Al bakair , ya ce bukatar ci gaban Afrika a harakar jiragen sama zai bukaci ginshikai kwarara .","sentence","8","{""source"": ""VOA Hausa"", ""split"": ""train"", ""dialect_assigned_default"": true}"
"A kan haka ne kuma ya yi kiran samun kawance mai karfi tsakanin mambobin kungiyar , ya kuma ambato wasu kalubale da masana’antar ke fuskanta .","sentence","8","{""source"": ""VOA Hausa"", ""split"": ""train"", ""dialect_assigned_default"": true}"
"Ya ce akwai shaidun da su ke tabbatar da akwai sauran gurabun habbaka cinikayyar ci gaban tattalin arziki a Afrika .","sentence","8","{""source"": ""VOA Hausa"", ""split"": ""train"", ""dialect_assigned_default"": true}"
"Ya buga misali yana cewa zamu iya tabatar da samun ginshikai da fasahohin cudeni-in-cudeka a Afrika don tattara haraji da kudaden fito Mataimakin shugaban kasar Ghana , Muhmudu Bawumia ya bayyana cewar kasar Ghana na bibiyan burin da ake dashi ne ta kyautata amfanin aikin jiragen sama , wannan ne abin da kuma ya sa gwamnati ta dukufa wurin samar da yanayin tattalin arziki da ya dace da kuduri na siyasa don ya shafi bege na wannan fage a matsayin ajandar duniya da nahiya da kuma kasa Taron na kwana biyu da ya maida hankali kan aikin jiragen sama domin ci gaba nahiyar zai baiwa malarta damar musayar kwarewar su don ci gaban wannan fage da ke kawo wa kasashen yammaci da tsakiyar Afrika cigaban tatalin arziki .","sentence","8","{""source"": ""VOA Hausa"", ""split"": ""train"", ""dialect_assigned_default"": true}"
"Ga rahoton wakilinmu a birnin Accra , Ridwan Muktar Abbas :","sentence","8","{""source"": ""VOA Hausa"", ""split"": ""train"", ""dialect_assigned_default"": true}"
"Amurka Ta Kashe Mayakan Al-Shabab Takwas A Jiya Asabar","sentence","8","{""source"": ""VOA Hausa"", ""split"": ""train"", ""dialect_assigned_default"": true}"
"Babu farar hula a cikin wadanda farmakin ya shafa a kusa da Gandarhse a kusa da gabar tekun kudancin Mogadishu a cewar rundunar Amurka a Afrika .","sentence","8","{""source"": ""VOA Hausa"", ""split"": ""train"", ""dialect_assigned_default"": true}"
"Dakarun sojin sun ce sun shirya farmakin ne da hadin gwiwar gwamnatin Somalia domin takaita walwalar kaikomon al-Shabab a wurin .","sentence","8","{""source"": ""VOA Hausa"", ""split"": ""train"", ""dialect_assigned_default"": true}"
"A wannan shekara , dakarun Amurka sun kaddamar da farmaki akalla sau 40 a kan manyan tungayen al-Shabab a wurare dabam-dabam a Somalia .","sentence","8","{""source"": ""VOA Hausa"", ""split"": ""train"", ""dialect_assigned_default"": true}"
"A jiya Asabar kuma wani rikici da zanga-zanga ya shiga kwanaki uku a birnin Baidoa a kan kama Muktar Robow , tsohon mataimakin shugaban al-Shabab kuma babban dan takara a zaben shugaban kasa mai zuwa daga jihar Kudu maso yamma .","sentence","8","{""source"": ""VOA Hausa"", ""split"": ""train"", ""dialect_assigned_default"": true}"
"Taron MDD : Shugaban Ghana Ya Yi Tir Da Rashin Adalci A Duniya","sentence","8","{""source"": ""VOA Hausa"", ""split"": ""train"", ""dialect_assigned_default"": true}"
"Yayin da yake jawabi a zauran babban taron Majalisar Dinkin Duniya karo na 74 , shugaban kasar Ghana , Nana Akufo-Addo , ya ce mu damu ke kasashe masu tasowa mune muka san abinda ake nufi da talauci saboda lamarorin da muke tare da su ako da yaushe , kuma hakan na zubar mana da mutunci .","sentence","8","{""source"": ""VOA Hausa"", ""split"": ""train"", ""dialect_assigned_default"": true}"
"Ya kuma kara da cewa kawar da talauci shi ne abin da ake gwada mizanin kasashenmu da shi , don haka wajibi ne kowace kasa ta tashi haikan ta yi yaki ta kawar da talauci kuma ta samar da arziki ga jama’arta .","sentence","8","{""source"": ""VOA Hausa"", ""split"": ""train"", ""dialect_assigned_default"": true}"
"Akufo-Addo ya nuna takaicinsa akan faruwar hakan duk da irin arzikin da Allah ya yi wa Nahiyar Afrika , inda ya ce bai kamata mu manta irin albarkatun da duniya ta doga akai ba wajan tafiyar da masana’antu da kera abubuwa wadanda suke daga Afrika amma har yanzu nahiyar Afrika tana cikin talauci .","sentence","8","{""source"": ""VOA Hausa"", ""split"": ""train"", ""dialect_assigned_default"": true}"
"Ba ina daura laifi akan wasu da basu a Afrika ba ne , da yake mun taro anan ne domin samun mafita ta bai daya don hakane dole na bayyana irin wannan rashin adalci da ake samu wajan yaki da talauci .","sentence","8","{""source"": ""VOA Hausa"", ""split"": ""train"", ""dialect_assigned_default"": true}"
"Wasu ‘yan asalin kasar Ghana mazauna","sentence","8","{""source"": ""VOA Hausa"", ""split"": ""train"", ""dialect_assigned_default"": true}"
"Amurka sun gudanar da wata zanga zanga ta nuna kin jinin gwamnati akan irin yanayin da kasar ta ke ciki , inda suka koka cewa babu ingantaccen ilimi , tsadar man fetur da kuma yawan garkuwa da mutane da dai sauransu .","sentence","8","{""source"": ""VOA Hausa"", ""split"": ""train"", ""dialect_assigned_default"": true}"
"Amma wasu kuma suna cewa yanzu ne shugaban kasar ta su yake bullowa da manufofi masu inganci musamman su da suke zaune a kasashen waje suna gani a kasa , kuma a fili lamarin yake kamar yadda shugaban kasar ya samar da ilimi kyauta da saura batutuwa .","sentence","8","{""source"": ""VOA Hausa"", ""split"": ""train"", ""dialect_assigned_default"": true}"
"Saurari cikakken rahoton da Baba Yakubu Makeri ya aiko mana daga birnin New York :","sentence","8","{""source"": ""VOA Hausa"", ""split"": ""train"", ""dialect_assigned_default"": true}"
"Najeriya da Nijar Sun Rattaba Hannu a Wata Yarjejeniyar Habbaka Tattalin Arziki","sentence","8","{""source"": ""VOA Hausa"", ""split"": ""train"", ""dialect_assigned_default"": true}"
"Shugaban Najeriya Muhammadu Buhari da takwaran aikinsa na Janhuriyar Nijar Mouhammadou Issoufou , sun sanyawa wata yarjejeniya hannu a birnin tarayya Abuja , da zata kai ga shigo da danyen mai daga Janhuriyar Nijar , daga na a tace shi a Najeriya .","sentence","8","{""source"": ""VOA Hausa"", ""split"": ""train"", ""dialect_assigned_default"": true}"
"Wannan babban aikin na kafa matatar mai dai a garin Mashi dake jihar Katsina za a yi shi , ana sa ran zai samarwa dubban ‘yan Najeriya da Nijar ayyukan yi , ganin irin yawan kudaden da za a kashe da kuma muhimmancin kasuwancin man fetur wanda zai bazu a duk sassan Najeriya .","sentence","8","{""source"": ""VOA Hausa"", ""split"": ""train"", ""dialect_assigned_default"": true}"
"A wurin rattaba hannun , shugaba Mohammadu Buhari ya ce yana sa ran","sentence","8","{""source"": ""VOA Hausa"", ""split"": ""train"", ""dialect_assigned_default"": true}"
"ba da jimawa ba za a samu irin wannan gurbataccen man a wasu yankuna a arewacin Najeriya .","sentence","8","{""source"": ""VOA Hausa"", ""split"": ""train"", ""dialect_assigned_default"": true}"
"Malam Ibrahim Zakari Talba , shine shugaban kamfanin da ake kira Black oil energy , kamfanin da ya tattara kwararru da masana daga kasashen ketare wajen saka jari , wanda zai kai wannan zunzurutun kudin da suka haura naira miliyan dubu dari 7 domin tabbatar da cewa wannan babar matatar ta fara aiki daga shekara 3 zuwa 5 .","sentence","8","{""source"": ""VOA Hausa"", ""split"": ""train"", ""dialect_assigned_default"": true}"
"Talba ya kuma ce an basu izinin sayen mai daga Nijar yanzu , amma gwamnatocin kasashen biyu sun kafa wasu kwamiti guda 2 da zasu yi bincike su kuma yi nazarin aikin na tsawon watanni 3 zuwa 4 .","sentence","8","{""source"": ""VOA Hausa"", ""split"": ""train"", ""dialect_assigned_default"": true}"
"Malam Garba Shehu , kakakin fadar shugaban Najeriya ya jaddada alfanun da kasashen biyu zasu samu idan wannan aikin ya kammalu .","sentence","8","{""source"": ""VOA Hausa"", ""split"": ""train"", ""dialect_assigned_default"": true}"
"Ga karin bayani cikin sauti a cikin rahoton Umar Faruk Musa .","sentence","8","{""source"": ""VOA Hausa"", ""split"": ""train"", ""dialect_assigned_default"": true}"
"Da Alamu Jam'iyyar ANC Ta Afrika Ta Kudu Ita Zata Lashe Zabe","sentence","8","{""source"": ""VOA Hausa"", ""split"": ""train"", ""dialect_assigned_default"": true}"
"Zaben na wannna bana ai shine na shidda da aka taba yi a kasar tun daga lokacin da aka zo karshen akidar wariyar launin fata a shekarar aluf dari tara da cisa’in da hudu .","sentence","8","{""source"": ""VOA Hausa"", ""split"": ""train"", ""dialect_assigned_default"": true}"
"Bayan samun sakamakon kashi 76 cikin 100 na kuri'un da aka kada a ranar Jumma'ar data gabata , jam’iyyar ANC , wadda ita ce jam’iyyar shugaban kasar Cyril Ramaphosa , ta sami kashi 57 cikin 100 na kuri'un da aka jefa .","sentence","8","{""source"": ""VOA Hausa"", ""split"": ""train"", ""dialect_assigned_default"": true}"
"A shekarar 2014 , jam’iyyar ANC ta samu kashi 62 cikin 100 na kuriun .","sentence","8","{""source"": ""VOA Hausa"", ""split"": ""train"", ""dialect_assigned_default"": true}"
"Amma tabarbarewar tattalin arziki da kuma karuwar cin hanci da rashawa , ya batawa jam’iyyar suna , wanda ita ce jam’iyyar Nelson Mandela , shugaban kasar Afrika Ta Kudu bakin fata na farko .","sentence","8","{""source"": ""VOA Hausa"", ""split"": ""train"", ""dialect_assigned_default"": true}"
"Wadannan Matsalolin suka sa wasu masu jefa kuri'a komawa zuwa jam'iyyun adawa .","sentence","8","{""source"": ""VOA Hausa"", ""split"": ""train"", ""dialect_assigned_default"": true}"
"Jam’iyyar DA wato ( Democratic Alliance ) ta samu kashi 22 cikin 100 na kuriun , kamar yadda ta samu a shekarar 2014 .","sentence","8","{""source"": ""VOA Hausa"", ""split"": ""train"", ""dialect_assigned_default"": true}"
"Amurka Ta Damu Game Da Alkiblar Samar Da Zaman Lafiya a Sudan Ta Kudu","sentence","8","{""source"": ""VOA Hausa"", ""split"": ""train"", ""dialect_assigned_default"": true}"
"Amurka tana nuna damuwa akan alkiblar shirin samun zaman lafiya a Sudan ta kudu , tana mai fadin cewa shugaban kasar Salva Kir , da shugaban yan tawaye Riek Machar , basu nuna halin shugabanci da ake bukata na samun zaman lafiya a kasar ba .","sentence","8","{""source"": ""VOA Hausa"", ""split"": ""train"", ""dialect_assigned_default"": true}"
"A saboda haka sakatariyar yada labarun fadar shugaban Amurka Sarah Sanders , tace Amurka tana tababar wadannan shugabanni za su yi aiki da zai kai ga kafa mulkin democradiya sahihi , da gudanar da harkokin gwamnati yadda ya kamata a kasar .","sentence","8","{""source"": ""VOA Hausa"", ""split"": ""train"", ""dialect_assigned_default"": true}"
"A shekara ta dubu biyu da goma sha daya , Sudan ta kudu ta samu yanci daga kasar Sudan , to amma a karshen shekara ta dubu biyu da goma sha uku tarzoma ta barke a kasar akan fafitukar neman iko tsakanin shugaba Kir da tsohon mataimakin sa Mr Machar .","sentence","8","{""source"": ""VOA Hausa"", ""split"": ""train"", ""dialect_assigned_default"": true}"
"Sa’anan kuma an sha keta ka’idar yarjejeniyoyin tsagaita bude wuta .","sentence","8","{""source"": ""VOA Hausa"", ""split"": ""train"", ""dialect_assigned_default"": true}"
"Bangarorin da suka yi wani taro a birnin Khartoum a makon jiya sun kasa cimma daidaituwa akan daunin iko a tsakaninsu .","sentence","8","{""source"": ""VOA Hausa"", ""split"": ""train"", ""dialect_assigned_default"": true}"
"An Kafa Gidauniyar Farfado Da Harkokin Jihohin Tafkin Chadi","sentence","8","{""source"": ""VOA Hausa"", ""split"": ""train"", ""dialect_assigned_default"": true}"
"A karshen taron kwanaki biyu da suka gudanar a birnin Yamai na jamhuriyar Nijar , Gwamnonin jihohin tafkin Chadi sun bada sanarwar kafa wata gidauniya .","sentence","8","{""source"": ""VOA Hausa"", ""split"": ""train"", ""dialect_assigned_default"": true}"
"Kafa wannan gidauniyar dai don tattara kudaden da za a yi amfani da su ne wajen farfado da harkoki a yankunan da rikicin Boko Haram ya afkawa .","sentence","8","{""source"": ""VOA Hausa"", ""split"": ""train"", ""dialect_assigned_default"": true}"
"Wakilin gwamnan yankin Arewa mai nisa na kasar Cameroun ne ya gabatar da sanarwar karshen taron gwamnonin jihohin yankin tafkin Chadi , da ya gudana a ranakun Laraba 17 da Alhamis 18 ga watan Yuli a birnin Yamai .","sentence","8","{""source"": ""VOA Hausa"", ""split"": ""train"", ""dialect_assigned_default"": true}"
"A ci gaba da neman hanyoyin da za a samu nasarar murkushe Boko Haram ne , ya sa gwamnonin suka kafa wata gidauniya mai suna FSR , domin tattara kudaden da ake bukata don share hawayen al’umomin jihohinsu , inji gwamnan Borno Farfesa Baba Gana Umara Zulum .","sentence","8","{""source"": ""VOA Hausa"", ""split"": ""train"", ""dialect_assigned_default"": true}"
"Tuni wasu kasashen yammacin Duniya suka fara bada tasu gudunmawar kudade , wasu kuma suka yi alkawarin bayarwa a","sentence","8","{""source"": ""VOA Hausa"", ""split"": ""train"", ""dialect_assigned_default"": true}"
"gaba , wanda hakan ya karawa jagororin wannan yanki kwarin gwiwa , kamar yadda sakataren gwamnatin jihar Yobe Baba Malan Wali ya shaida wa wakilin Muryar Amurka .","sentence","8","{""source"": ""VOA Hausa"", ""split"": ""train"", ""dialect_assigned_default"": true}"
"Gwamnonin wadannan jihohi kimanin 8 sun jaddada aniyar ci gaba da tattaunawa a tsakaninsu , don yunkurin samar da ci gaban da ake fatan samarwa ga al’ummomin dake zaune a yankin tafkin Chadi , shi yasa kasar Cameroun ta amince ta karbi bakoncin irin wannan haduwa a shekara ta 2020 .","sentence","8","{""source"": ""VOA Hausa"", ""split"": ""train"", ""dialect_assigned_default"": true}"
"Gwamnan Diffa Mohamed Moudour ne aka zaba domin shugabancin kungiyar wadannan gwamnonin , kuma a cewar shugaban majalisar mashawartar karkara ta Diffa Mahirou Ligari , za a ga aiki da cikawa .","sentence","8","{""source"": ""VOA Hausa"", ""split"": ""train"", ""dialect_assigned_default"": true}"
"Taron na birnin Yamai ya dau alwashin ganin sarakunan gargajiya , shugabannin addinai , kungiyoyin fararen hula , da na mata , matasa na da rawar takawa a wannan yunkuri .","sentence","8","{""source"": ""VOA Hausa"", ""split"": ""train"", ""dialect_assigned_default"": true}"
"Saboda haka aka yanke shawarar basu cikakken matsayi wajen dukkan shawarwarin da aka tsayar a lokacin wannan haduwar .","sentence","8","{""source"": ""VOA Hausa"", ""split"": ""train"", ""dialect_assigned_default"": true}"
"A saurari rahoton Souley Moumouni Barma cikin sauti .","sentence","8","{""source"": ""VOA Hausa"", ""split"": ""train"", ""dialect_assigned_default"": true}"
"Za Mu Mika Mulki Ga Gwamnatin Farar Hula a Sudan - Burhan","sentence","8","{""source"": ""VOA Hausa"", ""split"": ""train"", ""dialect_assigned_default"": true}"
"Sabon jagoran gwamnatin soji ta wucin gadi a Sudan , ya ce , yana da aniyyar mika mulki ga gwamnatin farar hula","sentence","8","{""source"": ""VOA Hausa"", ""split"": ""train"", ""dialect_assigned_default"": true}"
"da shekaru biyu masu zuwa , sannan ya ce an soke dokar hana zirga-zirga da aka saka a baya .","sentence","8","{""source"": ""VOA Hausa"", ""split"": ""train"", ""dialect_assigned_default"": true}"
"Laftanar Janar Abdel-Fatah Burhan , ya bayyana hakan ne yayin jawabinsa na farko ga ‘yan kasar ta Sudan , wanda aka watsa ta kafar talbijin , inda har ya ba da umurmin a saki dukkanin fursunonin siyasa da aka tsare a zamanin mulkin hambararren shugaba , Omar Al Bashir .","sentence","8","{""source"": ""VOA Hausa"", ""split"": ""train"", ""dialect_assigned_default"": true}"
"Daukan wadannan matakai , alamu ne da ke nuni da cewa , zanga zangar da masu rajin kare mulkin Dimokradiyya , na kara kassara karfin ikon rundunar sojin kasar ta Sudan mai arzikin man fetur .","sentence","8","{""source"": ""VOA Hausa"", ""split"": ""train"", ""dialect_assigned_default"": true}"
"Sanarwar na zuwa ne , bayan da shugaban sashen tattara bayanan sirrin kasar , Salah Abdallah Mohammad Saleh , ya yi murabus daga mukaminsa a jiya Asabar .","sentence","8","{""source"": ""VOA Hausa"", ""split"": ""train"", ""dialect_assigned_default"": true}"
"A kuma ranar Juma’a ne , Ministan tsaron kasar , Manjo-Janar Awad Mohammad Ahmed Ibn Auf , ya sauka daga mukaminsa na shugaban gwamnatin wucin gadi , bayan da ya kwashe kwana guda kacal akan mukamin .","sentence","8","{""source"": ""VOA Hausa"", ""split"": ""train"", ""dialect_assigned_default"": true}"
"Zaben Kamaru : Maurice Ya Ce Shi Ya Ci , Ba Paul Biya Ba","sentence","8","{""source"": ""VOA Hausa"", ""split"": ""train"", ""dialect_assigned_default"": true}"
"Da alamar dai wata kura na gab da tashi a kasar Kamaru , inda tsohon Ministan Shari’ar Kasar kuma dan takarar Shugaban kasa na jam’iyyar MRC , Maurice Kamto , ya ce shi ne ya ci zaben Shugaban kasar , ba Paul Biya ba , al’amarin da ya janyo martanin hiukumomin kasar .","sentence","8","{""source"": ""VOA Hausa"", ""split"": ""train"", ""dialect_assigned_default"": true}"
"Wani jami’I a Kotun Kundin Tsarin Mulki ta kasar Kamaru , Suleiman Alhaji , ya ce bai dace Mr. Maurice ya yi gaban kansa wajen ayyana kansa a matsayin dan takara ba .","sentence","8","{""source"": ""VOA Hausa"", ""split"": ""train"", ""dialect_assigned_default"": true}"
"Haka zalika , Ministan Yada Labaran kasar , Isa Ciroma , y ace Maurice ya saba ka’ida .","sentence","8","{""source"": ""VOA Hausa"", ""split"": ""train"", ""dialect_assigned_default"": true}"
"Ga wakilinmu , Awwal Garba da cikakken rahoton :","sentence","8","{""source"": ""VOA Hausa"", ""split"": ""train"", ""dialect_assigned_default"": true}"
"Gwamnatin Sudan ta Kudu da Yan Tawaye Sun Cimma Yarjejeniyar Tsagaita Wuta","sentence","8","{""source"": ""VOA Hausa"", ""split"": ""train"", ""dialect_assigned_default"": true}"
"Shugaban Sudan ta Kudu Salva Kiir da madugun ‘yan tawayen Riek Machar , sun rattaba hannun kan wata yarejejeniya tsagaita wuta ta dindindin a daukacin kasar , wacce aka kulla a Khartoum , babban birnin Sudan a jiya Laraba .","sentence","8","{""source"": ""VOA Hausa"", ""split"": ""train"", ""dialect_assigned_default"": true}"
"Shirin tsagaita wutan , Zai fara aiki ne cikin sa’o’i 72 daga lokacin da aka rattaba hannun .","sentence","8","{""source"": ""VOA Hausa"", ""split"": ""train"", ""dialect_assigned_default"": true}"
"Wannan matsaya da aka cimma , ta hada har da wani tsari da zai samar da tsaro ga filayen da ake hakar man fetur a kasar tare da bunkasa ababan more rayuwa .","sentence","8","{""source"": ""VOA Hausa"", ""split"": ""train"", ""dialect_assigned_default"": true}"
"Sai dai matsayar ba ta hada har da batutuwan da aka jima ana takaddama akansu ba , kamar na yadda za a raba mukamai da kafa gwamnatin hadaka da kuma makomar dakarun ‘yan adawa .","sentence","8","{""source"": ""VOA Hausa"", ""split"": ""train"", ""dialect_assigned_default"": true}"
"Ita dai wannan yarjejeniya , wacce ta ayyana dakatar da kai duk wasu hare-hare a mataki na dindindin a Sudan ta kudu , za a gina ta ne akan matsayar da aka cimma ta tsagaita wuta a watan Disambar bara a tsakanin wakilan Kiir da Machar da kuma jam’iyyun siyasar kasar .","sentence","8","{""source"": ""VOA Hausa"", ""split"": ""train"", ""dialect_assigned_default"": true}"
"Yayin da yake jawabi a wajen bikin kulla wannan yarjejeniya , Machar wanda a da shi ne tsohon mataimakin shugaban kasar , ya ce wannan matsaya da aka cimma tana da ma’ana , za ta kawo karshen tashe-tashen hankulan da ake samu , na yi imanin cewa al’umar Sudan ta Kudu za su kasance masu cike da farin ciki , domin za a tsagaita wuta","sentence","8","{""source"": ""VOA Hausa"", ""split"": ""train"", ""dialect_assigned_default"": true}"
"da kwanaki uku .","sentence","8","{""source"": ""VOA Hausa"", ""split"": ""train"", ""dialect_assigned_default"": true}"
"Yayin jawabinsa , Kiir , ya fara jinjina ma shugaban Sudan Omar Al Bashir ne , wanda ya shirya wannan zama na gaba-da-gaba , da ya kai ga cimma wannan matsaya .","sentence","8","{""source"": ""VOA Hausa"", ""split"": ""train"", ""dialect_assigned_default"": true}"
"Niger : Ambaliyan Ruwa Ya Rutsa Da Mutane Uku - 42'","sentence","8","{""source"": ""VOA Hausa"", ""split"": ""train"", ""dialect_assigned_default"": true}"
"A jamhuriyar Niger wasu mutane 3 da suka hada da wata jami’ar kiwon lafiya da wani maras lafiya da dan rakiyarsa sun rasu a kauyen TABELOT dake yankin AGADEZ bayan da ruwa ya yi awon gaba da motar ambulance dinsu lokacin da suka yi kasadar ketara fadamar TELWA a wani lokacin da ruwa ke kwarara da karfin gaske .","sentence","8","{""source"": ""VOA Hausa"", ""split"": ""train"", ""dialect_assigned_default"": true}"
"Kawo yanzu an gano gawar mutane biyu yayinda ake ci gaba da neman gawar jami’ar kiwon lafiyar da motar da ta rutsa da ita kamar yadda ministan kiwon lafiyar al’uma Dr. Iliyasu Idi Mainasara ya shaidawa Sashen Hausa .","sentence","8","{""source"": ""VOA Hausa"", ""split"": ""train"", ""dialect_assigned_default"": true}"
"Dr Mainasara ya ce direban ne ya yi ganganci saboda ko da suka kawo bakin gadar ambaliyan ruwan ya soma .","sentence","8","{""source"": ""VOA Hausa"", ""split"": ""train"", ""dialect_assigned_default"": true}"
"Maimakon ya tsaya sai ya shiga domin yana ganin motarsu na da karfi za ta wuce .","sentence","8","{""source"": ""VOA Hausa"", ""split"": ""train"", ""dialect_assigned_default"": true}"
"Kafin ya ankara karfin ruwan ya fi na motar .","sentence","8","{""source"": ""VOA Hausa"", ""split"": ""train"", ""dialect_assigned_default"": true}"
"A saurari rahoton Souley Barma","sentence","8","{""source"": ""VOA Hausa"", ""split"": ""train"", ""dialect_assigned_default"": true}"
"Madugun Yan Tawayen Sudan Ta Kudu Ya Koma Kasar","sentence","8","{""source"": ""VOA Hausa"", ""split"": ""train"", ""dialect_assigned_default"": true}"
"Machar ya isa birnin da safiyar jiya Laraba ta filin saukar jiragen sama na Juba , daga kasar Afirka ta Kudu domin ya halarci wani buki da abokin hamayyarsa Salva Kiir ya shirya .","sentence","8","{""source"": ""VOA Hausa"", ""split"": ""train"", ""dialect_assigned_default"": true}"
"Mutanen biyu dai sun sabunta yarjejeniyar sulhu da suka rattabawa hannu tun watan Satumba , don kawo karshen rikicin kasar da ya kwashe kusan shekaru biyar .","sentence","8","{""source"": ""VOA Hausa"", ""split"": ""train"", ""dialect_assigned_default"": true}"
"Machar dai ya taba zama mataimakin shugaba Salva Kiir bayan samun ‘yancin kai da kasar tayi daga Sudan a shekarar 2011 , amma daga baya giyar mulki ta yi sanadiyar fada tsakaninsu da ya bayansu .","sentence","8","{""source"": ""VOA Hausa"", ""split"": ""train"", ""dialect_assigned_default"": true}"
"Kiir da Machar dai sun yi ta sa hannu akan yarjeniyoyin sulhu barkatai , amma ba a cimma nasara ba .","sentence","8","{""source"": ""VOA Hausa"", ""split"": ""train"", ""dialect_assigned_default"": true}"
"ciki har da ta shkearar 2016 wadda a sanadin barkewar tashin hankali a babban birnin Machar ya bar kasar .","sentence","8","{""source"": ""VOA Hausa"", ""split"": ""train"", ""dialect_assigned_default"": true}"
"Yakin basasar kasar yayi sanadiyar mutuwar kusan mutane 400,000 yayin da miliyoyi suka rasa muhallansu .","sentence","8","{""source"": ""VOA Hausa"", ""split"": ""train"", ""dialect_assigned_default"": true}"
"Karkashin sabuwar yarjejeniyar Machar zai rike mukamin mataimakin shugaban kasa na farko karkashin gwamnatin wucin gadi .","sentence","8","{""source"": ""VOA Hausa"", ""split"": ""train"", ""dialect_assigned_default"": true}"
"Gwamnatin Sudan Ta Kudu Ta Rattaba Hannu Kan Yarjejeniyar Raba Iko","sentence","8","{""source"": ""VOA Hausa"", ""split"": ""train"", ""dialect_assigned_default"": true}"
"Sai dai kuma wata gamayyar jam'iyyun hamayya 9 sun ki su sa hannu a wannan yarjejeniyar suna cewa sun dauki matakin saboda ba'a karbi shawarwari d a suka bayar ba .","sentence","8","{""source"": ""VOA Hausa"", ""split"": ""train"", ""dialect_assigned_default"": true}"
"Yarjejeniyar da Muryar Amurka ta samu damar gani , ta nuna cewa har yanzu shugaba Salva Kir zai ci gaba da zama shugaban kasar , yayin da shugaban ‘yan tawaye Riek Machar , zai ci gaba da rike tsohon mukaminsa na mataimakin shugaban kasa na farko .","sentence","8","{""source"": ""VOA Hausa"", ""split"": ""train"", ""dialect_assigned_default"": true}"
"Haka kuma yarjejeniyar ta bukaci a samar da majalisar dokoki mai mutane 550 a shirin mika mulki , sannan a samar da wasu mataimakan shugaban kasa mutane 4 kuma daya daga cikin su za ta kasance mace .","sentence","8","{""source"": ""VOA Hausa"", ""split"": ""train"", ""dialect_assigned_default"": true}"
"Kungiyar ta yankin kasashen Afirka ta Gabas ne da ake kira IGAD ta kasance mai shiga tsakani akan wannan yarjejeniyar .","sentence","8","{""source"": ""VOA Hausa"", ""split"": ""train"", ""dialect_assigned_default"": true}"
"Tsohon shugaban Sojojin Sudan ta Kudu Ya Kafa Sabuwar Kungiyar Yan Tawaye","sentence","8","{""source"": ""VOA Hausa"", ""split"": ""train"", ""dialect_assigned_default"": true}"
"Tsohon shugaban sojin Sudan ta Kudu Janar Paul Malong Awan kuma shugaban rundunar da ake kira Sudan People’s Liberation Army ( SPLA ) a takaice , ya kafa wata sabuwar kungiyar yan tawaye mai suna South Sudan United Front ( SSUF ) a takaice .","sentence","8","{""source"": ""VOA Hausa"", ""split"": ""train"", ""dialect_assigned_default"": true}"
"A cikin wata sanarwa jiya , Janar Awan ya bayyana manufofin sabuwar kungiyarsa , wanda yace zata yaki cin hanci da rashawa , ta kawo karshen kashe kashe , kana ta kuma dora Sudan ta Kudu a kan tafarkin demokaradiya da adalci da samar da daidaito da walwala .","sentence","8","{""source"": ""VOA Hausa"", ""split"": ""train"", ""dialect_assigned_default"": true}"
"Awan ya kuma yi alkawarin mutunuta yarjejeniyar tsagaita wuta da bangarori masu yaki da junada aka sanya hannu a cikin watan Disemban bara .","sentence","8","{""source"": ""VOA Hausa"", ""split"": ""train"", ""dialect_assigned_default"": true}"
"Ya kuma yi kira ga kungiyar raya tattalin arzikin kasashe dake yankin da ake kira IGAD a takaice ta kyale sabuwar kungiyarsa ta shiga sahun tattaunawar da za a yi a ranar 26 ga watan Afrilu a birnin Addis Ababa na Habasha .","sentence","8","{""source"": ""VOA Hausa"", ""split"": ""train"", ""dialect_assigned_default"": true}"
"Mai Magana da yawun kungiyar ta South Sudan United Front , Sunday De John ya fadawa shirin Muryar Amurka ; South Sudan in Focus a jiya Litinin daga birnin Nairobi na kasar Kenya cewa , sabuwar kungiyar zata yi aiki domin samar da zaman lafiya a Sudan ta Kudu .","sentence","8","{""source"": ""VOA Hausa"", ""split"": ""train"", ""dialect_assigned_default"": true}"
"Al'ummar IGDLAN Sun Bukaci Hukumomin Nijar Su Saka Harshensu Cikin Na Kasa","sentence","8","{""source"": ""VOA Hausa"", ""split"": ""train"", ""dialect_assigned_default"": true}"
"A lokacin taron da suka gudanar jiya Lahdi a birnin Yamai , don tattauna batun shigar da harshen Taglan a jerin harsunan kasar Nijar , shugabannin al’ummar Igdalan sun jaddada wannan bukata da suka shafe shekaru suna fafutuka a kanta .","sentence","8","{""source"": ""VOA Hausa"", ""split"": ""train"", ""dialect_assigned_default"": true}"
"Shugaban kungiyar ORDH Waila Iglas , na ganin lokacin ya yi da wannan al’umma za ta fara morar ‘yan cin da doka tayi tanadi domin ‘yan kasa .","sentence","8","{""source"": ""VOA Hausa"", ""split"": ""train"", ""dialect_assigned_default"": true}"
"Igdalan na daga cikin al’ummomin da suka kafa garin Agadez , inji masanan tarihi saboda haka sarkin Air mai martaba Sultan Ibrahim Oumarou ke cewa amincewa harshen Tagdal a matsayin harshe na 11 a wannan kasa abu ne da ya kamata a yi na’am da shi .","sentence","8","{""source"": ""VOA Hausa"", ""split"": ""train"", ""dialect_assigned_default"": true}"
"Da yake jawabi a lokacin bukin bude wannan taro ministan cikin gida Bazoum Mohamed ya bayyana cewa yana tare da su akan haka , kuma zai basu goyon baya a wannan gwagwarmaya domin mataki ne da ya yi dai dai da tanade tanaden kundin tsarin mulkin kasa .","sentence","8","{""source"": ""VOA Hausa"", ""split"": ""train"", ""dialect_assigned_default"": true}"
"Amincewar harshen Taglan a matsayin daya daga cikin harsunan Nijar , wata hanya ce da za ta baiwa yaran al’umma Igdalan damar samun ilimi a karkashin tsarin karantarwa cikin harsunan uwa wanda gwamnatin kasar Nijar ta soma zartar da shi .","sentence","8","{""source"": ""VOA Hausa"", ""split"": ""train"", ""dialect_assigned_default"": true}"
"A karshen wannan taron na wuni 1 mahalartan da suka hada da masanan tarihi , da sarakunan gargajiya , da dattawan al’ummar Igdalan , na da alhakin gabatarwa hukumomi shawarwarin da suka tsayar kafin daga baya a shigar da bukatunsu a zauren majalisar dokoki domin nazari akai .","sentence","8","{""source"": ""VOA Hausa"", ""split"": ""train"", ""dialect_assigned_default"": true}"
"Ga cikakken rahoto daga wakilin Muryar Amurka Souley Moumouni Barma .","sentence","8","{""source"": ""VOA Hausa"", ""split"": ""train"", ""dialect_assigned_default"": true}"
"Burundi Ta Hana VOA Da BBC Gabatarda Shirye Shiryen su Har Wata Shida .","sentence","8","{""source"": ""VOA Hausa"", ""split"": ""train"", ""dialect_assigned_default"": true}"
"Burundi , ta bada sanarwar dakatar da shirye shiryen Muriyar Amurka ( VOA ) da BBC a kasar na tsawon wata shida , kasar ta dauki wannan matakin ne makonni biyu kamin yan kasar su kada kuri'ar raba gardama kan daftarin sauye sauye ga tsarin mulkin kasar da zai hada harda sashen da yayi magana kan kayyade wa'adin shugabancin kasar .","sentence","8","{""source"": ""VOA Hausa"", ""split"": ""train"", ""dialect_assigned_default"": true}"
"A jiya jumma'a ce majalisar kula da sadarwa ta kasar ta bada wannan snaarwar , ta zargi Muriyar Amurka da BBC da karya dokokin kasar dangane kafofin yada labarau , da kuma aikata ba daidai ba .","sentence","8","{""source"": ""VOA Hausa"", ""split"": ""train"", ""dialect_assigned_default"": true}"
"Sanarwar tace umarnin zai fara aiki daga ranar Litinin .","sentence","8","{""source"": ""VOA Hausa"", ""split"": ""train"", ""dialect_assigned_default"": true}"
"majalisar ta kuma ja kunnen tashar Radio ta Fararansa , ( RFI ) a takaice , ta zargi tashar da yada labaran kariya cewa za'a farwa duk wadda ya kada kuri'ar rashin amincewa da sauye sauyen da ak shirin kada kuri'ar raba gardamar .","sentence","8","{""source"": ""VOA Hausa"", ""split"": ""train"", ""dialect_assigned_default"": true}"
"A cikin sanarwa da ta bayar kan wannan mataki , darektar Muriyar Amurka Amnadan Bennett , tayi Allah wadai da matakin da majalisar kula da kafofin yada labarai ta dauka , na hana wannan tasha gabatar da shirye shiryensa ga masu sauraro a kasar .","sentence","8","{""source"": ""VOA Hausa"", ""split"": ""train"", ""dialect_assigned_default"": true}"
"Amanda tace masu sauraro suna dogaro akan tashar ta basu rahotanni na gaskiya , ba tareda son zuciya ba dangane da al'uma d a suke aukuwa kasar , saboda haka wannan mataki ya hana al'umar Burundi wata kafar yada labarau wacce take aiuki bil hakki da gaskiya .","sentence","8","{""source"": ""VOA Hausa"", ""split"": ""train"", ""dialect_assigned_default"": true}"
"Wani jami'i a ma'aikatar harokokin wajen Amurka yace Amurka bata ji dadin wannan mataki da Burunidn ta dauka ma , kuma Amurkan ta gabatarwa gwamnnatin Burundi wannan damuwa kai tsaye .","sentence","8","{""source"": ""VOA Hausa"", ""split"": ""train"", ""dialect_assigned_default"": true}"
"Sanarwar tace masu sauraro za su iya cin gaba da kama wannan shirye shiryen mu ta gajeren zango , da kuma ta kan internet .","sentence","8","{""source"": ""VOA Hausa"", ""split"": ""train"", ""dialect_assigned_default"": true}"
"Kungiyar da take kare muradun yan jarida ta kasa da kasa ita ma ta soki lmirin wannan mataki , tana mai cewa babu wata manufa ta dakatar da tashoshin biyu , illa yunkurin gwamnatin kasar dake Gabashin Afirka ta ci gaba da sanya takunkumi kan kafofin yada labari .","sentence","8","{""source"": ""VOA Hausa"", ""split"": ""train"", ""dialect_assigned_default"": true}"
"Turkiya Ta Soki Amurka Kan Janyewa Daga Yarjejeniyar Nukiliyar Iran","sentence","8","{""source"": ""VOA Hausa"", ""split"": ""train"", ""dialect_assigned_default"": true}"
"Kasar Turkiyya ta soki shugaban Amurka Donald Trumpda kakkausar lafazi kan shawarar daya yanke na janyewa daga yarjejeniya da aka cimmawa da kasar Iran game da shirin ta na nukiliya .","sentence","8","{""source"": ""VOA Hausa"", ""split"": ""train"", ""dialect_assigned_default"": true}"
"Shugaban na Turkiyya Racep Tayip Erdowan yayi gargadi akan irin mummunar abinda ka iya biyo bayan janyewar da Amurka tayi daga cikin wannan batu .","sentence","8","{""source"": ""VOA Hausa"", ""split"": ""train"", ""dialect_assigned_default"": true}"
"Tare da masu kula da al’amurran da kanje su komo na cewa Turkiyya na iya samun kanta shiga cikin wani sabon rikicin da ka iya barkewa tsakanin Amurka da Iran din .","sentence","8","{""source"": ""VOA Hausa"", ""split"": ""train"", ""dialect_assigned_default"": true}"
"Erdowan ya tattauna ta wayan tarho da takwaran aikin sa na Iran Hassan Rouhani a ranar Laraba .","sentence","8","{""source"": ""VOA Hausa"", ""split"": ""train"", ""dialect_assigned_default"": true}"
"Majiya daga fadar shugaba kasar na Turkiyya na cewa Erdowan ya jaddada goyon bayan sa ne game da wannan yarjejeniyar nukiliyar da aka cimmawa da kasar ta Iran kana yana sukan shawarar da Trump ya dauka akan wannan lamari .","sentence","8","{""source"": ""VOA Hausa"", ""split"": ""train"", ""dialect_assigned_default"": true}"
"Yanzu haka da Turkiyya na daukar dawainiyar ‘yan gudun hijirar Syria har su miliyan 3 kuma fatar ta shine ganin an kawo karshen fadan da ya rabo su da muhallan su domin su koma gida .","sentence","8","{""source"": ""VOA Hausa"", ""split"": ""train"", ""dialect_assigned_default"": true}"
"Wasu Kasashen Afirka Na Tunanin Fara Ajiya a Takardar Kudin China","sentence","8","{""source"": ""VOA Hausa"", ""split"": ""train"", ""dialect_assigned_default"": true}"
"Kasashen Afirka fiye da 10 na nazarin fa'ida ko rashin fa'idar amfani da takardar kudin kasar China ( wato yuwan ) wajen yin ajiyarsu ta kasar waje , kamar yadda jami'an kasashen su ka tattauna a watan jiya a birnin Harare na kasar Zimbabbwe .","sentence","8","{""source"": ""VOA Hausa"", ""split"": ""train"", ""dialect_assigned_default"": true}"
"Amfani da takardar kudin Chinar zai saukaka ma kasashen na Afirka biyan kasar China basussukan da ta ke binsu .","sentence","8","{""source"": ""VOA Hausa"", ""split"": ""train"", ""dialect_assigned_default"": true}"
"To amma kuma hakan na nufin dogaro ga wani irin tsarin tattalin arziki da cigaba da ke dada fuskantar kokwanto , saboda irin ka'idojin da ya ke amfani da su musamman wajen yin harka da kasashen Afirkan .","sentence","8","{""source"": ""VOA Hausa"", ""split"": ""train"", ""dialect_assigned_default"": true}"
"A Yamal Bam Ya Fada Kan Ayarin Bukin Aure Ya Kashe Mutane 20","sentence","8","{""source"": ""VOA Hausa"", ""split"": ""train"", ""dialect_assigned_default"": true}"
"Wani farmaki ta sama da rundunar hadin gwiwa karkashin jagorancin Saudia ta kai , ya abkawa wani bukin aure a arewacin Yamal , ya kashe akalla mutane 20 inji jami’an kiwon lafiya a jiya Litinin , yayin da wasu hotunan masu ban tsoro ko tada hankali suke yawo a kan kafafen sada zumunta na wannan mummunar harin bam , na uku irinsa da suka afkawa fararen hula a kasar Yamal tun karshen mako .","sentence","8","{""source"": ""VOA Hausa"", ""split"": ""train"", ""dialect_assigned_default"": true}"
"Wani babban likita Mohammed al-Sawmali yace angon da wasu mutane 45 sun samu raunuka kuma an kai su wani karamin asibiti na al-Jamhouri .","sentence","8","{""source"": ""VOA Hausa"", ""split"": ""train"", ""dialect_assigned_default"": true}"
"Jami’an kiwon lafiya sun yi kira ga jama’a da su taimaka da jini","sentence","8","{""source"": ""VOA Hausa"", ""split"": ""train"", ""dialect_assigned_default"": true}"
"Wannan shine mummunar farmaki na uku a Yamal tun daga karshen mako .","sentence","8","{""source"": ""VOA Hausa"", ""split"": ""train"", ""dialect_assigned_default"": true}"
"Wani farmaki ta sama a daren Lahadi ya fada kan wani gida a unguwar Hajja kuma ya kashe iyalan gidan su biyar , a cewar al-Nadhri","sentence","8","{""source"": ""VOA Hausa"", ""split"": ""train"", ""dialect_assigned_default"": true}"
"A ranar Asabar a kalla fararen hulla 20 ne aka kashe a wani farmaki da rundunar hadaka karkashin Saudia ta kai biyo bayan harin bam da jiragen yaki suka kaiwa wata bos dake dauke da mutane a ciki kusa da gudndumar Mowza da yaki ya daidaita a yammacin Yamal kusa da birnin Taiz da ya fada cikin yaki tsawon shekaru uku .","sentence","8","{""source"": ""VOA Hausa"", ""split"": ""train"", ""dialect_assigned_default"": true}"
"Rundunar hadin guiwar da Saudiyya take yiwa jagoranci taki tace uffan da kamfanin dillancin labarai na AP ya tuntube ta dangane da wadannan hare hare .","sentence","8","{""source"": ""VOA Hausa"", ""split"": ""train"", ""dialect_assigned_default"": true}"
"An Kashe Wasu Yan China 3 a Janhuriyar Afirka Ta Tsakiya","sentence","8","{""source"": ""VOA Hausa"", ""split"": ""train"", ""dialect_assigned_default"": true}"
"Yan China akalla uku ne aka kashe , wasu kuma uku su ka ji munanan raunuka , a yankin kudu maso yammacin Janhuriyar Afirka Ta Tsakiya ranar Alhamis , bayan dukan kawo wuka da mutanen wani kauye su masu , saboda zargin cewa su ne su ka sa ruwa ya ci wani sanannen mutumin kauyen .","sentence","8","{""source"": ""VOA Hausa"", ""split"": ""train"", ""dialect_assigned_default"": true}"
"Wata tawagar yan China 10 ne su ka bukaci mutumin mai suna Ignace Dimbele-Nakoe , wanda shugaban matasa ne , da kuma kaninsa , da su masu jagora daga kogin na kauyen Kadei zuwa wurin hakar gwal , bisa ga bayanin mutanen kauyen .","sentence","8","{""source"": ""VOA Hausa"", ""split"": ""train"", ""dialect_assigned_default"": true}"
"Su na tafiya sai karamin jirgin ruwan da su ke ciki ya tintsire har shi Dimbele-Nakoe ya bace cikin ruwa .","sentence","8","{""source"": ""VOA Hausa"", ""split"": ""train"", ""dialect_assigned_default"": true}"
"Daga bisa aka gano gawarsa .","sentence","8","{""source"": ""VOA Hausa"", ""split"": ""train"", ""dialect_assigned_default"": true}"
"Isar yan China ofishin yan sandan kauyen don yin bayani ke da wuya , sai mafusatan kauyawan su ka shiga bugunsu da sanduna , gashi kuma yan sanda kalilan ne ke wurin .","sentence","8","{""source"": ""VOA Hausa"", ""split"": ""train"", ""dialect_assigned_default"": true}"
"Matasan Thailand Da Aka Ceto A Karon Farko Sun Bayyana a Bainar Jamaa .","sentence","8","{""source"": ""VOA Hausa"", ""split"": ""train"", ""dialect_assigned_default"": true}"
"An salami tawagar yan kwallon kafa daga wata asibiti da ke arewacin garin Chaing Rai , inda daga","sentence","8","{""source"": ""VOA Hausa"", ""split"": ""train"", ""dialect_assigned_default"": true}"
"ne za’a kai su wani waje inda zasu yi fitowar su ta farko a bainar jama’a tun da aka ceto su .","sentence","8","{""source"": ""VOA Hausa"", ""split"": ""train"", ""dialect_assigned_default"": true}"
"Tawagar za su amsa tambayoyin manema labarai a hirar da aka shirya za su yi da manema labaran har tsawon minti 45 wanda za a nuna a kafofin yadda labarai a kasar .","sentence","8","{""source"": ""VOA Hausa"", ""split"": ""train"", ""dialect_assigned_default"": true}"
"Jami’ai sun ce samarin da shekaransu na haihuwa suka kama daga 11 izuwa 16 , da mai horaswar su duk na cikin koshin lafiya , amma likitoci na da damuwarcewa mai yiyuwa ne yaran kan iya fuskantar matsalar shiga rudami","sentence","8","{""source"": ""VOA Hausa"", ""split"": ""train"", ""dialect_assigned_default"": true}"
"gaba idan suka tuna abin da ya same su .","sentence","8","{""source"": ""VOA Hausa"", ""split"": ""train"", ""dialect_assigned_default"": true}"
"Taliban Sun Hallaka Dakarun Afghanistan 40","sentence","8","{""source"": ""VOA Hausa"", ""split"": ""train"", ""dialect_assigned_default"": true}"
"Yan Ta'addan Taliban sun kashe dakarun gwamnati 40 a wasu hare-hare da suka kai arewa maso gabashin Afghanistan a daidai lokacin da ake ci gaba da wani taron sulhu a birnin Moscow na kasar Rasha domin kawo karshen rikicin .","sentence","8","{""source"": ""VOA Hausa"", ""split"": ""train"", ""dialect_assigned_default"": true}"
"Farmaki mafi muni da yan ta’addar suka kai da safiyar Talata shine wanda suka kai kusa da babban birnin Kunduz , a cewar jami’ai da mazauna yankin .","sentence","8","{""source"": ""VOA Hausa"", ""split"": ""train"", ""dialect_assigned_default"": true}"
"Saifullah Amiri , Mataimakin shugaban gundumar ya fadawa kafofin watsa labaran Afghanistan cewa mayakan Taliban sun hallaka sojoji 22 da ‘yan sanda 3 , yayinda aka raunata wasu 20 .","sentence","8","{""source"": ""VOA Hausa"", ""split"": ""train"", ""dialect_assigned_default"": true}"
"Amurka Da China Zasu Bari Takunkumin Koriya ta Arewa Sai Ta Yi Watsi Da Mallakar Nukiliya","sentence","8","{""source"": ""VOA Hausa"", ""split"": ""train"", ""dialect_assigned_default"": true}"
"Fadar gwamnatin Amurka ta White House , ta ce shugaba Donald Trump da takwaran aikinsa , Xi Jingping sun amince cewa za a bar takunkumin da aka kakabawa Korea ta Arewa , har sai ta kwance damarar kera makamin nukiliya da masu linzami kwatakwata .","sentence","8","{""source"": ""VOA Hausa"", ""split"": ""train"", ""dialect_assigned_default"": true}"
"Shugabaninn biyu sun gana ne ta wayar talho da safiyar Jiya Talata , sa’o’i biyu bayan da aka yi wata ganawa tsakanin Xi da Shugaban Korea ta Arewa Kim Jong Un , wacce ita ce ganawarsu ta biyu cikin ‘yan makwanni","sentence","8","{""source"": ""VOA Hausa"", ""split"": ""train"", ""dialect_assigned_default"": true}"
"Kafofin yada labaran gwamnatin China sun ruwaito cewa , Xi da takwaran aikinsa Kim sun gana ne a garin Dalian mai tashar jiragen ruwa , da ke arewa maso gabashin kasar China .","sentence","8","{""source"": ""VOA Hausa"", ""split"": ""train"", ""dialect_assigned_default"": true}"
"A watan Maris , Kim ya ziyarci Xi , ziyararsa ta farko da ya kai kasar waje a matsayinsa na shugaba Korea ta Arewa , wata alama da ta nuna cewa China na cikin yunkurin da ake yi na kawar da duk wata dama ta mallakar makaman nukiliyan a yankin ruwan Korea .","sentence","8","{""source"": ""VOA Hausa"", ""split"": ""train"", ""dialect_assigned_default"": true}"
"Xi ya kuma fadawa shugaba Trump cewa , yana goyon bayan wata haduwa da za a yi tsakanin shi Trump da Kim .","sentence","8","{""source"": ""VOA Hausa"", ""split"": ""train"", ""dialect_assigned_default"": true}"
"A watan Mayun","sentence","8","{""source"": ""VOA Hausa"", ""split"": ""train"", ""dialect_assigned_default"": true}"
"ake sa ran shugabannin biyu za su hadu ko a farkon watan Yuli .","sentence","8","{""source"": ""VOA Hausa"", ""split"": ""train"", ""dialect_assigned_default"": true}"
"Gurbatacciyar Iskar Cikin Gida Na Kashe Mutane Sosai","sentence","8","{""source"": ""VOA Hausa"", ""split"": ""train"", ""dialect_assigned_default"": true}"
"Hukumar Lafiya Ta Duniya ( WHO ) ta ce cikin mutane 10 , guda 9 na shakar gurbatacciyar iska , kuma gurbatacciyar iska ta cikin gida , wadda ba a cika ganewa ba , ita ce ta fi illa .","sentence","8","{""source"": ""VOA Hausa"", ""split"": ""train"", ""dialect_assigned_default"": true}"
"Rahoton na baya-bayan","sentence","8","{""source"": ""VOA Hausa"", ""split"": ""train"", ""dialect_assigned_default"": true}"
"na WHO ya ce gurbaciwar iska na kashe mutane miliyan 7 a kowace shekara , kuma al'ummomin da ke fama da matsatsi a Afurka da Asiya sun fi cutuwa .","sentence","8","{""source"": ""VOA Hausa"", ""split"": ""train"", ""dialect_assigned_default"": true}"
"Wannan babbar matsala ce da ba za a lamunta da ita ba , a cewar jami'ar hukumar ta WHO Dr. Maria Neira .","sentence","8","{""source"": ""VOA Hausa"", ""split"": ""train"", ""dialect_assigned_default"": true}"
"Gurbatacciyar iska , a cikin gida ko waje , duk kan kai ga bugun zuciya ko cutar zuciya ko cutar huhu da kuma muguwar cutar","sentence","8","{""source"": ""VOA Hausa"", ""split"": ""train"", ""dialect_assigned_default"": true}"
"ta numfashi wato asthma .","sentence","8","{""source"": ""VOA Hausa"", ""split"": ""train"", ""dialect_assigned_default"": true}"
"A yayin da akasarin mutane su ka fi danganta gurbacewar iska da tururi da hayakin da ke fitowa daga masana'antu da motoci , rahoton na WHO ya nuna cewa gurbacewar iskar cikin gida na sanadin mutuwar mutane wajen miliyan 4 a duk shekara .","sentence","8","{""source"": ""VOA Hausa"", ""split"": ""train"", ""dialect_assigned_default"": true}"
"An Koka Da Cafke Dan Jarida a Pakistan","sentence","8","{""source"": ""VOA Hausa"", ""split"": ""train"", ""dialect_assigned_default"": true}"
"Masu sa ido na kasashen duniya da na cikin gida , sun yi Allah wadai da kama wani dan jarida , dan kasar Pakistan , saboda ya bayar da rahoto game da zanga-zangar yan gwagwarmaya da aka ce suna da alaka da wata kungiya mai kare hakkokin kabilun Pashtun na kasar .","sentence","8","{""source"": ""VOA Hausa"", ""split"": ""train"", ""dialect_assigned_default"": true}"
"An kama Gohar Wazir , wanda ke aiki a wani gidan talabijin mai zaman kansa wanda ake kira Khyber News sannan yana da manhajar tashar YouTube tasa na kansa , tare da wasu mutane 21 a farkon wannan makon akan zargin su da neman ta da hankalin jama’a .","sentence","8","{""source"": ""VOA Hausa"", ""split"": ""train"", ""dialect_assigned_default"": true}"
"Cibiyar kare hakkin yan jaridar da ke","sentence","8","{""source"": ""VOA Hausa"", ""split"": ""train"", ""dialect_assigned_default"": true}"
"Amurka wato ( CPJ ) a takaice , ta yi gargadin cewa hana yan jaridu gudanar da ayyukkansu na watsa labarai , zai yi aibi ga tsarin mulkin demokradiya a Pakistan , don haka cibiyar ta bukaci da a hanzarta sakin dan jarida cikin gaggawa .","sentence","8","{""source"": ""VOA Hausa"", ""split"": ""train"", ""dialect_assigned_default"": true}"
"Majalisar Amurka Ta Kafa Dokar Fidda Baki Masu Laifi Daga Kasar Ta","sentence","8","{""source"": ""VOA Hausa"", ""split"": ""train"", ""dialect_assigned_default"": true}"
"Majalisar wakilan Amurka ta fitar da wata doka da zata saukaka masu wajen fitar da bakin hauren da suka aikata muggan laifika daga kasar .","sentence","8","{""source"": ""VOA Hausa"", ""split"": ""train"", ""dialect_assigned_default"": true}"
"Dokar ta yi bayani kan abubuwan da suka hadu suka zama muggan laifuka , yayin da suke Magana kan wata doka da kotun koli ta fitar a baya inda suka ce ba a tantance ta ba .","sentence","8","{""source"": ""VOA Hausa"", ""split"": ""train"", ""dialect_assigned_default"": true}"
"Waccan dokar ta ce gwamnati ta maida bakin da sukayi muggan laifuka zuwa kasashen su , amma wannan sabuwar dokar ta lissafa fiye da laifuka 12 da zasu sa ai maida mutum kasar sa ciki harda kisa , cin zarafi , fashi da kuma amfani da muggan makamai .","sentence","8","{""source"": ""VOA Hausa"", ""split"": ""train"", ""dialect_assigned_default"": true}"
"Kungiyar Taliban Zata Tsagaita Wuta Lokacin Bukin Sallah","sentence","8","{""source"": ""VOA Hausa"", ""split"": ""train"", ""dialect_assigned_default"": true}"
"Kungiyar Taliban ta sanar yau asabar cewa zata tsagaita bude wuta kan dakarun tsaron gwamnati a duk fadin Afghanistan a cikin kwanaki uku da za a yi bukukuwan salla a karshen azumin watan Ramadan .","sentence","8","{""source"": ""VOA Hausa"", ""split"": ""train"", ""dialect_assigned_default"": true}"
"Tsagaita wutar ta zo daidai da bada umarnin dakatar da yunkurin murkushe kungiyar Taliban na tsawon mako guda da shugaban kasar Afghanistan Ashraf Ghani ya yi da zai fara aiki ranar goma sha biyu ga watan Yuni .","sentence","8","{""source"": ""VOA Hausa"", ""split"": ""train"", ""dialect_assigned_default"": true}"
"Wata sanarwar da kungiyar mayakan ta fitar tace shugaban kungiyar Taliban ya kuma umarci mayakan kada su yi tarukansu a wuraren da farin kaya suke zaune a lokacin hutun sallar domin al’ummar kasar su sami sukunin bukukuwan cikin kwanciyar hankali .","sentence","8","{""source"": ""VOA Hausa"", ""split"": ""train"", ""dialect_assigned_default"": true}"
"Sai dai sun lashi takobin ci gaba da kai hare hare kan dakarun kasashen ketare da Amurka ke jagoranta a kasar .","sentence","8","{""source"": ""VOA Hausa"", ""split"": ""train"", ""dialect_assigned_default"": true}"
"Wannan ne karon farko tun shekara ta dubu biyu da goma sha biyu da kungiyar mayakan mai kaifin kishin Islama ta tsagaita wuta a Afhanistan , inda a halin yanzu take iko ko kuma hankoron kwace ikon rabin larduna dari hudu da bakwai na Afghanistan .","sentence","8","{""source"": ""VOA Hausa"", ""split"": ""train"", ""dialect_assigned_default"": true}"
"Anyi Kira Ga Kasashen Duniya Su Yanke Hulda Da Kasar Myanmar","sentence","8","{""source"": ""VOA Hausa"", ""split"": ""train"", ""dialect_assigned_default"": true}"
"Wani Kwamitin musamman mai binciken kut da kut na Majalisar Dinkin Duniya , ya bukaci kasashen duniya da su yanke huldar dake tsakanin su da hukumomin sojan kasar Myanmar , a wani yunkuri na ganin sun daina gallazawa tsirarun Musulmai na kabilar Rohingya .","sentence","8","{""source"": ""VOA Hausa"", ""split"": ""train"", ""dialect_assigned_default"": true}"
"A can baya , tun a watan Ogusta na shekarar 2017 , kwamitin na musamman ya taba zargin sojojin da cin zarafin Musulmai na Rohingya , inda suka rinka nuna musu wulakanci da yi musu kisan gilla .","sentence","8","{""source"": ""VOA Hausa"", ""split"": ""train"", ""dialect_assigned_default"": true}"
"Fiye da mutane dubu 700 ne , ‘yan kabilar Rohingya suka yi gudun hijira daga jihar Rakhine , zuwa kasar Bangladesh , don gujewa gallazawar da ake musu .","sentence","8","{""source"": ""VOA Hausa"", ""split"": ""train"", ""dialect_assigned_default"": true}"
"A hirraraki daban-daban da aka yi da daruruwan su , ‘yan jinsin Rohingya din sunce , cin zarafin su da ake musu , ya hada da yi musu fyade , kisan gilla , da kona kauyukkansu .","sentence","8","{""source"": ""VOA Hausa"", ""split"": ""train"", ""dialect_assigned_default"": true}"
"Koriya Ta Arewa Tace Ta Jingine Gwajen-gwajen Nukiliya Da Makamai Masu Linzami .","sentence","8","{""source"": ""VOA Hausa"", ""split"": ""train"", ""dialect_assigned_default"": true}"
"Koriya Ta Arewa tace ta dakatar gwaje-gwajen makaman Nukiliya , kuma tana shirin rufe sansanin da take yin gwaje-gwajen .","sentence","8","{""source"": ""VOA Hausa"", ""split"": ""train"", ""dialect_assigned_default"": true}"
"Kamfanin dillancin Labaran hukumomin kasar yace haka","sentence","8","{""source"": ""VOA Hausa"", ""split"": ""train"", ""dialect_assigned_default"": true}"
"rundunar mayakan kasar zata tsaida duk gwaj-gwajen makamai masu linzami masu cin dogon zango , kuma dakatarwar ta fara aiki daga Asabar .","sentence","8","{""source"": ""VOA Hausa"", ""split"": ""train"", ""dialect_assigned_default"": true}"
"Sanarwar tace , gwamnati tana daukar wadannan matakan ne da nufin juwa alkiblar kasar zuwa inganta tattalin arzikinta .","sentence","8","{""source"": ""VOA Hausa"", ""split"": ""train"", ""dialect_assigned_default"": true}"
"Wannan matakin yana zuwa ne kasa da mako daya gabannin ganawar shugabannin koriyoyin biyu , da zummar kawo kawo karshen rikicin Nukiliyar da suke yi a zirin na Koriya .","sentence","8","{""source"": ""VOA Hausa"", ""split"": ""train"", ""dialect_assigned_default"": true}"
"Amurka da Koriya Ta Arewa , suna shirin gudanar da tasu taron kolin duk da cewa ba a aje lokaci ba tukuna .","sentence","8","{""source"": ""VOA Hausa"", ""split"": ""train"", ""dialect_assigned_default"": true}"
"Bayan da Koriya Ta ta bada wannan sanarwar , shugaban Amurka Donald Trump , ya fada a shafinsa na Tweeter cewa Wannan labari mai yana dakyau ga Koriya Ta Arewa da kuma duniya baki daya , yace yana sa rai kan taron kolin da zai yi da shugaba Kim Jon Un na Koriya Ta Arewa .","sentence","8","{""source"": ""VOA Hausa"", ""split"": ""train"", ""dialect_assigned_default"": true}"
"Amurka Da Afghanistan Sun Kashe Fararen Hula Fiye Da Taliban","sentence","8","{""source"": ""VOA Hausa"", ""split"": ""train"", ""dialect_assigned_default"": true}"
"A cikin wani rahoto da Majalisar Dinkin Duniya ta fitar a jiya laraba ta ce , a farkon watanni uku na shekarar 2019 , dakarun gwamnati suka kashe mutane 305 da kuma raunata 303 , yayin da kungiyoyin yan tawaye suka kashe fararen hula 227 sannan suka raunata 736 .","sentence","8","{""source"": ""VOA Hausa"", ""split"": ""train"", ""dialect_assigned_default"": true}"
"Mata da yara sun kasance rabin wadanda aka raunata ko aka kashe daga duk wani mummunan aiki , kamar yadda rahoton ya bayyana .","sentence","8","{""source"": ""VOA Hausa"", ""split"": ""train"", ""dialect_assigned_default"": true}"
"Duk da haka dai , ya kasance watannin farkon shekara da ba a sami yawan asarar rayuka ba tun shekarar 2013 .","sentence","8","{""source"": ""VOA Hausa"", ""split"": ""train"", ""dialect_assigned_default"": true}"
"Majalisar Dinkin Duniya ta danganta raguwar asarar rayukan da raguwar hare haren kunar bakin wake da fa kasar dake fama da tashin hankalai .","sentence","8","{""source"": ""VOA Hausa"", ""split"": ""train"", ""dialect_assigned_default"": true}"
"Neman Shiga Amurka Yasa Uba Da Diya Sun Mutu A Kogi","sentence","8","{""source"": ""VOA Hausa"", ""split"": ""train"", ""dialect_assigned_default"": true}"
"An tsinci gawar wani mutum da ‘yarsa da suka fito daga kasar El Salvador a ranar Litinin , bayan da suka yi yunkurin tsallaka rafin da ake kira Rio Grande River , daga Mexico zuwa cikin Amurka , yayin da suke kokarin danganawa da Amurka a matsayin bakin haure .","sentence","8","{""source"": ""VOA Hausa"", ""split"": ""train"", ""dialect_assigned_default"": true}"
"Wata jaridar kasar Mexico da ake kira La Jornada ce ta fara wallafa hoton gawarwakin , wanda ya karade kafafen yada labarai da na sada zumunta , lamarin da har ila yau , ya kara janyo hankulan jama’a kan irin tsawon lokacin da bakin haure ke kwashewa , suna jira kafin a tantance bukatarsu ta neman mafaka akan iyakoki .","sentence","8","{""source"": ""VOA Hausa"", ""split"": ""train"", ""dialect_assigned_default"": true}"
"A cewar jaridar ta La Jornada , da kuma kamfanin dillancin labarai na Associated Press , mahaifin yarinyar mai suna Oscar Alberto Martinez Ramirez , ya harzuka ne , saboda tsawon lokacin da ya kwashe yana jiran damar da zai mika takardunsa na neman mafaka a Amurka .","sentence","8","{""source"": ""VOA Hausa"", ""split"": ""train"", ""dialect_assigned_default"": true}"
"Hakan ya sa a daren ranar Lahadi , ya yanke shawarar tsallaka rafin tare da ‘yarsa .","sentence","8","{""source"": ""VOA Hausa"", ""split"": ""train"", ""dialect_assigned_default"": true}"
"Rahotanni sun ce , Ramirez ya yi nasarar tsallakawa da ‘yar tasa mai watanni 23 , zuwa daya gabar ruwan , amma bayan da ya koma ya taho da matarsa , wato mahaifiyar yarinyar , sai ‘yar ta shiga cikin ruwan , inda shi kuma ya yi yunkurin ceto ta , amma sai igiyar ruwa mai karfi ta tafi da su .","sentence","8","{""source"": ""VOA Hausa"", ""split"": ""train"", ""dialect_assigned_default"": true}"
"Venezuela : Majalisar Dinkin Duniya Ta Nemi a Kai Zuciya Nesa","sentence","8","{""source"": ""VOA Hausa"", ""split"": ""train"", ""dialect_assigned_default"": true}"
"Shugabar Sashin kare hakkin dan adam na Majalisar Dinkin Duniya , Michelle Bachelet ta yi kiran da a tattauna yadda za a kwantar da hankali a Venezuela , kasar da fada rikicn siyasar shugabanci a yan kwanakin","sentence","8","{""source"": ""VOA Hausa"", ""split"": ""train"", ""dialect_assigned_default"": true}"
"Al'amarin na iya muni ta yadda za a kasa shawo kansa , har ya haifar da mummunan sakamako .","sentence","8","{""source"": ""VOA Hausa"", ""split"": ""train"", ""dialect_assigned_default"": true}"
"Ta ce .","sentence","8","{""source"": ""VOA Hausa"", ""split"": ""train"", ""dialect_assigned_default"": true}"
"Bachelet ta kuma yi kiran da a gudanar da sahihin bincike kan wasu rahotannin da ke nuna cewa jami'an tsaron Venezuelan sun kashe mutane 20 , kuma suka tsare fiye da 350 a zanga zangar wannan makon .","sentence","8","{""source"": ""VOA Hausa"", ""split"": ""train"", ""dialect_assigned_default"": true}"
"Shugaban Amurka Donald Trump ya gargadi shugaba Nicolas Maduro a ranar Alhamis cewa , muna nazarin dukkannin zabin da muke da su na abin yi muddun aka kasa samun hanyar kafa sabuwar gwamnati cikin lumana a wannan kasa ta kudancin Amurka .","sentence","8","{""source"": ""VOA Hausa"", ""split"": ""train"", ""dialect_assigned_default"": true}"
"Akalla Mutane 23 Ake Hasashen Sun Mutu A Gobarar Japan","sentence","8","{""source"": ""VOA Hausa"", ""split"": ""train"", ""dialect_assigned_default"": true}"
"Hukumomi a birnin Kyoto na kasar Japan yanzu sun ce akalla mutane 23 ko dai sun mutu , ko kuma ba sa cikin hayyacin su , bayan tashin wata gobara da ake kyautata zaton hari ne akan wani gidan hada fina-finan wasan yara .","sentence","8","{""source"": ""VOA Hausa"", ""split"": ""train"", ""dialect_assigned_default"": true}"
"Ma’aikatan kwana-kwana sun ce an tabbatar da mutuwar mutane 13 , bayan haka an kuma gano mutane 10 da basa cikin hayyacinsu , kuna ba sa nuna alamun suna da rai a saman benen ginin mai hawa uku , inda kamfanin Kyoto Animation Production ya ke , da kuma matakalar zuwa soron ginin .","sentence","8","{""source"": ""VOA Hausa"", ""split"": ""train"", ""dialect_assigned_default"": true}"
"Adadin mutanen da gobarar ta shafa ya hada da fiye da wasu su 30 da suka samu munanan raunuka , wasunsu su na cikin mawuyacin hali .","sentence","8","{""source"": ""VOA Hausa"", ""split"": ""train"", ""dialect_assigned_default"": true}"
"Yan sanda sun ce gobarar ta fara ne a lokacin da wani mutum ya shiga cikin ginin , ya jika shi da wani abu mai saurin kama wuta , ya na ihu yana fadin Ku Mutu a yayin da ya tada wutar .","sentence","8","{""source"": ""VOA Hausa"", ""split"": ""train"", ""dialect_assigned_default"": true}"
"Kusan mutane 70 ke cikin ginin a lokacin da gobarar ta tashi .","sentence","8","{""source"": ""VOA Hausa"", ""split"": ""train"", ""dialect_assigned_default"": true}"
"Wanda ake zargi da aikata laifin , wanda kafar yada labaran Kyoto ta bayyana a matsayin wani mutum dan shekaru 41 da haihuwa , shi ma ya sami rauni kuma an kai shi wani asibiti dake kusa da wurin don jinya .","sentence","8","{""source"": ""VOA Hausa"", ""split"": ""train"", ""dialect_assigned_default"": true}"
"Shugaba Maduro a Shirye Yake Ya Tattauna Da Abokan Adawarsa","sentence","8","{""source"": ""VOA Hausa"", ""split"": ""train"", ""dialect_assigned_default"": true}"
"Shugaban kasar Amurka Donald Trump ya ce takwaran aikinsa na kasar Venezuela Nicolas Maduro , a shirye yake ya tattauna tare da abokan adawarsa don magance rikicin siyasa a kasar Amurka ta kudun , amma ya gargadi Amurkawa kada su yi tafiya zuwa Venezuela har sai an bukaci hakan .","sentence","8","{""source"": ""VOA Hausa"", ""split"": ""train"", ""dialect_assigned_default"": true}"
"Shugaba Trump ya rubuta a shafin sa na tweeter cewa ya na bada shawara ga Maduro da ya tattaunawa da kawo sulhu da yan adawa na kasar , da kuma gudanar da zabukan Majalisa .","sentence","8","{""source"": ""VOA Hausa"", ""split"": ""train"", ""dialect_assigned_default"": true}"
"Ya kara da cewa barazanar sanya takunkumin da Amurka ta yi da ya hada da katse hanyar samun kudaden shiga na man fetur na kasar Venezuela sun taimaka wajen sassaucin matsayin Maduro .","sentence","8","{""source"": ""VOA Hausa"", ""split"": ""train"", ""dialect_assigned_default"": true}"
"A yau laraba ne Maduro ya yi tayin zama a teburin tattaunawar domin ci gaban Venezuela .","sentence","8","{""source"": ""VOA Hausa"", ""split"": ""train"", ""dialect_assigned_default"": true}"
"A wata hira da kamfanin dillancin labarai na RIA , Amma ya ce ba za’a yi zaben shugaban kasa ba har sai 2025 , tare da yin watsi da bukatar da shugaban adawa Juan Guaido , da shugaban jam'iyyar adawa ta Majalisar Dinkin Duniya .","sentence","8","{""source"": ""VOA Hausa"", ""split"": ""train"", ""dialect_assigned_default"": true}"
"Shugabannin Turai Sun Mayar Da Martani A Kan Kashe Kashoggi","sentence","8","{""source"": ""VOA Hausa"", ""split"": ""train"", ""dialect_assigned_default"": true}"
"Ministan harkokin wajen Faransa Jean-Yves Le Drian ya yi kira a jiya Asabar a kan gudan da sahihi kuma cikakken bincike domin gano takamaiman wadanda suka kashe Kashoogi .","sentence","8","{""source"": ""VOA Hausa"", ""split"": ""train"", ""dialect_assigned_default"": true}"
"Le Drain ya kuma ce duk wanda aka same shi da laifin aikata wannan danyen aiki , a hukunta shi bisa ga laifinsa .","sentence","8","{""source"": ""VOA Hausa"", ""split"": ""train"", ""dialect_assigned_default"": true}"
"Shugaban Jamus Angela Merkel da ministan harkokin wajenta Heiko Maas sun fitar da wata sanarwar hadin gwiwa suna Allah wadai da wannan kisar da kakkausa lafazi .","sentence","8","{""source"": ""VOA Hausa"", ""split"": ""train"", ""dialect_assigned_default"": true}"
"Sun ci gaba da cewa , suna sa ran Saudi Arabia zata tabbatar da gaskiya wurin bada cikakken bayani a kan mutuwar Kashoogi , kana suka ce bayanai da aka fitar a kan wannan batu basu isa ba .","sentence","8","{""source"": ""VOA Hausa"", ""split"": ""train"", ""dialect_assigned_default"": true}"
"Merkel tace babu wani bayani mai gamsarwa da aka yi kuma yakamata a yi mana bayani cikakke .","sentence","8","{""source"": ""VOA Hausa"", ""split"": ""train"", ""dialect_assigned_default"": true}"
"Babban jami’ar shirye shiryen harkokin wajen Kungiyar Tarayyar Turai Frederica Mogherini ta fada a jiya Asabar cewa yanayin da aka kashe Kashoogi babban abin damuwa ne , ta kuma yi kira ga tabbatar da binciken kwakkwaf da gaskiya da adalci a kan wannan batu .","sentence","8","{""source"": ""VOA Hausa"", ""split"": ""train"", ""dialect_assigned_default"": true}"
"Kalaman shugabannin Turan na mayar da martani ne a kan sanarwar Saudi Arabia a kan Kashoogi da ya bace tun lokacin da ya shiga ofishin jakadancin Saudiyar a Istanbul a ranar biyu ga wannan watan Oktoba , cewa ya mutu a cikin ofishin jakadancinta bayan ya yi fada da mutane da ya samu a wurin .","sentence","8","{""source"": ""VOA Hausa"", ""split"": ""train"", ""dialect_assigned_default"": true}"
"Trump : Bana Fatan Yaki Da Kasar Iran A Kowane Hali","sentence","8","{""source"": ""VOA Hausa"", ""split"": ""train"", ""dialect_assigned_default"": true}"
"Shugaban Amurka Donald Trump , ya ce yana fatan Amurka ba za ta je yaki da Iran ba , a dai-dai lokacin da ake ci gaba da tada jijiyar wuya da gabas ta tsakiya , yayin da wani dan diflomasiyar kasar ya nuna rashin kwarin gwiwa a kan batun .","sentence","8","{""source"": ""VOA Hausa"", ""split"": ""train"", ""dialect_assigned_default"": true}"
"Ba na wannan fatan Trump ya ce game da tambayar da aka masa a kan yiwuwar rikici da Tehran , yayin da ya fara tattaunawa da shugaban kasar Swiss Ueli Maurer .","sentence","8","{""source"": ""VOA Hausa"", ""split"": ""train"", ""dialect_assigned_default"": true}"
"Amurka da Iran , basu da alakar diflomasiya da juna , amma kasar Switzerland na wakiltan Amurka a gabas ta tsakiya .","sentence","8","{""source"": ""VOA Hausa"", ""split"": ""train"", ""dialect_assigned_default"": true}"
"Sakataren ‘yan jaridan fadar shugaban kasar ta White House , Sarah Sanders ta maimaita wa manema labarai yau Alhamis cewar , Trump ya na neman Iran ta canza hali ta kuma daina hamaya da duk wani mumunar cin zarrafi daga kasar islama .","sentence","8","{""source"": ""VOA Hausa"", ""split"": ""train"", ""dialect_assigned_default"": true}"
"Tsofaffin Shuwagabannin Hukumomin Tsaro 12 Na Amurka Sun Yi Wa Trump Taron Dangi","sentence","8","{""source"": ""VOA Hausa"", ""split"": ""train"", ""dialect_assigned_default"": true}"
"A cikin sanarwar da suka bada jiya Alhamis mai dauke da sa-hannayen tsofaffin jigogin tsaron kasar da suka hada da tsofaffin shugabannin ita kanta CIA guda shidda da wasu tsofaffin mataimakan shugabannin CIA guda biyar da kumawani tsohon shugaban Hukumar Tsaro ta kasa , sun ce matakin da shugaba Trump ya dauka akan Brennan da kuma barazanar daukar makamancin matakin akan wasu tsofaffin jami’ai , ba ya da wata alaka da zancen ko waye ya cancanta ya sami masaniya game da assiran kasa , illa kawai magana ce da ta shafi ‘yancin fadar albarkacin baki .","sentence","8","{""source"": ""VOA Hausa"", ""split"": ""train"", ""dialect_assigned_default"": true}"
"A can wani gefen kuma , wani kwamandan sojan ruwa na Amurka da ya jagoranci sojan da suka kashe tsohon madugun kungiyar al-Qaida , Osama Bin Laden , ya fito fili , yana neman shi ma shugaba Trump ya soke tasa alfarmar ta sanin assiran kasar .","sentence","8","{""source"": ""VOA Hausa"", ""split"": ""train"", ""dialect_assigned_default"": true}"
"A wasikar da ya aikawa shugaba Trump , wacce aka wallafa a jaridar Washington Post , Admiral ( mai ritaya ) William McRaven yace raba shi da wannan alfarmar zai kasance kamar wata karramawa ce da za’ayi mishi .","sentence","8","{""source"": ""VOA Hausa"", ""split"": ""train"", ""dialect_assigned_default"": true}"
"Ruwan Sama Ya Hallaka Sama Da Mutane 40 a India","sentence","8","{""source"": ""VOA Hausa"", ""split"": ""train"", ""dialect_assigned_default"": true}"
"Mutane sama da 40 sun mutu a arewacin India sakamakon wata guguwa mai cike da kura da ruwan sama mai karfin gaske da yazo tare da tsawa .","sentence","8","{""source"": ""VOA Hausa"", ""split"": ""train"", ""dialect_assigned_default"": true}"
"Tsawan da yazo hade da iska mai karfin gaske da yake tafiyar kilomita 70 cikin sa’a guda ya auka wa wannan yankin a jiya Lahadi wanda yayi dalilin rushewar gidaje tare da tunbuke itatuwa da kayar da itatuwa samar da hasken wutan lantarki a wuraren da suka hada da Uttar Pradesh, , Andhra Pradesh , har zuwa kudancin Bengal , da kuma yankin Delhi .","sentence","8","{""source"": ""VOA Hausa"", ""split"": ""train"", ""dialect_assigned_default"": true}"
"A babban birnin kasar ko New Delhi iska ne mai tafiyar kilomita 100 a cikin sa’a guda yasa tilas aka karkatar da tafiyar jiragen sama har 70 , kuma ya tilasta kulle babban filin jirgin saman kasa-da-kasa na Indira Ghandi har na tsawon sa’oi biyu , inji jamian aiki gaggawa .","sentence","8","{""source"": ""VOA Hausa"", ""split"": ""train"", ""dialect_assigned_default"": true}"
"Tun da farkon wannan watan an samu kwatankwacin irin wannan balai’in wanda yayi dalilin mutuwar mutane a kalla sama da 150 kana kusan dari 2 suka samu rauni iri daban-daban ajihohi 5 , yayin da hakan yasa tilas aka rufe makarantu da dama a wasu gundomomi , Wannan tsawar da iskan mai karfin gaskeba abu ne daaka saba gani akasar ta India ba musammam a irin wannan yanayin shekarar","sentence","8","{""source"": ""VOA Hausa"", ""split"": ""train"", ""dialect_assigned_default"": true}"
"Yan Koriya Ta Kudu Na Ganin Za a Iya Cimma Zaman Lafiya A Taron Kolin Da Ake Shirin Yi Da Kim Jong Un","sentence","8","{""source"": ""VOA Hausa"", ""split"": ""train"", ""dialect_assigned_default"": true}"
"‘Yan kasar Koriya ta Kudu na cigaba da bayyana kwarin guywarsu akan yiwuwar cimma yarjejeniyar zaman lafiya biyo bayan shawarar ban mamaki da shugaba Donald Trump ya yanke , ta amincewa ya gana da shugaban Koriya ta arewa Kim Jong Un don warware takaddamar da ake yi akan makaman nukiliya a mashigen Koriya .","sentence","8","{""source"": ""VOA Hausa"", ""split"": ""train"", ""dialect_assigned_default"": true}"
"Babu wanda ke fatan yaki , ba Koriya ta arewa ba , ko Koriya ta kudu , ko ma kasashen dake kewaye da su .","sentence","8","{""source"": ""VOA Hausa"", ""split"": ""train"", ""dialect_assigned_default"": true}"
"Don haka ina gani za a sami nasarar cimma zaman lafiya , a cewar wani mazaunin birnin Seoul Jang Soon-ae yau Talata .","sentence","8","{""source"": ""VOA Hausa"", ""split"": ""train"", ""dialect_assigned_default"": true}"
"Fiye da kashi 70 na mutanen da suka bayyana ra’ayoyinsu a kuri’ar jin ra’ayin da aka kada kwanan","sentence","8","{""source"": ""VOA Hausa"", ""split"": ""train"", ""dialect_assigned_default"": true}"
"na goyon bayan taron kolin da ake sa-ran yi tsakanin Kim da shugaban Koriya ta kudu Moon Jae-in a watan Afirilu , da kuma wanda za a yi a watan Mayu tsakanin Kim da Trump .","sentence","8","{""source"": ""VOA Hausa"", ""split"": ""train"", ""dialect_assigned_default"": true}"
"A watan Nuwamban shekarar 2017 , Koriya ta arewa ta dakatar da gwaje-gwajen makaman nukiliya da masu linzame masu tsanani da ta kwashe shekaru biyu tana yi , gwaje-gwajen da suka maida hankali akan kirkirar makami masu linzame , masu cin dogon zango da zasu auna ciki-cikin Amurka .","sentence","8","{""source"": ""VOA Hausa"", ""split"": ""train"", ""dialect_assigned_default"": true}"
"An Kashe Sojan Majalisar Dinkin Duniya A Mali","sentence","8","{""source"": ""VOA Hausa"", ""split"": ""train"", ""dialect_assigned_default"": true}"
"Kwamitin sulhun Majalisar Dinkin Duniya yayi anfani da lafazi mai gauni wajen la’antar mummunan farmakin ta’addancin da aka kai ran Asabar din da ta gabata a kan wani barikin sojan Majalisar Dinkin Duniya dake arewancin kasar Mali .","sentence","8","{""source"": ""VOA Hausa"", ""split"": ""train"", ""dialect_assigned_default"": true}"
"An kashe akalla soja daya na rundunar kiyaye zaman lafiya ta Majalisar Dinkin Duniya a lokacin wannan harin da aka kai akan barikin dake Timbuktu , kuma an raunana mutane da dama , ciki harda sojoji bakwai na Faransa .","sentence","8","{""source"": ""VOA Hausa"", ""split"": ""train"", ""dialect_assigned_default"": true}"
"Rundunar sojan Faransa tace maharan sun nuna kwarewa sosai wajen shirya kai farmakin , wanda ya hada da shigar burtun da suka yi na sanya kayan sojan Majalisar Dinkin Duniya na rundunar da ake kira MINUSMA .","sentence","8","{""source"": ""VOA Hausa"", ""split"": ""train"", ""dialect_assigned_default"": true}"
"Har zuwa yanzu dai ba wata kungiyar da ta fito ta dauki alhakin kai harin , koda yake an san cewa akwai kungiyoyi masu matsancin ra’ayi da dama dake zaune a yankin da abin ya faru .","sentence","8","{""source"": ""VOA Hausa"", ""split"": ""train"", ""dialect_assigned_default"": true}"
"Muryar Amurka Ta Sallami Ma'aikatan Sashen Hausa Sha Biyar","sentence","8","{""source"": ""VOA Hausa"", ""split"": ""train"", ""dialect_assigned_default"": true}"
"Darektar Muryar Amurka Amanda Bennett ta bayyana a sakon email da ta aikawa ma’aikata yau alhamis cewa , an shaidawa hukumomin game da zargin a cikin watanni da suka shige ,","sentence","8","{""source"": ""VOA Hausa"", ""split"": ""train"", ""dialect_assigned_default"": true}"
"da","sentence","8","{""source"": ""VOA Hausa"", ""split"": ""train"", ""dialect_assigned_default"": true}"
"kuma aka kaddamar da bincike .","sentence","8","{""source"": ""VOA Hausa"", ""split"": ""train"", ""dialect_assigned_default"": true}"
"Tace , yayinda doka ta hanamu bada bayani dalla dalla , bayan kamala binciken ne aka dauki matakin sallama ko kuma shirin sallamar ma’aikatan .","sentence","8","{""source"": ""VOA Hausa"", ""split"": ""train"", ""dialect_assigned_default"": true}"
"Amanda Bennett tace wani gwamna ne daga daya daga cikin wadannan yankunan da Sashen Hausa ke watsa shirye-shiryensa , ya bada kudin .","sentence","8","{""source"": ""VOA Hausa"", ""split"": ""train"", ""dialect_assigned_default"": true}"
"Tace an kuma kaddamar da bincike domin tantance ko an watsa wadansu shirye shirye sabili da kudi da aka karba ne , kuma idan aka tarar da haka , za a dauki mataki","sentence","8","{""source"": ""VOA Hausa"", ""split"": ""train"", ""dialect_assigned_default"": true}"
"take yadda ya kamata .","sentence","8","{""source"": ""VOA Hausa"", ""split"": ""train"", ""dialect_assigned_default"": true}"
"Bennet tace shugabannin sassan harsunan Afrika na Muryar Amurka sun bada cikakken goyon baya yayin gudanar da binciken da kuma shawarar da aka tsayar na sallama ko kuma niyyar sallamar wadanda abin ya shafa .","sentence","8","{""source"": ""VOA Hausa"", ""split"": ""train"", ""dialect_assigned_default"": true}"
"Malama Bennett ta kara da cewa babu abinda yake da muhimmanci a Muryar Amurka kamar amincewa da yarda da masu sauraronmu suke da ita a kanmu .","sentence","8","{""source"": ""VOA Hausa"", ""split"": ""train"", ""dialect_assigned_default"": true}"
"Idan muna so mu kare wannan mutuncin da yardar , babu abinda yake da muhimmanci fiye da gudanar da aikinmu na ‘yan jarida bisa tsari da kuma kwarewa , da kare mutunci kamar yadda doka ta ayyana .","sentence","8","{""source"": ""VOA Hausa"", ""split"": ""train"", ""dialect_assigned_default"": true}"
"Dokar Kare Bayanan Sirri a Shafukan Sada Zumunta Ta Fara Aiki a Turai","sentence","8","{""source"": ""VOA Hausa"", ""split"": ""train"", ""dialect_assigned_default"": true}"
"Wata sabuwar doka da aka fitar a nahiyar turai kan yadda za a rika kiyaye bayanan sirrin jama’a tare da yadda kamfanoni za su yi garambawul kan tsarin da suke bi wajen karbar bayanan da sarrafa su , ta fara aiki a jiya Juma’a .","sentence","8","{""source"": ""VOA Hausa"", ""split"": ""train"", ""dialect_assigned_default"": true}"
"Wannan doka ta fara aiki ne bayan da aka yi ca akan kamfanin shafin sada zumunta na Facebook a Amurka , kan wata badakalar amfani da bayanan sirrin jama’a .","sentence","8","{""source"": ""VOA Hausa"", ""split"": ""train"", ""dialect_assigned_default"": true}"
"A karkashin dokar , wacce hukumar kula da bayanan jama’a da kare su da ake kira GDPR a takaice ta samar , kamfanoni za su ci gaba da karban bayanan sirrin masu mu’amulla da su daga wayoyinsu da manhajoji da kuma shafukansu .","sentence","8","{""source"": ""VOA Hausa"", ""split"": ""train"", ""dialect_assigned_default"": true}"
"Amma za su rika fadawa mutane dalilin karbar bayanan da kuma amfani da za su yi da su .","sentence","8","{""source"": ""VOA Hausa"", ""split"": ""train"", ""dialect_assigned_default"": true}"
"Wannan doka , za ta shafi daukacin kasashe 28 da ke cikin kungiyar tarayyar turai , amma kuma za ta shafi har da wasu manya da kananan kamfanonin Amurka da ke nahiyar .","sentence","8","{""source"": ""VOA Hausa"", ""split"": ""train"", ""dialect_assigned_default"": true}"
"Tabargazar Lalata : Fafaroma Ya Ki Amincewa Da Murabus Din Babban Fada Na Faransa","sentence","8","{""source"": ""VOA Hausa"", ""split"": ""train"", ""dialect_assigned_default"": true}"
"Fafaroma Francis , a jiya Talata , ya ki amincewa da murabus din da Cardinal din Faransa Philipe Barbarin ya yi , bayan an same shi da laifin rashin sanar da ‘yan sanda wasu zarge-zargen aikata lalata , ta wajen amfani da isa .","sentence","8","{""source"": ""VOA Hausa"", ""split"": ""train"", ""dialect_assigned_default"": true}"
"Jiya Talata Barbarin ya ce ya mika takardar yin murabus dinsa ga Fadar Vatican , to amma kuma Fafaroma , a ta bakinsa , Ya kawo batun yin kyakkyawan zato ga wanda ake zargi , don haka bai rattaba hannu a kai ba .","sentence","8","{""source"": ""VOA Hausa"", ""split"": ""train"", ""dialect_assigned_default"": true}"
"A maimakon haka , Fafaroma Francis ya bukaci Barbarin , wanda shi ne Fada na kasar Faransa mafi girma da tabargazar lalata da yara kanana , wadda ta dabaibaye majami’ar Katolika a fadin duniya ta shafa , da ya yi abin da ya ga shi ne mafi dacewa ga archdiocese din Lyon da ya ke Shugabanta .","sentence","8","{""source"": ""VOA Hausa"", ""split"": ""train"", ""dialect_assigned_default"": true}"
"Don haka Cardinal din mai shekaru 68 , ya yanke shawarar zuwa hutu , saboda ya ji da wannan abin da ke gabansa , ya bukaci mataimakinsa da ya jagoranci archdiocese din .","sentence","8","{""source"": ""VOA Hausa"", ""split"": ""train"", ""dialect_assigned_default"": true}"
"An zartas ma Barbarin hukuncin daurin watanni 6 , wanda ba za a aiwatar","sentence","8","{""source"": ""VOA Hausa"", ""split"": ""train"", ""dialect_assigned_default"": true}"
"take ba , saboda rashin sanar da hukumomi laifin lalata da wani Firist ya aikata .","sentence","8","{""source"": ""VOA Hausa"", ""split"": ""train"", ""dialect_assigned_default"": true}"
"Firist din mai suna Benard Preynat , ana zargin ya yi lalatar luwadi da yara maza daga 1980 zuwa 1990 .","sentence","8","{""source"": ""VOA Hausa"", ""split"": ""train"", ""dialect_assigned_default"": true}"
"Za'a Tuhumi Baturen Da Ya Kashe Akalla Masallata 50 A New Zealand","sentence","8","{""source"": ""VOA Hausa"", ""split"": ""train"", ""dialect_assigned_default"": true}"
"Za’a tuhumi Baturen","sentence","8","{""source"": ""VOA Hausa"", ""split"": ""train"", ""dialect_assigned_default"": true}"
"da ayyana kanshi a matsayin mai akidar kyamar wasu jinsuna na Bil Adama , da laifin kisan mutane 50 .","sentence","8","{""source"": ""VOA Hausa"", ""split"": ""train"", ""dialect_assigned_default"": true}"
"Ana zargin mutumin da yiwa wasu masallata kisan gilla a kasar New Zealand .","sentence","8","{""source"": ""VOA Hausa"", ""split"": ""train"", ""dialect_assigned_default"": true}"
"Haka kuma Yan sandan sun ce mutumin dan asalin kasar Australiya , wato Brenton Harris Tarrant , dan shekaru 28 da haihuwa , har ila yau za’a tuhumce shi da laifuka 39 na kokarin kisan kai , inda zai bayyana a kotu karo na biyu a gobe Jummaa , a babbar kotun dake birnin Christchurch a New Zealand .","sentence","8","{""source"": ""VOA Hausa"", ""split"": ""train"", ""dialect_assigned_default"": true}"
"Tarrant dai zai bayyana ta hanyar bidiyo ne daga kurkuku mafi tsaro a Auckland .","sentence","8","{""source"": ""VOA Hausa"", ""split"": ""train"", ""dialect_assigned_default"": true}"
"Ba za’a nemi ya amsa ko ya musanta zargin da ake yi mashi ba a lokacin da zai yi bayyanin sa na biyu a kotu gobe jummaa .","sentence","8","{""source"": ""VOA Hausa"", ""split"": ""train"", ""dialect_assigned_default"": true}"
"A can baya , an tuhumi Tarrant ne da laifin kisan kai guda daya lokacin da aka kama shi saboda hare-haren ta'addanci da ya kai ranar 15 ga watan Maris a kan masallatan al-Noor da Linwood ta amfani da makamai masu sarrafa kansu .","sentence","8","{""source"": ""VOA Hausa"", ""split"": ""train"", ""dialect_assigned_default"": true}"
"Hajj 2019 : Mahajjata Sun Yi Hawan Arfa","sentence","8","{""source"": ""VOA Hausa"", ""split"": ""train"", ""dialect_assigned_default"": true}"
"Yayin da ake Hawan Arfa a yau Asabar , sama da Musulmai miliyan biyu ne suke gudanar da aikin Hajjin bana a kasar Saudiyya - kasa mafi tsarki ga mabiya addinin Islama .","sentence","8","{""source"": ""VOA Hausa"", ""split"": ""train"", ""dialect_assigned_default"": true}"
"Tun a jiya Juma’a aka fara gudanar da ayyukan hajjin , inda mahajjatan suka yi dawafi ko kuma zagaya Ka’aba sau bakwai .","sentence","8","{""source"": ""VOA Hausa"", ""split"": ""train"", ""dialect_assigned_default"": true}"
"Daga cikin sauran ayyukan da aikin hajjin ya kunsa , akwai tafiyar safa da marwa .","sentence","8","{""source"": ""VOA Hausa"", ""split"": ""train"", ""dialect_assigned_default"": true}"
"Akan kuma ziyarci wuraren tarihi a Makka da Madina .","sentence","8","{""source"": ""VOA Hausa"", ""split"": ""train"", ""dialect_assigned_default"": true}"
"Shi dai aikin hajji , yana daya daga cikin shika-shikan musulunci da ake so kowanne Musulmi ya yi , ko da sau daya ne a rayuwa , idan dai yana da hali da kuma koshin lafiya .","sentence","8","{""source"": ""VOA Hausa"", ""split"": ""train"", ""dialect_assigned_default"": true}"
"An Fatattaki Yan ISIS Daga Wani Muhimmin Wuri A Syria","sentence","8","{""source"": ""VOA Hausa"", ""split"": ""train"", ""dialect_assigned_default"": true}"
"Wata kungiyar rajin kare hakkin bil adama a Syria ta ce , dakarun Syria masu samun goyon bayan Amurka , sun kwato wani muhimmin gari , wanda daya ne daga cikin wasu yankunan kasar Syria da su ka rage a hannun ISIS .","sentence","8","{""source"": ""VOA Hausa"", ""split"": ""train"", ""dialect_assigned_default"": true}"
"Kungiyar ta kula da hakkin bil adama a Syria ta ce bayan wani mummunan fada na tsawon mako guda da ya hada da hare-haren jiragen sama , Dakarun rajin tabbatar da dimokaradiyya a Syria ( SDF , a takaice ) , sun yi nasarar fatattakar kungiyar ISIS daga Hajin .","sentence","8","{""source"": ""VOA Hausa"", ""split"": ""train"", ""dialect_assigned_default"": true}"
"Hajin dai , na lardin Deir Ezzor ne , mai tazarar kilomita 30 daga kan iyakar Syria da Iraki .","sentence","8","{""source"": ""VOA Hausa"", ""split"": ""train"", ""dialect_assigned_default"": true}"
"Mayaka wajen 17 na gamayyar Kurdawa da Larabawa da kuma dakarun SDF sun hada hannu wajen fatattakar yan ISIS daga yankin da ya rage a hannunsu a Syria , a cewar Abdel Rahman , shugaban kungiyar ta rajin kare hakkin dan adam a Syria .","sentence","8","{""source"": ""VOA Hausa"", ""split"": ""train"", ""dialect_assigned_default"": true}"
"Pakistan Ta Taka Rawa Akan Yarjejeniyar da Afghanistan Da Taliban Suka Cimma","sentence","8","{""source"": ""VOA Hausa"", ""split"": ""train"", ""dialect_assigned_default"": true}"
"Pakistan ta taka muhimmiyar rawa a yarjajjeniyartsagaita wutar da aka cimma a watan jiya tsakanin Afghanistan da Taliban , da zummar tabbatar da cewa mutanen kasar sun gudanar da bukukuwan karamar Sallah ta Eid el Fitr cikin kwanciyar hankali .","sentence","8","{""source"": ""VOA Hausa"", ""split"": ""train"", ""dialect_assigned_default"": true}"
"Wannan ya dada inganta dangantakar Pakistan da Afghanistan , wadda ta yi tsami na kusan tsawon shekaru biyu .","sentence","8","{""source"": ""VOA Hausa"", ""split"": ""train"", ""dialect_assigned_default"": true}"
"Lokacin da aka ba da sanarwar tsagaita wutar , sai wasu mayakan Taliban su ka nufi cikin birane , da dama daga cikinsu su ka yi ta daukar hotuna da mutanen unguwa .","sentence","8","{""source"": ""VOA Hausa"", ""split"": ""train"", ""dialect_assigned_default"": true}"
"Wasunsu kuma su ka yi salla tare da jami'an tsaron gwamnati -- wadanda su ka sha fafatawa da su a baya .","sentence","8","{""source"": ""VOA Hausa"", ""split"": ""train"", ""dialect_assigned_default"": true}"
"Da dama daga cikinsu sun gaya ma manema labarai cewa su fa sun gaji ma da yakin .","sentence","8","{""source"": ""VOA Hausa"", ""split"": ""train"", ""dialect_assigned_default"": true}"
"To amma wannan tsagaita wuta na wuccin gadi , wanda aka dauka a matsayin wani babban mataki na ganin cewa an yi nasarar sasantawa a Afghanistan , ya kasa yin sanadin wata sabuwar tattaunawa tsakanin masu ruwa da tsaki a yankin , inda Taliban ta ma ki tayin tsawaita tsagaita wutar da Shugaban Afghanistan Ashraf Ghani ya yi .","sentence","8","{""source"": ""VOA Hausa"", ""split"": ""train"", ""dialect_assigned_default"": true}"
"Joshua Wong Ya Shiga Zanga Zangar Hong Kong","sentence","8","{""source"": ""VOA Hausa"", ""split"": ""train"", ""dialect_assigned_default"": true}"
"Wani mai rajin kare dimokradiyya a Hong Kong , Joshua Wong , ya shiga sahun masu goyon bayan kiran da ake yi wa shugabar yankin na Hong Kong mai goyon bayan Beijing , da ta sauka daga mukaminta .","sentence","8","{""source"": ""VOA Hausa"", ""split"": ""train"", ""dialect_assigned_default"": true}"
"Wong ce da zaran ya fito daga gidan yari a yau Litinin , zai shiga gagarumar zanga zangar da ke adawa da dokar da ake so a samar , wacce za ta ba da damar a mika masu laifi ga China don a tuhume su .","sentence","8","{""source"": ""VOA Hausa"", ""split"": ""train"", ""dialect_assigned_default"": true}"
"Wong ya yi hasashen cewa , muddin aka bar , Carrie Lam , ta ci gaba da zama a mukaminta , za’a kara samun mutane da dama da za su shiga wannan fafutukar har sai ranar da muka samu muhimman hakkokinmu da kuma ‘yancinmu .","sentence","8","{""source"": ""VOA Hausa"", ""split"": ""train"", ""dialect_assigned_default"": true}"
"Jami’ai sun sake bude hanyoyi a yau Litinin a kusa da shedkwatar gwamnati bayan daruruwan dubban masu zanga zanga dauke da bakin kyalle suka yi tattaki a jiya Lahadi akan kudirin dokar da ya janyo ce-ce-ku-ce .","sentence","8","{""source"": ""VOA Hausa"", ""split"": ""train"", ""dialect_assigned_default"": true}"
"Sai dai masu zanga zangar sun sa harkokin kasuwanci da ayyukan gwamnati sun tsaya cik , yayin da wadanda suka shirya zanga zangar suke ikrarin mutum miliyan biyu ne suka yi tattaki akan tituna .","sentence","8","{""source"": ""VOA Hausa"", ""split"": ""train"", ""dialect_assigned_default"": true}"
"Ana Gaggauta Ceto Matasan Da Suka Makale A Wani Kogo A Thailand","sentence","8","{""source"": ""VOA Hausa"", ""split"": ""train"", ""dialect_assigned_default"": true}"
"Masu aikin ceto a Thailand suna aiki cikin gaggawa su ceto kungiyar yan wasan kwallon matasa da suka makale a cikin wani kogon da ambaliya ruwa ya tabakawa sama da mako guda , kafin ruwan sama kamar da bakin kwarya da za a samu a cikin yan kwanaki masu zuwa kamar yanda hasashe ya nuna .","sentence","8","{""source"": ""VOA Hausa"", ""split"": ""train"", ""dialect_assigned_default"": true}"
"An gano matasan 12 , yan shekaru 11 zuwa 16 da mai horar da su dan shekaru 25 a ranar Litini hade wuri guda a kan wani dutse a can cikin kogunan Tham Luang .","sentence","8","{""source"": ""VOA Hausa"", ""split"": ""train"", ""dialect_assigned_default"": true}"
"A halin da ake ciki kuma , hukumomi suna kokarin jan ruwa daga cikin kogon , amma ganin za a samu ruwan sama mai yawa kamar yanda hasashe ya nuna , yaran zasu bukaci amfani da rigar da zata hana su nitsewa cikin ruwa , yayin da kwararrun zasu rika basu shawara abinda zasu yi , inji ministan harkokin cikin gida Anupong Paojinda .","sentence","8","{""source"": ""VOA Hausa"", ""split"": ""train"", ""dialect_assigned_default"": true}"
"An ce yaran da mai horar dasu suna cikin kasala .","sentence","8","{""source"": ""VOA Hausa"", ""split"": ""train"", ""dialect_assigned_default"": true}"
"Sojojin kundubala na mayakan ruwan Thailand guda bakwai da suka hada da ma’aikatan lafiya ne suke kula da yara kuma suna tare da su a cikin kogon .","sentence","8","{""source"": ""VOA Hausa"", ""split"": ""train"", ""dialect_assigned_default"": true}"
"Birtaniya : Majalisar Dokoki Ta Yi Watsi Da Kiran Sabon Zabe","sentence","8","{""source"": ""VOA Hausa"", ""split"": ""train"", ""dialect_assigned_default"": true}"
"A karo na biyu , Majalisar Dokokin Burtaniya ta yi watsi da shirin Firai minista , Boris Johnson , na gudanar da zabe da wuri , a wani yunkuri na ganin ba a saba ma wa’adin ficewar Birtaniya daga Tarayyar Turai ba .","sentence","8","{""source"": ""VOA Hausa"", ""split"": ""train"", ""dialect_assigned_default"": true}"
"Johnson ya so a goyi bayan aniyarsa ta gudanar da zaben gaggawa ranar 15 ga watan Oktoba , a yunkurinsa na neman samun rinjaye a Majalisar , saboda ta amince da tsarinsa na shirin ficewar , ko Brexit , gabanin babban taron Shugabannin kungiyar ta Tarayyar Turai , EU .","sentence","8","{""source"": ""VOA Hausa"", ""split"": ""train"", ""dialect_assigned_default"": true}"
"Bayan kuri’ar ta bijirewa da aka kada jiya Litinin , Johnson ya aiwatar da shirin","sentence","8","{""source"": ""VOA Hausa"", ""split"": ""train"", ""dialect_assigned_default"": true}"
"na sa da ake takaddama a kai , na dakatar da Majalisar Dokokin na tsawon makonni biyar , har sai Sarauniyar Ingila ta gabatar da jawabinta na shekara- shekara ga majalisar Dokokin , mai kunshe da bayanin shirin ayyukan Majalisar da gwamnati za ta aiwatar a shekara mai zuwa .","sentence","8","{""source"": ""VOA Hausa"", ""split"": ""train"", ""dialect_assigned_default"": true}"
"Watsi da batun gudanar da wani sabon zabe da Majalisar ta yi , na zuwa ne ‘yan sa’o’i bayan da Sarauniya Elizabeth ta Ingila , ta bayar da goyon bayanta ga kudurin dokar hana Johnson aiwatar da shirinsa na Brexit ba sharadi , wato ficewa daga Tarayyar Turai a ranar 31 ga watan Oktoba , ba tare da an zayyana yarjajeniyar rabuwar ba .","sentence","8","{""source"": ""VOA Hausa"", ""split"": ""train"", ""dialect_assigned_default"": true}"
"An Tuhumi Mutumin Da Ya Kashe Musulmi 51 a New Zealand","sentence","8","{""source"": ""VOA Hausa"", ""split"": ""train"", ""dialect_assigned_default"": true}"
"Hukumomi a kasar New Zealand , sun tuhumi mutumin","sentence","8","{""source"": ""VOA Hausa"", ""split"": ""train"", ""dialect_assigned_default"": true}"
"mai fafutukar ganin an fifita farar fata , wanda ya kashe mutum 51 a wasu masallatai da ke garin Christchurch a watan Maris din da ya gabata .","sentence","8","{""source"": ""VOA Hausa"", ""split"": ""train"", ""dialect_assigned_default"": true}"
"A yau Talata aka tuhumi Brenton Tarrant dan asalin kasar Australia da laifin ta’addanci .","sentence","8","{""source"": ""VOA Hausa"", ""split"": ""train"", ""dialect_assigned_default"": true}"
"Wannan ne karon farko da dokar za ta fara aiki , tun bayan da aka samar da ita a shekarar 2002 , wato bayan harin da kungiyar Al Qaeda ta kai a New York da Washington a shekarar 2001 .","sentence","8","{""source"": ""VOA Hausa"", ""split"": ""train"", ""dialect_assigned_default"": true}"
"Hukumomi har ila yau , sun caji Tarrant da laifin mutuwar wani da harin ya rutsa da shi , wanda ya cika a asibiti a wannan watan , hade da tuhumar shi kan yunkurin kashe mutum biyu , wanda ya sa adadin ya kai 40 .","sentence","8","{""source"": ""VOA Hausa"", ""split"": ""train"", ""dialect_assigned_default"": true}"
"Dumamar Yanayi : Duniya Na Fuskantar Babban Bala'i","sentence","8","{""source"": ""VOA Hausa"", ""split"": ""train"", ""dialect_assigned_default"": true}"
"Wani kwamitin kwararru na Majalisar Dinkin Duniya ya fitar da wani rahoto kan makomar duniyarmu mai nuna cewa wani babban bala'i na tafe muddun ba a rage dumamar yanayi ba .","sentence","8","{""source"": ""VOA Hausa"", ""split"": ""train"", ""dialect_assigned_default"": true}"
"Kwamitin na bai daya na kasashen duniya kan yanayi ya zaiyana a rahoton nasa yadda yanayin duniya da sha'anin lafiya da kuma rayuwar halittun cikin ruwa duk za su kasance cikin matukar hadari muddun shugabannin kasashen duniya ba su dau matakin ganin dan adam ya rage dumama yanayi zuwa zafi mai yawan Fahrenheit 9 tsakanin 2030 zuwa 2052 ba , a maimakon abin da aka tsai da shawara a kai na zafin Fahrenheit 1 .","sentence","8","{""source"": ""VOA Hausa"", ""split"": ""train"", ""dialect_assigned_default"": true}"
"8 a baya .","sentence","8","{""source"": ""VOA Hausa"", ""split"": ""train"", ""dialect_assigned_default"": true}"
"Wasu daga cikin alfanun takaita dumamar yanayi kasa da yadda aka tsaida ada sun hada da cewa : yawam mutanen da za su yi fama da karancin ruwa zai ragu da rabi ; yawan wadanda za su mutu sanadiyyar zafi da cututtuka masu yado shi ma zai ragu .","sentence","8","{""source"": ""VOA Hausa"", ""split"": ""train"", ""dialect_assigned_default"": true}"
"Ta kuma yiwu hamadar kankarar","sentence","8","{""source"": ""VOA Hausa"", ""split"": ""train"", ""dialect_assigned_default"": true}"
"ta Yammacin Antartic ta daina narkewar da ta ke yi dinnan babu kakkautawa .","sentence","8","{""source"": ""VOA Hausa"", ""split"": ""train"", ""dialect_assigned_default"": true}"
"Kuma hakan zai iya taimakawa wajen ceto akasarin kananan halittun ruwa masu kama da tsirai din","sentence","8","{""source"": ""VOA Hausa"", ""split"": ""train"", ""dialect_assigned_default"": true}"
"daga mutuwa .","sentence","8","{""source"": ""VOA Hausa"", ""split"": ""train"", ""dialect_assigned_default"": true}"
"Firayin Ministan Japan Ya Kai Ziyarar Aiki Amurka","sentence","8","{""source"": ""VOA Hausa"", ""split"": ""train"", ""dialect_assigned_default"": true}"
"Shugaban Amurka Donald Trump ya karbi bakuncin Firayin ministan kasar Japan Shinzo Abe da safiyar yau Talata don ganawar kwanaki biyu , fadar White House ta ce tana sa ran tattaunawar zata yi tasiri sosai .","sentence","8","{""source"": ""VOA Hausa"", ""split"": ""train"", ""dialect_assigned_default"": true}"
"Da take magana da manema labarai daga cikin jirgin shugaban Amurka Air Force One zuwa jihar Florida , sakatariyar yada labaran fadar White House Sarah Huckabee Sanders ta ce tattaunawar da za a yi tsakanin shugabannin biyu za ta ta’allaka ne akan shirye-shiryen ganawa da Koriya Ta Arewa , da kuma batun cinikayya .","sentence","8","{""source"": ""VOA Hausa"", ""split"": ""train"", ""dialect_assigned_default"": true}"
"Trump da Abe na da babban kalubale da ya shafe su , batun Koriya Ta Arewa , wadda ke shirin makamai masu linzame da na nukiliya da suka saba wa takunkumin Majalisa Dinkin Duniya .","sentence","8","{""source"": ""VOA Hausa"", ""split"": ""train"", ""dialect_assigned_default"": true}"
"Ana Kan Shirye Shiryen Ganawar Trump Da Kim Jong-un","sentence","8","{""source"": ""VOA Hausa"", ""split"": ""train"", ""dialect_assigned_default"": true}"
"Ministan harkokin wajen Koriya ta Arewa Ri Yong Ho ya nufi Sweden a balaguron da ake jin zai share fagen yiwuwar a yi taron koli tsakanin Shugaban Amurka Donald Trump da shugaban Koriya ta Arewa Kim Jon Un .","sentence","8","{""source"": ""VOA Hausa"", ""split"": ""train"", ""dialect_assigned_default"": true}"
"Yau Alhamis ake sa ran Ri , zai isa Stockholm , inda zai kwashe kwanaki biyu yana tattaunawa da takwarar aikin sa ta Sweden Margot Wallstrom .","sentence","8","{""source"": ""VOA Hausa"", ""split"": ""train"", ""dialect_assigned_default"": true}"
"Sweden na wakiltar muradun Amurka ta diflomasiyya , da Canada da Austarlia a ofishin jakadancin kasar dake Koriya ta Arewa .","sentence","8","{""source"": ""VOA Hausa"", ""split"": ""train"", ""dialect_assigned_default"": true}"
"Ma'aikatar harkokin wajen Sweden tace ziyarar Ri zata bada gudummuwar tabbatar da an ai watar da kudurin kwamitin sulhu na Majalisa Dinkin Duniya , wadda tayi Allah wadai da hukumomin Pyonyang , kan shirin nukiliya da kuma makamai masu linzami na kasar .","sentence","8","{""source"": ""VOA Hausa"", ""split"": ""train"", ""dialect_assigned_default"": true}"
"Shugaba Trump ya bada sanarwar bazata a satin da ya gabata inda yace zai gana da shugaba Kim Jong Un a karshen watan Mayu , amma ba'a bada sanarwar wuri da kuma ranar da za'a yi taron kolin ba .","sentence","8","{""source"": ""VOA Hausa"", ""split"": ""train"", ""dialect_assigned_default"": true}"
"Jami'an Vietnam Sun Chafke Mutane Fiye Da 100","sentence","8","{""source"": ""VOA Hausa"", ""split"": ""train"", ""dialect_assigned_default"": true}"
"Fiye da mutane 100 ake tsare da su a Vietnam bayan da aka gudanar da wata zanga zangar nuna kyamar wata doka da ake kokarin kafawa akan wasu kasuwanni na musamman da ake son kirkirowa wadanda mutane da yawa ke tsoron zasu fi fifita ‘yan kasuwan China fiye da na ‘yan kasar ta Vietnam .","sentence","8","{""source"": ""VOA Hausa"", ""split"": ""train"", ""dialect_assigned_default"": true}"
"Masu zanga zangar sun jefa duwatsu da bama bamai hadin gida , a kan hedkwatar karamar hukumar dake kudancin tsakiyar lardin Binh Thuan .","sentence","8","{""source"": ""VOA Hausa"", ""split"": ""train"", ""dialect_assigned_default"": true}"
"Kafar yada labaran kasar mai suna VN Express ta ce mutane 102 aka kama kuma ‘yan sanda da dama sun raunana a lokacin da sukai arangama da masu zanga zangar .","sentence","8","{""source"": ""VOA Hausa"", ""split"": ""train"", ""dialect_assigned_default"": true}"
"Ha’ila yau , an gudanar da zanga zangar a wadanzu biranen Vietnam da suka kunshi Ho Chi Minh da Hanoi .","sentence","8","{""source"": ""VOA Hausa"", ""split"": ""train"", ""dialect_assigned_default"": true}"
"Dokar da ake kokarin kafawa dai zata bai wa ‘yan wadansu kasashen damar hayar filaye a yankuna masu tattalkin arziki na musamman guda uku har na tsahon shekaru 99 .","sentence","8","{""source"": ""VOA Hausa"", ""split"": ""train"", ""dialect_assigned_default"": true}"
"Nuna bacin ran talakawan Vietnam ne ya sa ‘yan majalisar dokoki suka jinkirta tabbatar da dokar , har suka daga maganar amincewa da ita zuwa karshen wannan shekarar .","sentence","8","{""source"": ""VOA Hausa"", ""split"": ""train"", ""dialect_assigned_default"": true}"
"SUDAN ta KUDU : Zaman Lafiya Ya Sa Wasu Yan Adawa Suka Sa Hannu A Yarjejeniya","sentence","8","{""source"": ""VOA Hausa"", ""split"": ""train"", ""dialect_assigned_default"": true}"
"Wasu daga cikin jam’iyyun siyasa na bangaren ‘yan adawa a Sudan ta Kudu , wadanda suka rattaba hannu a wata yarjejeniya da aka kulla a Khartoum , sun ce sun dauki wannan mataki ne saboda a samu wanzuwar zaman lafiya , duk da cewa ba su amince da wasu sharruda da ke kunshe a matsayar da aka cimma ba .","sentence","8","{""source"": ""VOA Hausa"", ""split"": ""train"", ""dialect_assigned_default"": true}"
"Kungiyar raya kasashen gabashin Afirka ta IGAD , ta fitar da wata sanarwa a jiya Talata , inda ta ce masu shiga tsakanin da suka hada da shugaban Sudan , Omar Al Bashir , za su ci gaba da shimfida hanyoyin tattaunawa , har sai an rattaba hannu a wata yarjejeniyar zaman lafiya mai dorewa .","sentence","8","{""source"": ""VOA Hausa"", ""split"": ""train"", ""dialect_assigned_default"": true}"
"An Makare Khashoggi Kafin Daddaza Gawarsa","sentence","8","{""source"": ""VOA Hausa"", ""split"": ""train"", ""dialect_assigned_default"": true}"
"Bayanin da mai binciken na musamman Ifran Fidan yayi , na zuwa ne lokacin da Turkiyya ke matsawa Saudiyya lamba ta mika mata mutane 18 da ta tsare saboda suna da hannu a kisan Khashoggi .","sentence","8","{""source"": ""VOA Hausa"", ""split"": ""train"", ""dialect_assigned_default"": true}"
"Bayanin Fidan , shine bayani na farko da wani jami’in Turkiyya yayi da ya tabbatar da cewa an kashe dan jaridar bayan da ya shiga ofishin jakadancin , kuma abu ne da aka riga aka shirya yi .","sentence","8","{""source"": ""VOA Hausa"", ""split"": ""train"", ""dialect_assigned_default"": true}"
"Haka kuma wani mai magana da yawun jam’iyyar AK mai mulki a Turkiyyya , ya fada jiya Laraba cewa , tabbas kisan Khashoggi ba zai taba yiwuwa ba , batare da izinin daya daga cikin shugabannin Saudiyya ba .","sentence","8","{""source"": ""VOA Hausa"", ""split"": ""train"", ""dialect_assigned_default"": true}"
"Shugaban kasar Turkiyya Recep Tayyip Erdogan ya nemi jami’an Saudiyya su bayyana dan Turkiyya da ake zargi da taimakawa wajen boye ko jefar da gawar Khashoggi .","sentence","8","{""source"": ""VOA Hausa"", ""split"": ""train"", ""dialect_assigned_default"": true}"
"Lokaci Na Kurewa Na Ceto Matasa 12 Da Ke Cikin Kogo","sentence","8","{""source"": ""VOA Hausa"", ""split"": ""train"", ""dialect_assigned_default"": true}"
"Lokaci na kurewa na ceto yara 12 da kuma kocinsu na kwallon kafa , daga cikin wani kogo mai cike da ruwa da ke arewacin Thailand , a cewar hukumomin da ke sa ido kan ayyukan ceton ; su na masu nuni da rashin gyawun yanayi da kuma karancin iskar shaka ta oxigen .","sentence","8","{""source"": ""VOA Hausa"", ""split"": ""train"", ""dialect_assigned_default"": true}"
"Yinkuri mafi girma na kai dauki da aka yi a kogon na Tham Luang Non ya kai ga rasa rai jiya Jummaa , bayan da wani tsohon dan kundubalar ninkayar sojojin ruwan kasar ya mutu cikin ruwan .","sentence","8","{""source"": ""VOA Hausa"", ""split"": ""train"", ""dialect_assigned_default"": true}"
"Hukumomi sun ce Mr. Samarn Poonan na aikin girke tukwanen iskar shaka ta oxigen ga mutanen da ke cikin kogon ne , yayin da shi kuma iskar shakar tasa ta kare har ya mutu .","sentence","8","{""source"": ""VOA Hausa"", ""split"": ""train"", ""dialect_assigned_default"": true}"
"Amurka Da Kawayenta Na Ci Gaba Da Sawa Syria","sentence","8","{""source"": ""VOA Hausa"", ""split"": ""train"", ""dialect_assigned_default"": true}"
"Amma jami'an Amurka sun ce Washington da kawayenta suna ci gaba da sa ido sosai .","sentence","8","{""source"": ""VOA Hausa"", ""split"": ""train"", ""dialect_assigned_default"": true}"
"Babban mai Magana da yawun cibiyar tsaron Amurka Dana white ta shaidawa manema labarai a jiya alhamis cewa , tilas ne shugaban Syria Bashar al-Assad ya san cewa , duniya ba zata amince da amfani da makamai masu guba a kowanne irin hali ba .","sentence","8","{""source"": ""VOA Hausa"", ""split"": ""train"", ""dialect_assigned_default"": true}"
"A wata hira da kafar watsa labarai ta gwamnati RIA Novosti a yau jummaa , Ministan harkokin kasashen wajen Rasha Sergei Lavrov ya ce Rasha ta yiwa Amurka da abokan kawancenta iyaka da abin da ba zata iya kauda kai ba tare da maida martani ba , kafin su kai harin sararin saman .","sentence","8","{""source"": ""VOA Hausa"", ""split"": ""train"", ""dialect_assigned_default"": true}"
"Harin da Amurka ta kai maida martani ne , kan harin da ake kyautata zaton na makaman nukiliya ne , da ya kashe fararen hula 40 a Douma a ranar 7 ga watan Afirilu .","sentence","8","{""source"": ""VOA Hausa"", ""split"": ""train"", ""dialect_assigned_default"": true}"
"Kasar Amurka dai ta zargi Syria .","sentence","8","{""source"": ""VOA Hausa"", ""split"": ""train"", ""dialect_assigned_default"": true}"
"Amma abokan kawancen Syria Damascus da Rasha sun musanta cewa ba ayi amfani da wadanan makaman ba .","sentence","8","{""source"": ""VOA Hausa"", ""split"": ""train"", ""dialect_assigned_default"": true}"
"Najeriya , China Za Su Musanya Dala Biliyan 2 .","sentence","8","{""source"": ""VOA Hausa"", ""split"": ""train"", ""dialect_assigned_default"": true}"
"5","sentence","8","{""source"": ""VOA Hausa"", ""split"": ""train"", ""dialect_assigned_default"": true}"
"Babban Bankin Najeriya da Bankin Al’umma na kasar China , sun cimma wata yarjajjeniya ta musayar takardun kudin da su ka kai dalar Amurka biliyan 2 .","sentence","8","{""source"": ""VOA Hausa"", ""split"": ""train"", ""dialect_assigned_default"": true}"
"5 , saboda su rage dogaro ga dalar Amurka a yayin cinakayyarsu ta bai daya .","sentence","8","{""source"": ""VOA Hausa"", ""split"": ""train"", ""dialect_assigned_default"": true}"
"Gwamnan Babban Bankin Najeriya Godwin Emefiele ne ya jagoranci jami’an Najeriya , a yayin da shi kuma Gwamnan Bankin Al’umma na kasar China , Yi Gang , ya jagoranci tawagar China a hidimar rattaba hannu kan yarjajjeniyar a birnin Beijing a makon jiya .","sentence","8","{""source"": ""VOA Hausa"", ""split"": ""train"", ""dialect_assigned_default"": true}"
"Manufar wannan yarjejeniyar ita ce samar da isassun takardun kudaden hada-hada ga kamfanoni da masana’antun Najeriya da China da kuma rage wahalar da su kan fuskanta yayin neman takardun kudi na dabam .","sentence","8","{""source"": ""VOA Hausa"", ""split"": ""train"", ""dialect_assigned_default"": true}"
"Wannan yarjejeniyar , wacce ta musanyar takardun kudade ce kawai , za ta saukaka samun takardar kudi ta Naira ga ‘yan China masu masana’antu da ke bukatar sayo kayan sarrafawa daga Najeriya , ta yadda za su rika samun Nairar daga bankunan kasar China su biya kudaden kayan da su ka sayo .","sentence","8","{""source"": ""VOA Hausa"", ""split"": ""train"", ""dialect_assigned_default"": true}"
"Pakistan Ta Mayar Da Martani Bayan Amurka Ta Soke Tallafin Da Take Bata","sentence","8","{""source"": ""VOA Hausa"", ""split"": ""train"", ""dialect_assigned_default"": true}"
"Ministan harkokin wajen kasar Shah Mehmood , ne ya bayyana haka bayan da ma'aikatar tsaron Amurka ta bayyana cewa ta soke baiwa Islamabad tallafin , saboda kasar ta gaza daukar matakai kan kungiyoyin yan ta'adda da suke cikin kasar .","sentence","8","{""source"": ""VOA Hausa"", ""split"": ""train"", ""dialect_assigned_default"": true}"
"Wannan sabon rikici da yake tashi a dangantakar da take kara tsami tsakanin kasashen biyu , yana zuwa ne ana saura kwanaki sakataren hakokin wajen Amurka Mike Pompeo da kuma baban hafsan hafsoshin Amurka Janar Joseph Dunford , su kai ziyara kasar dake kudancin Asiya .","sentence","8","{""source"": ""VOA Hausa"", ""split"": ""train"", ""dialect_assigned_default"": true}"
"A halin da ake ciki kuma , shugaban hukumar MDD dake tallafawa yan gudun hijira na falasdiu , yace hukumar zata ci gaba da tallafawa Falasdinawa , a kuma dai dai lokacin da Amurka ta bada sanarwar kawo karshen gudumawar kudi da take baiwa hukumar .","sentence","8","{""source"": ""VOA Hausa"", ""split"": ""train"", ""dialect_assigned_default"": true}"
"Robert Muller Ya Yi Magana Karon Farko A Bainin Jama'a","sentence","8","{""source"": ""VOA Hausa"", ""split"": ""train"", ""dialect_assigned_default"": true}"
"A jawabin farko da ya yi a bainin jama’a , tun bayan da aka nada shi mai bincike na musamman a shekarar 2017 , Robert Muller , ya fada a jiya Laraba cewa binciken da ya gudanar bai nemi dorawa shugaban kasa laifin yiwa sashen shari’ar Amurka shisshigi ba , amma kuma hakan baya nufin shugaban bai aikata wani laifi ba .","sentence","8","{""source"": ""VOA Hausa"", ""split"": ""train"", ""dialect_assigned_default"": true}"
"Muller ya yi wadannan kalaman ne a ma’aikatar shari’a a Washington , inda ya bayyana batutuwan da dama da muhimmancin aikin binciken da aka bashi , domin tabbatar da yunkurin kasar Rasha na yin katsalanda a zaben shugaban kasar Amurka a shekarar 2016 .","sentence","8","{""source"": ""VOA Hausa"", ""split"": ""train"", ""dialect_assigned_default"": true}"
"Yace kamar yanda yake kunshe a cikin wani zargin aikata laifi da rukunin masu taimakawa shari’a ya yi , wasu jami’an sashen leken asirin Rasha da suke tare da ma’aikatar sojin rashan sun kaiwa tsarin zaben Amurka hari .","sentence","8","{""source"": ""VOA Hausa"", ""split"": ""train"", ""dialect_assigned_default"": true}"
"Zargin aikata laifin ya nuna sun yi amfani da fasahohin zamani masu karfi suka yi kutse a computoci da shafin yanar gizo da kwamitin yakin neman zaben Clinton ke amfani da su .","sentence","8","{""source"": ""VOA Hausa"", ""split"": ""train"", ""dialect_assigned_default"": true}"
"Yace sun sace bayananta na sirri kana suka badda kamarni a kan yanar gizo da kuma shafin WikiLeaks suka kwarmata bayanan Clinton da suka sace .","sentence","8","{""source"": ""VOA Hausa"", ""split"": ""train"", ""dialect_assigned_default"": true}"
"Muller yace ya gudanar da aikinsa ne ta huskoki biyu , da farko ya gudanar da bincike a kan yunkurin yin katsalandan da Rasha ta yiwa zaben Amurka , kana ya kuma yi bincike a kan ko an yiwa binciken shisshigi , da ya hada da ayyukan shugaban Amurka Donald Trump .","sentence","8","{""source"": ""VOA Hausa"", ""split"": ""train"", ""dialect_assigned_default"": true}"
"Muller yace tsarin ma’aikatar shari’a ya nun aba za a iya dorawa shugaban kasa aikata laifi yayin da yake a karagar mulki , saboda haka ne Muller da ma’aikatarsa suka gaza dorawa shugaban kasar laifi .","sentence","8","{""source"": ""VOA Hausa"", ""split"": ""train"", ""dialect_assigned_default"": true}"
"A wani sakon Twitter a jiya Laraba , shugaba Trump yace Muller ya wanke shi daga aikata ba daidai ba , yana mai fadin cewa babu wani aikata laifi da rahoton Muller ya ayyana a kaina .","sentence","8","{""source"": ""VOA Hausa"", ""split"": ""train"", ""dialect_assigned_default"": true}"
"Yace babu cikakken shaida a kan zargi da ake mini kuma a kasar mu mutum da babu shaida a kansa bashi da laifi .","sentence","8","{""source"": ""VOA Hausa"", ""split"": ""train"", ""dialect_assigned_default"": true}"
"An rufe wannan Magana , Na gode , inji Trump .","sentence","8","{""source"": ""VOA Hausa"", ""split"": ""train"", ""dialect_assigned_default"": true}"
"Binciken Rasha : Wata Hadimar Trump Ta Fuskanci Tambayoyin Yan majalisa","sentence","8","{""source"": ""VOA Hausa"", ""split"": ""train"", ""dialect_assigned_default"": true}"
"Shugabar ofishin yada labaran Shugaban Amurka Donald Trump , Hope Hicks , wacce ta kasance cikin dadaddun hadiman da suka yi wa Trump aiki , ta bayyana gaban kwamitin majalisar dokokin Amurka .","sentence","8","{""source"": ""VOA Hausa"", ""split"": ""train"", ""dialect_assigned_default"": true}"
"Hicks ta bayyana ne don amsa tambayoyi akan alakar wadanda suka yi wa Trump yakin neman zabe da Rasha .","sentence","8","{""source"": ""VOA Hausa"", ""split"": ""train"", ""dialect_assigned_default"": true}"
"Sai dai ba ta amsa tambayoyin da ‘yan majalisar suka yi mata ba akan watanni 13 da ta yi tana aiki a Fadar shugaban kasa ta White House .","sentence","8","{""source"": ""VOA Hausa"", ""split"": ""train"", ""dialect_assigned_default"": true}"
"Kwamitin binciken bayanan sirri ya yi wata ganawa da Hicks ta tsawon sa’o’i da dama .","sentence","8","{""source"": ""VOA Hausa"", ""split"": ""train"", ""dialect_assigned_default"": true}"
"Hicks ta yi wa iyalin Trump aiki a matsayin mai magana da yawun yar shugaban Amurka Ivanka Trump , a bangaren tallata tufafin da take sayar wa kafin daga baya ta shiga yi wa Trump yakin neman zabe a lokacin da ya tsaya takarar da ya sami nasara a shekarar 2016 .","sentence","8","{""source"": ""VOA Hausa"", ""split"": ""train"", ""dialect_assigned_default"": true}"
"Dan majalisar wakilai , Adam Shiff , jigo a jam’iyyar Democrat da ke kwamitin , ya fadi cewa Hicks ta amsa tambayoyi game da yakin neman zaben Trump , da lokacin zaben zuwa lokacin da aka rantsar da Trump a matsayin shugaban kasa .","sentence","8","{""source"": ""VOA Hausa"", ""split"": ""train"", ""dialect_assigned_default"": true}"
"Amma ba ta ce komai akan lokacin da ta yi aiki a Fadar shugaban kasa ta White House ba .","sentence","8","{""source"": ""VOA Hausa"", ""split"": ""train"", ""dialect_assigned_default"": true}"
"An Samu Jerin Girgizar Kasa da Aman Duwatsu A Yankin Fasiifik","sentence","8","{""source"": ""VOA Hausa"", ""split"": ""train"", ""dialect_assigned_default"": true}"
"An samu jerin girgizar kasa da aman duwatsu daura da karshen yankin tekun Pacific a yau Talata .","sentence","8","{""source"": ""VOA Hausa"", ""split"": ""train"", ""dialect_assigned_default"": true}"
"Hukumar da ke bincike kan yanayin doron kasa ta Amurka ta ce , wata gagarumar girgizar kasa mai karfin maki 8 .","sentence","8","{""source"": ""VOA Hausa"", ""split"": ""train"", ""dialect_assigned_default"": true}"
"2 ta auku kilomita 280 , kudu maso gabashin Tsibirin Kodiak da ke Alaska , lamarin da ya janyo aka sa jami’an ba da agajin gaggawa suka shiga shirin ko-ta-kwana , domin yin gargadi kan aukuwar bala’in Tsunami a yankin Alaska da British Columbia mallakar Canada .","sentence","8","{""source"": ""VOA Hausa"", ""split"": ""train"", ""dialect_assigned_default"": true}"
"Sannan har ila yau , an saka daukacin gabar tekun yammacin Amurka da yankin Pacific da ke Hawaii a matakin shirin ko-ta-kwana domin gujewa bala’in na Tsunami .","sentence","8","{""source"": ""VOA Hausa"", ""split"": ""train"", ""dialect_assigned_default"": true}"
"Cikin gaggawa , an bai wa mazauna yankin shawarar su fice daga yankin su koma wurare masu tudu .","sentence","8","{""source"": ""VOA Hausa"", ""split"": ""train"", ""dialect_assigned_default"": true}"
"Daga baya , Cibiyar da ke aikewa da gargadin aukuwar Tsunami a yankin Pacific , ta soke wannan gargadi a yankin Hawaii .","sentence","8","{""source"": ""VOA Hausa"", ""split"": ""train"", ""dialect_assigned_default"": true}"
"Amma sauran yankunan da suka hada da gabar tekun Alaska da British Columbia da kuma wasu sassan gabar tekun yammacin Amurka , sun ci gaba da kasancewa cikin shirin shirin na ko-ta-kwana .","sentence","8","{""source"": ""VOA Hausa"", ""split"": ""train"", ""dialect_assigned_default"": true}"
"Matsayin Birnin Kudus : Kasashe Da Dama Na Adawa Da Matakin Amurka","sentence","8","{""source"": ""VOA Hausa"", ""split"": ""train"", ""dialect_assigned_default"": true}"
"Da gagarumin rinjaye Babban Zauren Majalisar Dinkin Duniya ya kada kuri’ar amincewa da kudurin kin yadda da shawarar da Amurka ta yanke ta amincewa da birnin Kudus a matsayin babban birnin kasar Isira’ila da kuma shirin bude ofishin jakadancinta a wurin .","sentence","8","{""source"": ""VOA Hausa"", ""split"": ""train"", ""dialect_assigned_default"": true}"
"Amurka za ta rika tunawa da wannan ranar da aka aunata a Babban Zauren MDD , saboda kawai mun yi amfani da ikonmu na kasa mai diyauci , abin da Jakadiyar Amurka a MDD Nikki Haley ta fada ma zauren da ya cika makil kenan a gabanin kada kuri’ar .","sentence","8","{""source"": ""VOA Hausa"", ""split"": ""train"", ""dialect_assigned_default"": true}"
"Za mu tuna a duk lokacin da aka sake kiranmu mu bayar da gudunmowa mafi yawa a MDD , kuma za mu tuna a duk lokacin da kasashe da dama su ka zo wurinmu neman taimako , kamar yadda su ka saba yi akai-akai , don su samu na biya wani abu ko kuma su yi amfani da tasirinmu wurin cimma wata bukata , a cewarta .","sentence","8","{""source"": ""VOA Hausa"", ""split"": ""train"", ""dialect_assigned_default"": true}"
"Dama Falasdinawa ne su ka bukaci wannan taro na gaggawan da aka yi jiya Alhamis kan wannan daftarin da kasar Masar ta gabatar .","sentence","8","{""source"": ""VOA Hausa"", ""split"": ""train"", ""dialect_assigned_default"": true}"
"Kuri’ar ta Babban Zauren MDD ta biyo bayan hawa kujerar na-ki da Amurka ta yi ranar Litini a Kwamitin Sulhun MDD kan wani daftari makamancin wannan da sauran mambobin Kwamitin 14 su ka goyi bayansa .","sentence","8","{""source"": ""VOA Hausa"", ""split"": ""train"", ""dialect_assigned_default"": true}"
"Matsayin Babban Zauren MDD din ya sake jaddada matsayin Birnin Kudus na Birni Mai Tsarki , a matsayin inda aka kwana a kokarin sasanta Falasdinawa da Isira’ilawa ; kuma ya yi watsi da duk wani mataki na canza matsayi ko kuma yanayin Birnin Kudus din .","sentence","8","{""source"": ""VOA Hausa"", ""split"": ""train"", ""dialect_assigned_default"": true}"
"Trump Ya Zargi Puerto Rico Da Yawan Almundahana Duk Da Bala'in Guguwa","sentence","8","{""source"": ""VOA Hausa"", ""split"": ""train"", ""dialect_assigned_default"": true}"
"A jiya Laraba Shugaba , Donald Trump , ya kira yankin kasar Amurka na Puerto Rico daya daga cikin wuraren da aka fi almundahana a doran kasa , a daidai lokacin da mahaukaciyar guguwar","sentence","8","{""source"": ""VOA Hausa"", ""split"": ""train"", ""dialect_assigned_default"": true}"
"ta Dorian ke dosar wannan tsibirin kasa da ke Caribbean , wanda shekaru biyu kenan da mahaukaciyar guguwar Maria ta yi kaca-kaca da wurin .","sentence","8","{""source"": ""VOA Hausa"", ""split"": ""train"", ""dialect_assigned_default"": true}"
"Tsarin siyasarsu ya tabarbare , kuma ‘yan siyasarsu , au ba wadanda su ka cancanta ba ne , au mahandama ne , a cewar Trump ta kafar Twitter .","sentence","8","{""source"": ""VOA Hausa"", ""split"": ""train"", ""dialect_assigned_default"": true}"
"Ya kara da cewa A baya Majalisar Dokokin Amurka ta amince da samar masu biliyoyin daloli , fiye da yadda wani wuri ya taba samu , wanda aka tura ma baragurbin ‘yan siyasar .","sentence","8","{""source"": ""VOA Hausa"", ""split"": ""train"", ""dialect_assigned_default"": true}"
"Abin ba kyau !","sentence","8","{""source"": ""VOA Hausa"", ""split"": ""train"", ""dialect_assigned_default"": true}"
"Kuma , ba ma haka ba , babu wani abin alheri da ya taba samun Puerto Rico kamar ni !","sentence","8","{""source"": ""VOA Hausa"", ""split"": ""train"", ""dialect_assigned_default"": true}"
"” a cewar Trump daga karshe .","sentence","8","{""source"": ""VOA Hausa"", ""split"": ""train"", ""dialect_assigned_default"": true}"
"Matashin Da Ya Kai Hare Haren Bama-Bamai A Jihar Texas Ya Kashe Kansa","sentence","8","{""source"": ""VOA Hausa"", ""split"": ""train"", ""dialect_assigned_default"": true}"
"Hukumomi sun yi gargadin cewa watakila har yanzu akwai sauran bamabaman da basu riga sun tashi ba a garin na Austin , amma a yammacin ranar Laraba sun amincice cewa babu raguwar kunshin bam din da ka iya zama barazana ga jama’ar gari .","sentence","8","{""source"": ""VOA Hausa"", ""split"": ""train"", ""dialect_assigned_default"": true}"
"‘Yan sanda sun imanin cewa Conditt shine ne mutumin da ya kai hare-hare shidda da bama-bammai a cikin garin Austin da kewaye a sati uku da suka gabata , inda biyar daga ciki suka fashe kuma suka yi sanadiyar mutuwar mutane biyu da raunata wasu su biyar .","sentence","8","{""source"": ""VOA Hausa"", ""split"": ""train"", ""dialect_assigned_default"": true}"
"Conditt ya kashe kansa ne yayinda ya saki bam na bakawai a cikin motar sa da safiyar jiya Laraba lokacin da ‘yan sanda suka je kamashi .","sentence","8","{""source"": ""VOA Hausa"", ""split"": ""train"", ""dialect_assigned_default"": true}"
"Shari'ar Manafort : An Yi Barazanar Kashe Alkali","sentence","8","{""source"": ""VOA Hausa"", ""split"": ""train"", ""dialect_assigned_default"": true}"
"Alkalin da ake shari’ar tsohon Ciyaman din kamfe din Shugaban Amurka Donald Trump wato Paul Manafort a gabansa , ya ce an yi barazanar kashe shi kuma yanzu haka ma wasu jami’an tsaro ne ke kare shi .","sentence","8","{""source"": ""VOA Hausa"", ""split"": ""train"", ""dialect_assigned_default"": true}"
"Alkalin Kotun Gunduma Thomas Selby Ellis ya gaya ma manema labarai jiya Jumma’a cewa , duk inda na je , kafa ta kafar jami’an tsaro , ya kara da cewa kai , ko otal ma ba na iya zuwa ni kadai ; ba na ma iya bayar da sunan otal din .","sentence","8","{""source"": ""VOA Hausa"", ""split"": ""train"", ""dialect_assigned_default"": true}"
"Manema labarai sun bukaci alkalin ya gaya masu sunayen mambobin kwamitin taya alkali yanke hukunci , wato Juror , amma ya ki , ya na mai nuni da dalilai na tsaro .","sentence","8","{""source"": ""VOA Hausa"", ""split"": ""train"", ""dialect_assigned_default"": true}"
"Alkali Ellis ya ce rayukan ‘yan kwamitin taya alkalin ma na iya shiga hadari muddun ya bayyana sunayensu , ya ce ya kamata ya kare salamarsu da lafiyarsu .","sentence","8","{""source"": ""VOA Hausa"", ""split"": ""train"", ""dialect_assigned_default"": true}"
"‘Yan kwamitin taya alkalin sun yi zama a karo na biyu jiya Jumma’a ; yayin da Shugaba Trump ke bayyana shari’ar Manafort da abin bakin ciki .","sentence","8","{""source"": ""VOA Hausa"", ""split"": ""train"", ""dialect_assigned_default"": true}"
"Ko Har Yanzu Pentagon Tana Binciken Ko Akwai Halittu Daga Wata Duniya Da Suka Taho Nan ?","sentence","8","{""source"": ""VOA Hausa"", ""split"": ""train"", ""dialect_assigned_default"": true}"
"Ma'aikatar tsaron Amurka , Pentagon , ta fito a ranar asabar tana fadin cewa a karshen shekarar 2012 , ta dakatar da shirin da ta jima tana boyewa duniya shi na binciken ko wasu halittu ko na'urorinsu daga wata duniya dabam a sararin subhana , sun taba zuwa","sentence","8","{""source"": ""VOA Hausa"", ""split"": ""train"", ""dialect_assigned_default"": true}"
"doron duniyar bil Adama .","sentence","8","{""source"": ""VOA Hausa"", ""split"": ""train"", ""dialect_assigned_default"": true}"
"Sai dai kuma , ma'aikatar ba ta fito ta ce ta daina binciken wannan lamarin karkashin shirin nata mai suna Advanced Aviation Threat Identification Program ba tun da aka dakatar da ware kudi na musamman don shirin shekaru biyar da suka shige .","sentence","8","{""source"": ""VOA Hausa"", ""split"": ""train"", ""dialect_assigned_default"": true}"
"Jaridar New York Times ta ce wannan shiri na sirri na binciken rahotannin da mutane ke bayarwa na ganin wani abu da ba a sani ba yana yawo a sama , ko UFO a takaice , an gudanar da shi daga 2007 zuwa 2012 .","sentence","8","{""source"": ""VOA Hausa"", ""split"": ""train"", ""dialect_assigned_default"": true}"
"Dala miliyan 22 da aka kebe don gudanar da wannan shiri kowace shekara , yan aboye cikin dubban miliyoyin dalolin da ake warewa kowace shekara domin ma'aikatar tsaron .","sentence","8","{""source"": ""VOA Hausa"", ""split"": ""train"", ""dialect_assigned_default"": true}"
"Sai dai kuma duk da wannan ikirari , masu goyon bayan shirin sun ce har yanzu yana","sentence","8","{""source"": ""VOA Hausa"", ""split"": ""train"", ""dialect_assigned_default"": true}"
", kuma jami'ai suna binciken duk wani rahoton da sojoji , musamman ma na sama , suke bayarwa cewa sun ga wani abu da ba su saba gani ba a sararin samaniya .","sentence","8","{""source"": ""VOA Hausa"", ""split"": ""train"", ""dialect_assigned_default"": true}"
"A bayan wata tambayar da kamfanin dillancin labarai na Reuters ya gabatar mata , ma'aikatar tsaron ta fito a fili a karon farko ta yi magana kan wannan shiri , inda mai magana da yawun pentagon , Laura Ochoa ta fada cikin wani sakon Imel cewa Wannan shirin ya daina aiki a cikin shekarar 2012 .","sentence","8","{""source"": ""VOA Hausa"", ""split"": ""train"", ""dialect_assigned_default"": true}"
"An yanke shawarar cewa akwai wasu batutuwan da suka fi muhimmanci da ya kamata a kashe kudi a kansu , don haka aka karkata kudi daga wnannan shirin .","sentence","8","{""source"": ""VOA Hausa"", ""split"": ""train"", ""dialect_assigned_default"": true}"
"Sai dai kuma , Ochoa ta kara da cewa Ma'aikatar tsaro tana bayar da muhimmanci ga duk wani abu da ya kasance barazana ko kuma zai iya zama barazana ga mutanenmu , ko kadarorinmu , ko ayyukanmu .","sentence","8","{""source"": ""VOA Hausa"", ""split"": ""train"", ""dialect_assigned_default"": true}"
"Muna daukar mataki a duk lokacin da muka samu bayani mai tushe .","sentence","8","{""source"": ""VOA Hausa"", ""split"": ""train"", ""dialect_assigned_default"": true}"
"Ma'ana dai , watakila har yanzu ma'aikatar ta Pentagon tana ci gaba da bin sawun irin wadannan rahotanni da mutane ke bayarwa cewa sun ga wani jirgi daga wata duniya ya sauka ko ya wuce ta wuri kaza da makamantansu .","sentence","8","{""source"": ""VOA Hausa"", ""split"": ""train"", ""dialect_assigned_default"": true}"
"An Kawo Karshen Hatsaniya A Tsakanin Amurka Da China","sentence","8","{""source"": ""VOA Hausa"", ""split"": ""train"", ""dialect_assigned_default"": true}"
"Amurka da China kasashe biyu mafi karfin tattalin arziki a fadin duniya , sun amince da a tsagaita wuta a fadan da ke tsakanin su na kasuwanci , an cimma wannan yarjejeniyar ne , bayan wata ganawa tsakanin shugabanin biyu Donald Trump da takwaransa Xi Jinging , bayan taron G20 .","sentence","8","{""source"": ""VOA Hausa"", ""split"": ""train"", ""dialect_assigned_default"": true}"
"An samu tattaunawa mai ma’ana da kuma fatar zata kawo cigaba mai dorewa , a tsakanin kasashen biyu Amurka da China , a wani rubuttaccen bayani da shugaba Trump ya fitar , lokacin da yake kan hayarsa ta komawa gida Amurka , daga kasar Argentina a Jirgin Alfarma na Air Force One .","sentence","8","{""source"": ""VOA Hausa"", ""split"": ""train"", ""dialect_assigned_default"": true}"
"Trump ya kara da cewar lallai wannan babbar karramawace gare shi , yayi aiki da shugaba Xi .","sentence","8","{""source"": ""VOA Hausa"", ""split"": ""train"", ""dialect_assigned_default"": true}"
"Ya kuma shaida wa ‘yan jarida dake cikin jirgin nasa cewar , Wannan yarjejeniyace mai ma’ana , zan cigaba da rike jadawalin kudin fito , ita kuma China zata cire nata jadawalin kuma zata dinga siyan kaya da yawa daga Amurka .","sentence","8","{""source"": ""VOA Hausa"", ""split"": ""validation"", ""dialect_assigned_default"": true}"
"Amurka Na Shirin Ladabtar da Kasar Venezuela","sentence","8","{""source"": ""VOA Hausa"", ""split"": ""validation"", ""dialect_assigned_default"": true}"
"Sakataren harkokin wajen Amurka Rex Tillerson ya ce Amurka tana tunanin takaiata ko aza takunkumin sayen man fetur daga Venezuela a kokarin ta na matsawa kasar .","sentence","8","{""source"": ""VOA Hausa"", ""split"": ""validation"", ""dialect_assigned_default"": true}"
"Ya bayyana hakan ne a zaman tattaunawar da sukayi da manyan kasar Argentina jiya lahadi a ziyarar da ya kai kasar , yace suna ganin yin hakan zai taimaka wajen tilastawa kasar ta gudanar da zabe cikin gaskiya da adalci .","sentence","8","{""source"": ""VOA Hausa"", ""split"": ""validation"", ""dialect_assigned_default"": true}"
"Amman Tillerson ya kara da cewa yana so a samo hanyoyin da zasu rage illar da takunkumin zata haifar ga kamfanonin man Amurka da wadansu kasashen da suka dogara samun mai daga kasar ta Venezuela .","sentence","8","{""source"": ""VOA Hausa"", ""split"": ""validation"", ""dialect_assigned_default"": true}"
"Venezuela ita ce kasa ta uku mafi girma da take saida wa Amurka man fetur , kuma kamfanonin mai na Amurka sun ce hana shigo da man fetur daga kasar zai shafi ma'aika anan Amurka , kuma zai sa farashin mai ya karu .","sentence","8","{""source"": ""VOA Hausa"", ""split"": ""validation"", ""dialect_assigned_default"": true}"
"Jam'iyar Democrat Ta Kwace Ikon Majalisar Wakilan Amurka","sentence","8","{""source"": ""VOA Hausa"", ""split"": ""validation"", ""dialect_assigned_default"": true}"
"An gudanar da zaben ne a kan kujerun majalisar wakilai 435 da wasu kujerun 35 a cikin kujeru 100 na majalisar dattawa da kuma wasu kujerun gwamnonin jihohi 36 cikin jihohin Amurka hamshin .","sentence","8","{""source"": ""VOA Hausa"", ""split"": ""validation"", ""dialect_assigned_default"": true}"
"An kuma kada kuri’a kan wadansu batutuwa .","sentence","8","{""source"": ""VOA Hausa"", ""split"": ""validation"", ""dialect_assigned_default"": true}"
"Kusoshin jam’iyar Democrat da dama sun sake lashe zabe da suka hada da Amy Klobuchar ta jihar Minnesota da kuma Elizabeth Warren ta jihar Massachusetts , dukansu ana gani mai yiwuwa su tsaya takarar shugaban kasa a shekara ta dubu biyu da ishirin .","sentence","8","{""source"": ""VOA Hausa"", ""split"": ""validation"", ""dialect_assigned_default"": true}"
"Sai dai ‘yan takarar jam’iyar Democrat a jihohin Indiana da Missouri da kuma North Dakota wadanda ke ci yanzu sun fadi zabe , yayinda ake sauraron sakamakon wani zaben majalisar dattijai mai muhimmanci na jihar Florida tsakanin dan jam’iyar Democrat mai ci Bill Nelson da dan takarar jam’iyar Republican Rick Scott .","sentence","8","{""source"": ""VOA Hausa"", ""split"": ""validation"", ""dialect_assigned_default"": true}"
"Dan jam’iyar Republican Ted Cruz ya sha da kyar a fafatawar da suka yi da dan takarar jam’iyar Democrat sabon tauraro a jam’iyar Beto O’Rourke , ya ci gaba da rike kujerar mazabar Kudu maso yammacin Texas .","sentence","8","{""source"": ""VOA Hausa"", ""split"": ""validation"", ""dialect_assigned_default"": true}"
"Da wannan nasarar da jam’iyar Democrat ta samu na kwace ikon majalisar wakilai , bayan samun Karin kujeru 23 da take bukata tayi rinjaye a majalisar , wannan na nufin zasu iya takawa shugaba Donald Trump na jam’iyar Republican birki .","sentence","8","{""source"": ""VOA Hausa"", ""split"": ""validation"", ""dialect_assigned_default"": true}"
"Wannan kuma ya nufin majalisar wakilai zata iya kaddamar da bincike kan gwamnatin Trump .","sentence","8","{""source"": ""VOA Hausa"", ""split"": ""validation"", ""dialect_assigned_default"": true}"
"Amurka Na Shirin Janyewa Daga Yarjejeniyar Makamai Da Rasha","sentence","8","{""source"": ""VOA Hausa"", ""split"": ""validation"", ""dialect_assigned_default"": true}"
"Yau Talata Bolton zai gana da shugaban Rasha Vladimir Putin domin shaida masa dalilan da ya sa shugaba Donald Trump yake son janyewa daga yarjejeniyar kayyade makamai masu cin gajeren zango da aka samar tun alif 987 .","sentence","8","{""source"": ""VOA Hausa"", ""split"": ""validation"", ""dialect_assigned_default"": true}"
"Trump dai ya zargi kasar Rasha da karya ka’idojin yarjejeniyar .","sentence","8","{""source"": ""VOA Hausa"", ""split"": ""validation"", ""dialect_assigned_default"": true}"
"Bolton dai yace yayi imanin cewa yarjejeniyar da aka cimma tun zamanin yakin cacar baka , yanzu haka bata da wani amfani , saboda tsarin tsaro na wannan zamanin , inda sauran kasashe ke kera makamai masu linzami .","sentence","8","{""source"": ""VOA Hausa"", ""split"": ""validation"", ""dialect_assigned_default"": true}"
"Tsohon shugaban tarayyar Soviet Mikhail Gorbachev da tsohon shugaban Amurka marigayi Ronald Reagan ne suka samar da yarjejeniyar makaman a shekakar alif 987 .","sentence","8","{""source"": ""VOA Hausa"", ""split"": ""validation"", ""dialect_assigned_default"": true}"
"Wadda ta haramtawa Amurka da Rasha kera makaman ko gwajinsu .","sentence","8","{""source"": ""VOA Hausa"", ""split"": ""validation"", ""dialect_assigned_default"": true}"
"Rasha dai ta musanta cewa ta saba ka’idojin yarjejeniyar , ta kuma ce makaman harbo makamai masu linzamin Amurka dake Turai shine ya sabawa yarjejeniyar .","sentence","8","{""source"": ""VOA Hausa"", ""split"": ""validation"", ""dialect_assigned_default"": true}"
"Shugaba Trump Ya Gayyaci Yan Majalisun Dokokin Kasar","sentence","8","{""source"": ""VOA Hausa"", ""split"": ""validation"", ""dialect_assigned_default"": true}"
"Shugaban Amurka Donald Trump ya gayyaci kusoshin ‘yan majalinsun kasa , na bangaren jam’iyyar Republicans da na Democrat , gayyatar da fadar White House ta kira ta tattaunawa kan tsaron iyakar kasar .","sentence","8","{""source"": ""VOA Hausa"", ""split"": ""validation"", ""dialect_assigned_default"": true}"
"Wannan tattaunawar za ta gudana ne yayin da aka shiga yini na 12 da rufe wasu ma’aikatun gwamnatin kasar .","sentence","8","{""source"": ""VOA Hausa"", ""split"": ""validation"", ""dialect_assigned_default"": true}"
"Ana dai sa ran shugaban masu rinjaye Mitch McConnel , zai halarci zaman , amma babu tabbacin shugaban marasa rinjaye Chuck Schumer , ko kuma sauran ‘yan jam’iyyar Democrat , da suka hada da wadda ake sa ran za ta zama sabuwar kakakin majalisar Nancy Pelosi , za su amsa wannan goron gayyata .","sentence","8","{""source"": ""VOA Hausa"", ""split"": ""validation"", ""dialect_assigned_default"": true}"
"Sannan babu tabbacin ko bangarorin biyu , za su yi amfani da wannan zama su cimma matsayar da za ta sa a sake bude ma’aikatun gwamnatin .","sentence","8","{""source"": ""VOA Hausa"", ""split"": ""validation"", ""dialect_assigned_default"": true}"
"‘Yan jam’iyyar Democrat za su karbe rinjaye a majalisar wakilai idan Allah ya kai mu gobe Alhamis .","sentence","8","{""source"": ""VOA Hausa"", ""split"": ""validation"", ""dialect_assigned_default"": true}"
"Ana kuma sa ran Pelosi za ta nemi a kada kuri’a kan wasu kudurorin doka biyu , inda kudurin farko , zai ba da dama a samar da kudaden tafiyar da ma’aikatun da aka rufe har zuwa karshen watan Satumba .","sentence","8","{""source"": ""VOA Hausa"", ""split"": ""validation"", ""dialect_assigned_default"": true}"
"Sannan na biyun , zai ba da damar a samar da kudade ga ma’aikatar tsaron cikin gida ta Homeland Security , wacce za ta yi amfani da su har zuwa ranar 8 ga watan Fabrairu .","sentence","8","{""source"": ""VOA Hausa"", ""split"": ""validation"", ""dialect_assigned_default"": true}"
"Sai dai kudurin dokar , ba ya dauke da bukatar da Trump ya gabatarwa majalisar ta samar da dala biliyan $5 domin gina Katanga .","sentence","8","{""source"": ""VOA Hausa"", ""split"": ""validation"", ""dialect_assigned_default"": true}"
"Shugaban Amurka Na Cewa Jam'iyyarsu Za Ta Samu Nasara A Zaben Jihar Ohio","sentence","8","{""source"": ""VOA Hausa"", ""split"": ""validation"", ""dialect_assigned_default"": true}"
"Shugaban Amurka Donald Trump yana bugun kirji ko kuma kurin cewa jamiyyar su ta samu galaba a zaben ranar talata da aka gudanar .","sentence","8","{""source"": ""VOA Hausa"", ""split"": ""validation"", ""dialect_assigned_default"": true}"
"To amma kuma kirga kuri’un zaben na musamman da aka gudanar a jihar Ohio dake kudu maso tsakiyar Amurka , na kujerar dan masjilisar wakilai , ana keke da keke .","sentence","8","{""source"": ""VOA Hausa"", ""split"": ""validation"", ""dialect_assigned_default"": true}"
"Jami’an zabe sunce katin jefa kuri’a har dubu 3 da dari 3 da kuma kuria , wadanda basu jihar amma zasu iya kada kuri’a har sama da dubu 5 , ba’a kirga sub a tukuna , kuma a karkashin dokar jihar , ana iya daukar har kwanaki 11 , ana kirga su .","sentence","8","{""source"": ""VOA Hausa"", ""split"": ""validation"", ""dialect_assigned_default"": true}"
"Gundumar da Balderson yayi galaba dama wuri ne da jamiyyar Republican ta jima tana cin zaben majilsa sama da shekaru 30 da suka gabata","sentence","8","{""source"": ""VOA Hausa"", ""split"": ""validation"", ""dialect_assigned_default"": true}"
"Amurka Za Ta Janye Daga Yarjejeniyar Makamai Da Ta Kulla Da Rasha","sentence","8","{""source"": ""VOA Hausa"", ""split"": ""validation"", ""dialect_assigned_default"": true}"
"Amurka ta aikewa da Rasha sakon gargadi , kan cewa za ta janye daga matsayar da aka cimma ta takaita kera madashin makaman nukiliya da na masu linzami .","sentence","8","{""source"": ""VOA Hausa"", ""split"": ""validation"", ""dialect_assigned_default"": true}"
"A jiya Juma’a shugaba Trump ya bayyana cewa , Amurka za ta janye daga wannan matsaya , wacce aka kwashe gomman shekaru da rattaba hannun akanta , inda ta zargi hukumomin Kremlin da take matsayar .","sentence","8","{""source"": ""VOA Hausa"", ""split"": ""validation"", ""dialect_assigned_default"": true}"
"A cewar Trump , Rasha ta jima tana kera makamai masu linzami da aka haramta , wadanda ke zama barazana ga kawayen Amurka da dakarunta da ke kasashen waje .","sentence","8","{""source"": ""VOA Hausa"", ""split"": ""validation"", ""dialect_assigned_default"": true}"
"Sai dai , hukumomin Rashan sun yi maza sun musanta ikrarin na Amurka , suna masu cewa , Amurka na neman hanyar ne kawai , da za ta fadada rumbun makamanta masu linzami .","sentence","8","{""source"": ""VOA Hausa"", ""split"": ""validation"", ""dialect_assigned_default"": true}"
"An Bayyana Sunan Mutumin Nan Da Ya Saci Jirgin Sama A Jahar Washington","sentence","8","{""source"": ""VOA Hausa"", ""split"": ""validation"", ""dialect_assigned_default"": true}"
"Dan shekaru 29 da haifuwa ma’aikaci shirya jakkukuna a cikin jirgi ne a kamfanin jiragen sama na Horizon Air .","sentence","8","{""source"": ""VOA Hausa"", ""split"": ""validation"", ""dialect_assigned_default"": true}"
"Hukumomi sun ce ya yi aiki a ranar Juama’a kuma an ga shi saye da rigar aiki , lokacin da zai je ya dauki babban jirgin kamfanin kuma ya tashi da shi .","sentence","8","{""source"": ""VOA Hausa"", ""split"": ""validation"", ""dialect_assigned_default"": true}"
"Ana sa ran ya mutu ne a lokacin da jirgin ya fadi da shi a tsibirin Ketron mai tazarar kilomita 48 kudu da filin saukar jiragen saman kasa da kasa na Takoma , inda ya tada wuta a cikin wani daji , lamarin da hukumomi suka kira da kisar kai .","sentence","8","{""source"": ""VOA Hausa"", ""split"": ""validation"", ""dialect_assigned_default"": true}"
"Wani amini ga iyalan Russell ya karanto wata sanarwa daga iyalan a jiya Asabar , yana mai cewa suna cikin bakin ciki da jin wannan labari .","sentence","8","{""source"": ""VOA Hausa"", ""split"": ""validation"", ""dialect_assigned_default"": true}"
"A jiya Asabar ne masu bincike na gwamnatin tarayya suka fara bincike a kan sata da kuma hadari da jirgin da ya faru da yammacin shekaranjiya Juma’a .","sentence","8","{""source"": ""VOA Hausa"", ""split"": ""validation"", ""dialect_assigned_default"": true}"
"Shugaban Amurka Trump Ya Caccaki Firayi Ministan Canada Trudeau","sentence","8","{""source"": ""VOA Hausa"", ""split"": ""validation"", ""dialect_assigned_default"": true}"
"A jajiberen taron kungiyar kasashe 7 masu karfin masa'anatu da ake kira G7 a takaice , shugaban Amurka Donald Trump ya caccaki mai masaukin baki Firayi Ministan PM , Canada Justin Trudeau , har fadar White ta bada sanarwar cewa Mr. Trump zai kauracewa wasu zaman shawarwarin .","sentence","8","{""source"": ""VOA Hausa"", ""split"": ""validation"", ""dialect_assigned_default"": true}"
"A sakonni da ya aike ta Twitter a maraicen jiya Alhamis , Mr. Trump ya soki PM Trudeau da kuma shugaban kasar Faransa Emmanuel Macron , akan dorawa Amurka dumbin haraji kan kayayyakinta da kuma kafa mata wasu shingaye .","sentence","8","{""source"": ""VOA Hausa"", ""split"": ""validation"", ""dialect_assigned_default"": true}"
"Shugaba Trump ya ce PM Trudeau ya fusata ne kan batun yarjejeniyar cinikayya da Amurka da ake kira NAFTA a takaice .","sentence","8","{""source"": ""VOA Hausa"", ""split"": ""validation"", ""dialect_assigned_default"": true}"
"Shugaban na Amurka ya hau Twitter ne bayanda PM Trudeau ya yi barzanar cewa sauran kasashen zasu ware Amurka daga jawabin bayan taro .","sentence","8","{""source"": ""VOA Hausa"", ""split"": ""validation"", ""dialect_assigned_default"": true}"
"Shi ma a nasa sakon ta Twitter , shugaban Faransa Emmanuel Macron , ya ce yayinda Amurka bata damu ba idan aka maida ita saniyar ware,sauran shugabannin shida ba zasu damu ba , idan suka sanya hannu kan yarjejeniyar ba tare da Amurka ba .","sentence","8","{""source"": ""VOA Hausa"", ""split"": ""validation"", ""dialect_assigned_default"": true}"
"Amurka Ta Jinkirta Kara Haraji Kan Wasu Kayayyakin China","sentence","8","{""source"": ""VOA Hausa"", ""split"": ""validation"", ""dialect_assigned_default"": true}"
"Ofishin wakilan cinakayya na Amurka ya ce an ‘dage zuwa ranar 15 ga watan Satumba .","sentence","8","{""source"": ""VOA Hausa"", ""split"": ""validation"", ""dialect_assigned_default"": true}"
"harajin da za a saka wa kayayyaki irinsu kananan komfutoci na laptop da allon komfuta na monitor , da wayoyin hannu da na’urar wasannin wasa kwakwalwa da wasu kayan wasan yara da takalma da kuma kayayyakin sakawa,‘Dage saka wannan haraji da aka yi zai taimaka wa Amurkawa , wadanda ke sayen irin wadannan kayayyaki domin bayar da kyautarsu lokacin bukin Kirsimeti .","sentence","8","{""source"": ""VOA Hausa"", ""split"": ""validation"", ""dialect_assigned_default"": true}"
"Abin da muka yi shine , mun jinkirta ne ta yadda ba zai shafi sayayyar bukin Kirsimeti ba , koda zai iya shafar mutane , abin da Shuguban Amurka Donald Trump ya fada jiya Talata kenan .","sentence","8","{""source"": ""VOA Hausa"", ""split"": ""validation"", ""dialect_assigned_default"": true}"
"Haka kuma , Amurka ta janye haraji baki ‘daya ga wasu masu shigar da kayayyakin China da suka hada da kayayyakin kiwon lafiya da kare lafiya da na tsaron kasa da sauransu","sentence","8","{""source"": ""VOA Hausa"", ""split"": ""validation"", ""dialect_assigned_default"": true}"
"Guguwa Da Ambaliyar Ruwa Sun Haddasa Matsaloli A Amurka","sentence","8","{""source"": ""VOA Hausa"", ""split"": ""validation"", ""dialect_assigned_default"": true}"
"Masu hasashen yanayi a","sentence","8","{""source"": ""VOA Hausa"", ""split"": ""validation"", ""dialect_assigned_default"": true}"
"Amurka suna kara jan hankalin jama’a dangane da matsalolin ambaliyar ruwa da za’a iya samu a tsakiyar kasar yau Talata .","sentence","8","{""source"": ""VOA Hausa"", ""split"": ""validation"", ""dialect_assigned_default"": true}"
"Hukumar kula da yanayi ta bayyanar da cewar an samu matsananciyar guguwa a gabashin jihar Indiana da yammacin jihar Ohio a daren jiya , wadda ta lalata gidaje da hanyoyi .","sentence","8","{""source"": ""VOA Hausa"", ""split"": ""validation"", ""dialect_assigned_default"": true}"
"Hukumomi na cigaba da nazarin irin barnar da guguwar tayi , amma dai har zuwa yanzu ba’a rasa rai ba .","sentence","8","{""source"": ""VOA Hausa"", ""split"": ""validation"", ""dialect_assigned_default"": true}"
"Tun a makon da ya gabata ne ake ta fama da matsalolin ruwa da guguwa mai karfi a jihohin tsakaiyar Amurka , wanda aka rasa rayuka a cikinsu , wadanda suka hada da jihohin Missouri , Oklahoma , Iowa da Indiana .","sentence","8","{""source"": ""VOA Hausa"", ""split"": ""validation"", ""dialect_assigned_default"": true}"
"Ziyarar Da Donald Trump Ya Ke a Faransa","sentence","8","{""source"": ""VOA Hausa"", ""split"": ""validation"", ""dialect_assigned_default"": true}"
"Shugaban Amurka Donald Trump ya soke ziyarar da aka shirya zai kai wata makabartar Amurka dake wajen birnin Paris jiya Asabar , a ziyarar da ya kai Faransa domin bikin tuna cika shekaru 100 da kawo karshen yakin duniya na ‘daya .","sentence","8","{""source"": ""VOA Hausa"", ""split"": ""validation"", ""dialect_assigned_default"": true}"
"A wata sanarwa da fadar White House ta fitar , na cewa an soke ziyarar da shugaban zai yi ne saboda wasu matsaloli da aka fuskanta sanadiyar rashin kyawun yanayi .","sentence","8","{""source"": ""VOA Hausa"", ""split"": ""validation"", ""dialect_assigned_default"": true}"
"Maimakon haka , wata tawagar jami’an gwamnatin Amurka da shugaban ma’aikatan fadar White House John Kelly ya jagoranta , sun ziyarci makabartar domin girmama Amurkawa kusan 2,300 da suka mutu a yaki kuma aka binnesu can .","sentence","8","{""source"": ""VOA Hausa"", ""split"": ""validation"", ""dialect_assigned_default"": true}"
"Yau Lahadi shugaba Trump zai hadu da sauran shugabannin kasashen duniya da dama domin gudanar da hidimomin ranar tuna muhimmiyar ranar cimma yarjejeniyar zaman lafiya da kasashen suka yi na kawo karshen yakin duniya na farko .","sentence","8","{""source"": ""VOA Hausa"", ""split"": ""validation"", ""dialect_assigned_default"": true}"
"Dalilin Da Ya Sa Muka Kai Hari Syria - Amurka","sentence","8","{""source"": ""VOA Hausa"", ""split"": ""validation"", ""dialect_assigned_default"": true}"
"A shekarar 2013 , gwamnatin shugaba Putin ta yi wa Duniya alkawarin cewa za a lalata makaman Syria masu guba , amma harin da Assad ya kai a kwanan","sentence","8","{""source"": ""VOA Hausa"", ""split"": ""validation"", ""dialect_assigned_default"": true}"
"da kuma harin martani da muka kai , sun samo asali ne saboda gazawar da Rasha ta yi wajen cika alkwarinta .","sentence","8","{""source"": ""VOA Hausa"", ""split"": ""validation"", ""dialect_assigned_default"": true}"
"inji shugaba Trump Ya kara da cewa ya zama dole Rasha ta yi karatun-ta-nutsu , kan ko za ta ci gaba da bin wannan tafarki , ko kuma za ta bi sahun kasahen Duniya wayayyu domin tabbatar da zaman Lafiya .","sentence","8","{""source"": ""VOA Hausa"", ""split"": ""validation"", ""dialect_assigned_default"": true}"
"Shugaban Amurka Donald Trump , ya yabi Faransa da Birtaniya , saboda goyon bayan da suka bashi wajen kai hare-haren sama akan Syria , a wani mataki na mayar da martani ga shugaba Bashar Al - Assad da ake zargi da yin amfani da makamai masu guba a karshen makon da ya gabata a kusa da Damasacus .","sentence","8","{""source"": ""VOA Hausa"", ""split"": ""validation"", ""dialect_assigned_default"": true}"
"Na gode Faransa da Birtaniya , saboda hikima da karfin sojin da suka nuna , aiki ya kammalu tsaf !","sentence","8","{""source"": ""VOA Hausa"", ""split"": ""validation"", ""dialect_assigned_default"": true}"
"” Trump ya rubuta a shafinsa na Twitter .","sentence","8","{""source"": ""VOA Hausa"", ""split"": ""validation"", ""dialect_assigned_default"": true}"
"Jiragen saman yakin kasashen Yammaci da na ruwa , sun yi lugudan wuta akan wasu cibiyoyin bincike na kimiyya a kasar ta Syria , a wani matakin hadin kai da kasashen suka nunawa juna , wanda ake tunanin zai dore .","sentence","8","{""source"": ""VOA Hausa"", ""split"": ""validation"", ""dialect_assigned_default"": true}"
"Sakataren tsaron Amurka , Jim Mattis , ya fada jiya Juma’a a wani jawabi da ya a Ma’aikatar tsaron Amurka ta Pentagon cewa , wadannan hare-hare sako ne aka ake wa da shugaba Assad .","sentence","8","{""source"": ""VOA Hausa"", ""split"": ""validation"", ""dialect_assigned_default"": true}"
"A wannan karon , mu da kawayenmu , mun kai hare-hare masu muni , bakin dayanmu , mun aike da sako karara ga shugaba Assad tare da kwamandodinsa masu kisan gilla , saboda haka , kada su kuskura su sake kai wani hari a","sentence","8","{""source"": ""VOA Hausa"", ""split"": ""validation"", ""dialect_assigned_default"": true}"
"Kalaman Trump Da Na John Bolton Sun Banbanta Kan Koriya Ta Arewa","sentence","8","{""source"": ""VOA Hausa"", ""split"": ""validation"", ""dialect_assigned_default"": true}"
"Da safiyar jiya Lahadi , a wani sakon Tweeter daga birnin Tokyo , Trump ya mai da martani ga kalaman John Bolton da ya yiwa manema labarai a baya , cewa ko shakka babu harba makami mai cin gajeren zango da Korea ta Arewa tayi ya sabawa kudurin Majalisar Dinkin Duniya .","sentence","8","{""source"": ""VOA Hausa"", ""split"": ""validation"", ""dialect_assigned_default"": true}"
"Kalaman Bolton sune farko da jami’in na Amurka ya kwatanta gwajin makaman da Korea ta Arewa trayi a matsayin rashin mutunta kudurorin MDD .","sentence","8","{""source"": ""VOA Hausa"", ""split"": ""validation"", ""dialect_assigned_default"": true}"
"Korea ta Arewa ta harba kananan makamai da mutane na da ma wasu mutane bassu ji dadi ba , amma banda ni , inji Trump yana fada a cikin wani sakon Tweeter sa .","sentence","8","{""source"": ""VOA Hausa"", ""split"": ""validation"", ""dialect_assigned_default"": true}"
"Sakon Tweeter da Trump ya aike a kan batun Korea ta Arewa ya haifar da rikitarwa da al’ajabi , da ma acikin gwamnatinsa kadai ba , har ma kawayen Amurka na yankin , sun yi na’am da matsayar babban jamj’in fadar White House da yake bulaguro tare da shugaban kasar .","sentence","8","{""source"": ""VOA Hausa"", ""split"": ""validation"", ""dialect_assigned_default"": true}"
"Wasu masu sharhi sun ce lallai harba makamai masu lizzamin abin damuwa ne .","sentence","8","{""source"": ""VOA Hausa"", ""split"": ""validation"", ""dialect_assigned_default"": true}"
"Lauyan Trump Na Kokarin Hana Wallafa Wani Littafi Kan Shugaban Na Amurka","sentence","8","{""source"": ""VOA Hausa"", ""split"": ""validation"", ""dialect_assigned_default"": true}"
"Wani lauyan shugaba Donald Trump na Amurka yana kokari a yau alhamis ya hana wallafa wani littafin da ake shirin yi a mako mai zuwa , inda aka yi bayanin abubuwan da suka wakana a shekarar farko cikin fadar White House .","sentence","8","{""source"": ""VOA Hausa"", ""split"": ""validation"", ""dialect_assigned_default"": true}"
"Lauyan yace littafin na bata suna da kuma kage ne .","sentence","8","{""source"": ""VOA Hausa"", ""split"": ""validation"", ""dialect_assigned_default"": true}"
"Lauya Charles Harder ya rubuta ma marubucin littafin , Michael Wolff , da kamfanin wallafa littattafai na Henry Holt and Co .","sentence","8","{""source"": ""VOA Hausa"", ""split"": ""validation"", ""dialect_assigned_default"": true}"
", wasika yana neman da a dakatar da wallafa wannan littafi mai suna Fire and Fury : Inside the Trump White House wadda aka shirya za a yi a ranar talata .","sentence","8","{""source"": ""VOA Hausa"", ""split"": ""validation"", ""dialect_assigned_default"": true}"
"Lauya Harder yace suna binciken wasu bayanai na kage ko marasa tushe da aka fadi kan Trump a cikin wannan littafi , bayanan da marubuci Wolff yace ya samo daga hirarraki fiye da 200 da ya gudanar da mutane a lokacin yakin neman zaben Trump da kuma bayan da aka rantsar da shi ya kama aiki shekara guda da ta shige .","sentence","8","{""source"": ""VOA Hausa"", ""split"": ""validation"", ""dialect_assigned_default"": true}"
"Wasu bayanan da aka gutsuro daga cikin littafin jiya laraba , sun janyo mummunar cacar baki a","sentence","8","{""source"": ""VOA Hausa"", ""split"": ""validation"", ""dialect_assigned_default"": true}"
"Washington jiya laraba .","sentence","8","{""source"": ""VOA Hausa"", ""split"": ""validation"", ""dialect_assigned_default"": true}"
"Yan sa'o'i kadan bayan samun wadannan bayanan , Harder ya aike da wasikar jan kunne , tare da neman rufe bakin tsohon babban jami'in tsare-tsaren na shugaba Trump , Steve Bannon , wanda aka ambata sau da dama cikin littafin , inda lauyan ya bukaci da ya daina yin kalamun bata sunan Trump da iyalansa , Kakakin fadar White House , Sarah Sanders , ta ce shugaba Trump yayi tsananin fusata da kalamun Mr. Bannon .","sentence","8","{""source"": ""VOA Hausa"", ""split"": ""validation"", ""dialect_assigned_default"": true}"
"A cikin furuci mafi zafi , an ambaci Bannon yana fadin cewa a wurinsa , cin amanar kasa ne kuma rashin kishi ganawar da babban dan shugaba Trump , Donald Trump Junior , da surukin shugaban Jared Kushner da kuma manajan yakin neman zaben shugaban na wancan lokaci Paul Manafort , suka yi da wasu yan kasar Rasha a tsakiyar lokacin yakin neman zabe kuma a cikin gidan shugaban na Trump Tower dake New York .","sentence","8","{""source"": ""VOA Hausa"", ""split"": ""validation"", ""dialect_assigned_default"": true}"
"Wani wakilin yan Rasha din ya fadawa dan shugaba Trump a lokacin cewa zasu mika masa wasu bayanan sirrin da zasu bata sunan abokiyar hamayyar Trump , Hillary Clinton yar takarar jam'iyyar Democrat , a wani bangare na kokarin da gwamnatin Rasha take yi domin taimakawa Trump ya lashe zabe .","sentence","8","{""source"": ""VOA Hausa"", ""split"": ""validation"", ""dialect_assigned_default"": true}"
"Daga baya Trump karami yace babu wata shaidar da aka ba shi a wannan ganawar .","sentence","8","{""source"": ""VOA Hausa"", ""split"": ""validation"", ""dialect_assigned_default"": true}"
"Yan sa'o'i kadan bayan da aka fara wallafa wasu bayanai daga cikin littafin , shugaba Trump ya hau kan shafinsa na Twitter yana cewa , Steve Bannon bai taka wata rawa a wuri na ko shugabanci na ba .","sentence","8","{""source"": ""VOA Hausa"", ""split"": ""validation"", ""dialect_assigned_default"": true}"
"A lokacin da na kore shi , ba ma aikinsa kawai ya rasa ba , har ma hankalinsa ya tabu .","sentence","8","{""source"": ""VOA Hausa"", ""split"": ""validation"", ""dialect_assigned_default"": true}"
"Trump yace Bannon ya shiga harkar siyasar shugaban ne don daukaka kansa kawai , ya kuma shafe tsawon lokacin da yayi a fadar White House yana fallasa bayanai na karya ga yan jarida domin ya nuna kamar cewa shi wani jigo ne fiye da mukaminsa .","sentence","8","{""source"": ""VOA Hausa"", ""split"": ""validation"", ""dialect_assigned_default"": true}"
"Duk da wannan caccaka da shugaba Trump yayi masa , Steve Bannon ya fito daren jiya laraba yana bayyana shugaban a zaman wani gagarumin jigo , tare da cewa babu wani abinda zai shiga tsakaninmu da shugaba Trump da kuma ajandarsa .","sentence","8","{""source"": ""VOA Hausa"", ""split"": ""validation"", ""dialect_assigned_default"": true}"
"A yau alhamis , shugaba Trump yace , ai kun ji jiya da daddare ya ce ni gagarumin jigo ne .","sentence","8","{""source"": ""VOA Hausa"", ""split"": ""validation"", ""dialect_assigned_default"": true}"
"Da alamu ya sauya salon rawarsa cikin gaggawa .","sentence","8","{""source"": ""VOA Hausa"", ""split"": ""validation"", ""dialect_assigned_default"": true}"
"Amurka Ta Fitar Da Bukatu Masu Sarkakiya Akan Batun Nukiliyar Iran","sentence","8","{""source"": ""VOA Hausa"", ""split"": ""validation"", ""dialect_assigned_default"": true}"
"Sakataren harkokin wajen Amurka , Mike Pompeo , ya fitar da wasu jerin bukatu masu wuyar a iya aiwatar da su , wadanda da su za a yi amfani da su wajen cimma sabuwar matsaya kan shirin kera makaman nukiliya da Iran ke kokarin yi .","sentence","8","{""source"": ""VOA Hausa"", ""split"": ""validation"", ""dialect_assigned_default"": true}"
"A jiya Litinin Pompeo ya fitar da jerin bukatun guda 12 , yayin wani jawabi da ya gabatar a zauren wata gidauniya mai ra’ayin mazan jiya , wacce ita ta shimfidawa gwamnatin Trump wasu tsare-tsare , tun bayan da ta fice daga yarjejeniya ta nukiliya da Iran a farkon watan","sentence","8","{""source"": ""VOA Hausa"", ""split"": ""validation"", ""dialect_assigned_default"": true}"
"A cewar Pompoe , idan har za a sake kulla wata yarjejeniya , dole ne Iran ta yi watsi da duk wani aikin kera makamashin nukiliya tare da bai wa jami’an Majalisar Dinkin Duniya masu sa ido , damar ziyartar duk wani wuri da ake gudanar da shirin a kasar ta Iran .","sentence","8","{""source"": ""VOA Hausa"", ""split"": ""validation"", ""dialect_assigned_default"": true}"
"Idan kuma har Iran din ba ta sauya akalar tafiyarta ba , a cewar Pompeo , za a kakaba mata takunkumin matsin tattalin arziki da ba ta taba gani ba .","sentence","8","{""source"": ""VOA Hausa"", ""split"": ""validation"", ""dialect_assigned_default"": true}"
"Sai dai , shugaban Iran , Hassan Rouhani , ya yi watsi da wannan barzanar .","sentence","8","{""source"": ""VOA Hausa"", ""split"": ""validation"", ""dialect_assigned_default"": true}"
"A wata sanarwa da ya fitar , wacce kafofin yada labaran kasar ta Iran suka wallafa a jiya Litinin , Rouhani ya ce : wace ce Amurka da za ta rika fadawa Iran da Duniya abinda za su yi .","sentence","8","{""source"": ""VOA Hausa"", ""split"": ""validation"", ""dialect_assigned_default"": true}"
"Ya kara da cewa , a yau ba Amurka ba ce take yankewa duniya shawara , domin kasashen suna da ‘yancin gashin kansu .","sentence","8","{""source"": ""VOA Hausa"", ""split"": ""validation"", ""dialect_assigned_default"": true}"
"Yan Majalisar Dattawan Amurka Zasu Sake Kada Kuri'a Don Sake Bude Gwamnati","sentence","8","{""source"": ""VOA Hausa"", ""split"": ""validation"", ""dialect_assigned_default"": true}"
"Shugaban masu rinjaye a Majalisar Dattawan Amurka kuma dan jami’iyar Republican Mitch McConnel , ya shirya kada kuri’a yau Litinin da rana a kan kawo karshen rufe ma’aikatun gwamnatin Amurka .","sentence","8","{""source"": ""VOA Hausa"", ""split"": ""validation"", ""dialect_assigned_default"": true}"
"Wakilan Majalisar Dokokin zasu kada kuri’a ne a kan tallafawa ma’aikatun gwamnati zuwa akalla makwanni uku","sentence","8","{""source"": ""VOA Hausa"", ""split"": ""validation"", ""dialect_assigned_default"": true}"
"Shugabannin bangarorin biyu na Majalisar sun kwashe dukkan ranar jiya Lahadi suna ganawa kuma suna tattaunawa a kan hanyar kawo karshen takaddamar bakin haure da yayi sanadin rufe wasu ma’aikatun gwamnati .","sentence","8","{""source"": ""VOA Hausa"", ""split"": ""validation"", ""dialect_assigned_default"": true}"
"Sai dai ba’a tantance irin ci gaban da ake samu a tattaunawar ba .","sentence","8","{""source"": ""VOA Hausa"", ""split"": ""validation"", ""dialect_assigned_default"": true}"
". Tunda farko a jiya Lahadin , wakiliyar jihar Maine Susan Collins , mai sassaucin ra’ayi ‘yar jam’iyar Republican tace akwai wakilai takwarorin aikin ta 22 da suka himmantu wurin warware wannan matsala .","sentence","8","{""source"": ""VOA Hausa"", ""split"": ""validation"", ""dialect_assigned_default"": true}"
"Majalisa ta tabbatar da kasafin kudin gudanar da ayyukan gwamnati a karshen makon jiya .","sentence","8","{""source"": ""VOA Hausa"", ""split"": ""validation"", ""dialect_assigned_default"": true}"
"Amma ‘yan jami’iar Democrat a Majalisar sun ki amincewa da kasafin kudin , kuma suna bukatar a kare bakin hauren da aka shigo da su Amurka tun suna yara kanana da bisa ka’ida ba da kae kiransu DreamersSu kuwa bangaren jami’iyar Republican sun ce ba zasu tattauna a kan batun bakin haure ba har sai gwamnai ta fara aiki .","sentence","8","{""source"": ""VOA Hausa"", ""split"": ""validation"", ""dialect_assigned_default"": true}"
"Amurka Ta Fid Da Sabon Tsarin Yaki Da Ta'addanci- Tony Blair","sentence","8","{""source"": ""VOA Hausa"", ""split"": ""validation"", ""dialect_assigned_default"": true}"
"A takaice abin da na ke son bayyana a sakona na yau shi ne cewa idan aka dubi yawa da kuma tsananin matsalar , ba tare da dakile akida da kuma manufa ba , ba za mu taba yin galaba kan ta'addnci ba , a cewar Blair a yayin wani jawabi a Cibiyar Huldar Kasa da Kasa da ke Washington , inda ya gabatar da rahoton bincikken cibiyarsa ta rajin kawo sauyi a duniya , Global Change .","sentence","8","{""source"": ""VOA Hausa"", ""split"": ""validation"", ""dialect_assigned_default"": true}"
"Hakika wasu matakan tsaro sun yi amfani ta wasu fuskoki da dama don haka ya kamata a cigaba da amfani da su .","sentence","8","{""source"": ""VOA Hausa"", ""split"": ""validation"", ""dialect_assigned_default"": true}"
"To amma maganar gaskiya ita ce dogaro kan matakan tsaro kadai zai jinkirta tashin hankalin ne kawai , a cewar Blair .","sentence","8","{""source"": ""VOA Hausa"", ""split"": ""validation"", ""dialect_assigned_default"": true}"
"Rahoton mai taken , Global Extremism Monitor : Violence Extremism in 2017 , ya gano cewa duk da daukar matakan dakile tsaurin ra'ayin masu ikirarin kishin Islama ta amfani da karfin soji , matsalar sai ma karuwa ta yi bayan yan shekaru .","sentence","8","{""source"": ""VOA Hausa"", ""split"": ""validation"", ""dialect_assigned_default"": true}"
"Hakazalika , an samu karuwar kungiyoyin ta'adda a 2017 .","sentence","8","{""source"": ""VOA Hausa"", ""split"": ""validation"", ""dialect_assigned_default"": true}"
"China Ta Kwaikwayi Rasha Wajen Yi Wa Amurka Kutse Ta Yanar Gizo","sentence","8","{""source"": ""VOA Hausa"", ""split"": ""validation"", ""dialect_assigned_default"": true}"
"Mai yiwuwa kasar China ta kwaikwayi yadda Rasha ta yi katsalandan a zaben shugaban kasar Amurka na shekarar 2016 , wadda ke kai wasu hare-hare kan kwamitocin gudanarwa na jam’iyyun siyasa da wasu kwararru daban-daban ta hanyar aika musu da sakonnin email irin na kutse .","sentence","8","{""source"": ""VOA Hausa"", ""split"": ""validation"", ""dialect_assigned_default"": true}"
"Wani kamfanin tsaron yanar gizo mai zaman kansa FireEye , shine ya gano hakan , sai dai har yanzu akwai wasu batutuwan da ba a tantance ba - - kamar irin bayanan da China ta samo a dalilin kutsen da ta yi , da kuma yadda za ta yi amfani da bayanan , har yanzu dai babu masaniya .","sentence","8","{""source"": ""VOA Hausa"", ""split"": ""validation"", ""dialect_assigned_default"": true}"
"Kamfanin FireEye ya fadawa Muryar Amurka ta sakon email cewa , Har yanzu dai cikin hare-haren da ake kaiwa bamu gano abin da ake son cimmawa ba .","sentence","8","{""source"": ""VOA Hausa"", ""split"": ""validation"", ""dialect_assigned_default"": true}"
"Ya zuwa yanzu dai jami’an gwamnatin Trump sunyi shiru kan wannan batu , suna masu alkawarin bayyyana bayanai cikin mako mai zuwa a jawabin da mataimakin shugaban kasa Mike Pence zai yi a","sentence","8","{""source"": ""VOA Hausa"", ""split"": ""validation"", ""dialect_assigned_default"": true}"
"birnin Washington .","sentence","8","{""source"": ""VOA Hausa"", ""split"": ""validation"", ""dialect_assigned_default"": true}"
"Michael Cohen Zai Ci Gaba Da Bada Shaida A Gaban A Majalisa","sentence","8","{""source"": ""VOA Hausa"", ""split"": ""validation"", ""dialect_assigned_default"": true}"
"Wannan kwamitin ya na daya daga cikin kwamitocin da suka kaddamar da binciken gwamnatin shugaba Trump , a karkashin jagorancin ‘yan jam’iyyar Democrats dake majalisar .","sentence","8","{""source"": ""VOA Hausa"", ""split"": ""validation"", ""dialect_assigned_default"": true}"
"Wannan dai shine karo na uku da Cohen yake bayyana a gaban kwamitocin majalisun wakilai da na dattawa a cikin wannan makon , inda yake gabatar da sheda a kan abubuwan da suka shafi Shugaba Trump .","sentence","8","{""source"": ""VOA Hausa"", ""split"": ""validation"", ""dialect_assigned_default"": true}"
"A daya daga cikin shaidar da ya gabatar a kwanan baya , Cohen ya bayyana Trump da cewa maha’inci ne kuma mayaudari , wanda ya umurce shi da ya rufe sirrin danagatakarsa da wasu mata biyu , kuma ya yi karya game da harkokin kasuwancinsa a Rasha .","sentence","8","{""source"": ""VOA Hausa"", ""split"": ""validation"", ""dialect_assigned_default"": true}"
"A jiya Talata ne shugabannin kwamitocin binciken harkokin waje da kuma na gudanarwa suka bukaci fadar White House da ta bada takardun bayanai dake da alaka da duk wata cudanyar da ta gudana tsakanin Trump da Shugaban kasar Rasha , Vladimir Putin , inda suka nuna damuwar cewa watakila Trump na boye asiran cudanyar tasu .","sentence","8","{""source"": ""VOA Hausa"", ""split"": ""validation"", ""dialect_assigned_default"": true}"
"Mai Yiwuwa Ba Abin Da Taronmu Da Putin Zai Tabuka - Trump","sentence","8","{""source"": ""VOA Hausa"", ""split"": ""validation"", ""dialect_assigned_default"": true}"
"Sa’o’i gabannin taron kolin da zai yi da shugaban Rasha Vladimir Putin , shugaban Amurka Donald Trump yana nuna alamun sai ta yiwu babu abin da taron zai tabuka .","sentence","8","{""source"": ""VOA Hausa"", ""split"": ""validation"", ""dialect_assigned_default"": true}"
"ya yi matukar sukar lamirin wadanda ake gani bisa al’ada kawayen Amurka ne .","sentence","8","{""source"": ""VOA Hausa"", ""split"": ""test"", ""dialect_assigned_default"": true}"
"A hirar da tashar talabijin ta CBS ta yi da Mr. Trump , Ya ce kungiyar tarayyar turai abokiyar gaba ko hamayyar Amurka ce .","sentence","8","{""source"": ""VOA Hausa"", ""split"": ""test"", ""dialect_assigned_default"": true}"
"Ya ce sai ta yiwu baka kallonsa a haka , amma abokan gaba ne .","sentence","8","{""source"": ""VOA Hausa"", ""split"": ""test"", ""dialect_assigned_default"": true}"
"” Haka","sentence","8","{""source"": ""VOA Hausa"", ""split"": ""test"", ""dialect_assigned_default"": true}"
"Trump ya ce Rasha ma a wasu fannoni abokar gaba ce .","sentence","8","{""source"": ""VOA Hausa"", ""split"": ""test"", ""dialect_assigned_default"": true}"
"Shugaban Majalisar Turai Donald Tusk , ya mai da martani cikin sauri ta shafin Twitter .","sentence","8","{""source"": ""VOA Hausa"", ""split"": ""test"", ""dialect_assigned_default"": true}"
"Amurka da Turai kawaye ne sosai .","sentence","8","{""source"": ""VOA Hausa"", ""split"": ""test"", ""dialect_assigned_default"": true}"
"Kuma duka wanda yake yada labarin cewa abokan gaba ko hamayya ne , yana yada kariya .","sentence","8","{""source"": ""VOA Hausa"", ""split"": ""test"", ""dialect_assigned_default"": true}"
"Za a yi ganawar ce kwanaki uku bayan da lauya na musamma Robert Mueller ya gabatar da tuhuma kan jami’an leken asirin Rasha guda goma 12 da zargin su da laifin yin shisshigi a zaben shugaban Amurka 2016 da ake ganin ya taimaka wajen dora Mr Trump akan karagar mulki .","sentence","8","{""source"": ""VOA Hausa"", ""split"": ""test"", ""dialect_assigned_default"": true}"
"Hukumar Fice Da Shige Ta Amurka Ta Fara Mayar Da Mutane Kasashen Su","sentence","8","{""source"": ""VOA Hausa"", ""split"": ""test"", ""dialect_assigned_default"": true}"
"Wannan aikin kamen da shugaba Donald Trump ya tabbatar da shi a ranar juma’a , zai auna daruruwan iyalai a birane da dama ciki har da Chicago da Los Angeles da kuma New York .","sentence","8","{""source"": ""VOA Hausa"", ""split"": ""test"", ""dialect_assigned_default"": true}"
"Jami’an hukumar kwastam zasu fi auna galibi mutane da suka fito daga kasashen tsakiyar nahiyar kudancin Amurka ne wadanda ake musu shari’a a kotunan bakin haure , inji darekta mai rikon kwarya a hukumar Mathew Albence .","sentence","8","{""source"": ""VOA Hausa"", ""split"": ""test"", ""dialect_assigned_default"": true}"
"Ana sa ran sanarwar da shugaban kasar dan Republican ya bayar a wurin wani taron gangamin siyasa game da daukar matakai a kan bakin haure , ‘yan kasa da suka zabe shi zasu yi na’am da sanarwar .","sentence","8","{""source"": ""VOA Hausa"", ""split"": ""test"", ""dialect_assigned_default"": true}"
"Su kuwa ‘yan Democrats sun yi Allah wadai da wannan aikin kamen , aikin da suka bayyana shi na rashin imani dake auna su iyalai .","sentence","8","{""source"": ""VOA Hausa"", ""split"": ""test"", ""dialect_assigned_default"": true}"
"Akasarin shugabannin hukumomin birane da dama , yawanci ‘yan Democrats sun yiwa dokokin biranen su gyaran huska ta yanda ba zasu amince da wannan aiki da hukumar kwastam ta fara ba na mayar da mutane zuwa kasashen .","sentence","8","{""source"": ""VOA Hausa"", ""split"": ""test"", ""dialect_assigned_default"": true}"
"Trump Ya Amince Ya Gana Da Shugaba Kim Jong Un Na Koriya Ta Arewa","sentence","8","{""source"": ""VOA Hausa"", ""split"": ""test"", ""dialect_assigned_default"": true}"
"An yi kaffa-kaffa da lale da kuma waswasi , bayan amincewar da Shugaban Amurka Donald Trump ya yi ba-zato ba-tsammani , ta ya gana da Shugaban Koriya Ta Arewa Kim Jong Un zuwa watan Mayu a birnin Pyongyang , don su tattauna kan yadda za a kawo karshen shirin makaman nukiliyar Koriya Ta Arewa .","sentence","8","{""source"": ""VOA Hausa"", ""split"": ""test"", ""dialect_assigned_default"": true}"
"Chung Eui-yong , Shugaban Hukumar Tsaron Kasa ta Koriya Ta Kudu ne ya bayar da sanarwar cimma wannan yarjajjeniyar da daren jiya Alhamis .","sentence","8","{""source"": ""VOA Hausa"", ""split"": ""test"", ""dialect_assigned_default"": true}"
"Ya zo","sentence","8","{""source"": ""VOA Hausa"", ""split"": ""test"", ""dialect_assigned_default"": true}"
"birnin Washington musamman don ya yi bayani ga Trump da jami’an Fadar White House ciki har da Mai Bayar Da Shawara Kan Harkokin Tsaron Kasa H.R. McMaster , kan irin cigaban da aka samu a diflomasiyyance lokacin da ya je birnin Pyongyang a farkon wannan satin .","sentence","8","{""source"": ""VOA Hausa"", ""split"": ""test"", ""dialect_assigned_default"": true}"
"Ya kuma isar da sakon kayyata ta baka , da Shugaban Koriya Ta Arewar ya yi ma Shugaban na Amurka .","sentence","8","{""source"": ""VOA Hausa"", ""split"": ""test"", ""dialect_assigned_default"": true}"
"Shugaba Trump ya yi lale da wannan bayani kuma ya ce zai gana da Kim Jong Un zuwa watan Mayu don a cimma yarjajjeniyar dindindin ta kawo karshen shirinsa na nukiliya , a cewar Chung .","sentence","8","{""source"": ""VOA Hausa"", ""split"": ""test"", ""dialect_assigned_default"": true}"
"Chung dai ya jagoranci wata tawagar jami’an diflomasiyyar Koriya Ta Kudu da ta gana da Shugaban na Koriya Ta Arewa a birnin Pyongyang ranar Litini .","sentence","8","{""source"": ""VOA Hausa"", ""split"": ""test"", ""dialect_assigned_default"": true}"
"Daga bisani , ya isar da sakon Shugaba Kim na aniyarsa ta tattaunawa da Amurka game da batun kawo karshen shirinsa na nukiliya , da kuma alkawarinsa na daina gwaje-gwajen makaman nukiliya da makamai masu linzami yayin da ake shirin fara tataunawar .","sentence","8","{""source"": ""VOA Hausa"", ""split"": ""test"", ""dialect_assigned_default"": true}"
"Trump Ya Sanar Da Sabon Sakataren Tsaron Amurka","sentence","8","{""source"": ""VOA Hausa"", ""split"": ""test"", ""dialect_assigned_default"": true}"
"Shugaban Amurka Donald Trump ya fada a jiya Lahadi cewa karamin sakataren tsaron Amurka Patrick Shanahan zai zama shugaban ma’aikatar tsaron Amurka ta Pentagon daga ranar daya ga watan Janairu , domin cike gurbin Jim Mattis da ya sanar da ya yin murbus a makon da ya gabata .","sentence","8","{""source"": ""VOA Hausa"", ""split"": ""test"", ""dialect_assigned_default"": true}"
"Trump ya sanar da wannan ne a cikin wani sakon Twitter da ya aike , yana mai cewa daga daya ga watan Janairun 2019 , kwararren mataimakin sakataren tsaro Patrick Shanahan , zai fara aiki a matsayin sakataren tsaro na riko , lamarin da zai sa Mattis ya ajiye aiki watanni biyu kafin lokacinsa .","sentence","8","{""source"": ""VOA Hausa"", ""split"": ""test"", ""dialect_assigned_default"": true}"
"Shanahan tsohon shugaban kanfanin jirgin Boeing , ya zama mataimakin sakataren tsaron Amurka a shekarar 2017 .","sentence","8","{""source"": ""VOA Hausa"", ""split"": ""test"", ""dialect_assigned_default"": true}"
"A ranar juma’a ne Mattis ya kai takardarsa na yin murabus kuma yace zai ajiye aiki a ranar 28 ga watan Faburairu 2019 .","sentence","8","{""source"": ""VOA Hausa"", ""split"": ""test"", ""dialect_assigned_default"": true}"
"Shawarar ajiye aiki da sakataren tsaron ya dauka ta biyo bayan sanarwar da Trump ya yi zai janye sojojin Amurka dubu biyu daga Syria , wani mataki da Pentagon ta kalubalanta .","sentence","8","{""source"": ""VOA Hausa"", ""split"": ""test"", ""dialect_assigned_default"": true}"
"Trump Ya Ce a shirye Yake Ya Dauki Tsauraran Matakai Kan Koriya ta Arewa","sentence","8","{""source"": ""VOA Hausa"", ""split"": ""test"", ""dialect_assigned_default"": true}"
"Shugaba Donald Trump yace a shirye Amurka take ta dauki tsatsauran mataki dangane da kokarin Koriya ta Arewa na kera makamai masu linzami da za a iya dana musu kundojin nukiliya , amma kuma ya ce yana fata matakin zai zamo wanda ya dace .","sentence","8","{""source"": ""VOA Hausa"", ""split"": ""test"", ""dialect_assigned_default"": true}"
"Kalaman shugaban sun biyo bayan sanarwar da Koriya ta Kudu ta fitar jiya Talata cewa , Koriya ta Arewa ta nuna cewa a shirye take ta fara tattaunawa da Amurka a kan dakatar da shirin makaman nukiliyarta .","sentence","8","{""source"": ""VOA Hausa"", ""split"": ""test"", ""dialect_assigned_default"": true}"
"Kalaman Trump na baya bayan","sentence","8","{""source"": ""VOA Hausa"", ""split"": ""test"", ""dialect_assigned_default"": true}"
"a kan Koriya ta Arewa , sun sha bamban da irin barazanar da ya yi a baya , cewa Pyongyang zata huskanci wuta da fushi idan ta ci gaba da kera makaman kare dangi","sentence","8","{""source"": ""VOA Hausa"", ""split"": ""test"", ""dialect_assigned_default"": true}"
"Wani babban jami’in gwamnatin Amurka yace ra ; ayin gwamnatin Trump a bude yake , amma kuma tana dari-dari da manufofi ko aniyar Pyongyang , yana mai cewa a cikin shekaru 27 da suka wuce , Koriya ta ARewa ta yi kaurin suna wajen karya duk wani alkawari ko yarjejeniyar da ta kulla da Amurka da sauran kasashen duniya .","sentence","8","{""source"": ""VOA Hausa"", ""split"": ""test"", ""dialect_assigned_default"": true}"
"Jami’in , wanda ya nemi da a sakaya sunansa , ya kara da cewa , yana da kyau kowa yayi la'akari da wannan , a kuma sanya ido a ga abinda zai faru .","sentence","8","{""source"": ""VOA Hausa"", ""split"": ""test"", ""dialect_assigned_default"": true}"
"Kwamitin Majalisa Ya Bukaci a Ba Shi Cikakken Rahoton Mueller","sentence","8","{""source"": ""VOA Hausa"", ""split"": ""test"", ""dialect_assigned_default"": true}"
"Rahoton Robert Mueller kan katsalandan din da Rasha ta yi , na kara gaskata abin da jami’an tattara bayanan sirri Amurka na yanzu da wadanda suka shude suka yi ta fada , bayan zaben shugaban Amurka a shekarar 2016 .","sentence","8","{""source"": ""VOA Hausa"", ""split"": ""test"", ""dialect_assigned_default"": true}"
"Ko da yake , akwai wasu da ke cewa , ya kamata rahoton na Mueller da ma’aikatar shari’ar Amurka ta fitar a ranar Alhamis , ya zama gargagadi kan cewa yunkurin da hukomomin Moscow ke yi na kassara tsarin dimokardiyyar Amurka , na","sentence","8","{""source"": ""VOA Hausa"", ""split"": ""test"", ""dialect_assigned_default"": true}"
"yana ci gaba da fadada , inda kusan za a iya cewa sun yi nasara .","sentence","8","{""source"": ""VOA Hausa"", ""split"": ""test"", ""dialect_assigned_default"": true}"
"Sai dai a jiya Juma’a , jami’an Rasha , sun ci gaba da musanta zargin cewa sun yi yunkurin yin shisshigi a zaben Amurka na 2016 , inda suka yi biris da daruruwan shafukan rahoton na Mueller da suka nuna hujjar cewa Rashan , ta sa hannun a zaben .","sentence","8","{""source"": ""VOA Hausa"", ""split"": ""test"", ""dialect_assigned_default"": true}"
"A wani taron manema labarai da ya gudanar , kakakin shugaba Vladimir Putin , Dmitry Peskov , ya ce har yanzu ba su amince da wannan zargi ba .","sentence","8","{""source"": ""VOA Hausa"", ""split"": ""test"", ""dialect_assigned_default"": true}"
"A jiya juma’a ne , shugaban kwamitin majalisar dokokin Amurka mai kula da fannin shari’a , Jerry Nadler , ya aika da takardar neman a ba su cikakken rahoton da kwamitin binciken na Mueller ya gudanar .","sentence","8","{""source"": ""VOA Hausa"", ""split"": ""test"", ""dialect_assigned_default"": true}"
"Ya zama wajibi majalisar dokoki ta samu rahoton wanda ba a tace ba , hade da hujjojin da kwamitin bincike na Robert Mueller ya gano .","sentence","8","{""source"": ""VOA Hausa"", ""split"": ""test"", ""dialect_assigned_default"": true}"
"” Inji Nadler .","sentence","8","{""source"": ""VOA Hausa"", ""split"": ""test"", ""dialect_assigned_default"": true}"
"Donald Trump Zai Duba Rahoton Binciken Kisan Dan Jarida Kashoggi","sentence","8","{""source"": ""VOA Hausa"", ""split"": ""test"", ""dialect_assigned_default"": true}"
"A yau Talata , ake sa ran Shugaban Amurka Donald Trump , zai duba rahotan binciken da gwamnatinsa ta gudanar , kan mutuwar dan jaridar Washington Post Jamal Khashoggi , wanda aka kashe a karamin offishin jakadancin Saudiyya da ke Santanbul a kasar Turkiyya .","sentence","8","{""source"": ""VOA Hausa"", ""split"": ""test"", ""dialect_assigned_default"": true}"
"Kafafen dillancin labarai da dama a Amurka , sun ruwaito jami’an tattara bayanan sirri na CIA suna cewa , Yarima Mohammeed Bin Salman ne ya ba da umurnin a kashe dan jaridar a ranar 2 ga watan Oktoba .","sentence","8","{""source"": ""VOA Hausa"", ""split"": ""test"", ""dialect_assigned_default"": true}"
"Koda yake , a ranar Asabar din da ta gabata , ma’aikatar harkokin wajen Amurka ta ce har yanzu ba a cimma matsaya ta karshe kan wannan batu ba .","sentence","8","{""source"": ""VOA Hausa"", ""split"": ""test"", ""dialect_assigned_default"": true}"
"Su dai hukumomin Saudiyya sun musanta cewa Yarima Salman , na da hannu a wannan kisa na Khashoggi , yayin da shi kuma shugaba Trump , ya kwatanta rahotanni da ke danganta Yarima Salma da kisan a matsayin marasa tushe .","sentence","8","{""source"": ""VOA Hausa"", ""split"": ""test"", ""dialect_assigned_default"": true}"
"Trump Ya Fasa Ganawa Da Shugaban Koriya Ta Arewa","sentence","8","{""source"": ""VOA Hausa"", ""split"": ""test"", ""dialect_assigned_default"": true}"
"A cikin wata wasikar da fadarsa ta White House ta sako a yau , Trump yace a bisa la’akari da irin matsancin fushi da tsokana da ka nuna a cikin bayaninka na baya-bayan","sentence","8","{""source"": ""VOA Hausa"", ""split"": ""test"", ""dialect_assigned_default"": true}"
", ina ganin ganin bai dace ba muyi wannan taron da aka dade ana shiryawa .","sentence","8","{""source"": ""VOA Hausa"", ""split"": ""test"", ""dialect_assigned_default"": true}"
"Soke taron na zuwa ne a daidai lokacinda Koriya ta Arewa din ke bada sanarwar rufe sansanin gwajin makamanta na nukiliya na Punggye-ri yau Alhamis domin nuna cewa da gaske take gamede kudurinta na dakatar shirin ta na kera makaman nukiliya kafin taron kolin da a da ake shirin yi tsakanin shugabannin KTA da Amurka .","sentence","8","{""source"": ""VOA Hausa"", ""split"": ""test"", ""dialect_assigned_default"": true}"
"Gwamnatin KTK ta yaba da matakin da KTA ta dauka da kanta , ba da tilasatawa ba , na dakatar da shirin makaman nukiliyar ta don taimakawa wajen ganin an kulla yarjejeniya da Amurka domin dakatar da shirin makaman nukiliyar ta kachokan , don ita kuma a cire mata takunkumi da Amurka ta sanya mata tare da kuma tabattar mata tsaron kasarta .","sentence","8","{""source"": ""VOA Hausa"", ""split"": ""test"", ""dialect_assigned_default"": true}"
"Sai dai kuma duk da yake rufe sansanin gwaje gwajen shirin Nukiliyar kachokan abin a yaba ne , masu fashin baki na kokwanton watakila ko hakan zai iya hana wa gwamnatin Kim Jong Un damar iya cigaba da gwaje gwajen makamanta na Nukiliya anan gaba .","sentence","8","{""source"": ""VOA Hausa"", ""split"": ""test"", ""dialect_assigned_default"": true}"
"Tsohon Dalibi Ya Bude Wuta Ya Kashe Mutane Akalla 17 A Makarantar Sakandare A Florida","sentence","8","{""source"": ""VOA Hausa"", ""split"": ""test"", ""dialect_assigned_default"": true}"
"Wani tsohon dalibin da aka kora a saboda rashin ladabi da biyayya ya bhude wuta a cikin wata makarantar sakandare dake jihar Florida da maraicen jiya laraba , ya kashe mutane akalla 17 .","sentence","8","{""source"": ""VOA Hausa"", ""split"": ""test"", ""dialect_assigned_default"": true}"
"Babban jami'in kiyaye doka da oda na karamar hukumar Broward , Scott Israel , ya bayyana lamarin da cewa rana ce mai alhini .","sentence","8","{""source"": ""VOA Hausa"", ""split"": ""test"", ""dialect_assigned_default"": true}"
"Yace wanda yayi harbin sunansa Nicholas Cruz , kuma yan sanda sun kama shi a wani wuri dake wajen makarantar ba tare da wata hayaniya ba .","sentence","8","{""source"": ""VOA Hausa"", ""split"": ""test"", ""dialect_assigned_default"": true}"
"Babban jami'in doka da odar yace an samu Cruz dauke da kwanson harsasai da dama , da kuma babbar bindiga guda daya .","sentence","8","{""source"": ""VOA Hausa"", ""split"": ""test"", ""dialect_assigned_default"": true}"
"Yace 12 daga cikin mutanen sun mutu a cikin makarantar , uku sun mutu a waje , yayin da guda biyu kuma suka mutu a asibiti a dalilin raunukan da suka samu .","sentence","8","{""source"": ""VOA Hausa"", ""split"": ""test"", ""dialect_assigned_default"": true}"
"Wasu mutanen su akalla 14 sun ji rauni .","sentence","8","{""source"": ""VOA Hausa"", ""split"": ""test"", ""dialect_assigned_default"": true}"
"Yace wadanda abin ya shafa sun hada da dalibai da wasu mutanen manya , amma bai san ko malamai ne su ba .","sentence","8","{""source"": ""VOA Hausa"", ""split"": ""test"", ""dialect_assigned_default"": true}"
"Hukumar Binciken Manyan Laifuffuka ta Tarayya ta Amurka , FBI , ta tura jami'anta wadanda sune zasu jagoranci bincike ta hanyar yin aiki da yan sanda .","sentence","8","{""source"": ""VOA Hausa"", ""split"": ""test"", ""dialect_assigned_default"": true}"
"Makarantar sakandare ta Marjory Stoneman Douglas High School , tana garin Parkland , mai tazarar kilomita 72 a arewa da birnin Miami .","sentence","8","{""source"": ""VOA Hausa"", ""split"": ""test"", ""dialect_assigned_default"": true}"
"Hotunan telebijin da aka yi ta nunawa jim kadan bayan harbe-harben sun nuna dalibai suna kwararowa daga cikin makarantar , da yawa cikinsu sun daga hannu sama domin nuna cewa ba su dauke da makami .","sentence","8","{""source"": ""VOA Hausa"", ""split"": ""test"", ""dialect_assigned_default"": true}"
"Wannan lamari na jiya ya zo ma dalibai da hukumomin makarantar a ba-zata .","sentence","8","{""source"": ""VOA Hausa"", ""split"": ""test"", ""dialect_assigned_default"": true}"
"Dalibai sun fadawa gidajen telebijin cewa komai na tafiya kamar yadda aka saba sai suka ji karar kararrawar da ake bugawa idan gobara ta tashi .","sentence","8","{""source"": ""VOA Hausa"", ""split"": ""test"", ""dialect_assigned_default"": true}"
"Suka ce sun ji karar harbe-harben bindiga a lokacin da suke fita daga ginin makarantar , inda wasu suka koma ciki da gudu domin neman mafaka , wasu kuma suka tsere zuwa wani makeken kanti dake kusa da","sentence","8","{""source"": ""VOA Hausa"", ""split"": ""test"", ""dialect_assigned_default"": true}"
"Hotunan bidiyo da aka dauka cikin makarantar sun nuna dalibai sun buya karkashin kujeru , inda aka ji wasu su na cewa sun ga harsashi ya huda fuskar wata kwamfuta .","sentence","8","{""source"": ""VOA Hausa"", ""split"": ""test"", ""dialect_assigned_default"": true}"
"Wasu sun buya cikin dakunan ajiye kayan sanyawa , suka yi ta aikewa da sakonnin Text na gaggawa ga iyayensu .","sentence","8","{""source"": ""VOA Hausa"", ""split"": ""test"", ""dialect_assigned_default"": true}"
"Shugaban Amurka Ya Dorawa Shugaban Rasha Alhakin Harin Guba Akan Syria","sentence","8","{""source"": ""VOA Hausa"", ""split"": ""test"", ""dialect_assigned_default"": true}"
"Shugaban Amurka Donald Trump a jiya Lahadi ya dora wa shugaban Rasha Vladmis Putin da kuma Iran laifi game da harin guba na rashin imanin a Syria da ya kashe akalla mutane 40 , yayin da ya lashi takobi cewar za a ga babbar sakayya .","sentence","8","{""source"": ""VOA Hausa"", ""split"": ""test"", ""dialect_assigned_default"": true}"
"A wani tofin Allah tsine na ba saban ba a kan shugaban Rasha , Trump ya fada cewar shugaba Putin na Rasha da Iran sune suke da laifi , domin baiwa Assad da ya kwatanta da dabba goyon baya , yana nufin shugaba Syria Bashar al-Assad .","sentence","8","{""source"": ""VOA Hausa"", ""split"": ""test"", ""dialect_assigned_default"": true}"
"Kwamitin sulhun Majalisar Dinkin Duniya zai yi zama a yau Litinin a kan zargin kai harin , bayan kasashe tara suka bukaci shirya taron gaggawa a kan haka .","sentence","8","{""source"": ""VOA Hausa"", ""split"": ""test"", ""dialect_assigned_default"": true}"
"Kungiyar Tarayyar Turai tace akwai shedar dake nuni cewar gwamnatin Syria zata sake kai sabon harin guba .","sentence","8","{""source"": ""VOA Hausa"", ""split"": ""test"", ""dialect_assigned_default"": true}"
"Amma kuma kafofin yada labarum kasar Syria , sun bada rahoton wani harin makami mai linzami da aka kai da sanyin safiyar yau Litinin akan wani sansanin soja a lardin Homs , suna masu fadin cewa akwai wadanda suka jikatta .","sentence","8","{""source"": ""VOA Hausa"", ""split"": ""test"", ""dialect_assigned_default"": true}"
"Rahotanin sunce an auna harin ne akan sansanin T4 kuma sun dorawa rundunar sojan Amurka laifin kai harin .","sentence","8","{""source"": ""VOA Hausa"", ""split"": ""test"", ""dialect_assigned_default"": true}"
"Jami’an Amirka sun musunta cewa Amurka ce ta kai wannan harin .","sentence","8","{""source"": ""VOA Hausa"", ""split"": ""test"", ""dialect_assigned_default"": true}"
"An Gargadi Mazauna Tsibirin Hawai Na Amurka Su Zauna Cikin Gidajensu","sentence","8","{""source"": ""VOA Hausa"", ""split"": ""test"", ""dialect_assigned_default"": true}"
"An gargadi mazauna yankin babban tsibirin Hawaii da ke","sentence","8","{""source"": ""VOA Hausa"", ""split"": ""test"", ""dialect_assigned_default"": true}"
"Amurka , da su zauna a cikin gidajensu su kuma kulle tagoginsu , bayan da aka aga dutsen Kilauea , ya sake furzo hayakin toka .","sentence","8","{""source"": ""VOA Hausa"", ""split"": ""test"", ""dialect_assigned_default"": true}"
"Aman wutar da duwatsun da ya faro tun bayan wata guda , ya mamaye sama da kadada dubu-biyu-da-dari-hudu , ya kuma lalata gidaje 467 , ciki har da wani gidan shakatawa mallakar shugaban karamar hukumar Hawaii , Harry Kim .","sentence","8","{""source"": ""VOA Hausa"", ""split"": ""test"", ""dialect_assigned_default"": true}"
"Hotunan bidiyo , sun nuna rafin narkakken dutse da ya yi jajir ya koma wuta , yana kwarara a wani tsagun kasa da ya shiga yankin da ake kira Kapoho Bay .","sentence","8","{""source"": ""VOA Hausa"", ""split"": ""test"", ""dialect_assigned_default"": true}"
"An kuma aike da sakon kare lafiya saboda kwararar wutar narkakken dutsen da kuma hazon da ya mamaye sararin samaniya sanadiyar tarururin haduwar wutar dutsen , a lokacin da ta shiga cikin teku .","sentence","8","{""source"": ""VOA Hausa"", ""split"": ""test"", ""dialect_assigned_default"": true}"
"Wannan lamari na haifar da sinadarin Hydrochloric acid da burbushin duwatsu da ke tashi a sararin samaniyar .","sentence","8","{""source"": ""VOA Hausa"", ""split"": ""test"", ""dialect_assigned_default"": true}"
"Mahukuntan Amurka Ba Za Su Yi wa Koriya ta Arewa Wani Sassauci Ba","sentence","8","{""source"": ""VOA Hausa"", ""split"": ""test"", ""dialect_assigned_default"": true}"
"Mahukunta na Amurka sun lashi takobi jiya Lahadi cewa babu wani sassaucin da za ayi wa Koriya ta Arewa kafin taron kolin da ake sa ran yi tsakanin shugba Donald Trump na Amurka da shugaba Kim Jong Un na Koriya ta Arewa , maimako ma za aci gaba da matsa mata lamba ne .","sentence","8","{""source"": ""VOA Hausa"", ""split"": ""test"", ""dialect_assigned_default"": true}"
"Darektan hukumar leken asirin Amurka ta CIA , Mike Pompeo , ya fadawa shirin telebijin na Fox News Sunday a jiya lahadi cewa , Babu wani sassaucin da za a yi ma Koriya ta Arewa a yayin da ake wannan tattaunawa .","sentence","8","{""source"": ""VOA Hausa"", ""split"": ""test"", ""dialect_assigned_default"": true}"
"Pompeo yace tilas ne shugaban na Koriya ta Arewa ya bar mu muci gaba da gudanar da ayyukan da sojojinmu suke bukata tare da Koriya ta Kudu , sannan ya tabbatar da cewa za a iya tattaunawa a kan batun raba sojojinsa da makaman nukiliya .","sentence","8","{""source"": ""VOA Hausa"", ""split"": ""test"", ""dialect_assigned_default"": true}"
"Mai Magana da yawun fadar White House , Raj Shah , ya fadawa gidan talabijin na ABC cewa shugaba Trump ya ki rungumar manufofin da suka kasa aiki a shekarun baya , watau yadda Amurka ke nuna sassauci a lokacin tattaunawa kafin a cimma komai .","sentence","8","{""source"": ""VOA Hausa"", ""split"": ""test"", ""dialect_assigned_default"": true}"
"Yace , manufarmu ita ce matsin lamba .","sentence","8","{""source"": ""VOA Hausa"", ""split"": ""test"", ""dialect_assigned_default"": true}"
"Matsin lamba daga kawayenmu a fadin duniya , matsin lamba daga MDD da kuma matsin lamba daga kasar China .","sentence","8","{""source"": ""VOA Hausa"", ""split"": ""test"", ""dialect_assigned_default"": true}"
"Yace kara da cewa , wadannan matakan sun sauya ma shugaba Kim Jong Un tunani da dabia , kuma su na fata irin wannan matsin lamba , wanda ba za a sassauto da shi ba , zai sa kasar Koriya ta Arewa ta sauya dabiunta .","sentence","8","{""source"": ""VOA Hausa"", ""split"": ""test"", ""dialect_assigned_default"": true}"
"Ban Wanke Trump Daga Zargin Yunkurin Hana Binciken Rasha Ba - Mueller","sentence","8","{""source"": ""VOA Hausa"", ""split"": ""test"", ""dialect_assigned_default"": true}"
"A yau Laraba , tsohon lauya na musamman , da ya yi bincike , kan katsalandan din da Rasha ta yi a zaben Amurka na 2016 , Robert Mueller , ya fadawa majalisar dokokin Amurka cewa , binciken da ya gudanar , bai wanke shugaba Donald Trump daga zargin cewa , ya yi yunkurin hana binciken ba , duk da cewa , Trump , ya yi ikrarin hakan .","sentence","8","{""source"": ""VOA Hausa"", ""split"": ""test"", ""dialect_assigned_default"": true}"
"Yayin da aka fara kirga sa’o’i , a bahasin da yake bayarwa , shugaban kwamitin , da ke kula da fannin shari’a , Jerrold Nadler , ya tambayi Mueller , shin ka wanke Shugaba Trump baki daya , daga wannan zargi ?","sentence","8","{""source"": ""VOA Hausa"", ""split"": ""test"", ""dialect_assigned_default"": true}"
"Sai Robert Mueller ya ce a’a , ya kuma kara da cewa , sam ba a wanke shugaban daga zargin abin da ya aikata ba .","sentence","8","{""source"": ""VOA Hausa"", ""split"": ""test"", ""dialect_assigned_default"": true}"
"Amma Mueller ya ce , ba za a iya tuhumar shugaba Trump da wani laifi ba , saboda wani dadadden tsari da ma’aikatar shari’ar Amurka , take da shi , wanda ya hana a tuhumi duk shugaban da yake kan mulki .","sentence","8","{""source"": ""VOA Hausa"", ""split"": ""test"", ""dialect_assigned_default"": true}"
"Ya kuma kara da cewa , tawagarsa , da ta yi binciken , ta kwashe shekara tana neman hadin kan Shugaba Trump , domin ya zo gaba-da-gaba , ya ba da bahasi , amma , sai kawai ya amsa wasu tambayoyi a rubuce , ya aiko mana .","sentence","8","{""source"": ""VOA Hausa"", ""split"": ""test"", ""dialect_assigned_default"": true}"
"Zaben Kenya : Jami'an Tsaro Sun Yi Fade - Sun Ci Karensu Ba Babbaka","sentence","8","{""source"": ""VOA Hausa"", ""split"": ""test"", ""dialect_assigned_default"": true}"
"Kungiyar rajin kare hakkin dan adam ta Human Rights Watch , ta ce ‘yan sandan Kenya sun yi fade ma mata da dama , tare kuma da dukar wasu fararen hula a yayin zaben Shugaban kasa na wannan shekarar .","sentence","8","{""source"": ""VOA Hausa"", ""split"": ""test"", ""dialect_assigned_default"": true}"
"An yi ta aikata lalata karfi da yaji da mata da kuma ‘yan mata .","sentence","8","{""source"": ""VOA Hausa"", ""split"": ""test"", ""dialect_assigned_default"": true}"
"Hatta maza ma ba a barsu ba , a cewar kungiyar kare hakkin dan adam din a jiya Alhamis a wata takardar bayanin da ta fita ta bayabayan","sentence","8","{""source"": ""VOA Hausa"", ""split"": ""test"", ""dialect_assigned_default"": true}"
"Kungiyar ta human rights watch ta ce da ita da wasu kungiyoyin na kare hakkin dana dam sun nadi shaidar da ke nuna yadda ‘yan sanda ke amfani da karfin da ya wuce kima kan masu zangazanga , su ka yi ta kashewa da bugu da kuma murkushe mutane , da kuma wasoso da barnata dukiyoyi .","sentence","8","{""source"": ""VOA Hausa"", ""split"": ""test"", ""dialect_assigned_default"": true}"
"” Haka zalika , an yi amfani da hanyoyin kuntatawa a harin da aka kai kan yara da kuma mazajen wadannan matan a cewar wannan rahoton .","sentence","8","{""source"": ""VOA Hausa"", ""split"": ""test"", ""dialect_assigned_default"": true}"
"Sufeto-Janar na ‘yansandan Kenya Joseph Boinnet ya yi watsi da rahoton da cewa ba wani abu ba ne illa kage ya na mai kira ga kungiyar ta Human Rights Watch da ta gabatar da hujjoji .","sentence","8","{""source"": ""VOA Hausa"", ""split"": ""test"", ""dialect_assigned_default"": true}"
"Fiye da mata dubu goma da tamanin ne suke kamuwa cutar dajin bakin mahaifa a Nigeria","sentence","8","{""source"": ""VOA Hausa"", ""split"": ""test"", ""dialect_assigned_default"": true}"
"Ranar hudu ga watan Fabrairun kowace shekara , rana ce da kungiyar lafiya ta duniya ta ware domin nazari da fadakar da jama'a gameda illar cutar daji dake ci gaba da halaka jama'a","sentence","8","{""source"": ""VOA Hausa"", ""split"": ""test"", ""dialect_assigned_default"": true}"
"Taken bikin bana shine Zamu iya , nima zan iya magance cutar .","sentence","8","{""source"": ""VOA Hausa"", ""split"": ""test"", ""dialect_assigned_default"": true}"
"Wani kididdiga da wata cibiyar dake aikin kokarin kawar da cutar ta cance a nahiyar Afrika mai suna Partnership for Eradication of Cancer in Africa ta fitar ya nuna cewa a duk shekara akwai kimamin mata dubu goma sha hudu da tamanin da tara da suke kamuwa da cutar daji ta bakin mahaifa , daya daga cikin cututtukan daji da take illa ga mata .","sentence","8","{""source"": ""VOA Hausa"", ""split"": ""test"", ""dialect_assigned_default"": true}"
"Kungiyar Lafiya ta duniya tace cancer bakin mahaifa itace cuta ta biyu dake kama mata , yan tsakanin shekaru goma sha biyar zuwa arba'in da hudu a Nigeria .","sentence","8","{""source"": ""VOA Hausa"", ""split"": ""test"", ""dialect_assigned_default"": true}"
"A hira da wakilin sashen Hausa Babangida Jibirin yayi da Dr Mohammed Mohammed .","sentence","8","{""source"": ""VOA Hausa"", ""split"": ""test"", ""dialect_assigned_default"": true}"
"Dr Mohammed yayi bayanin cewa cancer kan fito ne kamar kurji ko kumburi , yawancinsu , amma ba wai dukka dole sai ya zama kumburi ba .","sentence","8","{""source"": ""VOA Hausa"", ""split"": ""test"", ""dialect_assigned_default"": true}"
"Yace cancer ba kamar sauran cututtuka ba , maimakon ya daina toho , sai yayi ta toho , harma ya hana wasu sashen jiki yin aiki yadda ya kamata .","sentence","8","{""source"": ""VOA Hausa"", ""split"": ""test"", ""dialect_assigned_default"": true}"
"Dr Mohammed yace idan aka tare tsirowan yana fitowa , to ana iya samun nasarar warkar da shi , in ba haka ba idan ya kai wani mataki , to sai gyaran Allah domin da wuya a iya warkarwa .","sentence","8","{""source"": ""VOA Hausa"", ""split"": ""test"", ""dialect_assigned_default"": true}"
"Matasa dubu dari bakwai suke dauke da kwayar cutar HIV a Najeriya","sentence","8","{""source"": ""VOA Hausa"", ""split"": ""test"", ""dialect_assigned_default"": true}"
"Darektan cibiyar yaki da cutar kanjamau na Majalisar Dinkin Duniya Micheal Sidibe ya bayyana cewa , kimanin matasa dubu dari bakwai ne suke dauke da kwayar cutar kanjamau a Najeriya .","sentence","8","{""source"": ""VOA Hausa"", ""split"": ""test"", ""dialect_assigned_default"": true}"
"Darektan ya bayyana haka ne a Abuja , babban birnin tarayyar Najeriya .","sentence","8","{""source"": ""VOA Hausa"", ""split"": ""test"", ""dialect_assigned_default"": true}"
"Bisa ga cewarshi , kimanin daya cikin biyar na wadanda ke dauke da cutar kanjamau a Najeriya matasa ne tsakanin shekara 15 zuwa 32 .","sentence","8","{""source"": ""VOA Hausa"", ""split"": ""test"", ""dialect_assigned_default"": true}"
"Ya kuma bayyana cewa , kashi 24% na matasan ne kawai suka san matakan da ya kamata su dauka na kare kansu daga daukar cutar , da kuma yada ta .","sentence","8","{""source"": ""VOA Hausa"", ""split"": ""test"", ""dialect_assigned_default"": true}"
"Mr Sidibe ya kuma yi kira ga gwamnatin tarayya ta hanzarta kafa dokar hana nunawa masu fama da cutar wariya .","sentence","8","{""source"": ""VOA Hausa"", ""split"": ""test"", ""dialect_assigned_default"": true}"
"Bisa ga cewarshi , wadanda ke dauke da cutar , sun yi wahala sakamakon wariya da ake nuna mana fiye da cutar da suke dauke da ita .","sentence","8","{""source"": ""VOA Hausa"", ""split"": ""test"", ""dialect_assigned_default"": true}"
"Wasu nazarce nazarce da aka yi sun nuna cewa maganin jinyar kanjamau , suna kuma yin rigakafi","sentence","8","{""source"": ""VOA Hausa"", ""split"": ""test"", ""dialect_assigned_default"": true}"
"Wasu nazarce nazarce biyu da aka yi sun nuna cewa magungunan da aka kirkiro domin jinya ko kuma rage kaifin kwayar cutar kanjamau ta HIV za su kuma iya yiwa mutane rigakafin harbuwa da kwayar cutar dake haddasa kanjamau ko SIDA .","sentence","8","{""source"": ""VOA Hausa"", ""split"": ""test"", ""dialect_assigned_default"": true}"
"Sakamakon binciken da aka gudunar bisa jagorancin Amurka wanda aka gabatar da sakamakonsu a jiya Laraba , sun nuna cewa shan magungunan rage tsananin cutar kanjamau a kullu yaumin na rage kasadar mutum ta kamuwa da cutar tsakanin mace da miji .","sentence","8","{""source"": ""VOA Hausa"", ""split"": ""test"", ""dialect_assigned_default"": true}"
"Dukkannin binciken biyu dai a Afirka aka gudanar , inda anan ne aka fi samin wadanda suka harbu da kwayar cutar HIV a duniya .","sentence","8","{""source"": ""VOA Hausa"", ""split"": ""test"", ""dialect_assigned_default"": true}"
"Cibiyar Bincike da kayade yaduwar Cututtuka ta Amurka da ake cewa CDC a takaice wadda cibiyarta ke birnin Atlanta jihar Georgia , itace ta gudanar da daya daga cikin gwaje-gwajen da aka yi , inda aka yi amfani da wadanda basu harbu da kwayar cutar ba , su dubu daya da maitan , maza da mata a kasar Botswana .","sentence","8","{""source"": ""VOA Hausa"", ""split"": ""test"", ""dialect_assigned_default"": true}"
"An baiwa kusan rabin wadannan mutane magungunan jinyar kanjamau , daya rabin kuma aka basu maganin giri da ake cewa placebo .","sentence","8","{""source"": ""VOA Hausa"", ""split"": ""test"", ""dialect_assigned_default"": true}"
"Binciken ko kuma gwaje gwajen sun nuna cewa wadanda aka baiwa maganin jinyar kanjamau , ya rage musu kasadar kamuwa da cutar da wajen kashi saba' ; in da takwas daga cikin dari .","sentence","8","{""source"": ""VOA Hausa"", ""split"": ""test"", ""dialect_assigned_default"": true}"
"Asusun Bill da Melinda Gate shine ya bayar da kudin gwaji na biyu karkashin jagorancin jam'iyar Washington .","sentence","8","{""source"": ""VOA Hausa"", ""split"": ""test"", ""dialect_assigned_default"": true}"
"Wannan gwajin ya kunshi maza da mata dubu hudu da dari bakwai a kasashen Kenya da Uganda .","sentence","8","{""source"": ""VOA Hausa"", ""split"": ""test"", ""dialect_assigned_default"": true}"
"Rabin mutane sun harbu da kwayar cutar dake hadasa kanjamau , rai kuma basu harbu da kwayar cutar baAbinda aka yi sai aka rinka baiwa wadanda basu harbu da kwayar cutar ba , maganin giri ko kuma wasu irin magungunan jinya .","sentence","8","{""source"": ""VOA Hausa"", ""split"": ""test"", ""dialect_assigned_default"": true}"
"Sakamakon binciken ya nuna cewa an samu ragowar harbuwa da kwayar cutar kanjamau da wajen kashi sittin da uku zuwa kashi saba'in da uku daga cikin dariWannan sakamako ya daddawa direktan cibiyar CDC .","sentence","8","{""source"": ""VOA Hausa"", ""split"": ""test"", ""dialect_assigned_default"": true}"
"Dama kuwa gwaje gwaje ko kuma nazarce nazarcen da aka yi a baya sun nuna ragowar kamuwa da kanjamau tsakanin maza masu luwadi .","sentence","8","{""source"": ""VOA Hausa"", ""split"": ""test"", ""dialect_assigned_default"": true}"
"To amma sakamakon wannan bincike sune na farko da suka nuna cewa shan magungunan jinyar kanjamau suna da kaifin bada kariyar harbuwa da kwayar cutar dake hadasa kanjamau .","sentence","8","{""source"": ""VOA Hausa"", ""split"": ""test"", ""dialect_assigned_default"": true}"
". .","sentence","8","{""source"": ""VOA Hausa"", ""split"": ""test"", ""dialect_assigned_default"": true}"
"Uwargidan shugaban Najeriya ta shawarci iyaye su bari a yiwa ‘ya’yansu rigakafi","sentence","8","{""source"": ""VOA Hausa"", ""split"": ""test"", ""dialect_assigned_default"": true}"
"Uwargidan shugaban kasar Najeriya Patience Jonathan ta shawarci iyaye su tabbata an yiwa ‘ya’yansu allurar rigakafi , an kuma basu sinadarin Vitamin A .","sentence","8","{""source"": ""VOA Hausa"", ""split"": ""test"", ""dialect_assigned_default"": true}"
"Uwargidan shugaban kasar ta yi wannan jiran ne yayin bukin makon mata masu juna biyu da kanannan yara na kasa .","sentence","8","{""source"": ""VOA Hausa"", ""split"": ""test"", ""dialect_assigned_default"": true}"
"A cikin jawabinta ta bakin uwargidan shugaban majalisar dattijai Helen Mark tace , ina karfafa dukan iyaye da wadanda hakin kula da kananan yara ya rataya a wuyansu , su tabbata sun kai kananan yaran da shekarunsu suka gaza biyar zuwa dakin magani domin yi masu rigakafi da kuma basu sinadarin Vitamin A , da maganin tsutsar ciki .","sentence","8","{""source"": ""VOA Hausa"", ""split"": ""test"", ""dialect_assigned_default"": true}"
"Uwargidan shugaban kasar tace ba za a lamunci halin da ake ciki a Najeriya ba inda kimanin kananan yara 157 daga cikin 1,000 suke rasa rayukansu kafin su cika shekaru biyar , yayinda mace daya cikin goma sha uku take rasa ranta wajen haihuwa .","sentence","8","{""source"": ""VOA Hausa"", ""split"": ""test"", ""dialect_assigned_default"": true}"
"Mrs Jonathan ta kuma kalulabanci ma’aikatan jinya su kara kwazo a bakin aiki su kuma tabbatar kowanne karamin yaro ya sami magani .","sentence","8","{""source"": ""VOA Hausa"", ""split"": ""test"", ""dialect_assigned_default"": true}"
"Bincike na nuni da cewa , kimanin jarirai 1400 da kuma wani Karin kananan yara 970 suke mutuwa kowacce rana .","sentence","8","{""source"": ""VOA Hausa"", ""split"": ""test"", ""dialect_assigned_default"": true}"
"Najeriya na daya daga cikin kasashen da kananan yara suka fi mutuwa a duniya sakamakon rashin kula da lafiyarsu da kuma kamuwa da cututukan da za a iya maganinsu .","sentence","8","{""source"": ""VOA Hausa"", ""split"": ""test"", ""dialect_assigned_default"": true}"
"Najeriya tana fuskantar barazanar gaza cimma muradun karni","sentence","8","{""source"": ""VOA Hausa"", ""split"": ""test"", ""dialect_assigned_default"": true}"
"Ministan lafiya a Najeriya , Farfesa Onyebuchi Chukwu , ya bayyana cewa , kasar ba zata iya cimma muradun karni ba muddar ba a dauki wadansu matakan gaggawa na shawo kan cutar dundumi da zazzabin ciwon sauro ba .","sentence","8","{""source"": ""VOA Hausa"", ""split"": ""test"", ""dialect_assigned_default"": true}"
"Ministan ya bayyana haka ne a birnin tarayya Abuja yayin wani taron shawo kan cutar dundumi da zazzabin cizon sauro a Najeriya .","sentence","8","{""source"": ""VOA Hausa"", ""split"": ""test"", ""dialect_assigned_default"": true}"
"Ministan ya bayyana cewa , mutum daya cikin uku na ‘yan Najeriya yana cikin hadarin kamuwa da cutar , yayinda kasar ta kasance ta uku a duniya dake fama da cutar bayan Indiya da Indonesia .","sentence","8","{""source"": ""VOA Hausa"", ""split"": ""test"", ""dialect_assigned_default"": true}"
"Ministan ya ce , kashi 25% na mutanen dake rasuwa a Najeriya suna mutuwa ne sakamakon kamuwa da zazzabin cizon sauro , yayinda cutar ce sanadin mutuwar kashi 30% na mata masu juna biyu , kashi 11% kuma na kanannan yara .","sentence","8","{""source"": ""VOA Hausa"", ""split"": ""test"", ""dialect_assigned_default"": true}"
"Ministan ya jadada cewa , mata masu juna biyu da kuma kananan yaran da shekarunsu suka gaza biyar suna fuskantar barazanar kamuwa ko kuma mutuwa da zazzabin cizon sauro .","sentence","8","{""source"": ""VOA Hausa"", ""split"": ""test"", ""dialect_assigned_default"": true}"
"Bisa ga cewara ministan , Najeriya ta sami ci gaba ainun a cikin shekaru biyu da suka shige wajen kula da wadanda ke cikin hadarin kamuwa da cutar .","sentence","8","{""source"": ""VOA Hausa"", ""split"": ""test"", ""dialect_assigned_default"": true}"
"Farfesa Chukwu ya bayyana cewa , an yiwa gidaje dubu 103,262 feshin maganin sauro yayinda ake shirin yin feshi a gine gine dubu dari a karamar hukumar Nassara Eggon dake jihar Nassarawa a cikin shekarar","sentence","8","{""source"": ""VOA Hausa"", ""split"": ""test"", ""dialect_assigned_default"": true}"
"ta 2012 .","sentence","8","{""source"": ""VOA Hausa"", ""split"": ""test"", ""dialect_assigned_default"": true}"
"Najeriya Tana HIET Son Yin Abin Tarihi","sentence","8","{""source"": ""VOA Hausa"", ""split"": ""test"", ""dialect_assigned_default"": true}"
"Najeriya zata sake kokarin shiga littafin tarihi na duniya da ake kira Guinness Book of World Record a turance , ta hanyar sanya mutane a wurare dabam-dabam su hadu domin goge hakoransu lokaci guda .","sentence","8","{""source"": ""VOA Hausa"", ""split"": ""test"", ""dialect_assigned_default"": true}"
"Wannan yunkuri , wanda Dr. Lawal Bakare na kamfanin Solutions tare da hadin kan Kungiyar Likitocin Hakora ta Najeriya suka shirya , zai karfafa guiwar tabbatar da cewa jama'a su na kula da hakoransu , a bayan labari mai amfani da haske game da Najeriya da zai haifar a idon duniya .","sentence","8","{""source"": ""VOA Hausa"", ""split"": ""test"", ""dialect_assigned_default"": true}"
"Ya ce , Muna son janyo hankali ga bukatar tabbatar da tsabtar hakora .","sentence","8","{""source"": ""VOA Hausa"", ""split"": ""test"", ""dialect_assigned_default"": true}"
"Muna dokin gudanar da wannan abu , har ma mun fara samun goyon baya daga hukumomin gwamnati , yayin da sassan masu zaman kansu suke ba mu kwarin guiwa .","sentence","8","{""source"": ""VOA Hausa"", ""split"": ""test"", ""dialect_assigned_default"": true}"
"Wannan abu , wanda ba a saka ranar gudanarwa ba , zai kunshi mutane dubu 300 , akasarinsu yan makaranta wadanda zasu hadu a wurare dabam-dabam a fadin jihar Lagos .","sentence","8","{""source"": ""VOA Hausa"", ""split"": ""test"", ""dialect_assigned_default"": true}"
"Dr. Bakare yace su na da kwakkwaran dalili na zaben yan makaranta .","sentence","8","{""source"": ""VOA Hausa"", ""split"": ""test"", ""dialect_assigned_default"": true}"
"A cewarsa , muna sane da cewa ana iya cusa ma yaro akida , kuma irin dokin da suke nunawa game da abu irin wannan yana da yawa .","sentence","8","{""source"": ""VOA Hausa"", ""split"": ""test"", ""dialect_assigned_default"": true}"
"Muna son mu ba su damar su shigar da sunayensu cikin tarihi , yayin da a gefe guda zasu koyi darasi mai amfani na kula da hakoransu .","sentence","8","{""source"": ""VOA Hausa"", ""split"": ""test"", ""dialect_assigned_default"": true}"
"A halin yanzu dai , kasar Indiya ce ta kafa abin tarihi na yawan mutanen da suka hadu domin goge bakinsu lokaci guda , inda a shekarar 2007 mutane dubu dari daya da saba'in da bakwai da uku ( 177,003 ) suka taru wajen goge baki .","sentence","8","{""source"": ""VOA Hausa"", ""split"": ""test"", ""dialect_assigned_default"": true}"
"Cibiyoyi sun hada hannu domin samar da maganin zazzabin cizon sauro mai arha a Najeriya","sentence","8","{""source"": ""VOA Hausa"", ""split"": ""test"", ""dialect_assigned_default"": true}"
"Najeriya tana kan hanyar samun maganin rigakafin zazzabin cizon sauro mai arha .","sentence","8","{""source"": ""VOA Hausa"", ""split"": ""test"", ""dialect_assigned_default"": true}"
"Wannan ya biyo bayan hada hannu da wata cibiyar hadin guiwa dake aiki domin inganta ayyukan kiwon lafiya ta kasar Turai da ake kira PATHS ( Partnership for Transforming Health Systems ) da hukumar bunkasa kasashen ketare ( DFID ) ta dauki nauyi .","sentence","8","{""source"": ""VOA Hausa"", ""split"": ""test"", ""dialect_assigned_default"": true}"
"Za a gudanar da shirin na inganta hanyoyin rigakafin zazzabin cizon sauro masu saukin kudin ne , tare da hadin guiwar shirin jinya da ake kira Clinton Health Access Initiative ( CHAI ) na tsohon shugaban kasar Amurka , da ma’aikatar lafiya ta Tarayya , da kamfanonin harhada magunguna dake kasar karkashin shirin samar da cibiyoyin maganin zazzabin cizon sauro mai arha ( AMFm ) .","sentence","8","{""source"": ""VOA Hausa"", ""split"": ""test"", ""dialect_assigned_default"": true}"
"Za a gudanar da shirin ne da nufin samar a magungunan da gwamnatin tarayyar Najeriya ta amince da su na jinyar nau’in cutar malariya da bashi da wuyar jinya .","sentence","8","{""source"": ""VOA Hausa"", ""split"": ""test"", ""dialect_assigned_default"": true}"
"A karkashin shirin , za a samar da irin wadannan magungunan a dakunan shan magani musamman ga al’ummomin yankunan karkara na jihohin Lagos , da Kaduna , da Jigawa da Enugu da kuma Kano , jihohin da shirin PATHS2 zai dauki nauyi .","sentence","8","{""source"": ""VOA Hausa"", ""split"": ""test"", ""dialect_assigned_default"": true}"
"An kuma yi kiyasin kashe Naira sittin kan kowanne mai jinya a maimakon naira dari takwas zuwa dubu biyu da shirin da ake aiwatarwa a halin yanzu yake kashewa kan magungunan jinya .","sentence","8","{""source"": ""VOA Hausa"", ""split"": ""test"", ""dialect_assigned_default"": true}"
"Wannan maganin zai kasance maganin jinyar zazzabin cizon sauro mafi arha a duk fadin Najeriya .","sentence","8","{""source"": ""VOA Hausa"", ""split"": ""test"", ""dialect_assigned_default"": true}"
"Kawo yanzu mazauna yankunan karkara basu iya sayen maganin zazzabin cizon sauro sabili da tsada , amma tare da taimakon PATHS2 karkashin wannan shirin , za a samar da magunguna da rahusa kuma masu inganci kasancewa fitattun kamfanonin da hukumar lafiya ta duniya ke hulda da su ne zasu sarrafa magungunan .","sentence","8","{""source"": ""VOA Hausa"", ""split"": ""test"", ""dialect_assigned_default"": true}"
"An kaddamar da wannan shirine ne a Najeriya cikin shekara ta dubu biyu da biyar domin jinyar cutar malariya da bata jin magani , sabili da yawan amfani da maganin kuni da SP , magungunan zazzabin cizon sauro da aka dade ana amfani da su .","sentence","8","{""source"": ""VOA Hausa"", ""split"": ""test"", ""dialect_assigned_default"": true}"
"Kanfanoni a jihar Kaduna sun dauki matakin yaki da cutar kanjamau","sentence","8","{""source"": ""VOA Hausa"", ""split"": ""test"", ""dialect_assigned_default"": true}"
"Kamfanonin Total tare da hadin kamfanin mai na Total PLC na Najeriya sun dauki matakin yaki da cutar kanjamau a jihar Kaduna .","sentence","8","{""source"": ""VOA Hausa"", ""split"": ""test"", ""dialect_assigned_default"": true}"
"Kamfanonin sun kashe Naira miliyan 15 wajen sayen kayan aikin gwajin kwayar cutar kanjamau da kuma magunguna tare kuma da daukar nauyin bada shawarwari ga duk wanda yake bukata a jihar .","sentence","8","{""source"": ""VOA Hausa"", ""split"": ""test"", ""dialect_assigned_default"": true}"
"Da take Magana yayin kaddamar da shirin wayar da kan al’umma da kuma yaki da cutar kanjamau da kula da masu fama da cutar a jihar Kaduna , mataimakiyar janar manajan kamfanin , Mrs Nkoyo Attah ta bayyana cewa , kamfanin ya dauki matakin ganin yunkurin yayi tasiri ne ta wajen tada tsimin jama’a a tsakanin al’ummomin da kamfanin ke harkokin kasuwanci .","sentence","8","{""source"": ""VOA Hausa"", ""split"": ""test"", ""dialect_assigned_default"": true}"
"Tace kamfanin ya kuma tsaida shawarar kai shirin gwajin kwayar cutar kanjamau ga mazauna yankunan karkara tare da sayen injunan gwaji na zamani da kamfanin ya bayar gudummuwa ga asibitin Kujama dake Kaduna .","sentence","8","{""source"": ""VOA Hausa"", ""split"": ""test"", ""dialect_assigned_default"": true}"
"Jihar Kaduna na daya daga cikin jihohin da aka sake samun bulla cutar shan inna bayan shafe shekaru biyu ba tare da samun ko yaro daya dauke da cutar ba .","sentence","8","{""source"": ""VOA Hausa"", ""split"": ""test"", ""dialect_assigned_default"": true}"
"Cutar kwalara ta kashe mutane hamsin a jihar Nija","sentence","8","{""source"": ""VOA Hausa"", ""split"": ""test"", ""dialect_assigned_default"": true}"
"Rahoton kiwon lafiya a jihar Nija ta Najeriya na nuni da cewa kimanin mutane hamsin suka mutu bara ta dalilin cutar kwalara .","sentence","8","{""source"": ""VOA Hausa"", ""split"": ""test"", ""dialect_assigned_default"": true}"
"Kwamishinan lafiya na jihar Nija , Mallam Yahaya Dan-Sallau , ya bayyana cewa,gwamnatin jihar ta kiyasta kashe Naira miliyan goma domin shawo kan matsalar cutar kwalara da tayi sanadin mutuwar mutane hamsin a watan Yuni .","sentence","8","{""source"": ""VOA Hausa"", ""split"": ""test"", ""dialect_assigned_default"": true}"
"Kwamishinan ya bayyana haka ne bayana kamala taron majalisar zartaswar jiha a Minna .","sentence","8","{""source"": ""VOA Hausa"", ""split"": ""test"", ""dialect_assigned_default"": true}"
"Kwamishina DanSallau ya bayyana cewa , za a yi amfani da Naira miliyan biyar wajen sayen magunguna yayinda sauran kudin kuma zai tafi wajen gudanar da allurar rigakafi da kuma ilimantar da al’umma .","sentence","8","{""source"": ""VOA Hausa"", ""split"": ""test"", ""dialect_assigned_default"": true}"
"Ya kara da cewa , gwamnatin jihar ta kuma sayi manyan motoci kirar Hilux ta rarrabawa kananan hukumomin da suke kan iyaka domin taimaka masu ci gaba da yaki da cutar polio .","sentence","8","{""source"": ""VOA Hausa"", ""split"": ""test"", ""dialect_assigned_default"": true}"
"Jihar Nija na daya daga cikin jihohin arewacin Najeriya da rahoton cibiyar kiddiga ta kasa ya nuna cewa , tana kan gaba a fannin matsayin halin rayuwar al’umma yayinda rahoton ya nuna cewa sama da kashi sittin bisa dari na al’ummar kasa na fama da talauci .","sentence","8","{""source"": ""VOA Hausa"", ""split"": ""test"", ""dialect_assigned_default"": true}"
"Jihar Nassarawa ta kaddamar da yaki da cutar kanjamau na tafi da gidanka","sentence","8","{""source"": ""VOA Hausa"", ""split"": ""test"", ""dialect_assigned_default"": true}"
"Jihar Nassarawa tare da hadin guiwar Babban Bankin Duniya , sun kaddamar da shirin bada shawarwari da kuma gwajin cutar kanjamau na tafi da gidanka kyauta , da nufin shawo kan yaduwar cutar .","sentence","8","{""source"": ""VOA Hausa"", ""split"": ""test"", ""dialect_assigned_default"": true}"
"Za a gudanar da shirin ne a kanannan hukumomin Lafiya da Akwanga da Obi da kuma Karu .","sentence","8","{""source"": ""VOA Hausa"", ""split"": ""test"", ""dialect_assigned_default"": true}"
"Wata jami’ar gudanar da shirin ta bayyana cewa , tawagar zata shafe kwana biyu tana aiki a kowacce daya daga cikin kanannan hukumomin hudu ta kuma yi kira ga al’ummar kananan hukumonin su ci moriyar shirin su san matsayinsu domin kare rayukansu da kuma na sauran jama’a .","sentence","8","{""source"": ""VOA Hausa"", ""split"": ""test"", ""dialect_assigned_default"": true}"
"Bisa ga cewarta , sai mutum ya san matsayinshi kafin ya dauki matakan da suka kamata ko neman magani ko kuma shawarwari .","sentence","8","{""source"": ""VOA Hausa"", ""split"": ""test"", ""dialect_assigned_default"": true}"
"Mrs Eigege ta kuma bayyana cewa , akwai bukatar kara wayar da kan jama’a dangane da matakan kare kansu da kuma nuna wariyar da ake yiwa masu fama da cutar da yake hana wadansu sanin matsayinsu .","sentence","8","{""source"": ""VOA Hausa"", ""split"": ""test"", ""dialect_assigned_default"": true}"
"Rahoto na baya bayan","sentence","8","{""source"": ""VOA Hausa"", ""split"": ""test"", ""dialect_assigned_default"": true}"
"ya nuna cewa , kashi 6 .","sentence","8","{""source"": ""VOA Hausa"", ""split"": ""test"", ""dialect_assigned_default"": true}"
"7% na al’ummar jihar Nassarawa suna dauke da kwayar cutar HIV .","sentence","8","{""source"": ""VOA Hausa"", ""split"": ""test"", ""dialect_assigned_default"": true}"
"Abinda ya sa jihar kasancewa ta biyu da aka fi samun yawan masu dauke da cutar a Najeriya , bayan jihar Binuwe .","sentence","8","{""source"": ""VOA Hausa"", ""split"": ""test"", ""dialect_assigned_default"": true}"
"Najeriya Ce Ta Biyu A Yawan Masu Fama Da Cutar Kanjamau-Ko-HIV","sentence","8","{""source"": ""VOA Hausa"", ""split"": ""test"", ""dialect_assigned_default"": true}"
"Tun lokacin da aka gano mutum na farko dauke da cutar a Najeriya a shekarar 1986 , ba za a iya ce an samu gagarumar nasarar yaki da cutar ba .","sentence","8","{""source"": ""VOA Hausa"", ""split"": ""test"", ""dialect_assigned_default"": true}"
"Victor Omosehin , Shugaban kungiyar masu dauke da cutar HIV ta Najeriya wato NEPHWAN , shi ya jagoranci taron juyayin wadanda cutar ta hallaka inda ya bayyana yadda cutar ke ci gaba da yaduwa duk da kamfen na yaki da ita da ake yi inda Najeriya ke bayan Afirka Ta Kudu a yawan mutane masu fama da cutar .","sentence","8","{""source"": ""VOA Hausa"", ""split"": ""test"", ""dialect_assigned_default"": true}"
"Dogaro da tallafi daga ketare ke ta'azzara lamuran , wanda ya ke ganin sai duk kungiyoyi da daidaikun mutane sun shiga kamfen din .","sentence","8","{""source"": ""VOA Hausa"", ""split"": ""test"", ""dialect_assigned_default"": true}"
"Ya ce , da a ce an mayar da hankali sosai wajen yakar cutar kamar yadda aka aka yaki cutar Ebola , da tuni an cimma gagarumar nasara .","sentence","8","{""source"": ""VOA Hausa"", ""split"": ""test"", ""dialect_assigned_default"": true}"
"Omoshehin yaci gaba da cewa,abun damuwa shine yadda cutar ke yaduwa a tsakanin yan luwadi da basu fitowa fili su nemi magani , don tsoron hukuncin daurin shekaru 14 .","sentence","8","{""source"": ""VOA Hausa"", ""split"": ""test"", ""dialect_assigned_default"": true}"
"Duk da haka , Hukumar yaki da cutar a Najeriya NACA , ta ce wannan sam ba dalili bane , don kowa na da hurumin samun maganin .","sentence","8","{""source"": ""VOA Hausa"", ""split"": ""test"", ""dialect_assigned_default"": true}"
"Hakazalika , akwai yaduwar cutar a yankunan karkara saboda rashin wayewa ta wajen amfani da kariya a wajen hulda da mata masu zaman kansu , ko mummunar dabi'ar afkawa yara ko manya da miyagun mutane ke yi da fyade - lamarin da ke dada karuwa a kullum , kamar yadda hukumar ta lura .","sentence","8","{""source"": ""VOA Hausa"", ""split"": ""test"", ""dialect_assigned_default"": true}"
"Hukumomin Najeriya na bayyana nasarar rage yaduwar cutar ta hanyar wayar da kan jama'a da kuma bude cibiyoyin gwajin jini kyauta domin gano matsayin mutane dangane da cutar .","sentence","8","{""source"": ""VOA Hausa"", ""split"": ""test"", ""dialect_assigned_default"": true}"
"Ana dubawa dangane da cutar don a tabbatar ko mutane suna da shi ko ba su da shi , idan yana da shi sai a tura shi wajen bada magani .","sentence","8","{""source"": ""VOA Hausa"", ""split"": ""test"", ""dialect_assigned_default"": true}"
"inji Dakta Rilwan Muhammad , Babban sakataren hukumar lafiya matakin farko a Abuja .","sentence","8","{""source"": ""VOA Hausa"", ""split"": ""test"", ""dialect_assigned_default"": true}"
"Ya ce akwai sirri don ba a fallasa mutumin da aka gano yana dauke da cutar .","sentence","8","{""source"": ""VOA Hausa"", ""split"": ""test"", ""dialect_assigned_default"": true}"
"Sannan suna kokarin fadakar da mata masu bin maza da su yi amfani da roba domin gujewa cutar .","sentence","8","{""source"": ""VOA Hausa"", ""split"": ""test"", ""dialect_assigned_default"": true}"
"Wani kalubale shine yadda tashe-tashen hankula sakamakon ayyukan ta'addanci ke jefa mutane musamman mata a sansanonin yan gudun hijira cikin barazanar kamuwa da cutar .","sentence","8","{""source"": ""VOA Hausa"", ""split"": ""test"", ""dialect_assigned_default"": true}"
"Wakiliyar kwamitin sulhu na Majalisar Dinkin Duniya , Michelle Simon , ta bayyana sakamakon zagayawa sansonin yan gudun hijira a Jihar Borno da sauran yankin tafkin Chadi , inda ta ce matan da suka rasa mazajen su ko iyayen su na fuskantar barazanar fyade da cin zarafi .","sentence","8","{""source"": ""VOA Hausa"", ""split"": ""test"", ""dialect_assigned_default"": true}"
"Ta ce hakan yasa Amurka ta bada gudunmuwar dala miliyan 301 domin taimakawa masu dauke da cutar da basu kwarin gwiwar cewa kamuwa da cutar ba ita ce karshen rayuwa ba .","sentence","8","{""source"": ""VOA Hausa"", ""split"": ""test"", ""dialect_assigned_default"": true}"
"Saurari rohoton","sentence","8","{""source"": ""VOA Hausa"", ""split"": ""test"", ""dialect_assigned_default"": true}"
"Gwamnan jihar Kebbi ya ci alkawashin daukar mataki kan masu gunguntar da shirin rikagafin shan inna","sentence","8","{""source"": ""VOA Hausa"", ""split"": ""test"", ""dialect_assigned_default"": true}"
"Gwamnan jihar Kebbi Sa’idu Dakingari ya ci alwashin shiga kafar wando daya da duk wani shugaban karamar hukuma ko basaraken gargajiya da yaki ba gwamnatinshi hadin kai a yunkurin shawo kan cutar shan inna a jihar .","sentence","8","{""source"": ""VOA Hausa"", ""split"": ""test"", ""dialect_assigned_default"": true}"
"Kwamishinan lafiya na jihar alhaji Isma’ila Sambawa , wanda ya wakilci mataimakin gwamnan , Alhaji Ibrahim K. Aliyu a wajen kaddamar da rigakafin shan inna da aka gudanar a karamar hukumar Jega ne ya bayyana haka .","sentence","8","{""source"": ""VOA Hausa"", ""split"": ""test"", ""dialect_assigned_default"": true}"
"Sambawa ya bayyana cewa , sabili da makudan kudin da gwamnatocin jihar da na tarayya da kuma cibiyoyin agaji suke kashewa kan aikin rigakafin , da kuma muhimmancin lafiyar al’umma ga gwamnatin jihar , yasa ba za a bari shirin ya gamu da cikas ba .","sentence","8","{""source"": ""VOA Hausa"", ""split"": ""test"", ""dialect_assigned_default"": true}"
"Kwamishinan ya yi kira ga al’umma su fito da ‘ya’yansu a yi masu rigakafi a kowanne lokaci , yayinda ya kuma yi kira ga jami’an aikin jinya su gudanar da aikinsu tsakani ga Allah .","sentence","8","{""source"": ""VOA Hausa"", ""split"": ""test"", ""dialect_assigned_default"": true}"
"A cikin jawabinshi , jami’in cibiyar asusun kananan yara UNICEF Rabi’u Musa ya bayyana gamsuwa da matakan da gwamnatin jihar Kebbi ta dauka na yaki da cutar shan inna da kuma nasarorin da aka samu .","sentence","8","{""source"": ""VOA Hausa"", ""split"": ""test"", ""dialect_assigned_default"": true}"
"Sarkin Kabbin Jega , Alhaji Mohammed Arzika a nashi bangaren , ya yi alkawarin bada hadin kai da goyon bayan domin ganin nasarar shirin .","sentence","8","{""source"": ""VOA Hausa"", ""split"": ""test"", ""dialect_assigned_default"": true}"
"An Kirkiro Munmunan Sabon Nau'in Kwayar Cutar Murar Tsuntsaye","sentence","8","{""source"": ""VOA Hausa"", ""split"": ""test"", ""dialect_assigned_default"": true}"
"Wasu Mujallu guda biyu masu wallafa labaran binciken kimiyya na duba yiwuwar ko su buga bayanan wani bincike akan cutar mura da ake cacar baki a kai bayan da wani kwamitin da ke ba gwamnatin Amurka shawara ya bukace su da , su boye wasu bayanai saboda dalilan tsaro .","sentence","8","{""source"": ""VOA Hausa"", ""split"": ""test"", ""dialect_assigned_default"": true}"
"Ranar Talata kwamitin da ke ba gwamnatin Amurka shawara akan ayyukan kimiyyar da suka shafi makaman yada cututtuka , ya bukaci Mujallar Science ta Amurka , da kuma Mujallar Nature ta Birtaniya da kar su wallafa bayanai game da kirkiro wata sabuwar munmunar kwayar cutar murar tsuntsaye mai kisa nau'in H5N1 .","sentence","8","{""source"": ""VOA Hausa"", ""split"": ""test"", ""dialect_assigned_default"": true}"
"Cikin sauki sabon nau'in kwayar cutar ke yaduwa tsakankanin berayen masar , wadanda su ma su ke yin mura kamar Bil Adama .","sentence","8","{""source"": ""VOA Hausa"", ""split"": ""test"", ""dialect_assigned_default"": true}"
"A jami'ar Wisconsin da ke garin Madison a","sentence","8","{""source"": ""VOA Hausa"", ""split"": ""test"", ""dialect_assigned_default"": true}"
"Amurka da kuma babban asibitin Erasmus na kasar Netherlands , masana ilimin kimiyya su ka kirkiro sabon nau'in kwayar cutar murar tsuntsayen .","sentence","8","{""source"": ""VOA Hausa"", ""split"": ""test"", ""dialect_assigned_default"": true}"
"Kuma gwamnatin kasar Amurka ce ta ba su kudaden gudanar da ayyukan binciken .","sentence","8","{""source"": ""VOA Hausa"", ""split"": ""test"", ""dialect_assigned_default"": true}"
"Akwai rarrabuwar kanu tsakanin kwararrun masana game da cewa ko ya dace a kirkiro irin wannan munmunan nau'in kwayar cutar murar tsuntsaye .","sentence","8","{""source"": ""VOA Hausa"", ""split"": ""test"", ""dialect_assigned_default"": true}"
"Amma su wadanda suka gudanar da binciken sun ce so suke yi su nazarci yadda kwayar cutar ke rikida , don su gane alamomin da ke nuna cewa wani nau'in kwayar cutar mafi muni ya na bulla .","sentence","8","{""source"": ""VOA Hausa"", ""split"": ""test"", ""dialect_assigned_default"": true}"
"Su kuma masu sukan lamiri sun ce wallafa bayanan dabarar da masanan suka yi amfani da ita wajen kirkiro sabuwar kwayar cutar na iya fadawa hannun yan ta'addan da ka iya sake kirkirar kwayar cutar da nufin halaka jamaa .","sentence","8","{""source"": ""VOA Hausa"", ""split"": ""test"", ""dialect_assigned_default"": true}"
"Amma duk da haka , sauran masana ilimin kimiyya masu gudanar da bincike akan harakokin kiwon lafiya ba su goyi bayan kowace gwamnati ta hana wallafa sakamakon bincike-binciken kimiyya ba .","sentence","8","{""source"": ""VOA Hausa"", ""split"": ""test"", ""dialect_assigned_default"": true}"
"Mujallun sun amsa bukatar da kwamitin ya gabatar mu su , cikin taka tsan-tsan , su ka ce za su duba yiwuwar boye wasu bayanai , amma sai in gwamnatin Amurka za ta samar da wata hanyar mika cikakkun bayanan da aka rubuta , ga masana ilimin kimiyyar da ke gudanar da ayyukan bincike da gaskiya tsakanin su da Allah .","sentence","8","{""source"": ""VOA Hausa"", ""split"": ""test"", ""dialect_assigned_default"": true}"
"Hukumar Lafiya ta duniya tace an sami raguwar masu rasuwa da cutar Malariya","sentence","8","{""source"": ""VOA Hausa"", ""split"": ""test"", ""dialect_assigned_default"": true}"
"Rahoton shekara-shekara da hukumar lafiya ta duniya ta fitar na shekara ta dubu biyu da goma na nuni da cewa , an sami raguwar mace mace ta dalilin kamuwa da zazzabin cizon sauro .","sentence","8","{""source"": ""VOA Hausa"", ""split"": ""test"", ""dialect_assigned_default"": true}"
"Bisa ga rahoton an sami raguwar mace macen da kashi 25% a duk fadin duniya tun cikin shekara ta dubu biyu , yayinda aka sami raguwar mace macen zazzabin cizon sauro a yankin Afrika da kashi 33% .","sentence","8","{""source"": ""VOA Hausa"", ""split"": ""test"", ""dialect_assigned_default"": true}"
"Hukumar lafiya ta duniya ta yi kiyasin cewa , mutane dubu shida da dari biyar suka mutu sakamakon kamuwa da zazzabin cizon sauro kashi tamanin da shida na adadin kuma kananan yara ne da shekarunsu suka gaza biyar .","sentence","8","{""source"": ""VOA Hausa"", ""split"": ""test"", ""dialect_assigned_default"": true}"
"Kashi 60% na masu mutuwar da zazzabin cizon sauron kuma daga kasashen Najeriya da Damokaradiyar jamhuriyar Kwango da Burkina Faso da Mozambique da Cote d’Ivoire da kuma Mali suke .","sentence","8","{""source"": ""VOA Hausa"", ""split"": ""test"", ""dialect_assigned_default"": true}"
"Dr Margaret Chan babbar darektar Hukumar lafiya ta duniya tace , Muna samun ci gaba ainun a yaki da cutar da ta zama da kalubalar gaske a harkokin lafiya .","sentence","8","{""source"": ""VOA Hausa"", ""split"": ""test"", ""dialect_assigned_default"": true}"
"Mun sake samun ci gaba a yaki da cutar zazzabin cizon sauro a cikin shekara ta dubu biyu da goma da ya taimaka wajen rage mace mace ta dalilin kamuwa da zazzabin cizon sauro , sai dai akwai alamun dake nuni da cewa , yana yiwuwa a sami koma bayan wannan ci gaba Hukumar lafiya ta duniya ta bada tabbacin cewa , kasashe hudu sun shawo kan matsalar zazzabin cizon sauro tun daga shekara ta dubu biyu da bakwai , yayinda Amermenia ta shiga sahun kasashen a watan Oktoba bara .","sentence","8","{""source"": ""VOA Hausa"", ""split"": ""test"", ""dialect_assigned_default"": true}"
"Dr. Chan ta bayyana cewa , akwai hanyoyin yaki da zazzabin cizon sauro masu arha da suke da inganci .","sentence","8","{""source"": ""VOA Hausa"", ""split"": ""test"", ""dialect_assigned_default"": true}"
"Sai dai tace babbar kalubalar da suke fuskanta ita ce , ci gaba da samun tallafin kudin aikin , tace suna bukatar tallafin kudi a asusun na duniya da sababbin masu tallafi da kuma ganin kasashen da cutar ta zama annoba sun dauki matakan takalar kalubalar dake gabansu .","sentence","8","{""source"": ""VOA Hausa"", ""split"": ""test"", ""dialect_assigned_default"": true}"
"Bisa ga cewar darektar hukumar lafiya ta duniya , za a bukaci sake miliyoyin gidajen sauro a cikin shekaru masu zuwa yayinda ake bukatar na’urorin gwaji da kuma hanyoyin jinya masu inganci .","sentence","8","{""source"": ""VOA Hausa"", ""split"": ""test"", ""dialect_assigned_default"": true}"
"Amfani da gidajen sauro ya rage mace-mace ta dalilin kamuwa da zazzabin cizon sauro","sentence","8","{""source"": ""VOA Hausa"", ""split"": ""test"", ""dialect_assigned_default"": true}"
"Majalisar Dinkin Duniya ta bada rahoto cewa , an sami raguwar mutuwar al’umma ta dalilin kamuwa da zazzabin cizon sauro , tsakanin ‘yan gudun hijira dake kan iyakar kasar Sudan .","sentence","8","{""source"": ""VOA Hausa"", ""split"": ""test"", ""dialect_assigned_default"": true}"
"A lokutan baya , zazzabin cizon sauro ne yake kashe ‘yan gudun hijirar kasar Sudan fiye da kowacce cuta .","sentence","8","{""source"": ""VOA Hausa"", ""split"": ""test"", ""dialect_assigned_default"": true}"
"Sai dai a halin yanzu , duk da yake zazzabin har yanzu yana kisa , rahoton Majalisar Dinkin Duniya na nuni da cewa , zazzabin cizon sauro ya kasance cuta ta biyar dake kisan ‘yan gudun hijirar .","sentence","8","{""source"": ""VOA Hausa"", ""split"": ""test"", ""dialect_assigned_default"": true}"
"An samu raguwar kisan da cutar ke yi ne , sakamakon wani shiri da Majalisar Dinkin Duniya ta gabatar da ake kira Ba Komi Banda gidan sauro , Nothing But Nets gamgamin yaki da cutar zazzabin cizon sauro mafi girma da aka gudanar a duniya da ake kyautata zaton zai taimaka wajen kawo karshen mace mace sakamakon kamuwa da cutar zazzabin cizon sauro kafin shekara ta dubu biyu da goma sha biyar .","sentence","8","{""source"": ""VOA Hausa"", ""split"": ""test"", ""dialect_assigned_default"": true}"
"Shirin ya kaddamar da wata gidauniyar gagagawa da nufin aikawa da gidajen sauro dubu goma domin ceton rayukan ‘yan gudun hijirar Sudan ta Kudu da suke kauracewa kan iyaka da ake fama da tashin hankali","sentence","8","{""source"": ""VOA Hausa"", ""split"": ""test"", ""dialect_assigned_default"": true}"
"Sauya halaye na taimakawa wajen rage kamuwa da cutar kanjamau","sentence","8","{""source"": ""VOA Hausa"", ""split"": ""test"", ""dialect_assigned_default"": true}"
"Wani fitaccen likitan yaki da cututuka a Amurka Dr. Daniel Halperin yana karfafa kwararru na kasa da kasa a fannin aikin lafiya , su karfafa bukatar sauya hali a matsayin muhimmiyar hanyar da zata taimaka wajen yaki da cutar kanjamau .","sentence","8","{""source"": ""VOA Hausa"", ""split"": ""test"", ""dialect_assigned_default"": true}"
"Likitan ya bayyana haka ne a cikin wani littafi da suka rubuta na hadin guiwa tare da Craig Timberg , wani tsohon editan jaridar Washington Post .","sentence","8","{""source"": ""VOA Hausa"", ""split"": ""test"", ""dialect_assigned_default"": true}"
"A cikin littafin mai suna Tinderbox : How the West Sparked the AIDS Epidemic and How The World Can Finally Overcome it .","sentence","8","{""source"": ""VOA Hausa"", ""split"": ""test"", ""dialect_assigned_default"": true}"
", marubutan sun bayyana yadda yin kaciya a wadansu kasashen nahiyar Afrika ya taimaka wajen rage yada cutar kanjamau .","sentence","8","{""source"": ""VOA Hausa"", ""split"": ""test"", ""dialect_assigned_default"": true}"
"Banda kaciya kuma , suka ce , an sami raguwar yada cutar kanjamau a kasashe da dama da suka hada da Uganda da kuma Zimbabwe , da dadewa kafin a sami magunguna da suke rage kaifin cutar .","sentence","8","{""source"": ""VOA Hausa"", ""split"": ""test"", ""dialect_assigned_default"": true}"
"A cikin gangamin da gwamnatin shugaba Yoweri Museveni na kasar Uganda tayi , kimanin shekaru 20 da suka shige , an fadakar da jama’a su guji cutar su kuma ji tausayin iyalan da zasu bari a baya .","sentence","8","{""source"": ""VOA Hausa"", ""split"": ""test"", ""dialect_assigned_default"": true}"
"Yayinda aka kuma yi kira ga maza da mata su rage yawan mutanen da suke jima’i da su .","sentence","8","{""source"": ""VOA Hausa"", ""split"": ""test"", ""dialect_assigned_default"": true}"
"Marubuta littafin sun ce sauya halin rayuwa da kuma yiwa maza kaciya sun fi arha fiye da sauran hanyoyin yaki da cutar kanjamau kuma suna ta tushe a al’adun jama’a .","sentence","8","{""source"": ""VOA Hausa"", ""split"": ""test"", ""dialect_assigned_default"": true}"
"PSN sun bada bayani kan kanfanin magunguna na Jebu","sentence","8","{""source"": ""VOA Hausa"", ""split"": ""test"", ""dialect_assigned_default"": true}"
"PSN sun bada bayani kan kanfanin magunguna na JebuShugaban kanfanin magunguna na Nigeriya , na sashin Jihar Lagos , Mr. Akintunde Obembe , ya bayyana damuwarsa a bisa karuwar kanfanonin magani na jebu a jihar .","sentence","8","{""source"": ""VOA Hausa"", ""split"": ""test"", ""dialect_assigned_default"": true}"
"Obembe , wanda yayi magana a taron shekara-shekara na 2012 na kungiyar kanfanonin magunguna na Nigeriya a jihar Lagos , ya shawarci gwamnatin tarayya ta karfafa kunguyoyin kasa domin suyi aiki bisa kan kanfanoni na magunguna da suke ta karuwa da saida magunguna na jebu .","sentence","8","{""source"": ""VOA Hausa"", ""split"": ""test"", ""dialect_assigned_default"": true}"
"Yace , an samukaruwar kanfanonin magunguna na jebu a cikin kasuwanni kuma dole a lura dasu ko kuma su zama wurin buyar masu saida magunguna na jebu a kasarmu Nigeriya .","sentence","8","{""source"": ""VOA Hausa"", ""split"": ""test"", ""dialect_assigned_default"": true}"
"Obembe yace idan wurin kanfanonin saida magunguna aka tsabtace su tawurin kunguyoyin da gwamnati ta kafa suyi haka , babu mai saida magunguna da zai iya ajiye ko kuma ya saida magungunan jebu ko kuma wadanda ba’a yarda da su ba ga al'umar kasa .","sentence","8","{""source"": ""VOA Hausa"", ""split"": ""test"", ""dialect_assigned_default"": true}"
"Masana A canada Sun Gano Wata hanyar Yaki Da Cutar Sankara","sentence","8","{""source"": ""VOA Hausa"", ""split"": ""test"", ""dialect_assigned_default"": true}"
"Masu bincike a Canada sun yi amfani da wata kwayar cuta da aka yi wa kwas-kwarima wajen yaki da cutar sankara .","sentence","8","{""source"": ""VOA Hausa"", ""split"": ""test"", ""dialect_assigned_default"": true}"
"Kwayar cutar zata yaki sankarar ba tareda tayi illa ga sauran naman jikin Bil’adama ba .","sentence","8","{""source"": ""VOA Hausa"", ""split"": ""test"", ""dialect_assigned_default"": true}"
"Masana kimiyya sun juma suna nuna sha’awar amfani da wan","sentence","8","{""source"": ""VOA Hausa"", ""split"": ""test"", ""dialect_assigned_default"": true}"
"hanya wajen yaki da cutar sankara ko kansa .","sentence","8","{""source"": ""VOA Hausa"", ""split"": ""test"", ""dialect_assigned_default"": true}"
"An samu karin sha’awar a baya bayan","sentence","8","{""source"": ""VOA Hausa"", ""split"": ""test"", ""dialect_assigned_default"": true}"
", musamman ma da kara gano hanyoyin kimiyya na gina halittu ko sake yanayinsu , wadanda suka baiwa kwararru damar gina kwayoyin cuta da zasu iya auna wurare da cutar sankara ta kama a jikin Bil’adama .","sentence","8","{""source"": ""VOA Hausa"", ""split"": ""test"", ""dialect_assigned_default"": true}"
"Cutar Kwalara ta Barke a Jihar Bauchi","sentence","8","{""source"": ""VOA Hausa"", ""split"": ""test"", ""dialect_assigned_default"": true}"
"Da yake jawabi , shugaban hukumar inganta lafiya a matakin farko Adamu Ibrahim Gamawa yace a yanzu haka , an samu bulluwar cutar a","sentence","8","{""source"": ""VOA Hausa"", ""split"": ""test"", ""dialect_assigned_default"": true}"
"da can , amma ba abun tashin hankali bane .","sentence","8","{""source"": ""VOA Hausa"", ""split"": ""test"", ""dialect_assigned_default"": true}"
"Ya kara da cewa muhimmin abu shine idan akwai rijiya ruwan da yak e zubowa na sama bai dauki datti ya koma da shi cikin rijiya ba kuma a tabbatar da cewa inda babu ruwan rijiya ko rijiyar burtsatse a dafa ruwan an kuma bar shi ya huce .","sentence","8","{""source"": ""VOA Hausa"", ""split"": ""test"", ""dialect_assigned_default"": true}"
"JIHAR NEJA : Makon Rigakafin Cututtuka Na Duniya","sentence","8","{""source"": ""VOA Hausa"", ""split"": ""test"", ""dialect_assigned_default"": true}"
"Jami'an kiwon lafiya na jihar sun ce makon rigakafin cututtukan a kasashen Afirka yana da mahimmanci matuka idan aka yi la'akari da yadda cututtuka ke hallaka yara .","sentence","8","{""source"": ""VOA Hausa"", ""split"": ""test"", ""dialect_assigned_default"": true}"
". Cututtuka irin su bakon dauro da sankarau suna hallaka manya da yara .","sentence","8","{""source"": ""VOA Hausa"", ""split"": ""test"", ""dialect_assigned_default"": true}"
"Dr Ibrahin Tifin babban sakatare a ma'aikatar kiwon lafiya ta Neja yayi karin haske .","sentence","8","{""source"": ""VOA Hausa"", ""split"": ""test"", ""dialect_assigned_default"": true}"
"Yace idan kai kana da lafiya makwafcinka ka iya kamuwa da ciwo da ka iya yaduwa .","sentence","8","{""source"": ""VOA Hausa"", ""split"": ""test"", ""dialect_assigned_default"": true}"
"Idan akwai rigakafi za'a samu sauki .","sentence","8","{""source"": ""VOA Hausa"", ""split"": ""test"", ""dialect_assigned_default"": true}"
"Dalili ke","sentence","8","{""source"": ""VOA Hausa"", ""split"": ""test"", ""dialect_assigned_default"": true}"
"da nahiyar Afirka tace a ware mako daya cikin watan Afirilu domin a fadakar da mutane akan mahimmancin yin rigakafi .","sentence","8","{""source"": ""VOA Hausa"", ""split"": ""test"", ""dialect_assigned_default"": true}"
"Hukumar lafiya ta duniya tana bukatar a samu raguwar mace mace sakamakon wasu cututtuka a kasashen Afirka .","sentence","8","{""source"": ""VOA Hausa"", ""split"": ""test"", ""dialect_assigned_default"": true}"
"Dr Yabagi Aliyu daraktan matakin farko na ma'aikatar kiwon lafiya a jihar Neja yace burinsu ne akwai shirin rigakafi a kowane sakon jihar domin rigakafi ya fi magani .","sentence","8","{""source"": ""VOA Hausa"", ""split"": ""test"", ""dialect_assigned_default"": true}"
"Da babu rigakafi da cututtuka sun yadu mutuwa kuma ta karu musamman mutuwar yara .","sentence","8","{""source"": ""VOA Hausa"", ""split"": ""test"", ""dialect_assigned_default"": true}"
