"headword","pos","dialect_id","jsonb_data"
"Ǹjẹ́ o lè fi ìṣẹ́jú mìíràn àti ìdajì sílẹ̀ fún mi, nítorí pé mo ní fídíò kan tí mo gbọ́dọ̀ fi hàn ọ́.","sentence","1","{""source"": ""YorùLect"", ""domain"": ""ted"", ""english_translation"": ""Can you leave another minute and half for me, because I have a video that I must show you.""}"
"Àwọn ẹbí àti ọ̀rẹ́ ọmọbìnrin náà kò dákẹ́ rárá lórí ayélujára pàápàá jùlọ lórí ẹ̀rọ Twitter.","sentence","1","{""source"": ""YorùLect"", ""domain"": ""news"", ""english_translation"": ""The girl's family and friends are not silent at all on the internet, especially on Twitter.""}"
"Wọ́n sọ ìgbà tí a pè é kẹ́yìn àti túwíìtì tí ó tẹ̀ kẹyìn nínú àwòrán náà.","sentence","1","{""source"": ""YorùLect"", ""domain"": ""news"", ""english_translation"": ""They mentioned the time of his last call and his final tweet as depicted in the image""}"
"Iṣẹlẹ yi to se awọn eeyan ni kàyéfì waye lẹyin ọjọ mẹta.","sentence","1","{""source"": ""YorùLect"", ""domain"": ""news"", ""english_translation"": ""This event that surprised people happened after three days.""}"
"Ó ní ohun tí ó jẹ́ kí orúkọ àrùn kòró gbòde kàn ni pé kò sí ìwòsàn kankan fún un.","sentence","1","{""source"": ""YorùLect"", ""domain"": ""news"", ""english_translation"": ""He explained that the reason the disease name is widespread is due to the absence of a cure for it.""}"
"Bakan naa ni wọn ma n ṣe ifẹhọnuhan tako ofin ni Guusu ilẹ̀ Amẹrika.","sentence","1","{""source"": ""YorùLect"", ""domain"": ""news"", ""english_translation"": ""This is how they also protest against law in South America""}"
"Ọkùnrin náà fi ojú ibi tí yóò ti bẹ̀rẹ̀ ìwalẹ̀, ó sì tún sọ fún un pé lórí iṣẹ́ ìwalẹ̀ náà ni yóò ti là.","sentence","1","{""source"": ""YorùLect"", ""domain"": ""news"", ""english_translation"": ""The man showed him the place where he would start digging, and was aslo told that he will be rich on this digging work.""}"
"Ìjọba yóò kọ́ iléègbé ẹgbẹ̀rún lọ́nà ọ̀ọ́dúnrún jákè jádo Nàìjíríà èyí tówó rẹ̀ jẹ́ mílíọ́nù méjì náírà.","sentence","1","{""source"": ""YorùLect"", ""domain"": ""news"", ""english_translation"": ""The government will build three hundred thousands houses across Nigeria at a cost of two million naira.""}"
"Èyí ni ìjẹ́pàtàkì àwọn obìnrin tí kì í lu jìbìtì .","sentence","1","{""source"": ""YorùLect"", ""domain"": ""ted"", ""english_translation"": ""This is the importance of the women that are not fraudulent.""}"
"Eran ara, isoro gboogi ni “Emi” eyi ti o je agbelebu Kirisiti nikan ni o le wo pale.","sentence","1","{""source"": ""YorùLect"", ""domain"": ""rel"", ""english_translation"": ""Flesh, main problem in \""spirit\"", that which is only Christ's cross that can break it down.""}"
"Àwọn tó ń lo ọkọ̀ àti àwọn tó tún ń lo epo rọ̀bì fún àwọn nǹkan mìíràn kò ní ohunkóhun láti bẹ̀rù.","sentence","1","{""source"": ""YorùLect"", ""domain"": ""news"", ""english_translation"": ""Those that are using vehicle and those that are using crude oil does not have anything to be scared off""}"
"Sugbon, o je oranyan fun awon ti o gbagbo ti a ti gbala","sentence","1","{""source"": ""YorùLect"", ""domain"": ""rel"", ""english_translation"": ""But it is compulsory for those that believe that has been saved.""}"
"Àwọn ọmọ Nàìjíríà sọ pé wọn kò tíì ṣetán láti fi ìlú náa sílẹ̀ lásìkò yìí.","sentence","1","{""source"": ""YorùLect"", ""domain"": ""news"", ""english_translation"": ""Nigerians said they are not ready to leave the country now""}"
"O ni oun ni lati fi ọrẹkunrin naa silẹ nitori ifẹ ti oun ni si ere tiata.","sentence","1","{""source"": ""YorùLect"", ""domain"": ""news"", ""english_translation"": ""She said she had to leave the boyfriend because of her love for theater.""}"
"Ọgbẹni Àbàtì tó fìgbà kan jẹ́ amúgbálẹ́gbẹ̀ẹ́ fún ààrẹ àná ní irọ́ ńlá ni mínísìtà náà ń pa.","sentence","1","{""source"": ""YorùLect"", ""domain"": ""news"", ""english_translation"": ""Mr.Abati who was once an assistant to the former president said the minister is telling a big lie""}"
"Ààrẹ sọ pé ìṣẹ̀lẹ̀ omíyalé tó wáyé ní ìpínlẹ̀ Ọṣun dun òun púpọ̀.","sentence","1","{""source"": ""YorùLect"", ""domain"": ""news"", ""english_translation"": ""The president said that he was very pained by the incident of flood that took place in Osun state.""}"
"Awọn ẹlẹgbẹjẹgbẹ ajafẹtọ ẹni nilẹ yii ati ni awujọ agbaye lapapọ","sentence","1","{""source"": ""YorùLect"", ""domain"": ""news"", ""english_translation"": ""The human rights organization in this country and globally as whole""}"
"Gẹ́gẹ́ bí ìròyìn tí ó ń tẹ̀wálọ́wọ́ ṣe sọ, àìsan owó oṣù ló ṣokùnfà iyanṣẹ́lódì náà.","sentence","1","{""source"": ""YorùLect"", ""domain"": ""news"", ""english_translation"": ""According to the current news, non-payment of salary is the reason for the strike.""}"
"Akoko aibowo fun ofin.","sentence","1","{""source"": ""YorùLect"", ""domain"": ""rel"", ""english_translation"": ""Time of not respecting the law.""}"
"Ẹ má jẹ́ kí ọ̀rọ̀ ìdíbàjẹ́ kan ti ẹnu yín jáde","sentence","1","{""source"": ""YorùLect"", ""domain"": ""rel"", ""english_translation"": ""Do not let any corrupt word come out of your mouth.""}"
"Àìsí àbò tó péye àti ìbánisọ̀rọ̀ tó yè kòòrò ń mú kó nira fún ìjọ̀ba.","sentence","1","{""source"": ""YorùLect"", ""domain"": ""news"", ""english_translation"": ""The lack of proper security and clear communication makes it difficult for the government""}"
"Oro olorun siwa ni odun yi wa lati inu iwe woli aisaya","sentence","1","{""source"": ""YorùLect"", ""domain"": ""rel"", ""english_translation"": ""God's word to us this year is from the book of Isiah.""}"
"Alábàágbé àti alájọṣe iyùn ni àwọn ewé inú omi.","sentence","1","{""source"": ""YorùLect"", ""domain"": ""news"", ""english_translation"": ""Aquatic plants and corals are like neighbors and co-workers""}"
"Nítorí náà, nígbà tó bá tún yá, tó o bá tún gba abo kan, tàbí abo méjì, kó sí fún ọ lómìnira, àbí?","sentence","1","{""source"": ""YorùLect"", ""domain"": ""ted"", ""english_translation"": ""So, when it is time again, if you collect one female again, or two females, and it gives you independence, isn't it?""}"
"Ìgbìmọ̀ olùdarí máa ń gbádùn ara wọn gan an, àmọ́ kì í ṣe ohun tí wọ́n ń lépa.","sentence","1","{""source"": ""YorùLect"", ""domain"": ""ted"", ""english_translation"": ""Council of directors enjoy themselves a lot, but that is not what they are after.""}"
"Rí i dájú pé o máa fi nǹkan bí oṣù kan àtààbọ̀ rọ́pò àwọn ẹrù rẹ.","sentence","1","{""source"": ""YorùLect"", ""domain"": ""ted"", ""english_translation"": ""Ensure that you use a month and half to replace your loads.""}"
"Ọ̀kan lára àwọn tí wọ́n ṣe ìkọlù yìí lọta ìbọn bà nígbà tí àwọn yòókù fẹsẹ̀ fẹ́ẹ pẹ̀lú àwọn ẹrù fàyàwọ́ tí wọ́n gbé.","sentence","1","{""source"": ""YorùLect"", ""domain"": ""news"", ""english_translation"": ""One of the perpetrators of this attack was fatally shot, while the others escaped with the stolen goods they had.""}"
"Lọ́jọ́ Ajé òṣẹ̀ yìí ní Akin fi léde lórí ìkànnì rẹ̀ pé òun ní àìsàn jẹjẹrẹ ọlọ́jọ́pípẹ́ tí ó sì lè la ẹ̀mí òun lọ.","sentence","1","{""source"": ""YorùLect"", ""domain"": ""news"", ""english_translation"": ""Akin posted on his social media page this Monday, revealing that he has chronic cancer and it poses a threat to his life.""}"
"Mo wí pé ọ̀rọ̀ rẹ yóò nípa ní ayérayé","sentence","1","{""source"": ""YorùLect"", ""domain"": ""rel"", ""english_translation"": ""I said your word will have everlasting effect.""}"
"idanwo re gege bi ona si itankale imo ihinrere ni akoko re","sentence","1","{""source"": ""YorùLect"", ""domain"": ""rel"", ""english_translation"": ""Your test as a way to the spread of the knowledge of the gospel in your time.""}"
"Kete ti Isreal jawe olubori yii ni o ti sun soke díẹ̀.","sentence","1","{""source"": ""YorùLect"", ""domain"": ""news"", ""english_translation"": ""Immediately upon Isreal's victory, he ascended slightly.""}"
"Wọ́n ti tilẹ̀kùn gbogbo ilé ẹ̀kọ́ níjọba ìbílẹ̀ Adó odò ní ìpínlẹ̀ Ògùn.","sentence","1","{""source"": ""YorùLect"", ""domain"": ""news"", ""english_translation"": ""They have closed down all the schools in Ado Odo local government in Ogun state""}"
"O ni ilu naa yoo di ibi ti gbogbo agbaye yoo ma a wa, lati wa gbadura nibi iboji rẹ, ti wọn ba sin sibẹ.","sentence","1","{""source"": ""YorùLect"", ""domain"": ""news"", ""english_translation"": ""He said the city will become a place where the whole world will come to pray at his grave, if he his buried there.""}"
"Ní abúlé kan, ọ̀kọ̀ọ̀kan wọn sì ní ọgọ́rùn ún ìwé.","sentence","1","{""source"": ""YorùLect"", ""domain"": ""ted"", ""english_translation"": ""In one village, each one of them has hundred books.""}"
"Wọ́n tẹ̀síwájú pé lọ́pọ̀ ìgbà ni ọkọ̀ ayọ́kẹ́lẹ́ jíìpù kan máa ń wá láti gbé àwọn ènìyàn lọ.","sentence","1","{""source"": ""YorùLect"", ""domain"": ""news"", ""english_translation"": ""They further stated that on many occasions, a jeep would arrive and transport people away.""}"
"Àwọn ẹ̀ṣọ́ ibodè sọ fún wa pé àìsàn ọkàn ló pa á, tí èyí kò sì jẹ́ òtítọ́.","sentence","1","{""source"": ""YorùLect"", ""domain"": ""news"", ""english_translation"": ""The securities told us that he died of heart attack which is not the true""}"
"Ìgbàgbọ́ wọn ni pé ohunkóhun tí ẹnikẹ́ni bá ṣe pẹ̀lú ibi ọmọ ní ohun ṣe pẹ̀lú ohun tí ọmọ náà yóò dà láyé.","sentence","1","{""source"": ""YorùLect"", ""domain"": ""news"", ""english_translation"": ""Their belief is that whatever anyone does with the placenta has something to do with what the child will become in the world""}"
"Ikọlu naa gẹgẹ bi ohun ta ri gbọ waye nigba tawọn ikọ ipolongo mejeeji pade ni ilu ọba Akoko ni ijọba ibilẹ Ìlà Oòrun.","sentence","1","{""source"": ""YorùLect"", ""domain"": ""news"", ""english_translation"": ""As per our understanding, the assault occurred during the encounter between the two advocates in the royal city of Akoko within the Ila Oorun local government area.""}"
"Ohun èlò fún ìdàgbàsókè tí kò hàn, tí ó sì ṣe é gbé kiri.","sentence","1","{""source"": ""YorùLect"", ""domain"": ""news"", ""english_translation"": ""A device for growth that is not visible, but it is mobile""}"
"Ṣùgbọ́n ẹgbẹ́ òṣèlú rẹ̀ fìdí rẹmi nínú ìbò ààrẹ àti ìbò ilé ìgbìmọ̀ aṣòfin ní Àbújá.","sentence","1","{""source"": ""YorùLect"", ""domain"": ""news"", ""english_translation"": ""But his political party was defeated in the presidential and parliamentary elections in Abuja.""}"
"Ọ̀rọ̀ rẹ yìí kò dùn mọ́ àwọn àgbà Yorùbá nínú.","sentence","1","{""source"": ""YorùLect"", ""domain"": ""news"", ""english_translation"": ""His words did not please the Yoruba elders""}"
"Síbẹ̀, bí ìwé ìròyìn ṣe jábọ̀, díẹ̀ lára àwọn ọmọ ìbílẹ̀ ń yọ̀ fún àdàwólulẹ̀ ilé náà.","sentence","1","{""source"": ""YorùLect"", ""domain"": ""news"", ""english_translation"": ""However, as reported by the newspaper, some of the natives are happy for the demolition of the building.""}"
"Ẹ̀kọ́ rèé fáwọn tèmi tó pa iléẹ̀kọ́ tì, tí wọn ń fa ṣòkòtò sílẹ̀ kiri","sentence","1","{""source"": ""YorùLect"", ""domain"": ""news"", ""english_translation"": ""This is a lesson for school dropouts, and those who pull their pants down""}"
"Kánsẹ́lọ̀ tẹ́lẹ̀rí kan ní ìjọba ìbílẹ̀ Èkìtì ti kó sí páńpẹ́ àjọ tó ń gbógun ti ìwà jẹgúdújẹrá.","sentence","1","{""source"": ""YorùLect"", ""domain"": ""news"", ""english_translation"": ""Former counsellor of Ekiti local goverment has fallen into the trap of an organization that fight corruption""}"
"ki eniyan Olorun ki o le pe, ti a ti mura sile patapata fun ise rere gbogbo","sentence","1","{""source"": ""YorùLect"", ""domain"": ""rel"", ""english_translation"": ""That a person of God be complete, that we have prepared completely for all good works.""}"
"Àwọn tó sọ káàdì nù tó fẹ́ gba káàdì tuntun mìíràn náà ń wá síi ibí.","sentence","1","{""source"": ""YorùLect"", ""domain"": ""news"", ""english_translation"": ""Those who have lost their cards and wish to obtain new ones also came here.""}"
"Àṣàbí ni akinkanju ni Adesanya ti o si yẹ kawọn eeyan gboṣuba kaare fun un.","sentence","1","{""source"": ""YorùLect"", ""domain"": ""news"", ""english_translation"": ""Adesanya is a brave person and deserves to be respected by people.""}"
"Kò sí ìbáṣepọ̀ kan tí ó lè dàgbà dáadáa tí kò bá sí ìbára ẹni sọ̀rọ̀ tí ó dára.","sentence","1","{""source"": ""YorùLect"", ""domain"": ""rel"", ""english_translation"": ""There is no relationship that can grow well without effective communication.""}"
"Nipa jija ija rere ti igbagbo àti nini eko to ye kooro.","sentence","1","{""source"": ""YorùLect"", ""domain"": ""rel"", ""english_translation"": ""By fighting the good fight of faith and having a good teaching.""}"
"Èyí ni nǹkan ti kọmísánnà fún ètò ìròyìn ní ìpínlẹ̀ Èkó sọ fun àwọn oníròyìn.","sentence","1","{""source"": ""YorùLect"", ""domain"": ""news"", ""english_translation"": ""This is what the Commissioner for Social Affairs in Eko State told reporters.""}"
"Lẹyin ti Ajimobi kuro ni ipo gomina, ni ẹgbẹ oselu rẹ fárí gá.","sentence","1","{""source"": ""YorùLect"", ""domain"": ""news"", ""english_translation"": ""After Ajimobi left the governorship position, his political party got angry""}"
"Ọ̀sanyìntólú ní pé nínú àwọn tó kú nínú ìṣẹ̀lẹ̀ náà ni ọmọdékùnrin kan àti àgbàlagbà ọkùnrin kan.","sentence","1","{""source"": ""YorùLect"", ""domain"": ""news"", ""english_translation"": ""Osanyintolu said that he was thinking that he should die in the same incident where a boy and an old man were killed.""}"
"Nipa igbagbo awon baba wa, a ni ireti iye ayeraye.","sentence","1","{""source"": ""YorùLect"", ""domain"": ""rel"", ""english_translation"": ""By the faith of our fathers, we have hope of everlasting life.""}"
"Ẹgbẹ́ àwọn ọlọ́jà ní ìpínlẹ̀ Ọ̀yọ́ ti ṣàpèjúwe ìyálọ́jà ìpínlẹ̀ Ọ̀yọ́ gẹ́gẹ́ bí akọni obìnrin tó jẹ́ onínu ire.","sentence","1","{""source"": ""YorùLect"", ""domain"": ""news"", ""english_translation"": ""The traders association in Oyo state has portrayed the Oyo state market leader as a female hero who embodies goodness""}"
"Ó fẹ́ràn láti jókòó sórí ẹsẹ̀ rẹ̀ nítorí ó sọ pé ó máa ń dùn ún gan láti purọ́ nínú ibùsùn òun fúnra rẹ̀.","sentence","1","{""source"": ""YorùLect"", ""domain"": ""ted"", ""english_translation"": ""She likes sitting on his legs because she said it pains him a lot to lie in her own bed.""}"
"Rò ó wò ná, àwọn lẹ́tà tó wà níbẹ̀ ti wá gbé àwọn ànímọ́ mẹ́ta yìí yẹ̀ wò.","sentence","1","{""source"": ""YorùLect"", ""domain"": ""ted"", ""english_translation"": ""Think about it first, the letters that are there now examine these three characteristics.""}"
"Fọ́fọ́ ni ilé ẹjọ́ ti kún báyìí látàri ìgbẹ́jọ́ lórí ìdìbò ìpínlẹ̀ Kòṣọ̀fẹ́, Kájọlà àti Kòjòmù:","sentence","1","{""source"": ""YorùLect"", ""domain"": ""news"", ""english_translation"": ""Here is the court's decision on the election of Kosofe, Kajola and Kojomu:""}"
"Ko si orin aye kan, ti a ki i ko ninu ijo lode oni.","sentence","1","{""source"": ""YorùLect"", ""domain"": ""rel"", ""english_translation"": ""There is no secular song, that we do not sing in the church nowadays.""}"
"O ní ẹ̀tọ́ rẹ̀ ni gẹ́gẹ́ bi ìgbákejì òun láti dúro ni apá ibi ti òun tò si lásìkò ti òun bá Lékan jà.","sentence","1","{""source"": ""YorùLect"", ""domain"": ""news"", ""english_translation"": ""He said it his right as the vice to stand in the place where he is lined up when he fought with Lekan.""}"
"Bí mo sì ṣe ń wò wọ́n, mo wá rí i pé wọ́n ti di bárakú fún wọn.","sentence","1","{""source"": ""YorùLect"", ""domain"": ""ted"", ""english_translation"": ""And as I am looking at them, I now see that they have become an habit for them.""}"
"Pẹ̀lú èsì àyẹ̀wò yìí, ó hàn gbangba pé kò sí ọ̀nà àbáyọ.","sentence","1","{""source"": ""YorùLect"", ""domain"": ""news"", ""english_translation"": ""with this test result, it is very obvious that there is not solution""}"
"Ọpọlọpọ ẹmi lo ti sọnu nipasẹ ààrun kòrónà ni eyi ti awọn eeyan si ti gba kadara si.","sentence","1","{""source"": ""YorùLect"", ""domain"": ""news"", ""english_translation"": ""A lots of lives has been lost due to corona while some people have accepted their faith""}"
"Síbẹ̀, bí wọ́n ṣe ṣàpèjúwe iṣẹ́ wọn kì í ṣe ọ̀rọ̀ kan nípa àwọn èèyàn mìíràn.","sentence","1","{""source"": ""YorùLect"", ""domain"": ""ted"", ""english_translation"": ""Yet, how they described their work is not one word about another people.""}"
"Lọdun náà ninu oṣu kinni, Mo di igakeji aarẹ orilẹ ede yìí.","sentence","1","{""source"": ""YorùLect"", ""domain"": ""news"", ""english_translation"": ""In January of that year, I held the position of vice president in this nation.""}"
"Ọmọọba 'Ajíṣafẹ́ rèé, ọmọ ọdún méje tó ń fi ẹ̀ṣẹ́ dá bírà","sentence","1","{""source"": ""YorùLect"", ""domain"": ""news"", ""english_translation"": ""This is prince 'Ajisafe', a seven-year-old child who is playing with crime.""}"
"Awọn oṣisẹ eleto pajawiri ti wa ni ibi iṣẹlẹ naa ti wọn si n gbiyanju lati wọ awọn ọkọ naa kuro loju ọna.","sentence","1","{""source"": ""YorùLect"", ""domain"": ""news"", ""english_translation"": ""Emergency crews are at the scene and are trying to get the vehicles off the road.""}"
"Ni bayi wakati mẹwa si mọkanla lojumọ ni Adewumi fi n ṣe igbaradi ti o si tun maa n raye lati sun fun igba diẹ,","sentence","1","{""source"": ""YorùLect"", ""domain"": ""news"", ""english_translation"": ""Now, Adewumi spends ten to eleven hours a day preparing and he also had time to sleeps for a while.""}"
"ki olukuluku wa si imo ihinrere nipa gbigbo eko re ki won si di eni igbala.","sentence","1","{""source"": ""YorùLect"", ""domain"": ""rel"", ""english_translation"": ""Each one of us should have knowledge of the gospel by listening to his teaching and they should become saved people.""}"
"Ẹ sì jẹ́ kí n fi irú àwọn àwòrán yìí hàn yín nínú ìtàn ìdílé mi.","sentence","1","{""source"": ""YorùLect"", ""domain"": ""ted"", ""english_translation"": ""And let me show you these types of pictures in the history of my family.""}"
"Ọ̀pọ̀ ènìyàn l'ó fi ẹ̀dùn ọkàn an wọn hàn.","sentence","1","{""source"": ""YorùLect"", ""domain"": ""news"", ""english_translation"": ""Many people showed their grief.""}"
"Asiko yii naa tun ni ogun Agbekọya n waye nilu Ibadan eyi to bẹ silẹ nitori afikun owo ori tijọba ṣe fun awọn agbẹ.","sentence","1","{""source"": ""YorùLect"", ""domain"": ""news"", ""english_translation"": ""At the same time, the Agbekoya war was taking place in Ibadan, which broke out because of the increase in government tax for farmers.""}"
"Ìbànújẹ́ ńlá gbáà ni ikú Aláàfin jẹ́ fún gbogbo ọmọ ilẹ̀ Yorùbá nílé àti lóko.","sentence","1","{""source"": ""YorùLect"", ""domain"": ""news"", ""english_translation"": ""Aláafin's death is a great loss for all Yoruba people at home and abroad.""}"
"Ẹgbẹ́ burúkú ni ẹgbẹ́ tí Àtíkù ń tẹ̀lé.","sentence","1","{""source"": ""YorùLect"", ""domain"": ""news"", ""english_translation"": ""Atiku is following a bad group""}"
"Adájọ́ dájọ́ fún adigunjalè tó kọlu ilé ìfowópamọ́ ní Ìbàdàn.","sentence","1","{""source"": ""YorùLect"", ""domain"": ""news"", ""english_translation"": ""The judge sentenced the robber who attacked the bank in Ibadan.""}"
"O lè gba ìṣẹ́jú mẹ́jọ, tó o bá fi ìṣẹ́jú mẹ́wàá dá àwọn awalẹ̀pìtàn lẹ́kọ̀ọ́ fún àkókò gígùn.","sentence","1","{""source"": ""YorùLect"", ""domain"": ""ted"", ""english_translation"": ""It can take eight minutes, if you use ten minutes to lecture archeologists for a long time.""}"
"Láìpé a máa to sọ àlàkalẹ̀ wa fún aṣeyọri eto aabo ipinlẹ ọ̀yọ́","sentence","1","{""source"": ""YorùLect"", ""domain"": ""news"", ""english_translation"": ""We will soon delineate our strategy for enhancing the security system in Oyo State.""}"
"Àdìgún sọ pé kó tó di pé wọ́n gbé òun lárugẹ, ó yẹ ká béèrè lọ́wọ́ Àmọ̀pé pé ṣé ó ṣàǹfààní?","sentence","1","{""source"": ""YorùLect"", ""domain"": ""ted"", ""english_translation"": ""Àdìgún said before they praise him, we are meant to ask Àmọ̀pé that is it beneficial?""}"
"Ìmọ̀ iṣẹ́ ẹ̀rọ yóò mú kó o bọ́ lọ́wọ́ ipò òṣì.","sentence","1","{""source"": ""YorùLect"", ""domain"": ""ted"", ""english_translation"": ""Knowldge of engineering will make you leave the state of poverty.""}"
"Nígbà tó fi máa di ọ̀la, ó máa di aáyù, á sì bẹ̀rẹ̀ sí í wọnú u rẹ̀.","sentence","1","{""source"": ""YorùLect"", ""domain"": ""ted"", ""english_translation"": ""By the time tomorrow comes, it will become garlic, and it will begin to enter it.""}"
"Oniruuru nnkan lo ti ṣẹlẹ lọdun yii, ọpọ ire ati ọpọ ẹdun ọkan.","sentence","1","{""source"": ""YorùLect"", ""domain"": ""news"", ""english_translation"": ""Many things have happened this year, many good and many heartache""}"
"Awon asaaju awon juu, ti won wa ona lati pa Jesu pinnu","sentence","1","{""source"": ""YorùLect"", ""domain"": ""rel"", ""english_translation"": ""The leaders of the Jews, that looked for a way to kill Jesus decided.""}"
"A sì kọ́ àádọ́ta dín nírínwó èèyàn láti fi hàn ní gbogbo ìlú àti abúlé àti ìlú ńlá ní Ọsirélíà.","sentence","1","{""source"": ""YorùLect"", ""domain"": ""ted"", ""english_translation"": ""And we taught three hundred and fifty people to show in the whole town and villages and big cities in Australia.""}"
"Ènìyàn dáadáa ni gẹ́gẹ́ bí ìtàn ṣe sọ fún wa.","sentence","1","{""source"": ""YorùLect"", ""domain"": ""news"", ""english_translation"": ""He is a good person according to what history told us""}"
"Àtúbọ̀tán ìfìfúnni ní láti to ìṣúra wa jọ sí Ọ̀run.","sentence","1","{""source"": ""YorùLect"", ""domain"": ""rel"", ""english_translation"": ""The repercussion of giving is to arrange our treasure in heaven.""}"
"Máyégún ló sọ ọ̀rọ̀ yìí nígbà tí ó gba àlejò àwọn ọmọ Yorùbá lórí ètò ìfọ̀rọ̀wérọ̀.","sentence","1","{""source"": ""YorùLect"", ""domain"": ""news"", ""english_translation"": ""Mayegun said this when he hosted the Yoruba people on the talk show.""}"
"Okan eniyan se iyebiye ati ainidiyele.","sentence","1","{""source"": ""YorùLect"", ""domain"": ""rel"", ""english_translation"": ""Human's soul is precious and priceless.""}"
"Ìṣòfin àìdájú àti àwọn gbólóhùn bíi “ìnira"" tàbí “ìwọ̀sí"" jẹ́ nǹkan tí a ní láti mójútó.","sentence","1","{""source"": ""YorùLect"", ""domain"": ""news"", ""english_translation"": ""Uncertain laws and phrases like \""hardship\"" or \""disrespect\"" are things we need to be aware of.""}"
"Alufaa Adeboye ti kọkọ sọ siwaju pe oun mọ pe Ibidunni ti wa nibi to dara bayii.","sentence","1","{""source"": ""YorùLect"", ""domain"": ""news"", ""english_translation"": ""Pastor Adeboye said in the beginning that he knows that Ibidunni is now in a good place.""}"
"Tó bá jẹ́ pé ọ̀sẹ̀ kan péré la lò nínú ogun, ó máa dáa ka yanjú ìṣòro yíì.","sentence","1","{""source"": ""YorùLect"", ""domain"": ""ted"", ""english_translation"": ""If it is just one week we spend in the war, it will be good that we resolve this problem.""}"
"Inú obìnrin yìí sì dùn gan an báyìí, ó ń mú àwọn ohun èlò rẹ̀ wá sí ọjà.","sentence","1","{""source"": ""YorùLect"", ""domain"": ""ted"", ""english_translation"": ""And this woman is very happy, she is bringing her instruments to the market.""}"
"gba iyawo re laaye lati wulo daradara ninu ise re ti a fifun.","sentence","1","{""source"": ""YorùLect"", ""domain"": ""rel"", ""english_translation"": ""Permit your wife to be very useful in her work given to her.""}"
"Alukoro ọlọ́pàá ní ìlú Arárọ̀mí ní ọkọ̀ ìgbówó náà ń lọ kí wọ́n tó dá wọn lọ́nà.","sentence","1","{""source"": ""YorùLect"", ""domain"": ""news"", ""english_translation"": ""Some police in Araromi said the vehicle carrying money was going before it was  stopped.""}"
"Nígbà míì, àwọn èèyàn máa ń sọ pé àwọn gbàgbọ́ pé nǹkan ṣì ń bọ̀ wá dáa.","sentence","1","{""source"": ""YorùLect"", ""domain"": ""ted"", ""english_translation"": ""Sometimes, people say they believe that things will still get better.""}"
"Seyi Makinde ní gbogbo ẹni tó mú èèyàn nígbèkùn ní yóò kojú òfin.","sentence","1","{""source"": ""YorùLect"", ""domain"": ""news"", ""english_translation"": ""Seyi Makinde said anyone who takes people captive will face the law.""}"
"Darandaran tí kò bá forúkọ sílẹ̀ gbọdọ̀ fi ìgbó ìjọba sílẹ̀ lOndo, Akeredolu fèsì sọ́rọ̀ Garuba Ṣehu","sentence","1","{""source"": ""YorùLect"", ""domain"": ""news"", ""english_translation"": ""Herdsmen who do not register must leave the Ondo government's bush, Akeredolu responds to Garuba Shehu""}"
"Darapọ mọ wa ni ikede ijọba apapọ yi to jade.","sentence","1","{""source"": ""YorùLect"", ""domain"": ""news"", ""english_translation"": ""Join us in the federal government's latest announcement that has been released.""}"
"Abẹ ìgbèkùn àwọn ọ̀gágun tí ó ti jagun fẹ̀yìntì àti àwọn asọ́mogbée wọn ni orílẹ̀ èdè Nàìjíríà wà.","sentence","1","{""source"": ""YorùLect"", ""domain"": ""news"", ""english_translation"": ""There is no retired military commander and strong military intelligence in the country of Nigeria.""}"
"Ohun ti Yorùbá ń pè ní Èṣù yàtọ̀ sí Sátánì nítorí Èṣù ní iṣẹ́ rere lọ́wọ́","sentence","1","{""source"": ""YorùLect"", ""domain"": ""news"", ""english_translation"": ""What Yoruba is calling Satan is different from Esu because Esu has its own good deed""}"
"O ni ileeṣẹ Onímọ́tò nipinlẹ Eko ti ni awọn ohun elo igbalode, lati fi ṣe ayẹwo iwe ọkọ lati mọ ayederu yatọ si ojulowo.","sentence","1","{""source"": ""YorùLect"", ""domain"": ""news"", ""english_translation"": ""He said the Lagos State Vehicle Office has modern equipment, to check the vehicle document to distinguish fake from genuine.""}"
"Ìjọ̀ba náà ni yóò ṣe nǹkan tí yóò ṣàǹfàní fún gbogbo ènìyàn.","sentence","1","{""source"": ""YorùLect"", ""domain"": ""news"", ""english_translation"": ""The government said he will do something that will benefit everyone.""}"
"Àwọn ajìjàngbara sọ pé ìgbàgbọ́ asán tí ó rinlẹ̀ ní ìgbèríko ni ó ń fa ìwà pálapalà náà.","sentence","1","{""source"": ""YorùLect"", ""domain"": ""news"", ""english_translation"": ""Human rights said the strong superstition in the country side is the cause of the bad behavior""}"
"awon okunrin won ati awon omo won naa yio bori bakanna.","sentence","1","{""source"": ""YorùLect"", ""domain"": ""rel"", ""english_translation"": ""Their men and their children will be victorious as well.""}"
"Bí ọ̀rá àti ṣúgà, èròjà kokéènì, ọtí líle àti másùnmáwo líle ṣe máa ń pọ̀ tó.","sentence","1","{""source"": ""YorùLect"", ""domain"": ""ted"", ""english_translation"": ""Like fat and sugar, that's how much cocaine ingredients, hard alcohol and great unrest are much.""}"
"Ọdúnayọ̀ lo kọkọ gba ile fun mi niluu Eko nitori mi o nile nigba naa.","sentence","1","{""source"": ""YorùLect"", ""domain"": ""news"", ""english_translation"": ""Odunayo first gave me a house in Lagos because I do not have a home then.""}"
"Ninu fidio naa ni iya ọmọ ti yari, to si fẹ lu Baba Ijesha amọ ti awọn eeyan n bẹ lati maṣe bẹẹ.","sentence","1","{""source"": ""YorùLect"", ""domain"": ""news"", ""english_translation"": ""In the video, the child's mother got angry and wanted to hit Baba Ijesha, but people were begging her not to do that.""}"
"Èyí sì máa ń jẹ́ kí ọ̀pọ̀ nǹkan tó ń múni hùwà lódìlódì, àwọn ohun ìní ẹ̀dá sì wà níbẹ̀.","sentence","1","{""source"": ""YorùLect"", ""domain"": ""ted"", ""english_translation"": ""And this makes a lot of things that makes one behave in an odd way, and the properties of humans are there.""}"
"Lẹ́hìn ìyípadà Pọ́ọ̀lù, àdúrà àkọ́kọ́ tí ó gbà ni, ìtọ́ni Ọlọ́run.","sentence","1","{""source"": ""YorùLect"", ""domain"": ""rel"", ""english_translation"": ""After the conversion of Paul, the first prayer he said was, God's guidance.""}"
"Ọlọrun ma jẹ ki itan yii fa ya, ki lo le to eyi.","sentence","1","{""source"": ""YorùLect"", ""domain"": ""news"", ""english_translation"": ""May God prevent any lapses, as it has come to this.""}"
"Tó o bá ń ṣe bẹ́ẹ̀, á túbọ̀ rọrùn fún ẹ láti mọ ohun tó o fẹ́ ṣe.","sentence","1","{""source"": ""YorùLect"", ""domain"": ""ted"", ""english_translation"": ""If you do that, it will be easier for you to know what you want to do.""}"
"Ó ń jẹ́ kí ìgbẹ́kẹ̀lé kí ó wà láàrin àwọn ará.","sentence","1","{""source"": ""YorùLect"", ""domain"": ""rel"", ""english_translation"": ""It makes trust exist among brethren.""}"
"Láì pa àṣẹ orin náà dàbí orin ológun.","sentence","1","{""source"": ""YorùLect"", ""domain"": ""news"", ""english_translation"": ""Without commanding, the song looks like a military song""}"
"Ààrẹ Buhari ní òun kò leè dá sí ètò yíyan ààrẹ tuntun lọ́dún yìí","sentence","1","{""source"": ""YorùLect"", ""domain"": ""news"", ""english_translation"": ""President Buhari said he cannot intervene in the process of electing a new president this year""}"
"Odidi ìlú kan ni wọ́n sọ pé ó di òkúta ní ìpínlẹ̀ Kwara ṣaájú kí ìlàjú tó dé sí ààrin àwọn Yorùbá.","sentence","1","{""source"": ""YorùLect"", ""domain"": ""news"", ""english_translation"": ""It is said that an entire town in Kwara state turned to stone before civilization reached the Yoruba people.""}"
"Dipo bee, awon omo ijo n ba ara won so otito eleyii ti o n mu won dagbasoke si","sentence","1","{""source"": ""YorùLect"", ""domain"": ""rel"", ""english_translation"": ""Instead of that, the church members tells themselves the truth, and this makes them grow more.""}"
"Ile ẹjọ kotẹmilọrun ilu Abuja ti ní Àkànó si ni alaga gbogbogbo fun ẹgbẹ oṣelu onígbàálẹ̀.","sentence","1","{""source"": ""YorùLect"", ""domain"": ""news"", ""english_translation"": ""The Abuja High Court has appointed Akano as the general chairman for the broom political party""}"
"Niwon igba ti eran ara ba si wa laaye ninu wa, ohun irorunti Olorun yoo soro fun wa lati se.","sentence","1","{""source"": ""YorùLect"", ""domain"": ""rel"", ""english_translation"": ""In as much as our flesh is still alive inside us, the easy thing of God will be hard for us to do.""}"
"O sọ pe  bakan naa ni Àjàyí to wa lati Gusu Gusu Naijiria, ti oun naa ko ri nkan ṣe fun awọn eniyan rẹ.","sentence","1","{""source"": ""YorùLect"", ""domain"": ""news"", ""english_translation"": ""He said also, Ajayi who came from the southern part of Nigeria, who also was not able to do anything for his people""}"
"Awon toni itara fun olorun lati ni itara je lati ni ijowu ohun mimo fun olorun","sentence","1","{""source"": ""YorùLect"", ""domain"": ""rel"", ""english_translation"": ""Those that have zeal for God, to have zeal is to be jealous of holy things for God.""}"
"Ó ti tó ọdún mẹ́rin tí ó ti mẹ́nu bà ọ̀rọ̀ ìyàwó rẹ̀ ní ìta gbangba.","sentence","1","{""source"": ""YorùLect"", ""domain"": ""news"", ""english_translation"": ""It has been four years since he mentioned a word about his wife in public.""}"
"Òyìnbó burúkú ni wọ́n kọ síbẹ̀ tí kọmísọ́nnà ọlọ́pàá ní ìpínlẹ̀ Èkó sì buwọ́ lù ú .","sentence","1","{""source"": ""YorùLect"", ""domain"": ""news"", ""english_translation"": ""Poor English was written there, and it was signed by the Commissioner of Police.""}"
"Wọ́n ní ìdí abájọ ìrìn àjò náà ni láti jẹ́ kí àwọn alága ìpínlẹ̀ náà ní ìrírí ìṣèjọba ìbílẹ̀.","sentence","1","{""source"": ""YorùLect"", ""domain"": ""news"", ""english_translation"": ""They said the reason for this travel is to let the chairmen of the state have experience about local governance""}"
"Sísan ìdámẹ́wà di òfin ní Ísíráélì láti ṣe àtìlẹ́hìn fún àwọn ọmọ Léfì.","sentence","1","{""source"": ""YorùLect"", ""domain"": ""rel"", ""english_translation"": ""Paying tithes became a law in Israel to support the children of Levi.""}"
"Àkọ́kọ́ jẹ́ àmì ọ̀nì nǹkan.","sentence","1","{""source"": ""YorùLect"", ""domain"": ""rel"", ""english_translation"": ""The first is a sign of ownership.""}"
"Ìhùwàsíi Buhari burú jáyì, ó ní ẹ̀tàn nínú, kò sì ní orí kò sì ní ìdí.","sentence","1","{""source"": ""YorùLect"", ""domain"": ""news"", ""english_translation"": ""Buhari's behavior is appalling, he is deceptive, and lacks direction.""}"
"Àwọn èèyàn ń sá fún ẹgbẹ́ Oòduà láìfẹ́ darapọ̀ mọ́ wọ́n torí ìwà ìpáǹlé wọn.","sentence","1","{""source"": ""YorùLect"", ""domain"": ""news"", ""english_translation"": ""People are avoiding the Oodua group and hesitating to join them due to their violent tendencies.""}"
"A ti rí dírẹ́bà àti olùrànlọ́wọ́ àwọn akẹ́kọ̀ọ́ nínú bọ́ọ̀sì  Adarí ilé ẹ̀kọ́ tí wọ́n sọnù ní Àkúrẹ́.","sentence","1","{""source"": ""YorùLect"", ""domain"": ""news"", ""english_translation"": ""We found the driver and the students helper in the school principal's bus that went missing in Akure""}"
"Yorùbá láṣà ni olúborí ètò àgbéléwò náà tí àwọn ọmọ Yorùbá káàkiri gbogbo ayé.","sentence","1","{""source"": ""YorùLect"", ""domain"": ""news"", ""english_translation"": ""The Yoruba culture emerged as the vwinner in the program, celebrated by Yoruba people worldwide.""}"
"Gbogbo àwòrán àti àwòrán tó wá láti ilẹ̀ Áfíríkà ni wọ́n ti tà, ó sì lè túbọ̀ dára sí i.","sentence","1","{""source"": ""YorùLect"", ""domain"": ""ted"", ""english_translation"": ""They have sold all the pictures and the pictures that originated from Africa, and it can still be better.""}"
"Alukoro ilé ìwòsàn ńlá Ayọ̀délé Adéyẹmọ ní àláfíà ti padà sí ilé ìwòsàn náà lẹ́yìn wákàtí díẹ̀ tí ariwo náà sọ.","sentence","1","{""source"": ""YorùLect"", ""domain"": ""news"", ""english_translation"": ""Employees of Ayodele Adeyemo's hospital reported that peace had been restored to the hospital after two hours of commotion.""}"
"Nígbà míì, àwọn èèyàn máa ń sọ pé àwọn gbà gbọ́ pé nǹkan ṣì ń bọ̀ wá dáa.","sentence","1","{""source"": ""YorùLect"", ""domain"": ""ted"", ""english_translation"": ""Sometimes, people say that they believe things will still be better.""}"
"Ìjọ gbàdúrà fún ìyàsọ́tọ̀ Bánábà àti Sọ́ọ̀lù fún iṣẹ́ ìránṣẹ́ wọn.","sentence","1","{""source"": ""YorùLect"", ""domain"": ""rel"", ""english_translation"": ""The church prayed for the setting apart of Barnabas and Saul for their ministry.""}"
"Igbagbọ Fádúrótì ni pe ko si ohun ti eeyan ko lee ṣe to ba ti ni igbagbọ.","sentence","1","{""source"": ""YorùLect"", ""domain"": ""news"", ""english_translation"": ""Faduroti's believe  is that there is nothing someone cannot do without faith""}"
"Àǹfààní láti fi àròkọ ránṣẹ́ ti ṣí sílẹ̀ láti ọjọ́ kìíní, oṣù Kẹjọ.","sentence","1","{""source"": ""YorùLect"", ""domain"": ""news"", ""english_translation"": ""The opportunity to write an essay is currently available starting from August first.""}"
"Ohun kókó mẹ́fà tí yòó ṣẹlẹ̀ níbi ìbúra ìjọba tuntun Kọ́lá àti Bísí","sentence","1","{""source"": ""YorùLect"", ""domain"": ""news"", ""english_translation"": ""Six significant events slated to occur during the swearing-in ceremony of the new Kola and Bisi administration.""}"
"gbogbo nnkan miran ti aye ni yoo kan, opin re yoo je aigbagbo","sentence","1","{""source"": ""YorùLect"", ""domain"": ""rel"", ""english_translation"": ""All the other things that the world has will turn sour, the end will be disbelieve.""}"
"A lè mọ ènìyàn rere tàbí búburú nípa bí ó ṣe ń sọ̀rọ̀.","sentence","1","{""source"": ""YorùLect"", ""domain"": ""rel"", ""english_translation"": ""We can know a good person or bad person by the way he speaks.""}"
"Awon eniyan yoo je olufe ti ara won.","sentence","1","{""source"": ""YorùLect"", ""domain"": ""rel"", ""english_translation"": ""People will be lovers of themselves.""}"
"Ọ̀gá àgbà ilé iṣẹ ọlọ́pàá ti kéde àyípadà orúkọ lẹ́yìn tí adelé Ààrẹ pàṣẹ kó ṣe àtúnto ẹ̀ka náà.","sentence","1","{""source"": ""YorùLect"", ""domain"": ""news"", ""english_translation"": ""The commissioner of Police has announced the change of name after the Acting President ordered to reorganize the department.""}"
"Àkókò jẹ́ àmì ìbùkún. Ìbùkún sáàbà má ń wà lórí àkókò.","sentence","1","{""source"": ""YorùLect"", ""domain"": ""rel"", ""english_translation"": ""Time is a sign of blessing. Blessing is usually on time.""}"
"Lọdun yìí, awọn ọmọ ẹgbẹ agbébọn yabo ileeṣẹ ọlọpaa ni ilu Kàfàǹṣà.","sentence","1","{""source"": ""YorùLect"", ""domain"": ""news"", ""english_translation"": ""This year, gunmen members attacked the police station in Kafansa.""}"
"Ní báyìí, kò sí ìdí tí máa fi mọ̀ bẹ́ẹ̀, àmọ́ ó dà bíi pé ọ̀rọ̀ ò rí bẹ́ẹ̀.","sentence","1","{""source"": ""YorùLect"", ""domain"": ""ted"", ""english_translation"": ""Now, there is no reason for me to know that, but it is as if matters are not like that.""}"
"""Olórí orílẹ́ èdè wà lára àwọn olóṣèlú tó lọ ṣàbẹ̀wò sí Tọ́lá lásìkò tó lọ gba ìtọ́jú ní òkè òkun.","sentence","1","{""source"": ""YorùLect"", ""domain"": ""news"", ""english_translation"": ""The president of the country was among the politicians who visited Tola when she went to receive treatment overseas.""}"
"Gbogbo àwọn olùkọ́ tó wà ní kíláàsì mẹ́wàá tó wà ní ìlú Èkìtì ló ń sọ ọ̀rọ̀ kan náà ní ọjọ́ kan náà.","sentence","1","{""source"": ""YorùLect"", ""domain"": ""ted"", ""english_translation"": ""All the teachers in the ten classes that are in Èkìtì town are discussing the same thing on the same day.""}"
"Jije awokose ni gbogbo ona fun awon agbo aguntan","sentence","1","{""source"": ""YorùLect"", ""domain"": ""rel"", ""english_translation"": ""Being a model in all ways for the flock of sheep.""}"
"Ọlọ́gbọ́n èèyàn mọ bá a ṣe lè lo àwọn ohun tó yẹ ní ṣíṣe yìí nínú iṣẹ́ ìsìn Ọlọ́run.","sentence","1","{""source"": ""YorùLect"", ""domain"": ""ted"", ""english_translation"": ""A wise person knows how we can use these right things to do in serving God.""}"
"Bákan náà ni wọ́n tún máa ń kọ àwọn obìnrin àti ọmọdébìnrin tó wà ní àwọn abúlé náà ní ìlà ẹ̀rẹ̀kẹ́.","sentence","1","{""source"": ""YorùLect"", ""domain"": ""news"", ""english_translation"": ""In the same way, they also taught women and girls in the village cheekbones tribal mark.""}"
"Ọ̀rọ̀ tí mínísítà náà sọ ṣòro láti gbàgbọ́ torí àwọn tí orúkọ wọn jẹyọ nínú àlàyé e rẹ̀.","sentence","1","{""source"": ""YorùLect"", ""domain"": ""news"", ""english_translation"": ""What the minister said is hard to believe because of those who he mentioned in his explanation""}"
"Ìròyìn kan tó ń jà ràìnràìn lábẹ́lẹ̀ ni pé, o ṣeé ṣe kí iléeṣẹ́ ààrẹ pagidínà àgbékalẹ̀ ètò ààbò Àmọ̀tẹ́kùn.","sentence","1","{""source"": ""YorùLect"", ""domain"": ""news"", ""english_translation"": ""The circulating rumor suggests that there's a possibility the President's office will obstruct the implementation of the Amotekun security system.""}"
"Piposi tumo si lati ma je oloro ninu ise oluwa lati ma so eso lopolopo,","sentence","1","{""source"": ""YorùLect"", ""domain"": ""rel"", ""english_translation"": ""Increasing means to be wealthy in the works of God, to be bearing a lot of fruits.""}"
"Akẹ́kọ̀ọ́ mọ́kànlá ni wọ́n fẹ̀sùn ìtàbùkù bá adarí ìlú.","sentence","1","{""source"": ""YorùLect"", ""domain"": ""news"", ""english_translation"": ""Eleven students were charged with tarnishing the reputation of the city leader.""}"
"Àwòrán ilẹ̀ tó gbádùn mọ́ni gan an láti rí onírúurú ìyàtọ̀ tó wà láàárín agbami omi ò jọ̀kan ilẹ̀ Áfíríkà.","sentence","1","{""source"": ""YorùLect"", ""domain"": ""ted"", ""english_translation"": ""A picture of land that is very pleasing to see different difference that is between each large bodies of water in Africa.""}"
"Wọ́n sì kọ́ mi ní ohun àjèjì kan gẹ́gẹ́ bí ọmọ kékeré, gẹ́gẹ́ bíi ti Jènẹ́ẹ̀tì.","sentence","1","{""source"": ""YorùLect"", ""domain"": ""ted"", ""english_translation"": ""And they taught me a strange thing as a kid, just as Janet's.""}"
"Yatọ si eleyi o di ipo to pọ mu.","sentence","1","{""source"": ""YorùLect"", ""domain"": ""news"", ""english_translation"": ""Apart from this, he holds a lot of positions.""}"
"Pọ́ọ̀lù gbàdúrà fún ìràpadà ìríran rẹ̀.","sentence","1","{""source"": ""YorùLect"", ""domain"": ""rel"", ""english_translation"": ""Paul prayed for redemption of his sight.""}"
"Eeyan mẹrindinlogun ni kòrónà tun ṣekupa lorilẹ ede Naijiria lọjọbọ.","sentence","1","{""source"": ""YorùLect"", ""domain"": ""news"", ""english_translation"": ""Corona killed sixteen people on thursday in Nigeria""}"
"Fífi sílẹ̀ fún ìtànkálẹ̀ ìhìnrere.","sentence","1","{""source"": ""YorùLect"", ""domain"": ""rel"", ""english_translation"": ""Donating for the spread of the gospel.""}"
"Ó tún sọ nípa ọjọ́ orí rẹ̀ pé òun ti gun òkè àgbà ju kí òun máa ja ìjà ìgboro lọ.","sentence","1","{""source"": ""YorùLect"", ""domain"": ""news"", ""english_translation"": ""He also mentioned discussing his age, noting that he has always held positions of authority and therefore cannot engage in street fights.""}"
"Tá a bá sì lè wo fídíò náà, á jẹ́ kó o mọ ohun tó mú kó o gba ìwé  yìí.","sentence","1","{""source"": ""YorùLect"", ""domain"": ""ted"", ""english_translation"": ""If we can watch the video, it will make you know what made you collect this book.""}"
"Ọta ìbọn ogun abẹ́lé ṣì wà lọ́rùn mi lẹ́yìn àádọ́ta ọdún tí ogún parí.","sentence","1","{""source"": ""YorùLect"", ""domain"": ""news"", ""english_translation"": ""The bullet from the civil war remains lodged in my neck even fifty years after the war ended.""}"
"O sì mọ̀ pé nígbà tó bá ń rìn, mo lè sọ fún un pé ó rí wọn.","sentence","1","{""source"": ""YorùLect"", ""domain"": ""ted"", ""english_translation"": ""And you know that when he is walking, I can tell him that he saw them.""}"
"Báwo ni àwọn alágbàwí lóbìnrin ní Nàìjíríà ṣe ń farada ìkorò orí ẹ̀rọ ayélujára bíi ìsọ̀rọ àlùfànṣá síni, ọ̀rọ̀ ìkórìíra tẹ̀gbintẹ̀gbin?","sentence","1","{""source"": ""YorùLect"", ""domain"": ""news"", ""english_translation"": ""How do women advocates in Nigeria cope with online violence such as , hate speech?""}"
"Àwọn ile iṣẹ tó jẹ́ mọ́  ẹ̀rọ-alátagbà ati ọ̀rọ̀ ìkórìíra.","sentence","1","{""source"": ""YorùLect"", ""domain"": ""news"", ""english_translation"": ""Companies involved in internet and hate speech""}"
"Gbigba Olorun gbo fun ohun ti a ko ri.","sentence","1","{""source"": ""YorùLect"", ""domain"": ""rel"", ""english_translation"": ""Believing God for things we can not see.""}"
"Awon ere nla nla wa ninu ise isin bi a ba sin ni otito.","sentence","1","{""source"": ""YorùLect"", ""domain"": ""rel"", ""english_translation"": ""There are great benefits in service, if we serve truthfully.""}"
"Ìyawo Dáfídì ko arun kòrónà eleyi ti ọkọ rẹ kede faye ni ọsẹ to kọja.","sentence","1","{""source"": ""YorùLect"", ""domain"": ""news"", ""english_translation"": ""David's wife caught corona, the one her husband was announcing to the world last week""}"
"Ohun ti Poolu beru ti n sele ninu okan wa.","sentence","1","{""source"": ""YorùLect"", ""domain"": ""rel"", ""english_translation"": ""What Paul feared is happening in our minds.""}"
"Ati pe awọn yoo kede ilana tuntun fun irinajo silẹ okeere.","sentence","1","{""source"": ""YorùLect"", ""domain"": ""news"", ""english_translation"": ""And they will announce a new policy for international travel.""}"
"Fífi àwọn ẹlòmíràn ṣáájú ara ẹni.","sentence","1","{""source"": ""YorùLect"", ""domain"": ""rel"", ""english_translation"": ""Putting other people before oneself.""}"
"Wọ́n ní ìgbà àkọ́kọ́ rèé tí irú ìwà jàgídíjàgan yìí yóò wáyé ní ìpínlẹ̀ Oǹdó.","sentence","1","{""source"": ""YorùLect"", ""domain"": ""news"", ""english_translation"": ""They said it was the first time that this kind of violence would happen in Ondo state.""}"
"Nípa ti àwọn ọmọ bíbí ibẹ̀, à á fún wọn ní ohun tí ó tọ́ sí wọn, à á sì dà wọ́n pọ̀ mọ́ àwùjọ.","sentence","1","{""source"": ""YorùLect"", ""domain"": ""news"", ""english_translation"": ""As for the children born there, we will give them what they deserve, and we will integrate them into the society.""}"
"Ṣùgbọ́n, àwọn olùkópa náà ti n jẹ ẹ̀bùn owó.","sentence","1","{""source"": ""YorùLect"", ""domain"": ""news"", ""english_translation"": ""But the participants won the money prize""}"
"Gbogbo ẹni tí ìjọba bá fi ọwọ́ọ ṣìgún òfin mú ní Íjípìtì ní í jẹ ìyà oró.","sentence","1","{""source"": ""YorùLect"", ""domain"": ""news"", ""english_translation"": ""Anyone caught violating the law in Egypt by the government will face punishment.""}"
"Ìṣẹ̀lẹ̀ náà wáye lásìkò tí àwọn òṣìṣẹ́ náà ń padà sí ìlú Ẹdẹ láti ìrìn àjò tí wọ́n rìn lọ sí ìpínlẹ̀ Ìṣẹ́yìn.","sentence","1","{""source"": ""YorùLect"", ""domain"": ""news"", ""english_translation"": ""The incident occurred as the workers were returning to Ede village after traveling to Iseyin.""}"
"Àwọn aláwọ̀ funfun kò ní oúnjẹ tí ó dára kankan.","sentence","1","{""source"": ""YorùLect"", ""domain"": ""news"", ""english_translation"": ""The white people did not have any good food.""}"
"Olóyè Ìgbòho ní gbogbo wọn àti olórí wọn ni wọ́n ti mú ìrìnàjò pọ̀n báyìí.","sentence","1","{""source"": ""YorùLect"", ""domain"": ""news"", ""english_translation"": ""Chief Igboho stated that all of them and their leaders have taken their travel arrangements seriously.""}"
"Ọjọgbọn yi tun tẹ siwaju lati kawe sii.","sentence","1","{""source"": ""YorùLect"", ""domain"": ""news"", ""english_translation"": ""The professor has proceed to read more""}"
"Ìjọsìn dàbí tùràrí tí ó ń mú inú Ọlọ́run dùn.","sentence","1","{""source"": ""YorùLect"", ""domain"": ""rel"", ""english_translation"": ""Worship is like incense that makes God happy.""}"
"Àwọn òṣìsẹ́ ní gbogbo àwọn tí wọ́n ṣe léṣe ni wọ́n ti gbé lọ sílééwòsàn.","sentence","1","{""source"": ""YorùLect"", ""domain"": ""news"", ""english_translation"": ""All the workers said those that were injured has been taken to the hospital""}"
"O foya pe Korinti gege bi Efa yoo subu sabe iro Satani; okan won yoo si baje.","sentence","1","{""source"": ""YorùLect"", ""domain"": ""rel"", ""english_translation"": ""He feared that Corinth just as Eve will fall under the lie of Satan, and they will be sad.""}"
"Eyi ti yoo si maa fi rinlẹ lọkan wọn pe ki wọn dibo fun ẹgbẹ oṣelu tiwọn.","sentence","1","{""source"": ""YorùLect"", ""domain"": ""news"", ""english_translation"": ""What will firmly embed in their hearts is voting for their own political party.""}"
"Ọ̀gbẹ́ni Bọ̀dé ni àyẹ̀wò fi hàn pé ọta náà jáde lára rẹ̀ lẹ́yìn tó bà á tán.","sentence","1","{""source"": ""YorùLect"", ""domain"": ""news"", ""english_translation"": ""Mr Bode said the test showed us that the bullet came out of his body after it hit him""}"
"Dádì kan àti ọmọ rẹ̀ ọkùnrin tó jẹ́ ọmọ ọdún méje ń wo eré ìdárayá kan tí wọ́n ń pè ní Fakọyọ.","sentence","1","{""source"": ""YorùLect"", ""domain"": ""ted"", ""english_translation"": ""A father and his son that is seven years old are watching a recreational play that is called Fakọyọ.""}"
"Idi Pataki ti a fi jiroro lori ese yii ni lati daabobo tabi lati wo okan wa ti o ti dibaje san.","sentence","1","{""source"": ""YorùLect"", ""domain"": ""rel"", ""english_translation"": ""The important reason why we discussed this verse is to protect or heal our heart that is corrupt.""}"
"Lati le ma posii,a ni lati gbagbe ohun ti o ti sele nigbakan ri","sentence","1","{""source"": ""YorùLect"", ""domain"": ""rel"", ""english_translation"": ""So as to increase, we have to forget what has happened sometimes ago.""}"
"Ìpè mi ni Olórìṣà olókun, iṣẹ́ tí mo sì yàn láàyò ni iṣẹ́ Amòfin lóríléèdè Nàìjíríà.","sentence","1","{""source"": ""YorùLect"", ""domain"": ""news"", ""english_translation"": ""My calling is God Almighty, and my preferred profession is to be a lawyer in Nigeria.""}"
"Ó ní í ṣe pẹ̀lú ọ̀nà tí à ń gbà sọ̀rọ̀ sí àwọn tó jù wá lọ","sentence","1","{""source"": ""YorùLect"", ""domain"": ""rel"", ""english_translation"": ""It has to do with the way we talk to our elders.""}"
"Ọ̀pọ̀lọpọ̀ aṣọ ìgbàlódé ni a ṣe láti fi mú ènìyàn nítorí ọ̀nà tí a gbà ṣe wọ́n.","sentence","1","{""source"": ""YorùLect"", ""domain"": ""rel"", ""english_translation"": ""We made a lot of modern clothes  to capture humans because of the way we made them.""}"
"Ọba Kọ́lapọ̀ Adégbìtẹ́ Adédoyin sọ pé ohun tí wọ́n sọ nípa Ọwá ìlú Ìkàrẹ́ tó wàjà kì í ṣe òtítọ́.","sentence","1","{""source"": ""YorùLect"", ""domain"": ""news"", ""english_translation"": ""King Kolapo Adegbite Adédoyin said what they said about Owa of the city of Ikare is not true.""}"
"Kaakiri agbaye ni okiki yoo ti kan ni ọjọ abamẹta ti Ọmọọba ilẹ̀ Gẹ̀ẹ́sì tó fẹ́ gbéyàwó.","sentence","1","{""source"": ""YorùLect"", ""domain"": ""news"", ""english_translation"": ""News of the prince of England's desire to marry will circulate worldwide on Saturday.""}"
"Díẹ̀ rèé lára àwọn ibi ìkówèésí tó wà nísàlẹ̀ yìí, níbi tí wọ́n ti máa ń yí padà nígbà gbogbo.","sentence","1","{""source"": ""YorùLect"", ""domain"": ""ted"", ""english_translation"": ""These are few of the places books are kept that are below, where they change at all times.""}"
"Alukoro ẹgbẹ́ ọ̀hún ní ẹrú Fúlàní ni Arẹ́gbẹ́sọlá, ara ló sì ń ta á.","sentence","1","{""source"": ""YorùLect"", ""domain"": ""news"", ""english_translation"": ""The informant within that group said Aregbesola is Fulani's slave, and he is just being jealous""}"
"Mo rò pé ọjọ́ ọ̀la ṣì ń bọ̀ wá dáa tó bá jẹ́ pé ibi tí ibí yìí ń lọ ló ń lọ.","sentence","1","{""source"": ""YorùLect"", ""domain"": ""ted"", ""english_translation"": ""I think that the future is still going to be bright if it is where this is heading that it is heading.""}"
"Wọ́n ti fàgbà han orileede naa gẹgẹ bi ilu ọlọ́rọ̀ to si ni ọjọ iwaju rere.","sentence","1","{""source"": ""YorùLect"", ""domain"": ""news"", ""english_translation"": ""They have developed the country as a rich city with a good future.""}"
"Ní alẹ́, o lè rí ohun tó ṣẹlẹ̀ ní alẹ́ kejì ; nígbà tó bá yá, a máa ń pè wọ́n ní ilẹ̀.","sentence","1","{""source"": ""YorùLect"", ""domain"": ""ted"", ""english_translation"": ""At night, you can see what happened the second night; when it is time, we call them land.""}"
"Àwọn ọlọ́pàá ṣàlààyé pé afurasí kejì náà gba ẹ̀bùn ọkọ̀ kan.","sentence","1","{""source"": ""YorùLect"", ""domain"": ""news"", ""english_translation"": ""The police officers explained that the second suspect collected a car gift""}"
"Ìgbésẹ̀ tó kàn ni láti mú fọ́ọ̀mù tí èèyàn bá ti fọwọ́ sí lọ sí ọ́fiìsì tí àjọ náà ti máa ń fún àwọn awakọ̀ lówó.","sentence","1","{""source"": ""YorùLect"", ""domain"": ""news"", ""english_translation"": ""The next step is to take the signed form to the office where the organization pays the drivers.""}"
"Àdúrà gbígbà bẹ̀rẹ̀ lẹ́hìn ìṣubú ènìyàn. Iṣubí yí sọ ènìyàn di ìjẹ ọ̀tá.","sentence","1","{""source"": ""YorùLect"", ""domain"": ""rel"", ""english_translation"": ""Saying prayers started after the fall of human. This fall turned human to the enemy's prey.""}"
"Ọlọ́run mà ń bùkún wa nípa ti ẹ̀mí àti nípa ti ara ní ibi ìjọsìn.","sentence","1","{""source"": ""YorùLect"", ""domain"": ""rel"", ""english_translation"": ""God blesses us by soul and by body in the place of worship.""}"
"Niṣe ni ile iṣẹ ijọba ipinlẹ Èkìtì kun fọfọ nigba ti ọga ọlọpaa n ṣe ikede naa.","sentence","1","{""source"": ""YorùLect"", ""domain"": ""news"", ""english_translation"": ""The Ekiti state government was crowded when the police were providing the information.""}"
"Ọ̀pọ̀ ọmọ Nàìjíríà ló ti ń pariwo lórí ohun tó fà á tí àṣírí ayédèrú ìwé ẹ̀rí agùnbánirọ̀ mínísítà ètò ìṣúná tẹ́lẹ̀.","sentence","1","{""source"": ""YorùLect"", ""domain"": ""news"", ""english_translation"": ""Numerous Nigerians have been clamoring to uncover the truth behind the former finance minister's fake certificate scandal.""}"
"Aṣa awọn Yoruba kun fun orisi ilana ati eto eleyi ti wọn fi n gbọ ipenija eyikeyi to ba de ba wọn lagọ ara.","sentence","1","{""source"": ""YorùLect"", ""domain"": ""news"", ""english_translation"": ""The culture of the Yoruba people is full of these types of rules and systems that make them listen to any challenge on their body""}"
"Ènìyàn márùn ún mìíràn tún ti gba ìwòsàn lẹ́yìn tí wọ́n gba ìtọ́ju fún àrùn kòró.","sentence","1","{""source"": ""YorùLect"", ""domain"": ""news"", ""english_translation"": ""Some other five people received treatment after receiving treatment for Covid""}"
"Wón ní kò sẹ́ni tó lè tọ́ka ibi tí àwọn ènìyàn tí wọ́n jí gbé wà.","sentence","1","{""source"": ""YorùLect"", ""domain"": ""news"", ""english_translation"": ""They said no one can identify where the people they kidnapped are""}"
"Ilé ẹjọ́ ní bí Mákindé ṣe lé àwọn alága ẹgbẹ́ òṣèlú ní Ọyọ́ lọ lòdì sófin.","sentence","1","{""source"": ""YorùLect"", ""domain"": ""news"", ""english_translation"": ""The court said how Makinde sent the political party chairpersons in Oyo is against the law.""}"
"Won wa ni arowoto ni agbegbe ijo, looto, o le maa si ninu ijo agbegbe kookan.","sentence","1","{""source"": ""YorùLect"", ""domain"": ""rel"", ""english_translation"": ""They are within reach in the region of the church, truly, it can be in each church region.""}"
"Jesu si n yan awon apositeli loni fun ise idasile ijo.","sentence","1","{""source"": ""YorùLect"", ""domain"": ""rel"", ""english_translation"": ""And Jesus is choosing apostles today for the establishment of churches.""}"
"O sọ pe o ṣe pataki ki awọn eeyan mọ iye foonu tó wà níbẹ̀","sentence","1","{""source"": ""YorùLect"", ""domain"": ""news"", ""english_translation"": ""He said it is important for people to know the amount of phone that is there""}"
"E je ki a lo nipa ipin yii lati pin oro otito bi o ti to tabi lila a ki o gun rege","sentence","1","{""source"": ""YorùLect"", ""domain"": ""rel"", ""english_translation"": ""Let us use by this category to share the word of truth as appropriate or dissecting it to look good.""}"
"Ọba Ògúnwùsì ké sí àwọn olóyè rẹ̀ láti bẹ̀rẹ̀ àdúrà ní kíkan láti jẹ́ kí àlááfíà jọba.","sentence","1","{""source"": ""YorùLect"", ""domain"": ""news"", ""english_translation"": ""King Ogunwusi called on his officials to start praying fervently for peace to reign.""}"
"Nínú ìbẹ̀rù ni àwọn èèyàn tó ń gbé ní ìjọ̀ba ìbílẹ̀ Òyìngbò ní ìpínlẹ̀ Èkó àti àwọn olóko òwò níbẹ̀ wà báyìí lẹ́yìn ètò.","sentence","1","{""source"": ""YorùLect"", ""domain"": ""news"", ""english_translation"": ""The residents of Oyingbo local government in Lagos state and the surrounding businessmen are gripped with fear following the incident.""}"
"Àwọn ilé iṣẹ́ tẹlifíṣọ̀n, rédíò, àtàwọn ọkọ̀ ayọ́kẹ́lẹ́ tó wà káàkiri orílẹ̀ èdè fún àwọn tí ebi ń pa.","sentence","1","{""source"": ""YorùLect"", ""domain"": ""ted"", ""english_translation"": ""Telivision, radio and car companies that are in different places in the country for people that are hungry.""}"
"Nítorí náà, nígbà tí mo láǹfààní láti fún àwọn ògbógi tó jẹ́ ògbógi nínú ìmọ̀ nípa sọ́nmọ̀n.","sentence","1","{""source"": ""YorùLect"", ""domain"": ""ted"", ""english_translation"": ""So, when I have the opportunity to give specialists that are specialists in the knowlede about the sky.""}"
"Ọrọ Kẹ́misọ́lá dayọ ni ọjọ kejilelogun oṣù Kẹfà nigba ti adajọ ile ẹjọ giga gba beeli rẹ.","sentence","1","{""source"": ""YorùLect"", ""domain"": ""news"", ""english_translation"": ""Kemisola's case ended in joy on the twenty-second of June when the High Court judge granted her bail.""}"
"Ẹni tó bá pín owó àkánṣe iṣẹ́ nínú ìjọba mi yóò gé ìka jẹ","sentence","1","{""source"": ""YorùLect"", ""domain"": ""news"", ""english_translation"": ""Whoever distributes the money for the work in my government will bite his finger""}"
"Ọjọ́ gbogbo ni ti olè, àmọ́ ọjọ́ kan ṣoṣo ni ti olóhun.","sentence","1","{""source"": ""YorùLect"", ""domain"": ""news"", ""english_translation"": ""Everyday for the thief, but one day the owner.""}"
"Níwọ̀n ìgbà tí òde ti já ọgbọ́n àtamátàsè, ẹyẹ náà ti kọ́ fífò láì bà.","sentence","1","{""source"": ""YorùLect"", ""domain"": ""news"", ""english_translation"": ""Since the outsider has learned the trick, the bird has learned to fly without falling.""}"
"Arákùnrin náà fèsì pé àwọn ọmọ náà ní àwọn mìí náà ti sá lọ tí wọn yóò sì tó padà sílé.","sentence","1","{""source"": ""YorùLect"", ""domain"": ""news"", ""english_translation"": ""The man responded that the children mentioned some individuals had fled but would soon come back home.""}"
"Ibi ti eleyii yoo yori  si ni kiko  ifokansin  inu kan won si Kirisiti sile","sentence","1","{""source"": ""YorùLect"", ""domain"": ""rel"", ""english_translation"": ""Where this will lead is refusing their one mind devotion to God.""}"
"Jìbìtì ni Ràmọ́nì Ìgbàlódé lù tí àwọn ọlọ́pàá ilẹ̀ Amẹ́ríkà fi gbé e.","sentence","1","{""source"": ""YorùLect"", ""domain"": ""news"", ""english_translation"": ""Ramoni Igbalode did fraud which made American Police to arrest""}"
"Ẹ ti fìgbà kan ní ọkùnrin tó dára ní ipò náà, àbí bẹ́ẹ̀ kọ́?","sentence","1","{""source"": ""YorùLect"", ""domain"": ""news"", ""english_translation"": ""You have once had a good man in that position, haven't you?""}"
"O lè rí bó ṣe ṣe pàtàkì tó àti bó ṣe yẹ kó o ní ọkọ̀ lọ́dún yìí.","sentence","1","{""source"": ""YorùLect"", ""domain"": ""ted"", ""english_translation"": ""You can see how important it is and how you are meant to own a car this year.""}"
"Judasi Kikariotu ti o fi Jesu han ni a fi elomiran ropo","sentence","1","{""source"": ""YorùLect"", ""domain"": ""rel"", ""english_translation"": ""Judas Iscariot that identified Jesus is the one we replaced with another person.""}"
"Awọn ti wọn ti ni anfaani lati kẹkọọ jade labẹ akoso abiyamọ yi ṣapejuwe rẹ gẹgẹ bii abiyamọ tootọ.","sentence","1","{""source"": ""YorùLect"", ""domain"": ""news"", ""english_translation"": ""Those who have had the opportunity to learn under this woman described her as a true mother.""}"
"Kété tí ó bá ti gbé aṣọ fún un ni ko ti kò sí àdúrà ní kíkankíkan.","sentence","1","{""source"": ""YorùLect"", ""domain"": ""news"", ""english_translation"": ""As soon as he had brought him clothes, you should start praying earnestly.""}"
"Olorun fun o ni ise iranse pelu eredi kan lokan","sentence","1","{""source"": ""YorùLect"", ""domain"": ""rel"", ""english_translation"": ""God gave you a ministry with one purpose in mind.""}"
"Fi owo ti o dara mu sise po bi egbe","sentence","1","{""source"": ""YorùLect"", ""domain"": ""rel"", ""english_translation"": ""Take working together as a group seriously.""}"
"Ni kikun, Ni akunwosile ati lati ma po sii ninu ise oluwa .","sentence","1","{""source"": ""YorùLect"", ""domain"": ""rel"", ""english_translation"": ""In full, in overflow and to increase in the works of God.""}"
"Eto idibo gbogboogbo to kọja waye ni ọjọ kejidinlọgbọn ati ọjọ kọkandinlọgbọn, oṣu Kẹta, ọdun yìí.","sentence","1","{""source"": ""YorùLect"", ""domain"": ""news"", ""english_translation"": ""The last general election was held on the twenty-eighth and twenty-ninth of March this year.""}"
"Adájọ́ àgbà ti fi ẹ̀wọ̀n ọdún méjìdínlógún dá àwọn ọ̀daràn ajẹ́rangbé lọ́lá.","sentence","1","{""source"": ""YorùLect"", ""domain"": ""news"", ""english_translation"": ""The chief judge sentenced the criminals who stole the animal to 18 years in prison.""}"
"Ó ní ìdí nìyí tí wọ́n fi ríi pé wọ́n lẹ orúkọ àti nọ́ḿbà ìdánimọ̀ ọ̀kọ̀ọ̀kan wọn mọ́ àyà aṣọ tí wọ́n bá wọ̀.","sentence","1","{""source"": ""YorùLect"", ""domain"": ""news"", ""english_translation"": ""there is a reason why they thin  they can stick eachother's name and identification number on the chest of the clothes they wear.""}"
"Nínú ọ̀rọ̀ kan tó bá àwọn oníròyìn sọ ní ilé rẹ̀ ni Onímọ̀ẹ̀rọ̀ Ọláníyan ti sọ̀rọ̀ yìí.","sentence","1","{""source"": ""YorùLect"", ""domain"": ""news"", ""english_translation"": ""Part of the things he spoke to the journalist  about in his house is what Engineer Olaniyan has talked about this""}"
"Àwọn ọmọ ogun máa ń rí àwọn ohun èlò tí wọ́n ń lò nígbà tí àwọn tó wà nínú apá àti ẹsẹ̀ wọn bá pòórá.","sentence","1","{""source"": ""YorùLect"", ""domain"": ""ted"", ""english_translation"": ""Warriors usually see the insruments that they use when those that are inside their arms and legs disappear.""}"
"Ààrẹ wá gbàdúrà pé kí Ọlọ́run dẹ ilẹ̀ fún akọni ilẹ̀ Yorùbá tí ó lọ lẹ́yìn àìsàn ráńpẹ́ náà.","sentence","1","{""source"": ""YorùLect"", ""domain"": ""news"", ""english_translation"": ""The President asked God to bless the Yoruba heros who passed away after the recent illness.""}"
"Àwọn àgbààgbà ní ìlú Ìbàdàn náà ò gbẹ̀yìn níbi ọdún iléyá ní yídì Agodi ìlú Ìbàdàn.","sentence","1","{""source"": ""YorùLect"", ""domain"": ""news"", ""english_translation"": ""The elders in the city of Ibadan too did not carry last during Eid-il-Kabir at Agodi in Ibadan""}"
"Kí ọmọ ọdún mẹ́ẹ̀dógun maa bá ènìyàn mẹ́ẹ̀dọógun sùn lójóoójúmọ jẹ́ nǹkan to bani nínú jẹ́ gidi.","sentence","1","{""source"": ""YorùLect"", ""domain"": ""news"", ""english_translation"": ""For a fifteen year old to sleep with fifteen people every day is really sad.""}"
"Lára àwọn nǹkan ìjà olóró tí wọ́n gbà lọ́wọ́ wọn ni àáké méjì àti àdá kan.","sentence","1","{""source"": ""YorùLect"", ""domain"": ""news"", ""english_translation"": ""Two axes and a machete were among the weapons confiscated from them.""}"
"Ọ̀rọ̀ sísọ ń ṣàfihàn irú ènìyàn tí ó jẹ́, bóyá ó jẹ́ agbéraga tàbí onírẹ̀lẹ̀.","sentence","1","{""source"": ""YorùLect"", ""domain"": ""rel"", ""english_translation"": ""Speaking shows the kind of person you are, whether you are arrogant or humble.""}"
"Obìnrin ọ̀hún sọ síwájú si pé ṣe ni omi bẹ̀rẹ̀ sí ní bọ́ lójú òun tí òun sì ń kígbe ìkúnlẹ̀ abiyamọ lẹ́yìn ìṣẹ̀lẹ̀ náà.","sentence","1","{""source"": ""YorùLect"", ""domain"": ""news"", ""english_translation"": ""The woman further said that tears started to fall from her face and she shouted the kneeling of motherhood after the incident.""}"
"Àmọ́, fojú inú wo ẹnì kan tí kì í ṣe ẹni tó gbajúmọ̀ nínú yàrá náà.","sentence","1","{""source"": ""YorùLect"", ""domain"": ""ted"", ""english_translation"": ""But, reflect on a person that is not a famous person in this room.""}"
"Tádé sọ pé kó tó di pé wọ́n gbé òun lárugẹ, ó yẹ ká béèrè lọ́wọ́ Tọ́lá pé ṣé ó ṣàǹfààní?","sentence","1","{""source"": ""YorùLect"", ""domain"": ""ted"", ""english_translation"": ""Tádé said before they praise him, we are meant to askTọ́lá if it has any advantage.""}"
"Ó sì ń bá Arẹwà lọ ní ìlera tó dáa, kì í ṣe pé ó ń di ọlọ́rọ̀.","sentence","1","{""source"": ""YorùLect"", ""domain"": ""ted"", ""english_translation"": ""And it is going with Arẹwà in good health, it is not that it is becoming the wealthy.""}"
"Ilana tuntun niyi fun mi, yoo si wu mi lati bẹrẹ lakọtun.","sentence","1","{""source"": ""YorùLect"", ""domain"": ""news"", ""english_translation"": ""This is a new process for me, and I would love to start over.""}"
"Irú ewu wo gan an ni ó lè wu àwọn òṣìṣẹ́ elétò ìlera lórílẹ̀ èdè Nàìjíríà?","sentence","1","{""source"": ""YorùLect"", ""domain"": ""news"", ""english_translation"": ""What kind of danger can a health workers face in Nigeria?""}"
"Ìjọba Sèyí Mákindé yóò ri pé ìdájọ́ òdodo wáyé lọ́nà àti dènà irú ìṣẹ̀lẹ̀ báyìí lọ́jọ́ iwájú.","sentence","1","{""source"": ""YorùLect"", ""domain"": ""news"", ""english_translation"": ""Seyi Makinde's government will ensure that true justice is served and prevent such incidents in the future.""}"
"Sàràkí parí ọ̀rọ̀ rẹ̀ pé kí àwọn ọmọ ẹgbẹ́ òṣèlú má fa wàhálà kódà bí wọ́n bá ń ti ìka bọ̀ wọ́n lẹ́nu.","sentence","1","{""source"": ""YorùLect"", ""domain"": ""news"", ""english_translation"": ""Saraki concluded by saying that political members should not cause trouble even if they are pointing fingers at them.""}"
"Àlùfáà tọrọ àforíjì lọ́wọ́ àwọn akẹ́kọ̀ọ́ tó fi ẹnu kò lẹ́nu","sentence","1","{""source"": ""YorùLect"", ""domain"": ""news"", ""english_translation"": ""Priest seek forgiveness from students he kissed""}"
"Àṣàkẹ́ ti ijọba orilẹede Gẹ̀ẹ́sì fi ẹsun kan pe o gbe oogun oloro ni ọjọ kini ana ti pari agunbanirọ rẹ.","sentence","1","{""source"": ""YorùLect"", ""domain"": ""news"", ""english_translation"": ""Asake, who was accused by the British government of transporting hard drugs some time ago, has completed his NYSC service.""}"
"Agbẹnusọ fún ẹgbẹ́ òṣèlú náà ti ń ṣètò ìgbẹ́jọ́ tí yóò tako ìwà ìpáǹle tí ó wáyé lásìkò ìdìbò tí ó kọjá.","sentence","1","{""source"": ""YorùLect"", ""domain"": ""news"", ""english_translation"": ""The spokesperson for the political party is organizing a trial that will oppose the violence that took place during the last election.""}"
"ki gbogbo ara le wa ni alaafia, ki o maa dagba ki o si kun fun ife.","sentence","1","{""source"": ""YorùLect"", ""domain"": ""rel"", ""english_translation"": ""So the whole body will be in good health, it should grow and it should be filled with love.""}"
"Nínú àtẹ̀jáde kan, tí ọ̀gá àgbà àjọ náà kọ lá ti ri kà.","sentence","1","{""source"": ""YorùLect"", ""domain"": ""news"", ""english_translation"": ""In a publication, that the head of organization wrote so it can be read""}"
"Ghan tẹ̀síghájú ghii lọ́pọ̀ ìgbà ni ọkọ̀ ayọ́kẹ́lẹ́ jíìpù kan máa ń ghá láti gbé ighan onìyàn lọ.","sentence","2","{""source"": ""YorùLect"", ""domain"": ""news"", ""english_translation"": ""They further stated that on many occasions, a jeep would arrive and transport people away.""}"
"Bámidélé  ghí i nínú àláa rẹ̀ kẹ́ta ni ó ti rí àwòṣe ko ighan ilé Ọlọ́run ghin.","sentence","2","{""source"": ""YorùLect"", ""domain"": ""news"", ""english_translation"": ""Bamidele said that in his third dream he saw the model for these houses of God.""}"
"Ẹ ti fìgbà kàn nẹ́ ọkùnrin ọ́ dáa nẹ́ ipò ọ̀ún, àbí éè se bẹ́ẹ̀?","sentence","2","{""source"": ""YorùLect"", ""domain"": ""news"", ""english_translation"": ""You have once had a good man in that position, haven't you?""}"
"Ojuse si iran ki Olohun mu ko o.","sentence","2","{""source"": ""YorùLect"", ""domain"": ""rel"", ""english_translation"": ""Duty to the revelation that the Lord gave him.""}"
"Ọ̀sisẹ eleeṣẹ mọnamọna kàn kéè fẹ kán darukọ òun lọ́ ta ìghọn akọroyin lolobo ọrọ ìín..","sentence","2","{""source"": ""YorùLect"", ""domain"": ""news"", ""english_translation"": ""An anonymous worker from the electricity industry alerted the reporters""}"
"Ìnan ọmoogun kọ́ mí kọjú da ìnan ọ̀daràn nẹ Kàdúná ghí ẹ̀jọba rahun ẹ̀jà ún ọn.","sentence","2","{""source"": ""YorùLect"", ""domain"": ""news"", ""english_translation"": ""The soldiers who are dealing with criminals in Kaduna said that the government did not buy weapons for them.""}"
"Ẹ̀basepo ria pẹ̀lu aye.","sentence","2","{""source"": ""YorùLect"", ""domain"": ""rel"", ""english_translation"": ""Our relationship with the world.""}"
"Nibin ọ́ ba ni i se pelu ẹ̀gbala okan ọ̀niyan, nẹ́ opo ẹ̀gba","sentence","2","{""source"": ""YorùLect"", ""domain"": ""rel"", ""english_translation"": ""When it has to do with salvation of human soul, many times.""}"
"Inlé ẹjọ́ ghíi ìnan alága ẹ̀bílẹ̀  gbọdọ̀ gbé ìgbésẹ̀ kankàn títí ẹ̀dájọ́ ẹlé ẹjọ́ Kọ̀tẹ́milọ́rùn","sentence","2","{""source"": ""YorùLect"", ""domain"": ""news"", ""english_translation"": ""The court of the local chairman must not take any action until the judgment of the Court of Appeal""}"
"Leyìn yee ló ṣe alábàpádé Abísóyè kí ghan ń pè ni  Baálè ó jolórín.","sentence","2","{""source"": ""YorùLect"", ""domain"": ""news"", ""english_translation"": ""Afterward, he encountered Abisoye, also known as Baale, who is a singer.""}"
"Ní ọ̀sẹ̀ bíi mélòó kan seyìn, a gbé e re  l̀Iọrin, yee kó kún fún ìdùnnú jù lọ nínú ìròyiìn ghin.","sentence","2","{""source"": ""YorùLect"", ""domain"": ""ted"", ""english_translation"": ""About some weeks ago, we took it to Ìlọrin, that which is filled with joy the most in this news.""}"
"Ọ́ képẹ́ Ọlọ́un nẹ́́ òkè ẹ̀ràpadà.","sentence","2","{""source"": ""YorùLect"", ""domain"": ""rel"", ""english_translation"": ""He called unto God on the mountain of redemption.""}"
"Ìnan olólùfẹ́ẹ orin Fàríìsì se àkíèsí àròyé ọ̀tẹ̀ lẹ́ẹ̀rín in akọrin méjèèjì.","sentence","2","{""source"": ""YorùLect"", ""domain"": ""news"", ""english_translation"": ""Fans of Persian music noticed the rivalry between the two singers.""}"
"Ààrẹ ghí i èṣẹ̀lẹ̀ omíyalé kọ́ háyé nẹ́ ẹ̀pínlẹ̀ Ọṣun dun òun lọ́pọ̀.","sentence","2","{""source"": ""YorùLect"", ""domain"": ""news"", ""english_translation"": ""The president said that he was very pained by the incident of flood that took place in Osun state.""}"
"Níngbà kọ́ hà lọ́mọdé nìghọn òbí rẹ̀ làa jù ú sẹ́lẹ̀ nílé ìghọn ọmọ alárìníyàá kàn.","sentence","2","{""source"": ""YorùLect"", ""domain"": ""news"", ""english_translation"": ""His parent went to put at the motherless babies home when he was very young""}"
"Agbẹjọ́rò àgbà ọ̀hún lá wi síájú si I wí i àjọ ìdìbò o fi ọrúkọ  Ṣòghòrẹ́ sílẹ̀ fún ìdìbọ̀ ààre rárá.","sentence","2","{""source"": ""YorùLect"", ""domain"": ""news"", ""english_translation"": ""The lawyer said further that the election organization did not submit Sowore's name for the presidential election at all.""}"
"Agbẹrunsọ àjọ ọ̀ún kàn Olúọle níkòó lórí níbin ẹ̀pàdé kọ́ háyé lánàá.","sentence","2","{""source"": ""YorùLect"", ""domain"": ""news"", ""english_translation"": ""The spokesperson of the organization knocked Oluwole on his head yesterday at the meeting""}"
"Ẹ̀jọsìn. dàbín tùràrí kọ́ mín mú ẹnú Ọlọ́un dùn.","sentence","2","{""source"": ""YorùLect"", ""domain"": ""rel"", ""english_translation"": ""Worship is like incense that makes God happy.""}"
"Ijo se n ti ipa bee dagbasoke n nu ife, e e se n nu oghu tabi orogun sise.","sentence","2","{""source"": ""YorùLect"", ""domain"": ""rel"", ""english_translation"": ""And the church is by that growing in love, it is not in jealousy or rivalry.""}"
"Ńpasẹ̀ èrìnàjò afẹ́ ọ̀ún, a fẹ́ẹ́ mọ bín ayé àti ẹ̀gbé ayé ṣe rí nẹ́ Èkó","sentence","2","{""source"": ""YorùLect"", ""domain"": ""news"", ""english_translation"": ""Through the travel, we want to know how the world and life is like in Lagos""}"
"Nnkan ki Yorùbá ń pè ní Èṣù yàtọ̀ sí Sátánì nítorí Èṣù ní iṣẹ́ rere lọ́ọ́","sentence","2","{""source"": ""YorùLect"", ""domain"": ""news"", ""english_translation"": ""What Yoruba is calling Satan is different from Esu because Esu has its own good deed""}"
"Ọrọ Kẹ́misọ́lá dayọ níjọ kejielogun osù Kẹfà nígbì kí  adajọ ele ẹjọ gẹ́ga gba béèlì rẹ̀.","sentence","2","{""source"": ""YorùLect"", ""domain"": ""news"", ""english_translation"": ""Kemisola's case ended in joy on the twenty-second of June when the High Court judge granted her bail.""}"
"Adájọ́ tẹ pàsẹ ghíi kí ọ̀jọ̀gbọ́n Akíndélé làa jọ́kòó sẹ ọgbà ẹ̀họ̀n báìín.","sentence","2","{""source"": ""YorùLect"", ""domain"": ""news"", ""english_translation"": ""The judge has issued an order for Professor Akindele to be imprisoned immediately.""}"
"Ọkọ Irábìnrin ọ̀ún fẹ ọọ́ sẹ́ ẹ̀ghé àdéhùn ọlọ́nìkàn nẹ́ ọdún ọ́ kọjá.","sentence","2","{""source"": ""YorùLect"", ""domain"": ""news"", ""english_translation"": ""The lady's husband signed a personal contract last year.""}"
"Ìghọn ọn asòfi Eko le è ghádìí mi, ìghọn lọ́ fòǹtẹ̀ lu oghó kí mọ ná","sentence","2","{""source"": ""YorùLect"", ""domain"": ""news"", ""english_translation"": ""Lagos legislators could not investigate me, they were the ones who extorted the money I spent""}"
"Adépọ̀jù gbá góòlù mẹ́tàlá sághọ̀n hún ikọ̀ agbábọ́ọ̀lù Olúyọ̀lé.","sentence","2","{""source"": ""YorùLect"", ""domain"": ""news"", ""english_translation"": ""Adepoju scored 13 goals into the net for Oluyole""}"
"Gómina ẹ̀pinlẹ Kaduna tẹ fesi ún ìnọn kó mi bu ẹrun atẹ lu ẹ̀jọba.","sentence","2","{""source"": ""YorùLect"", ""domain"": ""news"", ""english_translation"": ""Kaduna state governor replied those that criticize the government""}"
"Àrì le dúó de Olugha ati ńnu Olúgha.","sentence","2","{""source"": ""YorùLect"", ""domain"": ""rel"", ""english_translation"": ""Not being able to wait for God and in God.""}"
"pe ọlọ́pàá láti yanjú aághọ̀ inlú lórí oghó orí, bílísì bá dé","sentence","2","{""source"": ""YorùLect"", ""domain"": ""news"", ""english_translation"": ""He called the police to solve the town's tax dispute, and the police arrived""}"
"Kín ọmọ ọdún mẹ́ẹ̀dógun maa bá ọ̀nìyàn mẹ́ẹ̀dógun sùn lójóoójúmọ jẹ́ un bani ńnú jẹ́ gidi.","sentence","2","{""source"": ""YorùLect"", ""domain"": ""news"", ""english_translation"": ""For a fifteen year old to sleep with fifteen people every day is really sad.""}"
"Ká sọ̀ọ́tọ́, ọ́ máa á mú kọ́ rọrùn, a sèè máa á jẹ́ kọ́ rọrùn gan an.","sentence","2","{""source"": ""YorùLect"", ""domain"": ""ted"", ""english_translation"": ""To be candid, it makes it easy, and it makes it easy a lot.""}"
"Àòrán ẹlẹ̀ kọ́ gbádùn mọ́ni gan ni látẹn rí orísìírísìí ìyàtọ̀ kọ́ hà lẹ́ẹ̀ẹ́rín agbami omi kọ̀ jọ̀kan ẹlẹ̀ Áfíríkà.","sentence","2","{""source"": ""YorùLect"", ""domain"": ""ted"", ""english_translation"": ""A picture of land that is very pleasing to see different difference that is between each large bodies of water in Africa.""}"
"A se á nẹ́ ẹ̀ranse ún eredi ìmusẹ rẹ̀.","sentence","2","{""source"": ""YorùLect"", ""domain"": ""rel"", ""english_translation"": ""We are made servants for the porpose of doing it.""}"
"Dádì kàn àtin ọmọ rẹ̀ ọkùnrin kọ́ jẹ́ ọmọ ọdún méje mí gho iré ẹ̀dárayá kàn kín inọ́n mí pè nẹ́ Fakọyọ.","sentence","2","{""source"": ""YorùLect"", ""domain"": ""ted"", ""english_translation"": ""A father and his son that is seven years old are watching a recreational play that is called Fakọyọ.""}"
"Nítorí náà, ohun tí mo fẹ́ sọ kẹ́yìn ni bí ìgbésí ayé àwọn èèyàn ṣe dùn tó.","sentence","2","{""source"": ""YorùLect"", ""domain"": ""ted"", ""english_translation"": ""So, what I want you to say last is how interesting people's lives are.""}"
"Ẹ̀fúnni jẹ́ èrèèdí fẹfú ẹrúgbìn, ká bàa léè nẹ́ sí i látin fẹfun nẹ.","sentence","2","{""source"": ""YorùLect"", ""domain"": ""rel"", ""english_translation"": ""Giving is for the benefit of planting seeds, so that we can have more from giving people.""}"
"Ìlànà ìghádìí ni fi hàn.","sentence","2","{""source"": ""YorùLect"", ""domain"": ""news"", ""english_translation"": ""The research process showed""}"
"Èjọba ẹpínlẹ̀ ọ̀ún ghí i ọ̀ọ̀yàn mẹ́tàélógún ló kú ńnú ẹ̀jàmbá ọkọ bàlúù kọ́ já sínúu odò.","sentence","2","{""source"": ""YorùLect"", ""domain"": ""news"", ""english_translation"": ""The state government said that twenty-three people died in a plane crash and fell into a river.""}"
"Ọ́ finkun ọrọ rẹ ghí elé ọ́ dagho ọ̀ún jẹ́ tẹ́ elé ẹ̀foóopamọ́.","sentence","2","{""source"": ""YorùLect"", ""domain"": ""news"", ""english_translation"": ""He added to his words that the house that collapsed belonged to the bank""}"
"Àfọ̀njá di Gómìnà ológun apa ẹ̀la oorun Nainjeria leyin kíghọn ológun dìtẹ̀ .","sentence","2","{""source"": ""YorùLect"", ""domain"": ""news"", ""english_translation"": ""Afonja became the military governor of the eastern part of Nigeria after the armed forces took power decietfully.""}"
"Ọ́ kéré tan ogún ọmọ ogun òfurùfu Nàìnjeríà lọ́ pàdánù emí riọn lẹ́ẹ̀ẹ́rín osù mẹ́ta.","sentence","2","{""source"": ""YorùLect"", ""domain"": ""news"", ""english_translation"": ""At least 20 Nigerian Air Force personnel lost their lives within three months.""}"
"Kaka bee, à a sọ ọ̀ọ́tọ́ ńnu ẹ̀fe, à a sèè má a dàgbà soke","sentence","2","{""source"": ""YorùLect"", ""domain"": ""rel"", ""english_translation"": ""Instead of that, we will say the truth in love, and we will grow.""}"
"ighan lasoju Kirisiti ki ghan ran lo lati da ighan ijo sile.","sentence","2","{""source"": ""YorùLect"", ""domain"": ""rel"", ""english_translation"": ""They are the representatives of Christ that were sent to establish churches.""}"
"Irú eghu gho gan an ni ó lè ghu ìghọn. òṣìṣẹ́ elétò ìlera lọ́rílẹ̀ èdè Nàìjéríà?","sentence","2","{""source"": ""YorùLect"", ""domain"": ""news"", ""english_translation"": ""What kind of danger can a health workers face in Nigeria?""}"
"Ńnu fidio kan ko fi lede loju opo ayélujára rẹ lọ́ tẹ mí sun ẹkun pẹlu ẹ̀paya lori bétò kàn áá se lọ.","sentence","2","{""source"": ""YorùLect"", ""domain"": ""news"", ""english_translation"": ""In a video that he posted on his social media, he was crying with shock on how a program would go.""}"
"Sugbọn o ghíi bàbaà un dáhùn, gbogbo righọn kan mi mu ọti ati siga lọ ni, ighọn sèè mí se faaji pẹrẹu.","sentence","2","{""source"": ""YorùLect"", ""domain"": ""news"", ""english_translation"": ""But he said his father didn't answer, they were all just drinking and smoking, and they were having premium enjoyment""}"
"Olúwatóyìn Táíwò Òjó ṣàlàyé ghi i bí òún ṣe rí èrò kó pọ̀ ghin lòún ṣe fẹsẹ̀fẹ.","sentence","2","{""source"": ""YorùLect"", ""domain"": ""news"", ""english_translation"": ""Oluwatoyin Taiwo Ojo explained that upon seeing the large crowd, he fled.""}"
"Níghon ẹ̀gba kí ẹran ara ba tì hà láàyè ńẹ́nú ria, ihun ẹ̀rọ̀rùn  Ọlọun áá sòro un ha láti se.","sentence","2","{""source"": ""YorùLect"", ""domain"": ""rel"", ""english_translation"": ""In as much as our flesh is still alive inside us, the easy thing of God will be hard for us to do.""}"
"Fẹ́fún ìghan tálíkà.","sentence","2","{""source"": ""YorùLect"", ""domain"": ""rel"", ""english_translation"": ""Giving the poor.""}"
"Éè nẹ́ ẹ́ se pẹ̀lú yìnyín Ọlọ́un pẹ̀lú ète ria nígbìn kí ọkàn ria jìnnà sẹ́ i","sentence","2","{""source"": ""YorùLect"", ""domain"": ""rel"", ""english_translation"": ""It does not have to do with praising God with our lips when our mind is far away from him.""}"
"A gbọ́dọ̀ fẹfún látin yin Ọlọ́un lógo, éèé se látin ghá èrè.","sentence","2","{""source"": ""YorùLect"", ""domain"": ""rel"", ""english_translation"": ""We must give to praise the Lord, it is not to look for profit.""}"
"Ẹ jẹ́ kí á jẹ́ ọ̀nìyàn ẹlẹ́ran ara, ihun kọ́ dára jù ní ayé rèéni.","sentence","2","{""source"": ""YorùLect"", ""domain"": ""news"", ""english_translation"": ""Let us be carnal people, that is the best thing in the world.""}"
"Nẹ́ ọdún ká a hà ìín, ọ́ ti se ojúṣe gẹ́gẹ́ bín ọ̀nà kàn kíghọn ọ̀dọ́ọ Nàìnjíeríà yàn láti ní ẹrun ńnú ọ̀rọ̀ òṣèlú.","sentence","2","{""source"": ""YorùLect"", ""domain"": ""news"", ""english_translation"": ""In the current year, it has served as a platform for Nigerian youths to voice their opinions in politics.""}"
"Tàbí ko gboyè lé lórí, be tiẹ̀ gboó púpọ̀ lórí rẹ.","sentence","2","{""source"": ""YorùLect"", ""domain"": ""rel"", ""english_translation"": ""Or that you received a chieftaincy title on, even if you did not receive a lot of money on it.""}"
"Ọ̀pọ̀ ìghọn ọ̀daràn kó mí pe ara righọn nẹ́ ajìjàgbara lápa Gúúsù Nàìjéírià pàápàá jùlọ nílẹ̀ Yoòbá ti mí da èlú rú.","sentence","2","{""source"": ""YorùLect"", ""domain"": ""news"", ""english_translation"": ""Many criminals who call themselves militants in Southern Nigeria, especially in Yoruba land, are disturbing the city.""}"
"Èròńgbà eghé àbádòfin ìlò ẹ̀rọ alátagbà ọ̀ún nẹ látin dẹ́kun ìghọn  àhesọ àti gbólóhùn keè ṣe ọ̀ọ́tọ́ lórí ẹ̀rọ ayélujára.","sentence","2","{""source"": ""YorùLect"", ""domain"": ""news"", ""english_translation"": ""The purpose of the internet policy is to stop rumors and untrue statements on the internet.""}"
"Lónìí, ihò nísàlẹ̀ ilẹ̀ẹ rẹ̀ tẹ ní yàrá méje kó sèè mí lé sí i.","sentence","2","{""source"": ""YorùLect"", ""domain"": ""news"", ""english_translation"": ""Today, the cave under his floor has seven rooms and counting.""}"
"Gbaa ni iyanju ko gbadura ko  lojojumo.","sentence","2","{""source"": ""YorùLect"", ""domain"": ""rel"", ""english_translation"": ""Encourage him and pray for him everyday.""}"
"Nẹ́nu atẹjade ọ̀ún lọ́ ti fi lede ghí i òun nìí jẹ́ kin ọnikọ́ni dunkoko mọ òun.","sentence","2","{""source"": ""YorùLect"", ""domain"": ""news"", ""english_translation"": ""In the publication, he said that he will not let anyone scare him""}"
"Ní alẹ́, o lè rí hun kó ṣẹlẹ̀ ní alẹ́ kejì ; nígbà kó bá yá, a máa  pè ghan ní ilẹ̀.","sentence","2","{""source"": ""YorùLect"", ""domain"": ""ted"", ""english_translation"": ""At night, you can see what happened the second night; when it is time, we call them land.""}"
"Olórí ìjọ ọ̀ún bẹ ìghọn ọmọ ìjọ láti mọ́ kú ẹrun lórí àdọ̀rà ún ọrílẹ̀ èdè Nàìjéríà.","sentence","2","{""source"": ""YorùLect"", ""domain"": ""news"", ""english_translation"": ""The head of the church asked the members of the church not to be silent on the prayer for the nation of Nigeria.""}"
"Bẹ́ẹ̀ náà nẹ àkàrà òyìbó kín Bọ̀bádé gé ún ayẹyẹ ijọ́ èbí ọ̀ún ga lọ́pọ̀.","sentence","2","{""source"": ""YorùLect"", ""domain"": ""news"", ""english_translation"": ""Moreover, the cake that Bobade cut during the birthday celebration was quite tall.""}"
"Ìghọn onígbàgbọ́ sèè mu ẹ̀jẹ̀ Olúgha láì fòyà àrùn","sentence","2","{""source"": ""YorùLect"", ""domain"": ""news"", ""english_translation"": ""And believers drink the blood of the Lord without fear of disease""}"
"A pe á lati jẹ́ ẹ̀ransẹ́ atiriju.","sentence","2","{""source"": ""YorùLect"", ""domain"": ""rel"", ""english_translation"": ""We are called to be servants and stewards.""}"
"Ègbésẹ̀ ìín mí ṣàgbéga ọrúkọ ọ 're kíí àjọ ọ̀ún tẹ nẹ́ nẹ́pa èròyìn kó gbámúṣé kí ghọ́n mí kà.","sentence","2","{""source"": ""YorùLect"", ""domain"": ""news"", ""english_translation"": ""This action enhances the organization's positive reputation concerning the pertinent news they cover.""}"
"Ọlọ́un a máa fẹ ara Rẹ̀ hàn nẹ́ ẹbi ẹ̀jọsìn.","sentence","2","{""source"": ""YorùLect"", ""domain"": ""rel"", ""english_translation"": ""God reveals himself in the place of worship.""}"
"Ẹ̀fúnni gbọ́dọ̀ mú ẹ̀rúbọ dání ńtorí ẹ̀fẹ́ Kírísítì lọ́ mú a sẹ.","sentence","2","{""source"": ""YorùLect"", ""domain"": ""rel"", ""english_translation"": ""Giving must be accompanied with sacrifice because it brings the love of Christ to pass.""}"
"Esi ki igbakeji aarẹ fọ ghin gha ni idahun si ọrọ kighan kan sọ.","sentence","2","{""source"": ""YorùLect"", ""domain"": ""news"", ""english_translation"": ""The response provided by the vice president was prompted by the remarks made by certain individuals.""}"
"ọ̀rọ̀ náà ṣókùnkùn.","sentence","2","{""source"": ""YorùLect"", ""domain"": ""ted"", ""english_translation"": ""The matter is unclear.""}"
"Ọ́ dà bí ọni ghí i ọmọ ọdún mẹ́rùn ún ni mí nígbì kí mọ kọ́kọ́ ní ẹ̀rọ ìgbóhùnsáfẹ́fẹ́ẹ̀ mi.","sentence","2","{""source"": ""YorùLect"", ""domain"": ""news"", ""english_translation"": ""It seems like I was five years old when I got my first radio.""}"
"Ìkan lára ìnan kí in ọ́n se ẹkọlù ìín lẹta ẹ̀bọn bà nígbì kí ìghan yòókù fẹsẹ̀ fẹ́ẹ pẹ̀lú ìn ọn erù fàyàghọ́ kí in ọ́n gbé.","sentence","2","{""source"": ""YorùLect"", ""domain"": ""news"", ""english_translation"": ""One of the perpetrators of this attack was fatally shot, while the others escaped with the stolen goods they had.""}"
"Yèé sèè máa jẹ́ kí ọ̀pọ̀ nǹkan tó ń múni hùghà lódìlodì, ìnan ihun ẹ̀ní ẹ̀dá sìèè  hà ńbẹ̀.","sentence","2","{""source"": ""YorùLect"", ""domain"": ""ted"", ""english_translation"": ""And this makes a lot of things that makes one behave in an odd way, and the properties of humans are there.""}"
"Ọlọ́un á hà pẹ̀lú ọ̀nìyàn.","sentence","2","{""source"": ""YorùLect"", ""domain"": ""rel"", ""english_translation"": ""God will be with human.""}"
"Ẹ̀òsàn tin emí a máa sẹlẹ̀ ńnú ẹ̀jọsìn.","sentence","2","{""source"": ""YorùLect"", ""domain"": ""rel"", ""english_translation"": ""Healing of the soul happens in worship.""}"
"Ẹ̀basepo ria mi tọ́ka inru ọ̀niyan kí a jẹ́","sentence","2","{""source"": ""YorùLect"", ""domain"": ""rel"", ""english_translation"": ""Our relationship points to the kind of person we are.""}"
"Lara ojuse ẹkọ̀ in ni kín ghọn koju ẹ̀ghà ọdaran latọọ ìghọn ọ̀daràn an darandaran kọ́ mí sápamọ́ sẹ́nu egbó latin se ẹ̀kọlù sáráàlu.","sentence","2","{""source"": ""YorùLect"", ""domain"": ""news"", ""english_translation"": ""Among the duties of this officer is to face crime by herdsmen who hide in the forest to attack the public.""}"
"Ẹ mójú tó ọ̀rọ̀ àbọ̀ ẹ̀hin àti ebí rín ńtorí lásìkò ìyanṣẹ́lódì ìín èrẹ̀ẁẹsì lè bá ọkàn rian.","sentence","2","{""source"": ""YorùLect"", ""domain"": ""news"", ""english_translation"": ""Take care of your and your family's security as they may experience depression during the strike period.""}"
"Gẹ́gẹ́ bí agbẹrunsọ ún ààfin e sọ, lọ́ọ̀ọ́rọ̀ ijọ ajé nẹ Merghan wọ elé ègbẹ̀bí lọ.","sentence","2","{""source"": ""YorùLect"", ""domain"": ""news"", ""english_translation"": ""According to the spokesman for the palace, Merghan entered the maternity ward on Monday morning.""}"
"Torí náà, mọ gho gbogbo ẹsàlẹ̀ rẹ̀, ọ́ lé nẹ èédégbèrin, mọ sèè ghá ìnọn ànímọ́ ọ ọkùnrin.","sentence","2","{""source"": ""YorùLect"", ""domain"": ""ted"", ""english_translation"": ""So, I looked at the whole bottom, it is over seven hundred, and I looked for the characteristics of men.""}"
"ìnan elé eṣẹ́ tẹlifíṣọ̀n, rédíò, àtì ọn ọkọ̀ ayọ́kẹ́lẹ́ kọ́ hà káàkiri ọrílẹ̀ èdè ún ìnan kí ebi mí pa.","sentence","2","{""source"": ""YorùLect"", ""domain"": ""ted"", ""english_translation"": ""Telivision, radio and car companies that are in different places in the country for people that are hungry.""}"
"Gẹgẹ bin ìtàn se sọ ẹlú Òkè Igbó nẹ gbogbo ìghan ọ́ kọkọ dé Ìlálẹ̀ tẹ há.","sentence","2","{""source"": ""YorùLect"", ""domain"": ""news"", ""english_translation"": ""According to history, Oke Igbo is where people from Ilale first came from""}"
"Ìghọn aṣòfi àgbà ọrílẹ̀ èdè Nàìjeríà tẹ ún gómìnà ẹ̀pínlẹ̀ Oǹdó lèsì ọ̀rọ̀ rẹ kọ́ sọ.","sentence","2","{""source"": ""YorùLect"", ""domain"": ""news"", ""english_translation"": ""The senior legislators of Nigeria have given the governor of Ondo state a responded to his words.""}"
"Ọlọrun mo jẹ ki itan ghin fa ya, ki lo le to yee.","sentence","2","{""source"": ""YorùLect"", ""domain"": ""news"", ""english_translation"": ""May God prevent any lapses, as it has come to this.""}"
"Gẹ́gẹ́ bii ǹkan ki Tolú sọ, ghi ọghọ́ Ọba  le e ghọ sọ̀ọ̀lọ̀.","sentence","2","{""source"": ""YorùLect"", ""domain"": ""news"", ""english_translation"": ""Take a look at what others are expressing online regarding the Governor's decision.""}"
"O lè rí bó ṣe ṣe pàtàkì tó àti bó ṣe yẹ kó o ní ọkọ̀ lọ́dún yìí.","sentence","2","{""source"": ""YorùLect"", ""domain"": ""ted"", ""english_translation"": ""You can see how important it is and how you are meant to own a car this year.""}"
"Oghó òó jẹ́ kẹ́ mi láyọ̀ gẹ́gẹ́ bẹ́n ojú eghé méjì kọ́ hà únnú ẹ̀ghé ẹ̀ròyìn.","sentence","2","{""source"": ""YorùLect"", ""domain"": ""ted"", ""english_translation"": ""Money does not make me joyful like the two pages that are in the newspaper.""}"
"Ihun  ó bẹ̀rẹ̀ bí àhesọ lásán ti di nǹkun kó ń gbé ighan ọ̀ọ̀yàn lọ́kàn bí ìbò ṣe ń súnmọ́lé.","sentence","2","{""source"": ""YorùLect"", ""domain"": ""news"", ""english_translation"": ""What initially began as a mere rumor is increasingly capturing people's attention as the election approaches.""}"
"Ihun mín jáde látin ẹrun ria mín sàfihàn ínrú ọ̀nììyàn kẹ́n a jẹ́.","sentence","2","{""source"": ""YorùLect"", ""domain"": ""rel"", ""english_translation"": ""Our utterances shows the kind of person we are.""}"
"Eṣẹ̀lẹ̀ kí ọ́ burúkú jáì ọ̀ún kó sekú pa ogún ọ̀nìyàn àti ẹ̀palára ún ọ̀pọ̀ ọ̀ǹyàn.","sentence","2","{""source"": ""YorùLect"", ""domain"": ""news"", ""english_translation"": ""The terrible incident that killed twenty people and injured many people.""}"
"Ninu ọrọ tiẹ, aarẹ ile aṣofin agba, Bukọla Saraki rọ ighan musulumi ki ghan mo reyìn.","sentence","2","{""source"": ""YorùLect"", ""domain"": ""news"", ""english_translation"": ""During his address, the Speaker of the House of Representatives, Bukola Saraki, encouraged Muslims not to lose hope.""}"
"Ọ́ mín jẹ́ kí ẹ̀gbẹ́kẹ̀lé  hà lẹ́ẹ̀ẹ́rín ìghan ará.","sentence","2","{""source"": ""YorùLect"", ""domain"": ""rel"", ""english_translation"": ""It makes trust exist among brethren.""}"
"Ighan kan lára ighan afìṣemọ̀rònú a máa  lọ káàkiri.","sentence","2","{""source"": ""YorùLect"", ""domain"": ""ted"", ""english_translation"": ""Some of the psychologists go around""}"
"Nigbì a ba mí yẹ ese ẹ̀ranse ode oni gho","sentence","2","{""source"": ""YorùLect"", ""domain"": ""rel"", ""english_translation"": ""When we are checking the ministry of nowadays.""}"
"Nẹ́ ẹ̀bẹ̀rẹ̀ osù Ṣẹẹrẹ ọdún ìín, fídíò ọ̀ún déédé pòórá pẹ̀lú àlàyé ránpẹ́ ǹpa arábìrin Mọrọ́lápé.","sentence","2","{""source"": ""YorùLect"", ""domain"": ""news"", ""english_translation"": ""At the beginning of January this year, the video disappeared along with a small explanation of Sister Morolápe.""}"
"Lara ìghọn ebi o ṣẹ́kù ún arabinrin ọ̀ún  ni ẹgbọn rẹ.","sentence","2","{""source"": ""YorùLect"", ""domain"": ""news"", ""english_translation"": ""The only family member remaining for the lady is her brother.""}"
"Yee ko n fe ki gbogbo oniyan di oni igbala.","sentence","2","{""source"": ""YorùLect"", ""domain"": ""rel"", ""english_translation"": ""This one that is wanting every human to be people of salvation,""}"
"Ọ̀pọ̀ ọ̀gá òsèré lọ́ mí bèèrè ẹ̀bálòpọ̀ kẹ obìrin tó gba eré tíátà lọ́ọ́ rian.","sentence","2","{""source"": ""YorùLect"", ""domain"": ""news"", ""english_translation"": ""Senior actors demand sex before they allow women to play roles.""}"
"A gbọ́dọ̀ ninfẹ se ebegho.","sentence","2","{""source"": ""YorùLect"", ""domain"": ""rel"", ""english_translation"": ""We must love inspection.""}"
"Igboho, oni ighan ọlọpaa ọtẹlẹmuyẹ mi gha lorilẹ ede Naijiria lo tun n koju igbẹjọ.","sentence","2","{""source"": ""YorùLect"", ""domain"": ""news"", ""english_translation"": ""Igboho, who is wanted by the Nigerian police, is still facing trial.""}"
"Ẹgbẹ́ méjéèjì kọ́ gbajúmọ̀ jù lọ, Ìpéjọ Ìlọsíghájú Gbogboògbò Ọlọ́ghọ̀ àti Ẹgbẹ́ olóṣèlú Ẹ̀jọba ìgha ara ria Alábùradà","sentence","2","{""source"": ""YorùLect"", ""domain"": ""news"", ""english_translation"": ""The two most popular parties, the All Progressive Congress and the Peoples Democratic Party""}"
"ki ọlọpaa ba mu ẹnikẹni pẹlu aṣọ ologun.","sentence","2","{""source"": ""YorùLect"", ""domain"": ""news"", ""english_translation"": ""If police catch anyone with Soldier uniform""}"
"Elé ẹjọ́ kọ́ ga jù nẹ́ kí gómìnà tẹ́lẹ̀ làa fẹ̀họ̀n ọdún méjìlá ṣara rindin","sentence","2","{""source"": ""YorùLect"", ""domain"": ""news"", ""english_translation"": ""The Supreme Court ordered the  former governor to be jailed for 12 years.""}"
"Ìghọn ọn ajínigbé tún gbé ọ̀nìyàn lójú ọ̀nà ọkọ̀ ojú ìrin kí ọ́ gba elẹ̀ Àríghá kọjá.","sentence","2","{""source"": ""YorùLect"", ""domain"": ""news"", ""english_translation"": ""The kidnappers also abducted people along the route of the train passing through the North.""}"
"Èròyìn kàn kọ́ mí jà ràìnràìn lábẹ́lẹ̀ ni ghí i, o seé se kí eléeṣẹ́ ààrẹ pagidínà àgbékalẹ̀ ètò ààbò Àmọ̀tẹ́kùn.","sentence","2","{""source"": ""YorùLect"", ""domain"": ""news"", ""english_translation"": ""The circulating rumor suggests that there's a possibility the President's office will obstruct the implementation of the Amotekun security system.""}"
"Ikan lára ọmọ ẹgbẹ́ igbìmọ̀ aṣòfin Fádáhùnsí sọ ihun kọ́ mí sẹlẹ̀ lórí kíkó erù ghọlé lẹ́runbodè Nàìnjeríà.","sentence","2","{""source"": ""YorùLect"", ""domain"": ""news"", ""english_translation"": ""A member of Fadahunsi's parliament commented on the ongoing situation regarding the importation of goods at the Nigerian border.""}"
"Isẹ́ mi jẹ́ kí ọ̀nìyàn mọ bó ṣe léè nághó, fífi ọọ́ rẹ̀ ṣiṣẹ́ áá jẹ́ kí ọ́ gbọ́n.","sentence","2","{""source"": ""YorùLect"", ""domain"": ""rel"", ""english_translation"": ""Works makes a person frugal, using your hands to work will make you wise.""}"
"Ìyẹn ni pé wọ́n ti wá rí i pé ohun tó ṣe pàtàkì jù lọ táwọn ọmọ ní láti kọ́ ni ìwa wọn.","sentence","2","{""source"": ""YorùLect"", ""domain"": ""ted"", ""english_translation"": ""That is they have now seen that the most important thing that the children have to learn is their behaviour.""}"
"Fẹ́lá Aníkúlápó ti sọ̀rọ̀ pípọ̀ sílẹ̀ kó tó kú.","sentence","2","{""source"": ""YorùLect"", ""domain"": ""news"", ""english_translation"": ""Fela Anikulapo had a lot to say before he died.""}"
"Jésùn kìrìsì pẹ̀pẹ̀ Ọlọ́un nígbìì ẹ̀rìbọmi Rẹ̀.","sentence","2","{""source"": ""YorùLect"", ""domain"": ""rel"", ""english_translation"": ""Jesus Christ called unto God during his baptism.""}"
"Fojú innú gho ọnì kàn kọ́ se pàtàkì kọ́ sèè gbajúmọ̀ kọ́ sè é máa fọgbọ́n rìn sẹ́nú yàrá ọ̀ún.","sentence","2","{""source"": ""YorùLect"", ""domain"": ""ted"", ""english_translation"": ""Reflect on a person that is important, that is famous, and that applies wisdom to walk into the room.""}"
"Bọ́ tiẹ̀ jẹ́ ghí ọ́ jogún gbogbo ìní bàbá rẹ̀, síbẹ̀ ọ́ fúrúgbìn nẹ́ elé ọ̀ún.","sentence","2","{""source"": ""YorùLect"", ""domain"": ""rel"", ""english_translation"": ""Even though he inherited every of his father's property, still he sowed seeds on the land.""}"
"Ẹgbẹ́ ajàún ẹ̀tọ́ ọmọnìyàn ghíi, ìnan kín ẹ̀jọba rán nẹ́ ẹ̀họ̀n nẹ́ Ejípìtì á tọ́gọ́rùn ún","sentence","2","{""source"": ""YorùLect"", ""domain"": ""news"", ""english_translation"": ""The human rights group said the people government sent to prison in Egypt will be up to hundred""}"
"Láti ijọ́ mélòó kan seyìn, ọ̀pọ̀ lára rin in tẹ mí béèrè lọ́ọ́ mi ghíi Kàí boó se há sọ́dọ̀ mi?","sentence","2","{""source"": ""YorùLect"", ""domain"": ""ted"", ""english_translation"": ""Since like a few days ago, a lot of you has been asking me , How did you come to me?""}"
"Dẹ́bàjẹ́ jẹ́ ọ̀rọ̀ ká lò ún ihun kín ọ́ tẹ kan àbí bàjẹ́, bẹ́n èso àbí ẹran  kọ́ bàjẹ́.","sentence","2","{""source"": ""YorùLect"", ""domain"": ""rel"", ""english_translation"": ""Spoilt is the word we use for a thing that is sour or spoilt, like fruit or meat that is spoilt.""}"
"Àjọ ẹ̀ṣòkan àgbáyé tẹ bu ẹrun àtẹ́ lu bín inan se ghí kín adájọ́ àgbà lọ́rílẹ̀ èdè Nàìnjéríà làa rọọ́kún nẹlé.","sentence","2","{""source"": ""YorùLect"", ""domain"": ""news"", ""english_translation"": ""The United Nations has criticized the decision for the Chief Justice of Nigeria to stay home.""}"
"Sẹ́bẹ̀, bẹ́n inọ́n se sàpèjúghe ẹṣẹ́ rian an àn se ọ̀rọ̀ kàn únpa ìnọn ọ̀ọ̀yàn mìírìn.","sentence","2","{""source"": ""YorùLect"", ""domain"": ""ted"", ""english_translation"": ""Yet, how they described their work is not one word about another people.""}"
"Lọdun ni ni Ọgbẹni Wálé kẹkọọ gboye ko se fẹ gun le ghigha iṣẹ loju ẹsẹ.","sentence","2","{""source"": ""YorùLect"", ""domain"": ""news"", ""english_translation"": ""Mr. Wale graduated that year and wanted to find a job right away.""}"
"Bi igba ti ilẹ mi ni iroyin pe Lọ́ládé ti ẹgbẹ oṣelu Alághọ̀ Aró Amerika di aarẹ.","sentence","2","{""source"": ""YorùLect"", ""domain"": ""news"", ""english_translation"": ""It feels as though it's my own territory where the news of Lolade from the American Blue political party become president""}"
"ìn ọn kọ́ sọ káàdì nù kọ́ fẹ́ gba káàdì tuntun mìírìn náà mí ghá si ibeé.","sentence","2","{""source"": ""YorùLect"", ""domain"": ""news"", ""english_translation"": ""Those who have lost their cards and wish to obtain new ones also came here.""}"
"Ẹ̀jọba á ghíi ìnan fẹ́ ún ìnan ará èlú nẹ́ owó ọ̀fẹ́ o.","sentence","2","{""source"": ""YorùLect"", ""domain"": ""news"", ""english_translation"": ""The government did not say they want to give free money to the citizens.""}"
"Funkẹ ya ọpọ ọ̀ǹyan lẹ́run nígbì kí ọ́ pe apejẹ latin dupẹ lọ́ọ́ ìghọn ọlólùfẹ́ rẹ̀.","sentence","2","{""source"": ""YorùLect"", ""domain"": ""news"", ""english_translation"": ""Funke suprised a lots of people when she did a get-together to thank her fans""}"
"Jesu se n yan ighan apositeli loni ee se idasile ijo.","sentence","2","{""source"": ""YorùLect"", ""domain"": ""rel"", ""english_translation"": ""And Jesus is choosing apostles today for the establishment of churches.""}"
"Ẹ̀gbàgbọ́ righọn ni ghí i ihunkihun kí ọnikọ́ni bá se pẹ̀lú ibi ọmọ níhun se pẹ̀lú ihun kí ọmọ ọ̀ún máa dà láyé.","sentence","2","{""source"": ""YorùLect"", ""domain"": ""news"", ""english_translation"": ""Their belief is that whatever anyone does with the placenta has something to do with what the child will become in the world""}"
"Ìghọn ẹ̀jọba apá àríghá orílẹ̀ èdè Nàìjéríà ọ̀ún tẹ́wọ́ gba òfi kíghọn amúnisìn lò.","sentence","2","{""source"": ""YorùLect"", ""domain"": ""news"", ""english_translation"": ""The government of the northern part of Nigeria accepted the colonialism.""}"
"Sísíhun ighan olóṣèlú  kó fẹ́ kú sórí ipò ààrẹ ghin ti mi pọ̀ jù","sentence","2","{""source"": ""YorùLect"", ""domain"": ""news"", ""english_translation"": ""The obsession of these politicians who are determined to cling to the presidency post until death is becoming excessive.""}"
"Alaafo ko gha n nu aye okunrin ni idi ki Olorun fi da obinrin.","sentence","2","{""source"": ""YorùLect"", ""domain"": ""rel"", ""english_translation"": ""The vacuum in the life of man is the reason God created woman.""}"
"Ó sàlàyé ghí i ṣe ni ghọ́n kọkọ fi iya jẹ ẹsọ alaabo kọ́ ha ńnu ele ọ̀ún kíghọn fin raaye sisẹ ibi riọn.","sentence","2","{""source"": ""YorùLect"", ""domain"": ""news"", ""english_translation"": ""He explained that they first punished the security guard in the house, which allowed them to carry out their evil plan""}"
"Éè sèè sí èíkèí únnú rinín kọ́ lè re  ìkànnì ria ìnín, kọ́ sèè fara da gbogbo àdánghò ayọ̀.","sentence","2","{""source"": ""YorùLect"", ""domain"": ""ted"", ""english_translation"": ""And there is none of you that can go to this our channel, and you should endure all the temptations of joy.""}"
"Àti ghí i ayọ lo ku kó to di ghí i èròhìn asọ̀ nígha leyìn lagbo ele Kabiyesi ọ̀ún tóo bẹ̀rẹ̀ síní í jade sẹ́ta faraye gbọ́.","sentence","2","{""source"": ""YorùLect"", ""domain"": ""news"", ""english_translation"": ""Happiness faded before word of the garments at His Majesty's residence started to circulate.""}"
"Bákàn náà ló ghí i ìghọn ọ̀ǹyàn gbọdọ̀ mọọ̀ fọ ọwọ́ righọn lóòrèkóòrè lásìkò ìín.","sentence","2","{""source"": ""YorùLect"", ""domain"": ""news"", ""english_translation"": ""However, he said people should be washing their hand severally""}"
"Ìmọ̀ iṣẹ́ ẹ̀rọ yóò mú kó o bọ́ lọ́wọ́ ipò òṣì.","sentence","2","{""source"": ""YorùLect"", ""domain"": ""ted"", ""english_translation"": ""Knowldge of engineering will make you leave the state of poverty.""}"
"O léè gho ìnọn unǹkun bín ẹgbẹ̀rún mẹ́rùn ún ọ́ lé ẹ̀ẹ́dẹ́gbàáta ká a mẹ́run kàn ìnín.","sentence","2","{""source"": ""YorùLect"", ""domain"": ""ted"", ""english_translation"": ""You can look at over like five thousand, five hundred that we mentioned.""}"
"Ighan ìghádí fi hàn ghi ìbáṣepọ̀ ghà leeerín yee àti ọpọ́ ni.","sentence","2","{""source"": ""YorùLect"", ""domain"": ""news"", ""english_translation"": ""Studies show that there is a relationship between this and plenty""}"
"Ọ́ lè mú k'Obìrin pàdánù ẹ̀fẹ́ Ọlọ́un kọ́ dára jùlọ ún ayé rẹ̀.","sentence","2","{""source"": ""YorùLect"", ""domain"": ""rel"", ""english_translation"": ""It can make a woman lose the will of God that is best for her life.""}"
"Eghe mẹ́mọ la mí pe ni “ohùn Ọ̀lọ́ún”, á sèè le pàá rẹ́ “nẹ́ ere ún ẹ̀kọ́” tàbí ẹ̀kọ́ni”","sentence","2","{""source"": ""YorùLect"", ""domain"": ""rel"", ""english_translation"": ""The holy book is what we call \""voice of God\"", and we cannot erase it, \""have profit for lessons” or teachings”.""}"
"Ọ̀gá àgbà elé ẹṣẹ ọlọ́ọ̀pá tẹ kéde àyípadà ọrúkọ lêyìn kí adelé Ààrẹ pàṣẹ kó se àtúnto ẹ̀ka ọ̀ún.","sentence","2","{""source"": ""YorùLect"", ""domain"": ""news"", ""english_translation"": ""The commissioner of Police has announced the change of name after the Acting President ordered to reorganize the department.""}"
"Ọ̀pọ̀ ọ̀nìyàn lọ sèè ti fi èrò righọn hàn wí i, ighọn àṣáájú ẹ̀sìn náà mí se àtìleyìn ún Àtíkù kó lè dààrẹ.","sentence","2","{""source"": ""YorùLect"", ""domain"": ""news"", ""english_translation"": ""Many people have expressed their opinion saying that the religious leaders are supporting Atiku so that he can become president.""}"
"Sùgbọ́n ẹgbẹ́ òṣèlú rẹ̀ fìdí rẹmi nínú ìbò ààrẹ àti ìbò ilé ìgbìmọ̀ aṣòfi nẹ́ Àbújá.","sentence","2","{""source"": ""YorùLect"", ""domain"": ""news"", ""english_translation"": ""But his political party was defeated in the presidential and parliamentary elections in Abuja.""}"
"Inan fi bẹ́ẹ̀ gbádùn iré ẹ̀najú nígbì kí yèé mí lọ ún ọ̀sẹ̀ kọ́ tẹ̀ lé e.","sentence","2","{""source"": ""YorùLect"", ""domain"": ""ted"", ""english_translation"": ""They did not really enjoy the recreational play when this was going on for the week after.""}"
"Ìròyìn òfégè ni ghi i ilé ẹjọ pàṣẹ ko gha láti dághọ àkójọ èsì ìbò Gómìnà Òǹdó dúró","sentence","2","{""source"": ""YorùLect"", ""domain"": ""news"", ""english_translation"": ""The claim that the court instructed us to halt the collection of results from the Ondo Governor's election is false.""}"
"Kódà ighọn ajínigbé ọ̀hún tún yìnbọn pa ighọn ẹ̀sọ́ elétò àbò kọ́ mi ṣọ́ elẹ́ ẹ̀kọ́ ọ̀ún.","sentence","2","{""source"": ""YorùLect"", ""domain"": ""news"", ""english_translation"": ""Even the kidnappers shot and killed the security guards guarding the school.""}"
"Ẹgbẹrun mẹtalelọgọta o le marundinlgọta nighan ki ara rihan ti ya.","sentence","2","{""source"": ""YorùLect"", ""domain"": ""news"", ""english_translation"": ""Sixty-three thousand and fifty-three individuals have been healed""}"
"Ọ̀ọ̀yàn mẹẹ̀rún ún lọ́ ti di èrò elé ẹ̀ghòsàn ńtorí ẹ̀ṣẹ̀lẹ̀ ọ̀ún.","sentence","2","{""source"": ""YorùLect"", ""domain"": ""news"", ""english_translation"": ""Five people have gone to the hospital because of the incident""}"
"Ẹlẹ́kàá jẹ igbakeji gomina ko gha lori alefa lọghọlọghọ.","sentence","2","{""source"": ""YorùLect"", ""domain"": ""news"", ""english_translation"": ""Elekaa is the current deputy governor.""}"
"Ighọ́n kọ ìghé ìfẹ̀sùnkànni kan kó mí pè ún ẹ̀dásílẹ̀ rin ọn","sentence","2","{""source"": ""YorùLect"", ""domain"": ""news"", ""english_translation"": ""They wrote a petition calling for their release""}"
"Tóò, fún ohun tó lé ní ọgọ́ta ọdún ni ìrònú ti ń ṣiṣẹ́ nínú àwòkọ́ṣe àrùn náà.","sentence","2","{""source"": ""YorùLect"", ""domain"": ""ted"", ""english_translation"": ""Yes, thinking has been working for over sixty years in the example of the disease""}"
"Ẹ̀dùnnú subú layọ̀ bín ekọ̀ Olúyọ̀lé se tẹ gba ife ẹyẹ líìgì àgbábuta elẹ̀ Nàìnìjeríà.","sentence","2","{""source"": ""YorùLect"", ""domain"": ""news"", ""english_translation"": ""There was joyfulness as oluyole won the trophy for Nigeria premier league""}"
"Ìghọn ele ẹṣẹ kọ́ jẹ́ mọ́  ẹ̀rọ alátagbà ati ọ̀rọ̀ ìkorìra.","sentence","2","{""source"": ""YorùLect"", ""domain"": ""news"", ""english_translation"": ""Companies involved in internet and hate speech""}"
"Ọ̀pọ̀ ọ̀ǹyàn nẹ é yẹ kían lé akẹ́kọ̀ọ́bìrin ọ̀hún torí è se ọmọdé mọ́.","sentence","2","{""source"": ""YorùLect"", ""domain"": ""news"", ""english_translation"": ""Many people said that they should not expel that female student because she is not more a child .""}"
"Nẹpa ẹ̀gbàgbọ́ ìghan bàbá ria, a nẹ́ ereti iye ayeraye.","sentence","2","{""source"": ""YorùLect"", ""domain"": ""rel"", ""english_translation"": ""By the faith of our fathers, we have hope of everlasting life.""}"
"Fojú inú wo adìyẹ kan tó wà lọ́wọ́ rẹ, kó o sì wò ó, kó o sì wò ó, ohun tó ṣe pàtàkì gan an ni.","sentence","2","{""source"": ""YorùLect"", ""domain"": ""ted"", ""english_translation"": ""Reflect on one fowl that is in your hand, and look at it, and look at it, it is a very important thing.""}"
"Ẹ̀mọ̀ràn gho ni Ọ̀jọ̀gbọ́n Yẹmí Òṣnbàjò ún gómìnà Dàpọ̀ Abíọ́dún kí éè gbà rán?","sentence","2","{""source"": ""YorùLect"", ""domain"": ""news"", ""english_translation"": ""What advice did Prof. Yemi Osinbajo gave to governor Dapo Abiodun that he did not accept?""}"
"Oro olohun si gha ni odun ghin gha lati inu ighe gholi Aisaya","sentence","2","{""source"": ""YorùLect"", ""domain"": ""rel"", ""english_translation"": ""God's word to us this year is from the book of Isiah.""}"
"Ńpa tẹ ìghọn ọmọ bíbí ibẹ̀, à á ún ghọn ní ihun kí ó tọ́ sí ghọn, à a sèè dà ghọ́n pọ̀ mọ́ àùjọ.","sentence","2","{""source"": ""YorùLect"", ""domain"": ""news"", ""english_translation"": ""As for the children born there, we will give them what they deserve, and we will integrate them into the society.""}"
"Kọdà, nínbìì a bá mí rìnrìn àjò re elẹ̀ òkèèrè, ọ́ se pàtàkì ká mọ ìnan ará Kánádà.","sentence","2","{""source"": ""YorùLect"", ""domain"": ""ted"", ""english_translation"": ""Even, when we are travelling abroad, it is important that we know the people of Canada.""}"
"Níjọ́ kejì kín ọ́n sẹsẹ́ abẹ ọ̀ún tán nẹlé ẹ̀wòsàn ọ̀ún ṣẹ̀ṣẹ̀ mọ̀ ghíi àsìse háyé.","sentence","2","{""source"": ""YorùLect"", ""domain"": ""news"", ""english_translation"": ""It was the second day after the surgery was  done was when the hospital realize that something had gone wrong""}"
"Ẹ̀tan esu áá pọ̀ sii gidigidi.","sentence","2","{""source"": ""YorùLect"", ""domain"": ""rel"", ""english_translation"": ""The deceit of satan will increase very much.""}"
"Ijọ́ mẹ́sàn án péré nẹ ó kù kín á se ọdún Kérésì ọdún ìín.","sentence","2","{""source"": ""YorùLect"", ""domain"": ""news"", ""english_translation"": ""There are just nine days remaining until Christmas this year.""}"
"Ọ̀niyan nin ìghọn ìṣòro àti ìdojúko ayé kọ́ kọja tara, ẹ̀kọ́  ati agbára ẹ̀mọ̀ èjinle rẹ̀.","sentence","2","{""source"": ""YorùLect"", ""domain"": ""rel"", ""english_translation"": ""Human has problems and challenges of life that are beyond physical, teachings and the power of his deep knowledge.""}"
"A gbà á là ńpa rẹ̀, ní èrèèdi ìtèsíájú rẹ̀.","sentence","2","{""source"": ""YorùLect"", ""domain"": ""rel"", ""english_translation"": ""We are saved by his grace, in the purpose of  his progress.""}"
"Ighọ́n nẹ́ Ẹ̀gboho gunlẹ sẹ́ ìghọn ẹ̀pinlẹ iin nẹ́gbí kọ́ lọ rebē latin kọju ẹ̀ja síghọn jàǹdùkú Fílàní kọ́ mí hugha ọdaran nibẹ.","sentence","2","{""source"": ""YorùLect"", ""domain"": ""news"", ""english_translation"": ""They said Igboho came to these states when they went there to fight against the Fulani terrorist  who were committing crimes there.""}"
"O fi kun un ghi, ""oorun rẹ ee daa rara, amo ogho gọbọi lo ba de.""","sentence","2","{""source"": ""YorùLect"", ""domain"": ""news"", ""english_translation"": ""He added that, \""your sleep is not good at all, but it comes with a lots of money.\""""}"
"Bakàn náà nẹ ghọn ṣseleri ghí ẹ̀yanṣẹlodi hà lara irinṣẹ kí ìghọn máa lo latin fi ẹhonu ìghọn   hàn lori ìghọn  egbesẹ ẹ̀jọba ọ̀ún","sentence","2","{""source"": ""YorùLect"", ""domain"": ""news"", ""english_translation"": ""They also promised strike is one of the tools they will use to express their protest against the government's actions.""}"
"Àjọ èṣọ̀kan àgbáyé tẹ ghí i ighọ́n tì nílò àlékún oghó ún ìghọn  ẹrànghọ́ kí ghọ́n mí se ún ìghọn ọmọ alárìníyàá.","sentence","2","{""source"": ""YorùLect"", ""domain"": ""news"", ""english_translation"": ""The United Nations has stated that they still require additional funds for the assistance they provide to orphans.""}"
"Ó se ti ṣe amúgbálẹ́gbẹ̀ẹ́ ààrẹ Ilé ìfoghópamọ́ Àgbáyé.","sentence","2","{""source"": ""YorùLect"", ""domain"": ""news"", ""english_translation"": ""He has held the position of vice president at the World Bank.""}"
"Òdú nẹ Fẹ́mi Ọ̀ṣíbọ́nà, éè se àìmọ̀ ún olóko nẹ́ àùjọ ighọn kọ́ mi ta ẹlẹ̀.","sentence","2","{""source"": ""YorùLect"", ""domain"": ""news"", ""english_translation"": ""Femi Osibona is not new in the selling of land business.""}"
"Ọ̀gà àgbà elé ẹṣẹ́ aṣọ́bodè Nànìnjeríà mín jẹ́jọ́ lọ́ọ́ lórí ẹ̀sùn ẹ̀ghà àjẹbarún ṣíájú ẹkú rẹ̀.","sentence","2","{""source"": ""YorùLect"", ""domain"": ""news"", ""english_translation"": ""Before his death, the head of security was facing trial on charges of murder.""}"
"Ìnan apèsè ayélujára gbọdọ̀ tẹ̀lé òfi ìín àbí kín ọ́n sanghó ẹ̀tanràn","sentence","2","{""source"": ""YorùLect"", ""domain"": ""news"", ""english_translation"": ""Internet servers must comply with this law or pay fines""}"
"Ẹ jọ̀wọ́, ẹ jọ̀wọ́, ẹ jọ̀wọ́ ka gírámà náà, nítorí pé kò wò ó ní ọdún mẹ́wàá tó kọjá.","sentence","2","{""source"": ""YorùLect"", ""domain"": ""ted"", ""english_translation"": ""Please, please, please read this grammar, because he did not check it in the last three years.""}"
"Ìnan ọrílẹ̀ èdè kọ́ mí móó gọbọi ghọlé gan an nẹ ìnan kó mú ojú ọjọ́ yí padà.","sentence","2","{""source"": ""YorùLect"", ""domain"": ""ted"", ""english_translation"": ""The countries that are generating a lot of money are the ones changing the face of things.""}"
"Ọ̀pọ̀ ìghọn ọ̀ṣìṣẹ́ ètò elera ló ti kú ńtorí ghí i ighọ́n mí tọ́jú tàbin polongo ẹ̀gbógun ti àrùn ẹ̀bólà nẹ́ ọrílẹ̀ èdè Kóńgò.","sentence","2","{""source"": ""YorùLect"", ""domain"": ""news"", ""english_translation"": ""Different health care workers have died because they were treating or promoting the fight againts Ebola disease in Congo""}"
"Ẹ̀ròyìn nẹ ìghan ẹlẹ́ọ̀n mẹghàá nẹ ìghan agbébọn ọ̀ún kọ́kọ́ tú sẹlẹ̀ lọ́gbà ẹ̀họ̀n.","sentence","2","{""source"": ""YorùLect"", ""domain"": ""news"", ""english_translation"": ""The news said ten prisoners were the first to be released by the gunmen from the prison""}"
"A pe á lati sin Kirisiti, Ìjọ ati iran ria a.","sentence","2","{""source"": ""YorùLect"", ""domain"": ""rel"", ""english_translation"": ""We are called to serve Christ, church and our generation.""}"
"Ní báìín rán, bọ́ tiẹ̀ jẹ́ ghí i à ń dúró de gbogbo unǹkun ghọ̀nín látin sẹlẹ̀, ihun kọ́ọ léè se tẹ̀kálára rẹ rèénì","sentence","2","{""source"": ""YorùLect"", ""domain"": ""ted"", ""english_translation"": ""Right now, even if it is that we are waiting for all these things to happen, that is what you can do for""}"
"Ẹ̀sùn onípele méje niọ́n fẹ kan Mínísítà fétò ẹ̀dájọ́ àti agbẹjọ́rò àgbà Nàìnjeríà tẹ́lẹ̀.","sentence","2","{""source"": ""YorùLect"", ""domain"": ""news"", ""english_translation"": ""A seven-level indictment was brought against the former Minister of Justice and Attorney General of Nigeria.""}"
"Èròyìn nẹ́pa àjàkálẹ̀ àrùn ìín mí gba gbogbo orí ẹrọ alátagbà kàn","sentence","2","{""source"": ""YorùLect"", ""domain"": ""news"", ""english_translation"": ""The news about this disease epidemic is taking over the internet""}"
"Adébọ́lá lo ti rinrin ajo re ilu Abuja lati ọsẹ diẹ seyin.","sentence","2","{""source"": ""YorùLect"", ""domain"": ""news"", ""english_translation"": ""Adebola travelled to Abuja some weeks back""}"
"Adeboye ghí ìkan lara ìghọn unǹkun nla nla kọ́ máa sẹlẹ tori egbele kòrónà","sentence","2","{""source"": ""YorùLect"", ""domain"": ""news"", ""english_translation"": ""Adeboye said one of the big things that will happen because of the corona pandemic""}"
"Ajọ eleto edibo ọrile ede Nàìnjíeíà tẹ fi kun gbedeke ijọ kí ìghọn oludibo máa láǹfààni latin gba kaadi edibo nijọ mẹta.síi","sentence","2","{""source"": ""YorùLect"", ""domain"": ""news"", ""english_translation"": ""The National Electoral Commission of Nigeria has extended the date on which voters will be able to receive their voters card by three days.""}"
"Àṣé ara mi nẹ esó tẹ mí dùn, k'èmi náà mí ṣépè ún ọni kó mí só","sentence","2","{""source"": ""YorùLect"", ""domain"": ""news"", ""english_translation"": ""Hence, it was my body from which the unpleasant odor emanated, and I have uttered a curse upon the individual responsible for it.""}"
"A  ribi fidi rẹ mulẹ sugbọn ighọn nẹ́ ìghọn mínrìn kọ́ jajabọ tẹ ha nẹ́ Kàfàǹṣà.","sentence","2","{""source"": ""YorùLect"", ""domain"": ""news"", ""english_translation"": ""We couldn't obtain evidence, but reportedly, some individuals who managed to escape are now in Kafansa.""}"
"Melaye ti ghíi òun má a gbé ẹjọ èdibo ọ̀ún re ẹghájú ẹ̀gbìmọ̀ ẹ̀gbẹjọ kọ́ mí ri si aghuyeghuye kọ́ jẹyọ ún núu eto èdibo.","sentence","2","{""source"": ""YorùLect"", ""domain"": ""news"", ""english_translation"": ""Melaye has said that he will take the election case before the judicial committee that is looking into the controversy that arose in the election process.""}"
"Gómìnà ẹ̀pínlẹ̀ Èkó ghíi ohun kí ìghọn irá Èkó fẹ́ ni ghí i kí ẹná ẹ̀jọbá dúró lárìṣẹ́jú kí iṣẹ́ righọn sèè máa lọ déédé.","sentence","2","{""source"": ""YorùLect"", ""domain"": ""news"", ""english_translation"": ""The governor of Lagos state said what the people of Lagos want is for the government electricity to go non-stop and their work should be going smoothly.""}"
"Láìpé a máa to sọ àlàkalẹ̀ ria fún aṣeyọri eto aabo ipinlẹ ọ̀yọ́","sentence","2","{""source"": ""YorùLect"", ""domain"": ""news"", ""english_translation"": ""We will soon delineate our strategy for enhancing the security system in Oyo State.""}"
"Ọ́ ghí i ílú ọ̀ún áá di ibi kí gbogbo agbaye áá má a há, latin lá gbadọ́ra nibi eboji rẹ, kíghọn bá sin sẹ́bẹ̀.","sentence","2","{""source"": ""YorùLect"", ""domain"": ""news"", ""english_translation"": ""He said the city will become a place where the whole world will come to pray at his grave, if he his buried there.""}"
"Ntorí ghí ọ́ tin lá rí i báìín, mọ sọ ìnan àkọsílẹ̀ kàn kọ́ dá lérí sìgá mímu.","sentence","2","{""source"": ""YorùLect"", ""domain"": ""ted"", ""english_translation"": ""Because you have seen it now, I mentioned some articles that are on cigarettes.""}"
"Lọ́ọ̀ọ́tọ nẹ Ikeduba jẹ ọmọ ẹ̀pinlẹ Agége, sugbọn agbegbe Ebute Meta nẹ́luu Eko nẹ ighọn bi i si.","sentence","2","{""source"": ""YorùLect"", ""domain"": ""news"", ""english_translation"": ""It is true that Ikeduba is a from Agege state, but he was given birth to in Ebute Meta in Lagos""}"
"Aya Ajimobi ghí oun ti gbaradi ni kete kighan kuro lori aga aleefa.","sentence","2","{""source"": ""YorùLect"", ""domain"": ""news"", ""english_translation"": ""Ajimobi's wife said she was ready as soon as they left the position""}"
"Ghii dajudaju kose ghin to kanlẹ, mọlẹbi a fi ọrọ ẹbi sita nipa rẹ.","sentence","2","{""source"": ""YorùLect"", ""domain"": ""news"", ""english_translation"": ""He mentioned that before the end of the week, the relative will publish something about it.""}"
"ijo ti n dagba nipa temi lojoojumo, e e se niti iye.","sentence","2","{""source"": ""YorùLect"", ""domain"": ""rel"", ""english_translation"": ""The church is growing by spirit everyday, that it is not by numbers.""}"
"Yèé è gbé mi lọ́kàn bíi ti ìlàkàka ihọn ọmọ adúlághọ̀ kí ó mí se ìrìnàjò nínúu ilẹ̀ adúláọ̀.","sentence","2","{""source"": ""YorùLect"", ""domain"": ""news"", ""english_translation"": ""I'm less concerned about this compared to the endeavors of Africans traveling within the continent.""}"
"Abíọ́dún fi kún un ghí i ẹgbákèjì Ààrẹ Nàìjeríà ọ̀ún tẹ fi ẹ̀dùn rẹ̀ ráńsẹ́ sí ìghọn ọ̀nìyàn ẹ̀pínlẹ̀ ọ̀hun.","sentence","2","{""source"": ""YorùLect"", ""domain"": ""news"", ""english_translation"": ""Abiodun said the vice president has sent his condolences to the people of his state""}"
"Èghé mímọ́ pèsè ún ẹ̀kọ́ kọ́ tọ́ nínnú ẹ̀ghà bí ọlọ́un","sentence","2","{""source"": ""YorùLect"", ""domain"": ""rel"", ""english_translation"": ""The holy book provides for the teaching that is right in godliness.""}"
"Ọmọ méje nẹ mọ bí sùgbọ́n gbogbo riọ́n tẹ ṣalárìsí.","sentence","2","{""source"": ""YorùLect"", ""domain"": ""news"", ""english_translation"": ""I gave birth to seven children but they all died""}"
"Ọ́ sàlàyé ghí ọmọ òun un se onijọgbọn, bẹ́ẹ̀ le è  se adigun jalè.","sentence","2","{""source"": ""YorùLect"", ""domain"": ""news"", ""english_translation"": ""He explained that his son is not a troublemaker , nor is he a thief.""}"
"Lọdun ọ̀ùn ńnú osù kinni, Mo di igakeji aarẹ ọrilẹ ede ìín.","sentence","2","{""source"": ""YorùLect"", ""domain"": ""news"", ""english_translation"": ""In January of that year, I held the position of vice president in this nation.""}"
"Ilu igboọra jẹ ilu kan lagbaaye ko gbajugbaja.","sentence","2","{""source"": ""YorùLect"", ""domain"": ""news"", ""english_translation"": ""Igboora village is one of the most famous cities in the world.""}"
"Òṣèré ajíhìnrere Bámilóyè lọ́ mí  pàrọghà  báìín sẹ́ ìnọn ọkùnrin láti sẹmi pẹ́pààrọ̀ obìrin bín ọni pààrọ̀ asọ.","sentence","2","{""source"": ""YorùLect"", ""domain"": ""news"", ""english_translation"": ""Evangelist Bamiloye is now urging to men to stop changing women like changing clothes.""}"
"Ìdí reni kó fi ghi ghi Allison, kó jẹ́ ògbóǹkangí, lá kó o ghá sórí tábìlì.","sentence","2","{""source"": ""YorùLect"", ""domain"": ""ted"", ""english_translation"": ""That is why we said Allison, that is expert, bring them to the table.""}"
"Sanwó Olú kí ighan onìyàn ìpínlẹ̀ Èkó fún ìfaradà sí bí ìgbà ti rí lásìkò ghín.","sentence","2","{""source"": ""YorùLect"", ""domain"": ""news"", ""english_translation"": ""Sanwo Olu extended his greetings to the people of Lagos State, commending them for their patience during this time.""}"
"O rọ ile igbimọ aṣofin kẹsan an ko ṣẹṣẹ bẹrẹ iṣẹ lati ya ogho kan sọtọ.","sentence","2","{""source"": ""YorùLect"", ""domain"": ""news"", ""english_translation"": ""He urged the ninth parliament that has just started work to set aside a budget.""}"
"Dókítà Adéyẹrí kọ jẹ́ olùdarí elé ẹhòsàn ọ̀ún nẹ́ ẹ̀lú Àkúrẹ́ tẹ pàdánù èmí rẹ̀ sọ́ọ́ àrùn kòró.","sentence","2","{""source"": ""YorùLect"", ""domain"": ""news"", ""english_translation"": ""Dr. Adeyeri, the hospital director in Akure, has lost his life to Coronavirus.""}"
"Pẹ̀lú èsì àyẹ̀ò ìín, ó hàn gbangba wí é sí ọ̀nà àbáyọ.","sentence","2","{""source"": ""YorùLect"", ""domain"": ""news"", ""english_translation"": ""with this test result, it is very obvious that there is not solution""}"
"Fẹ́mi Òjùdú gan an kọ́ mí sọ̀rọ̀ ló koo lọ́ọ́ lọ sọ́dọ̀ Ìgbòho.","sentence","2","{""source"": ""YorùLect"", ""domain"": ""news"", ""english_translation"": ""Femi Ojudu, who is speaking, is not as wealthy as I am, Igboho.""}"
"Olumidé jẹ ìlúmọ̀ọ́ká olórin kí gbogbo ọ̀nìyàn mọ nẹ́ ọ̀pọ̀ ìghọn elẹ̀ aduláọ̀","sentence","2","{""source"": ""YorùLect"", ""domain"": ""news"", ""english_translation"": ""Olumide is well known singer that everyone knows in most African countries""}"
"Tóò, fún hun kọ́ lé nẹ ọgọ́ta ọdún nẹ erònú tẹ mí sisẹ́ ńnú àòkọ́ṣe àrùn ọ̀ún.","sentence","2","{""source"": ""YorùLect"", ""domain"": ""ted"", ""english_translation"": ""Yes, thinking has been working for over sixty years in the example of the disease""}"
"N po ghin, ghan je olutoju ati olubo odo agutan ati agutan Jesu","sentence","2","{""source"": ""YorùLect"", ""domain"": ""rel"", ""english_translation"": ""In this state, they are carers and coverers of Jesus's lamb and sheep.""}"
"Èdí rèé kín ẹ̀jọba ẹ̀pínlẹ̀ Èkìtì fín ghó elè arúgbó nẹ́ ẹ̀dàjí ijọ́ èṣẹ́gun.","sentence","2","{""source"": ""YorùLect"", ""domain"": ""news"", ""english_translation"": ""This is the reason why the Ekiti state government demolished the old people's home very early on Tuesday""}"
"A sì lọ sí ìpele kẹta, níbi tá a ti ń fún wọn ní owó ẹyọ kan.","sentence","2","{""source"": ""YorùLect"", ""domain"": ""ted"", ""english_translation"": ""And we moved to the third stage, where we were giving them one cowry.""}"
"Jije aghokose ni gbogbo ona fun ighan agbo aguntan","sentence","2","{""source"": ""YorùLect"", ""domain"": ""rel"", ""english_translation"": ""Being a model in all ways for the flock of sheep.""}"
"Sàsà lọni ó lè wí òun mọ ẹja panla lọ́rilẹ̀ èdè Nàìjéría.","sentence","2","{""source"": ""YorùLect"", ""domain"": ""news"", ""english_translation"": ""Who can claim ignorance of hake fish in Nigeria?""}"
"Ená ọ̀ún fa ọ̀pọ̀ súnkẹrẹ gbàkẹrẹ ọkọ̀ bí ighọn aghakọ̀ se lè kọjá bín ẹná ọ̀ún se ńjó.","sentence","2","{""source"": ""YorùLect"", ""domain"": ""news"", ""english_translation"": ""The fire caused a lot of traffic jams as the drivers could not pass as the fire was burning.""}"
"Eeyan mẹrindinlogun ni kòrónà tun ṣekupa lorilẹ ede Naijiria lọjọbọ.","sentence","2","{""source"": ""YorùLect"", ""domain"": ""news"", ""english_translation"": ""Corona killed sixteen people on thursday in Nigeria""}"
"Sẹ́san ẹ̀dámẹ̀ghá látin tọ́jú ìnan ẹ̀ránṣẹ́ Ọlọ́un gẹ́gẹ́ bín a tẹ fin ẹ̀dámẹ̀ghá ko ìnan ọmọ Léfì.","sentence","2","{""source"": ""YorùLect"", ""domain"": ""rel"", ""english_translation"": ""Paying tithes to take care of the messengers of God as tithes were paid to the children of Levi.""}"
"Ẹgbẹ́ẹ alágbàtà epo aládaàáni ọrile ede Nainjeria.","sentence","2","{""source"": ""YorùLect"", ""domain"": ""news"", ""english_translation"": ""The Nigerian Private Oil Dealers Association.""}"
"Yèé lọ́ mú ká se àgbéyẹ̀ghò ẹpa ki ọ́ nẹ́ lárá ìghan ọ̀nìyàn àti àyíká rian.","sentence","2","{""source"": ""YorùLect"", ""domain"": ""news"", ""english_translation"": ""This is what leads us to contemplate its effects on individuals and their surroundings.""}"
"Didamo ati mimu ise iranse re ṣẹ","sentence","2","{""source"": ""YorùLect"", ""domain"": ""rel"", ""english_translation"": ""Recognizing and starting your ministry.""}"
"Ọ̀rọ̀ kí mínísítà ọ̀ún sọ ṣòro látin gbàgbọ́ torí ìghọn kí ọrúkọ righọn jẹyọ ńnú àlàyé  rẹ̀.","sentence","2","{""source"": ""YorùLect"", ""domain"": ""news"", ""english_translation"": ""What the minister said is hard to believe because of those who he mentioned in his explanation""}"
"Ọdún ọ́ kọjá nẹ tọkọ taya ọ̀ún ṣe ìgbéyàó inọ́n sèè tẹ bímọ obìrin méjì.","sentence","2","{""source"": ""YorùLect"", ""domain"": ""news"", ""english_translation"": ""The couple got married last year and has given birth to two daughters.""}"
"Yee ni ighan orílẹ̀ èdè kó ti gòkè àgbà, yeeni ighan orílẹ̀ èdè kó ṣẹ̀ṣẹ̀ ń gòkè àgbà.","sentence","2","{""source"": ""YorùLect"", ""domain"": ""ted"", ""english_translation"": ""These are the countries that have reached the top, those are the countries that are just reaching for the top.""}"
"Olúṣẹgun Ọbásanjọ́ àti akọ̀ghé ẹ̀jọba àpapọ̀ tẹ́lẹ̀, Olóyè Olú Fálaè, se ẹ̀pàdé bòǹkẹ́lẹ́ lórí ọ̀rò Ààrẹ̀ Buhari nẹ́ ọjọ́ ẹ̀ṣẹ́gun.","sentence","2","{""source"": ""YorùLect"", ""domain"": ""news"", ""english_translation"": ""Olusegun Obasanjo and the former secretary of the federal government, Oluye Olu Falae, held a secret meeting about President Buhari on Tuesday""}"
"Ọ̀pọ̀lọpọ̀ aṣọ ìgbàlódé  la ṣe láti mú onìyàn nítorí ọ̀nà ka a gbà ṣe ghan.","sentence","2","{""source"": ""YorùLect"", ""domain"": ""rel"", ""english_translation"": ""We made a lot of modern clothes  to capture humans because of the way we made them.""}"
"Jesu ku ọkàn ọ̀niyan.","sentence","2","{""source"": ""YorùLect"", ""domain"": ""rel"", ""english_translation"": ""Jesus dies for the soul of humans.""}"
"Àǹfààní látin fi àròkọ ránsẹ́ tẹ ṣí sílẹ̀ láti ọjọ́ kìíní, osù Kẹjọ.","sentence","2","{""source"": ""YorùLect"", ""domain"": ""news"", ""english_translation"": ""The opportunity to write an essay is currently available starting from August first.""}"
"Ntori ghi ihun gbogbo ki okunrin nilo lati se aseyori lo gha n nu obinrin. .","sentence","2","{""source"": ""YorùLect"", ""domain"": ""rel"", ""english_translation"": ""Because everything a man needs to be successful is inside woman.""}"
"Ọ́ ghí ìdí rèé kí ghọ́n fi ríi ghí i ghọ́n lẹ orúkọ àti nọ́ḿbà ẹ̀dánimọ̀ ìkọ̀ọ̀kàn righọn mọ́ àyà asọ kí ghọ́n bá ghọ̀.","sentence","2","{""source"": ""YorùLect"", ""domain"": ""news"", ""english_translation"": ""there is a reason why they thin  they can stick eachother's name and identification number on the chest of the clothes they wear.""}"
"Dókítà ọ̀ún tẹ̀síghájú ghíi ọ̀pọ̀ lọ́ mí ghá ọmọ kíọn rí tó bẹ́ẹ̀ kíọn kàn fẹ ń ra ọmọ lọ́nà àrìtọ́.","sentence","2","{""source"": ""YorùLect"", ""domain"": ""news"", ""english_translation"": ""The doctor further explained that many people are searching for a child but unable to conceive, while others are resorting to illegal purchase of children.""}"
"Rí i dájú pé o máa fi nǹkan bí oṣù kan àtààbọ̀ rọ́pò àwọn ẹrù rẹ.","sentence","2","{""source"": ""YorùLect"", ""domain"": ""ted"", ""english_translation"": ""Ensure that you use a month and half to replace your loads.""}"
"Olóyè Ògúntósìn nígbàgbọ́ ghí Odùdughà,  kó jẹ́ bàbá ńlá ìran Yorùbá lo alífábẹ́ẹ̀tì ni ní ayé àtijọ́.","sentence","2","{""source"": ""YorùLect"", ""domain"": ""news"", ""english_translation"": ""Chief Oguntosin consistently believed that in ancient times, Oduduwa, the progenitor of the Yoruba race, utilized the alphabet.""}"
"Ẹ̀fẹ́ ọ̀pọ̀ áá dẹ tutu.","sentence","2","{""source"": ""YorùLect"", ""domain"": ""rel"", ""english_translation"": ""Love of many will become cold.""}"
"Dípò bẹ́ẹ̀, ìghan ọmọ ejọ mí ba ara rian sọ ọ̀ọ́tọ́ yèé kọ́ mí mu an dàgbà soke si","sentence","2","{""source"": ""YorùLect"", ""domain"": ""rel"", ""english_translation"": ""Instead of that, the church members tells themselves the truth, and this makes them grow more.""}"
"Tó o bá wà nínú àjọ tó ń bójú tó ọ̀ràn náà, wàá fẹ́ràn orin kíkọ.","sentence","2","{""source"": ""YorùLect"", ""domain"": ""ted"", ""english_translation"": ""If you are part of the organization that is in charge of the matter, you will love singing.""}"
"Ghàá rí i ghi ó máa ń gba agbára kó pọ̀ gan an láti kó ighan ìsọfúnni kó ghà lórí àghan náà lọ","sentence","2","{""source"": ""YorùLect"", ""domain"": ""ted"", ""english_translation"": ""You will see that it requires a lot of energy to take the informations that are on them too there.""}"
"Bó o ṣè ti ń rí i níbeín ín látin ìnọn ọdún kí Ọlọ́un dá ọn, bẹ́ẹ̀ náà  nẹ ọ̀rán rí.","sentence","2","{""source"": ""YorùLect"", ""domain"": ""ted"", ""english_translation"": ""And as you are seeing it here since the years God created them, that is how the matter is.""}"
"Bẹ́ẹ̀ ni, mọ mọ̀ nípa àyípadà kọ́ háyé ńnú ẹ̀dàrí eléeṣẹ́ rin ín lọ́dún kọ́ kọjá.","sentence","2","{""source"": ""YorùLect"", ""domain"": ""news"", ""english_translation"": ""Yes, I know about the change in the management of your company last year.""}"
"Ghọ́n tún yẹ̀nbọn níbi àpèjẹ kí ghọ́n fin kí olórí olúgho káàbọ̀.","sentence","2","{""source"": ""YorùLect"", ""domain"": ""news"", ""english_translation"": ""They also shot at the party where they welcomed the chief priest""}"
"Ẹṣẹ̀lẹ̀ ẹlé ghìghó ìín áá jẹ́ ẹlẹ́ẹ̀kẹta kọ́ máa háyé nẹ́lùú Èkó lẹ́ẹ̀ẹ́rin osù kàn.","sentence","2","{""source"": ""YorùLect"", ""domain"": ""news"", ""english_translation"": ""The occurrence of a collapsed house marks the third such incident in Lagos within a month.""}"
"Ẹ̀jọba fẹ́ se yèé ńtorí nẹ́bẹ̀ nìghọn ọ̀ọ̀yàn máa gbà kọjá lọ rebi ielégbèé ǹńlá tuntun.","sentence","2","{""source"": ""YorùLect"", ""domain"": ""news"", ""english_translation"": ""The government plans to pursue this initiative because of the expected rise in traffic to the new large city, which has a specific rationale.""}"
"Ọ́ dáa, adájọ́ kàn ghí i bẹ́ẹ̀ nẹ, àmọ́ bẹn dádì ni bá fẹn ẹlé ni sẹ́lẹ̀, kọ́ sèè lá yẹ ẹlé ni wò.","sentence","2","{""source"": ""YorùLect"", ""domain"": ""ted"", ""english_translation"": ""Good, the judge only said that, but if daddy too leaves the house, and he comes to inspect the house.""}"
"Arákùnrin ọ̀ún fèsì ghíi ìghan ọmọ  ọ̀ún ghíi ighan mìnrín náà tẹ sá lọ kíọn sèè ma tó padà sílé.","sentence","2","{""source"": ""YorùLect"", ""domain"": ""news"", ""english_translation"": ""The man responded that the children mentioned some individuals had fled but would soon come back home.""}"
"Àmọ́,a ní láti mú orílẹ̀ èdè Amẹ́ríkà ghá fún gbà díẹ̀ láti rí irú ìlera kan náà","sentence","2","{""source"": ""YorùLect"", ""domain"": ""ted"", ""english_translation"": ""But, we need to bring America for a little time to see the same type of healtiness.""}"
"Yèé nẹ unǹkun ki kọmísánnà ún ètò èròyìn nẹ́ ẹpínlẹ̀ Èkó ghí ún ìghọn oníròyìn.","sentence","2","{""source"": ""YorùLect"", ""domain"": ""news"", ""english_translation"": ""This is what the Commissioner for Social Affairs in Eko State told reporters.""}"
"Gbogbo ohun tá a rò pé ó máa ń wà lọ́kàn wa là ń rò, ọpọlọ wa sì máa ń dà wá láàmú.","sentence","2","{""source"": ""YorùLect"", ""domain"": ""ted"", ""english_translation"": ""We are thinking about all what we think is always on our mind, and our brain disturbs us.""}"
"Oríṣìí ẹsun nighọn fi kan minista ín nẹ́ kete o ti gbe ẹgba èbò latin díje dupo gomina epinlẹ Ọyọ ńnu saa ìín.","sentence","2","{""source"": ""YorùLect"", ""domain"": ""news"", ""english_translation"": ""Various accusations were made against this minister as soon as he decided to contest for gubernatorial election in Oyo this term""}"
"Fẹfi sẹ́lẹ̀ ko ẹ̀tànkálẹ̀ ẹ̀hìnrere.","sentence","2","{""source"": ""YorùLect"", ""domain"": ""rel"", ""english_translation"": ""Donating for the spread of the gospel.""}"
"Éè tan sibẹ, Fabiyi ghíi ""ìghọn kọ́ mí fi àrìmọ̀kàn sọ̀rọ̀ lójú òpó ayélujára, ẹbẹ̀ naa larigho righọn maa pin si.""","sentence","2","{""source"": ""YorùLect"", ""domain"": ""news"", ""english_translation"": ""It has not finished, Fabius said \""people that talk with ignorance on the internet, that is where their noise end.\""""}"
"Ọgbẹni Tunde ko jẹ amugbalẹgbẹ rẹ ṣalaye ghii oloogbe Ogunjobi re  ile ighosan nijọ Abamẹta.","sentence","2","{""source"": ""YorùLect"", ""domain"": ""news"", ""english_translation"": ""Mr Tunde who was his assistant explained that late Ogunjobi went to the hospital on Saturday""}"
"Amọ ighan oṣiṣẹ panapana lo fi ipa ṣi ilẹkun ni ki ghan ọlọpaa to raye ghọle.","sentence","2","{""source"": ""YorùLect"", ""domain"": ""news"", ""english_translation"": ""However the fire fighters use Kick to open the door so the police can enter""}"
"Ẹ̀jọba Sèyí Mákindé áá ríi ghíi ẹ̀dájọ́ òdodo háyé lọ́nà àti dènà ẹrú ẹ̀ṣẹ̀lẹ̀ báàín níjọ́ ẹghájú.","sentence","2","{""source"": ""YorùLect"", ""domain"": ""news"", ""english_translation"": ""Seyi Makinde's government will ensure that true justice is served and prevent such incidents in the future.""}"
"Èmi àti ìyàwó mi ní ẹgbẹ̀rún mẹ́wàá ìwé nígbà tá a lọ sí ilé ẹ̀kọ́ alákọ̀ọ́bẹ̀rẹ̀.","sentence","2","{""source"": ""YorùLect"", ""domain"": ""ted"", ""english_translation"": ""I and my wife had ten thousand books when we went to the nursery school.""}"
"Gómìnà ìkpínlẹ̀ Ọ̀yọ́ jí ìjọba ìkpínlẹ̀ Ọ̀yọ́ a sí aṣọ nojú àghan ìlànà kan láti lè kòjú ìkpènija ààbò ìkpínlẹ̀ gha","sentence","3","{""source"": ""YorùLect"", ""domain"": ""news"", ""english_translation"": ""The governor of Oyo State, within his administration, will consider certain policies to tackle the security challenges in the state.""}"
"olufe oghó ara gha rin bárẹ̀ oghó gha ni dede irun búrúkú rin.","sentence","3","{""source"": ""YorùLect"", ""domain"": ""rel"", ""english_translation"": ""Members are lovers of money and money is the root of all evil.""}"
"O gba àwẹ̀n góòlù nọwọ mi, o kọ ati mú owo ghún mi nẹ̀yìn oṣu kàn bayii.","sentence","3","{""source"": ""YorùLect"", ""domain"": ""news"", ""english_translation"": ""He took a loan of gold from me, he refused to give me money after several months.""}"
"Agbẹnusọ ghún ẹgbẹ́ òsèlú náà ti mí ṣètò ìgbẹ́jọ́ yìí ra takò ìwà ìkpáǹle yìí ra wáyé nàsìkò ìdìbò yí kọjá","sentence","3","{""source"": ""YorùLect"", ""domain"": ""news"", ""english_translation"": ""The spokesperson for the political party is organizing a trial that will oppose the violence that took place during the last election.""}"
"Ọbásanjọ́ mí gbìmà ọ̀tẹ̀ àti kọlù àghan èèkàn àti ológun Nàìjíríà nàtàrí ààbò ìlú yìí mẹ́hẹ","sentence","3","{""source"": ""YorùLect"", ""domain"": ""news"", ""english_translation"": ""Obasanjo is plotting a rebellion to attack Nigerians and the Nigerian military because of the poor security of the city.""}"
"Ó ghàn, adájọ́ kàn fọ̀ọ́ kpé bàrẹ̀ rin, àmá bí Dádì náà bá gbàn ilé náà rè, jí ó dẹ̀ ghá yẹ̀ ilé náà ghò","sentence","3","{""source"": ""YorùLect"", ""domain"": ""ted"", ""english_translation"": ""Good, the judge only said that, but if daddy too leaves the house, and he comes to inspect the house.""}"
"Ọkọ arábìnriẹn náà fi ọwọ́ sí ìwé àdéhùn ọlọ́nẹkàn ni ọdọ́n yìí kọjá","sentence","3","{""source"": ""YorùLect"", ""domain"": ""news"", ""english_translation"": ""The lady's husband signed a personal contract last year.""}"
"Gha rí kpé àghan èrò yìí gha ninọ́ ẹgbẹ́ ìgbìmà Yúróòpù yìí tọ́n mí yéye má","sentence","3","{""source"": ""YorùLect"", ""domain"": ""ted"", ""english_translation"": ""You will see that the people that belong to this Europe council group continue to increase.""}"
"Ọmọjuwa jí ùgbá ti tó bayi jí àghan olori orile ede Naijiria se ojuse ghan bó ti tó òghun bó ti yẹ.","sentence","3","{""source"": ""YorùLect"", ""domain"": ""news"", ""english_translation"": ""Omojuwa said it is now time for the leaders of Nigeria to do their duty as much as they can.""}"
"Nùgbà yìí án bá sì náyọ̀ gan an ní ti èyí, a ra họ́n níwájú, a wá ra ka yọ ghan ẹrun.","sentence","3","{""source"": ""YorùLect"", ""domain"": ""ted"", ""english_translation"": ""And when they have so much joy as a result of this, we will proress, and we will disturb them.""}"
"Sísesẹ́ gẹ́gẹ́ bí ẹgbẹ́ á ràn wá nọwọ́ àti lè tètè sisẹ́ àti kpẹ̀lú ìrònú àti mú ikpè lílá náà sẹ","sentence","3","{""source"": ""YorùLect"", ""domain"": ""rel"", ""english_translation"": ""Working as a group will help us to to work on time and with initiative to bring the great call to pass.""}"
"Mákindé rèé ti kùnà ghún ìgbà mẹ́ta ọ̀tọ̀ọ̀tọ̀ jí ó fi tiraka àti dá Gomina ìkpínlẹ̀ Ọ̀yọ́ tẹ́lẹ̀ rí","sentence","3","{""source"": ""YorùLect"", ""domain"": ""news"", ""english_translation"": ""Makinde attempted three times to become the governor of Oyo State before.""}"
"Ọ̀mẹ̀n góòlù kọ́ọ̀kàn òghun Ifẹ̀ àti Èkó gbá rin","sentence","3","{""source"": ""YorùLect"", ""domain"": ""news"", ""english_translation"": ""some gold water in Ife and Lagos""}"
"A gbọ́dọ̀ jẹ́ olóòótọ́, a mí bírọ̀ ghún òtítọ́ nítorí ghún òtítọ́ nítorí a ra jẹ́ ìhìn isẹ́ wa","sentence","3","{""source"": ""YorùLect"", ""domain"": ""rel"", ""english_translation"": ""We must be truthful, we are asking for truth because we will give account of our work.""}"
"Gẹ́gẹ́ bí olóye Ògúntósìn tí rò ghún Oghùn Àgbáyé ninọ́ ìfọfọ̀ghánẹnẹ́rungho","sentence","3","{""source"": ""YorùLect"", ""domain"": ""news"", ""english_translation"": ""As Chief Oguntosin told the Voice of the World in an online interview""}"
"Gẹ́gẹ́ bí irun yìí ẹ̀ka ètò ìdájọ́ orílẹ̀ èdè Amẹ́ríkà se fọ̀ọ́ nàárín osùn kẹ́ẹ̀ta sí ìkẹ́ẹ̀jọ ọdọ́n yìí","sentence","3","{""source"": ""YorùLect"", ""domain"": ""news"", ""english_translation"": ""According to what the United States Department of Justice said between the third and eighth months of this year.""}"
"Àghan èrò yìí nẹ́ àrọ̀n gẹ̀gẹ̀ yìí iráyé éè fẹ́ ka rí òghun àghan mí kò nojú rin.","sentence","3","{""source"": ""YorùLect"", ""domain"": ""news"", ""english_translation"": ""Individuals suffering from goiter reported experiencing significant levels of hate and prejudice.""}"
"Àghan akpèsè ayélujára gbọ́dọ̀ tẹ̀lé òfin yìí àbí jí aan ghanghó ìtánràn","sentence","3","{""source"": ""YorùLect"", ""domain"": ""news"", ""english_translation"": ""Internet servers must comply with this law or pay fines""}"
"Ninọ́ ọfọ̀ teghan, ẹgbẹ oṣelu onígbàálẹ̀ dághùn pe Gofina Ọbaseki òghun àghan ololufẹ (ọnẹ) rẹ rèé mí fà wahala rin.","sentence","3","{""source"": ""YorùLect"", ""domain"": ""news"", ""english_translation"": ""In their speech, the broom political party said that Governor Obaseki and his fans are actually causing trouble.""}"
"Kàkà bẹ́ẹ̀, a ra fọ̀ òtítọ́ ninọ́ ìfẹ́, a dẹ̀ ra ka dàgbà nókè","sentence","3","{""source"": ""YorùLect"", ""domain"": ""rel"", ""english_translation"": ""Instead of that, we will say the truth in love, and we will grow.""}"
"Àìnóye asọ ùgbàyíódé rèé a se àti fi mú iráyé ni ọ̀nà èyí a gbà se ghán.","sentence","3","{""source"": ""YorùLect"", ""domain"": ""rel"", ""english_translation"": ""We made a lot of modern clothes  to capture humans because of the way we made them.""}"
"Fojú inọ́ wò ọnẹ kàn yìí se kpàtàkì yìí dẹ̀ gbajúmà, jí ó dẹ̀ mí fọgbán rẹ̀n sínọ́ yàrá náà","sentence","3","{""source"": ""YorùLect"", ""domain"": ""ted"", ""english_translation"": ""Reflect on a person that is important, that is famous, and that applies wisdom to walk into the room.""}"
"O jí ijọba orilẹ ede Naijiria rèé fà irú ọ̀gbẹn bayii bá awọn ọma orilẹede yii.","sentence","3","{""source"": ""YorùLect"", ""domain"": ""news"", ""english_translation"": ""He mentioned that the Nigerian government has brought about this type of disrespect to the citizens of the nation.""}"
"àìnóye rèé mí  fé ji a maa bo ghán, ji án àn dẹ̀n fẹ bo àghan ọnọ̀múerẹ̀n.","sentence","3","{""source"": ""YorùLect"", ""domain"": ""rel"", ""english_translation"": ""Many want us to worship them, and they do not want to worship others.""}"
"Ilana Ọmọ Oodua jí òfo òghun ariyan Aregbeṣọla gha rin n'orígho ìyapa Nàíjíríà.","sentence","3","{""source"": ""YorùLect"", ""domain"": ""news"", ""english_translation"": ""The strategy employed by Oodu's son proved futile, leading us to appoint Aregbesola to counteract the separation of Nigeria.""}"
"Ọ̀kpọ̀ iráyé fọ̀ọ́ kpé éè yẹ jí an lé akẹ́kọ̀ọ́bìnrẹn ọ̀hún torí kì í se ọmọdé má","sentence","3","{""source"": ""YorùLect"", ""domain"": ""news"", ""english_translation"": ""Many people said that they should not expel that female student because she is not more a child .""}"
"Bí a bá wò bẹ́ẹ̀di yìí gha nibé, a lè ri kpé àán mí hùn norígho ògùn olóró","sentence","3","{""source"": ""YorùLect"", ""domain"": ""ted"", ""english_translation"": ""If we look at the bed that we are here, we can see that they are sleeping on hard drugs.""}"
"Nípasẹ̀ ìrẹ̀najo afẹ́ náà, a fẹ́ mà bí ayé àti ìgbé ayé se gha ni Èkó","sentence","3","{""source"": ""YorùLect"", ""domain"": ""news"", ""english_translation"": ""Through the travel, we want to know how the world and life is like in Lagos""}"
"Isẹ́ ìránṣẹ́ rẹ gbọ́dọ̀ jẹ́ ìkpínlẹ̀ àdúrà rẹ","sentence","3","{""source"": ""YorùLect"", ""domain"": ""rel"", ""english_translation"": ""Your ministry must be the foundation of your prayer.""}"
"Àmá, ọnẹkánukù bí ọnẹ̀kàn, iransẹ Olorọn gbọdọ se apípọn ati “pẹ́n ọfọ̀ otítọ́ bi ó ti yẹ","sentence","3","{""source"": ""YorùLect"", ""domain"": ""rel"", ""english_translation"": ""But, each one most importantly, servant of God must strive to \""share the word of God as appropriate.""}"
"Ẹ̀gàn rin hẹ̀, olorì Ànúolúwápọ̀ hẹngwà n'obìnrẹn.","sentence","3","{""source"": ""YorùLect"", ""domain"": ""news"", ""english_translation"": ""If not for envy, Queen Anuoluwapo is very beautiful lady""}"
"Náàárín àghan ghànyí, ìdá mẹ́ẹ̀hàn nínọ́ mẹ́ẹ̀gwá àghan èrò yìí tọ́n mi yéye rèé mí sẹlẹ̀ ni àghan ọjà lílá yẹ̀n rin.","sentence","3","{""source"": ""YorùLect"", ""domain"": ""ted"", ""english_translation"": ""Amidst these, nine percent out of ten percent of people that are increasing is happening in big towns.""}"
"Àn án yàn án gẹ́gẹ́ bí i asojú àjọ ìsòkàn àgbáyé, náti orílẹ̀ ède rẹ̀.","sentence","3","{""source"": ""YorùLect"", ""domain"": ""news"", ""english_translation"": ""They appointed him as the representative of the international organization, from his country""}"
"Uleesẹ ọlọpaa ti gbé ikilọ nita pe éè hí aye ìgwọ́de má ni ipẹ́nlẹ Eko nàti agogo mẹrẹn ọjọ Iṣẹgun.","sentence","3","{""source"": ""YorùLect"", ""domain"": ""news"", ""english_translation"": ""The police station has issued a warning to the public that rally is no longer allowed in Lagos state starting from 4 o'clock on Tuesday""}"
"ati duro sinsin rèé se ji a gha ni ibájọ pelu ọlọrọn rin","sentence","3","{""source"": ""YorùLect"", ""domain"": ""rel"", ""english_translation"": ""To be steadfast is to be in accordance with God.""}"
"Síbẹ̀, bí àán se sàpèjúghe isẹ́ ghan, éè se ọ̀rọ̀ kàn níkpa àghan èrò múrẹ̀n","sentence","3","{""source"": ""YorùLect"", ""domain"": ""ted"", ""english_translation"": ""Yet, how they described their work is not one word about another people.""}"
"Nítorí náà, nìgbà yìí mo nẹ́ àǹfààní àti mú àghan ògbógi yìí jẹ́ ògbógi ninọ́ ìmà níkpa sánmà","sentence","3","{""source"": ""YorùLect"", ""domain"": ""ted"", ""english_translation"": ""So, when I have the opportunity to give specialists that are specialists in the knowlede about the sky.""}"
"Àmá, ìtàn níkpa ẹ̀rọ yìí mí móghó ghọ̀lé èé ṣe irun yìí yọ̀n má nẹ èyí ba mọ kpúkpò sí níkpa èrò yéye","sentence","3","{""source"": ""YorùLect"", ""domain"": ""ted"", ""english_translation"": ""But, the story about the machine that brings money in is not that which one will enjoy if you know more about plenty people.""}"
"Àtèjáde èyí agbẹ̀runfọ̀ ọlọ́pàá fi ọwọ́ nẹ sí àlàyé pé.","sentence","3","{""source"": ""YorùLect"", ""domain"": ""news"", ""english_translation"": ""A release signed by the police spokesperson explained that.""}"
"Ààrẹ fọ̀ọ́ kpé ìṣẹ̀lẹ̀ omíyalé yìí gháyé ní ìpínlẹ̀ Òsun dọ̀n ghun yeye","sentence","3","{""source"": ""YorùLect"", ""domain"": ""news"", ""english_translation"": ""The president said that he was very pained by the incident of flood that took place in Osun state.""}"
"Olórí Ìjọ náà bẹ̀ àghan ọma ìjọ kpe jí àán máà dì ẹrún kpa norígho àdúrà ghún orílẹ̀ èdè Nàìjíríà","sentence","3","{""source"": ""YorùLect"", ""domain"": ""news"", ""english_translation"": ""The head of the church asked the members of the church not to be silent on the prayer for the nation of Nigeria.""}"
"O lè gbà ìsẹ́jú mẹ́jo, jí wo bá fi ìsẹ́jú mẹ́wàá dá àghan awalẹ̀kpìtàn lẹ́kọ̀ọ́ ghún àkókò gígùn","sentence","3","{""source"": ""YorùLect"", ""domain"": ""ted"", ""english_translation"": ""It can take eight minutes, if you use ten minutes to lecture archeologists for a long time.""}"
"Bi awọn to n ṣọ araalu ba di ẹni ti awọn janduku wa bẹrẹ si ni jigbe, kini ki ara yooku wa a ṣe?","sentence","3","{""source"": ""YorùLect"", ""domain"": ""news"", ""english_translation"": ""What should the rest of us do if those who are supposed to protect the people become the ones targeted for kidnapping by terrorists?""}"
"Asa àghan Yoruba kọ́n ghún àìnóye ilana òghun ètò èyí àn án fi mí gbọ ipenija eyikeyi ba ba ghan ni àgọ́ ara ghan.","sentence","3","{""source"": ""YorùLect"", ""domain"": ""news"", ""english_translation"": ""The culture of the Yoruba people is full of these types of rules and systems that make them listen to any challenge on their body""}"
"Alábàágbé òghun alájọse iyọ̀n òghun àghan ewé inọ́ omi gha rin.","sentence","3","{""source"": ""YorùLect"", ""domain"": ""news"", ""english_translation"": ""Aquatic plants and corals are like neighbors and co-workers""}"
"Ẹgbẹ Akẹkọọ Naijiria jí éè hí urun òmúrẹ̀n jù ìgwọ́de líla èyí àn án ra fi ra se àmẹ̀n.","sentence","3","{""source"": ""YorùLect"", ""domain"": ""news"", ""english_translation"": ""The Nigerian Student Association stated that there is no discernible difference; it's a significant rally that will demonstrate its magnitude.""}"
"Ajọ eleto idibo orile ede Nàìjíríà ti fi kọ́n gbedeke ọjọ ti àghan oludibo ra nẹ́ áǹfààni ati gbà kaadì ìdìbò pẹ̀lú ọjọ mẹta.","sentence","3","{""source"": ""YorùLect"", ""domain"": ""news"", ""english_translation"": ""The National Electoral Commission of Nigeria has extended the date on which voters will be able to receive their voters card by three days.""}"
"Aago mọ́kànlá àárọ̀ sí aago Márùn ún ìrọ̀lẹ́ ni títẹ́ olóògbé náà yóò wáyé","sentence","3","{""source"": ""YorùLect"", ""domain"": ""news"", ""english_translation"": ""The laying of corpses will take place from 11:00 am to 5:00pm""}"
"O jí irun yii jẹ́ jí àrùn kòró gbòde kan ni kpé e hí ìwòsàn kọ́kàn ghun","sentence","3","{""source"": ""YorùLect"", ""domain"": ""news"", ""english_translation"": ""He explained that the reason the disease name is widespread is due to the absence of a cure for it.""}"
"A màámà jiroro norigho ẹsẹ yii ji a lè tọjú ọkan wa ji mú ìdíbàjẹ́ rẹ̀ kúrò.","sentence","3","{""source"": ""YorùLect"", ""domain"": ""rel"", ""english_translation"": ""The important reason why we discussed this verse is to protect or heal our heart that is corrupt.""}"
"Àán wá àti mú àghan èrò mímá dàgbà láti sisẹ́ isẹ́ ìránṣẹ́","sentence","3","{""source"": ""YorùLect"", ""domain"": ""rel"", ""english_translation"": ""They came to make holy people grow to do the work of the ministry.""}"
"Ọ̀pọ̀lọpọ̀ ọma Nàìjíríà rèé fẹ́ là mú ilé ni orílẹ̀ èdè Kánádà nẹ̀yìn yìí ètò idibo ààrẹ tọ́ gháyé má","sentence","3","{""source"": ""YorùLect"", ""domain"": ""news"", ""english_translation"": ""Many Nigerians wanted to move to Canada after the presidential election failed.""}"
"Àì lè dúró dè Olúwa àti nínú Olúwa","sentence","3","{""source"": ""YorùLect"", ""domain"": ""rel"", ""english_translation"": ""Not being able to wait for God and in God.""}"
"Ẹhẹ̀ èyí a gbé yìí jẹ́ jí a rí irú ayọ̀n ayé èyí se jù.","sentence","3","{""source"": ""YorùLect"", ""domain"": ""news"", ""english_translation"": ""This step shows what type of pleasure.""}"
"Ọgbán yìí gbésẹ́ òghun Àrísítóótù fọ̀ ghàn ghá kpé irun yìí bá ìfẹ́ Ọlọ́run mu àti bó se ghan jí iráyé mà ìghà odindi","sentence","3","{""source"": ""YorùLect"", ""domain"": ""ted"", ""english_translation"": ""Very sound wisdom is what Aristotle told us is in accordance with Gods's will and how a person is supposed to know good behaviour.""}"
"Áà ní bù ọ̀ghọ̀ ghún rẹ","sentence","3","{""source"": ""YorùLect"", ""domain"": ""rel"", ""english_translation"": ""We will not give you respect.""}"
"Bí ọwọ́ ọlọ́pàá se tẹ̀ Akin Ọláìya àti Lékan Pọ́nlé jí a sì gbé ghan lọ orílẹ̀ èdè Amẹ́ríkà","sentence","3","{""source"": ""YorùLect"", ""domain"": ""news"", ""english_translation"": ""How the police apprehended Akin Olaiya and Lekan Ponle and extradited them to the United States of America.""}"
"Èé họ́nẹ́ kọ́ rẹ kpé jẹ́ ẹ fi èyí ránṣẹ́ sí òtẹ́ẹ̀lì, èyí ti jẹ́ jí rẹ mà bó se lè sẹlẹ̀","sentence","3","{""source"": ""YorùLect"", ""domain"": ""ted"", ""english_translation"": ""Nobody taught you to send this to the hotel, that has made you know how it can happen.""}"
"A mí fọkàn tán ìdájọ́ àghan olùkọ́ yìí yéye tó áti jẹ́ jí ghan họ ara ghan nọ̀.","sentence","3","{""source"": ""YorùLect"", ""domain"": ""ted"", ""english_translation"": ""We usually trust the judgement of enough teachers to make them lose themselves.""}"
"Ìyábọ̀ Okò tọ́ ghá dọ́pẹ́ nọghọ́ àghan yìí se ìrànghọ́ oghó ghún ìtọ́jú rẹ̀","sentence","3","{""source"": ""YorùLect"", ""domain"": ""news"", ""english_translation"": ""Eyabo Oko also thanked the minister for helping his with his treatment.""}"
"Bi ọkàn bá bàjẹ́, o ra kàn ìhùwà wa; bárẹ̀ òghun ìrètí igbàgbọ́ ra nẹ́ ìfànẹ́yìn rin.","sentence","3","{""source"": ""YorùLect"", ""domain"": ""rel"", ""english_translation"": ""When sad, it will have impact on behaviour, yes, expectation faith will be withdrawn.""}"
"Èyí rèé si ìdí yìí ìkpínlẹ̀ Èkìtì fi gwó ilé arúgbó ni ìdájí ọjọ́ ìsẹ́gun","sentence","3","{""source"": ""YorùLect"", ""domain"": ""news"", ""english_translation"": ""This is the reason why the Ekiti state government demolished the old people's home very early on Tuesday""}"
"Àghan ẹgbẹ́ olósèlú yéyè gan ní ọjà yìí","sentence","3","{""source"": ""YorùLect"", ""domain"": ""news"", ""english_translation"": ""There plenty political parties in this city""}"
"Mo ti kọ́kọ́ fọ̀ ghan Tóyìn Adégbọlá kpé mé lè se amúgbánẹ̀gbẹ́ rẹ̀","sentence","3","{""source"": ""YorùLect"", ""domain"": ""news"", ""english_translation"": ""I have already told Toyin Adegbola that I cannot be her assistant""}"
"Tádé fọ̀ kpé jí àán tó gbé òghun nárugẹ, ó yẹ jí an bíìrọ̀ nọghọ́ Kọ́lá bóyá ó nẹ́ àǹfàní","sentence","3","{""source"": ""YorùLect"", ""domain"": ""ted"", ""english_translation"": ""Tádé said before they praise him, we are meant to askTọ́lá if it has any advantage.""}"
"Norígho yẹ̀n, ọ̀fọ̀ mi ghún ghan, nàti ìsẹ́jú mẹ́ta mi, rèé: mo mà àǹfààní yìí mo nẹ́ áti fọ èyí ghun ghan yín.","sentence","3","{""source"": ""YorùLect"", ""domain"": ""ted"", ""english_translation"": ""So, my word to you, from my three minutes, is that I appreciate the opportunity that I have to say this to you.""}"
"Akọsẹ màṣẹ ni ti ejíjẹ ọghọ́n.","sentence","3","{""source"": ""YorùLect"", ""domain"": ""news"", ""english_translation"": ""Being knowledgeable about that food""}"
"Eè rọrọ̀n bí a bá mí se ìtọ́júu ghan, a gbọdọ jù sùúrù kó nọ̀.","sentence","3","{""source"": ""YorùLect"", ""domain"": ""news"", ""english_translation"": ""It's not always easy to care for them, which can test your patience.""}"
"àìnóye àghan èrò rèé mi yèrè iṣẹlẹ apanẹnẹ̀rín èyí ti ṣẹlẹ si ghan nẹ́yìn.","sentence","3","{""source"": ""YorùLect"", ""domain"": ""news"", ""english_translation"": ""Many people recall the day based on amusing events that occurred to them in the past.""}"
"Àjọ aghan orílẹ̀ èdè akpá ìwọ̀n oòrùn Ilẹ̀ Adúnnàghọ̀ ti fẹrun kò kpé jí oníkálukú dá dúró nàyè te rẹ̀","sentence","3","{""source"": ""YorùLect"", ""domain"": ""news"", ""english_translation"": ""The organization of the west African countries had an agreement that everyone should stay on their own.""}"
"Ninọ́ àtẹ̀jáde yìí olùdámọ̀ràn fún rarẹ̀ mú níta nọjọ́ ìsẹ́gun òghun ó ti sàlàyé kpé ìgbésẹ̀ náà takpa sí òfin","sentence","3","{""source"": ""YorùLect"", ""domain"": ""news"", ""english_translation"": ""On Tuesday, the President's adviser issued a press release stating that the action was against the law.""}"
"Fojú inọ́ ghò ọnẹ kàn yìí se kpàtàkì jí ó dẹ̀ gbajúmà jọ ó dẹ̀ máa mí fi ọgbán rẹ̀n nínọ́ agbóòkùn náà","sentence","3","{""source"": ""YorùLect"", ""domain"": ""ted"", ""english_translation"": ""Reflect about a person that is important, that is famous and that applies wisdom to walk into the room.""}"
"Ìbásekpọ̀ wa kpẹ̀lú Ọlọ́run rèé gbọ́dọ̀ jẹ́ àkọ́kọ́","sentence","3","{""source"": ""YorùLect"", ""domain"": ""rel"", ""english_translation"": ""Our relationship with God must be the first.""}"
"A gbé àghan ọma Ísírẹ́lì kóòró nayé láti ghásẹ́ sí àghan èrò ìran ghan","sentence","3","{""source"": ""YorùLect"", ""domain"": ""rel"", ""english_translation"": ""We raised the children of Israel in life to look for work for the people of their generation.""}"
"Olúwatóyìn Táíwò Òjó sàlàyé pé bí òghun se rí èrò yìí yéye yìí òghun rèé jẹ́ ji òghun há rin.","sentence","3","{""source"": ""YorùLect"", ""domain"": ""news"", ""english_translation"": ""Oluwatoyin Taiwo Ojo explained that upon seeing the large crowd, he fled.""}"
"bi iriri èyí éè tó ti  Josefu, èyí án tà nẹrú ni ilẹ Ijibiti yídà dà ìgbàlà ghún iran rẹ̀ kúrò ninọ́ ìyàn oghun ebi","sentence","3","{""source"": ""YorùLect"", ""domain"": ""rel"", ""english_translation"": ""As experience that is not as much as of Joseph's, that was sold into slavery in the land of Egypt and resulted in salvation of his genereation from famine and hunger.""}"
"O jí éè hí irun èyí búrú nibẹ̀ jí àghan èrò ba gbọ gofìnà yé norígho pé idagbanoke èdè ati asa ṣe pataki lasiko yii.","sentence","3","{""source"": ""YorùLect"", ""domain"": ""news"", ""english_translation"": ""He said there is nothing wrong there if people listen to the governor and understand because the development of language and culture is important nowadays.""}"
"Omi gbé arákọ̀nrẹn ọnẹ ọdọ́n méjìdẹ́nnogún kàn lọ ni Àkinyẹlé ni ìlú Ìbàdàn","sentence","3","{""source"": ""YorùLect"", ""domain"": ""news"", ""english_translation"": ""water carried away an 18-year-old man in Akínyelé, located in the town of Ibadan.""}"
"Ojúse ghan rin àti se ìkpèsè ghún ènìyàn Ọlọ́run àti se isẹ́ Rẹ̀ àti láti mú ìjọ yìí mí se ara Krístì dàgbà","sentence","3","{""source"": ""YorùLect"", ""domain"": ""rel"", ""english_translation"": ""Their duty is to make provision for the people of God, to do his work and to make the church of the work of the body of Christ grow.""}"
"Ní agbo ọ̀rẹ́ wa, àgọ́ alòdìsí àjọ̀dún Òyìnbó àti alòdìsí alòdìsí àjọ̀dún Òyìnbó mí se àríyànjiyàn","sentence","3","{""source"": ""YorùLect"", ""domain"": ""news"", ""english_translation"": ""In our group of friends, the anti-Oyinbo festival camp and the anti anti-Oyinbo festival camp are arguing.""}"
"A wá tọ́n mí ra fi owó sètọrẹ ní dede ìgbà má, norígho pé èyí ra ka gbóná gan an nòde èní.","sentence","3","{""source"": ""YorùLect"", ""domain"": ""ted"", ""english_translation"": ""And we give money as alms at all times again, because this becomes very heated these days.""}"
"A mà bí iráyé se dàgbà sí níkpa bí ó se mí fọ̀","sentence","3","{""source"": ""YorùLect"", ""domain"": ""rel"", ""english_translation"": ""We know how grown a person is by the way he talks.""}"
"Ó kélè kpè Ọlọ́run norígho àgbélèbú","sentence","3","{""source"": ""YorùLect"", ""domain"": ""rel"", ""english_translation"": ""He called unto God on the cross.""}"
"Gbaa ghun iyanju jirẹ gbadura ghun ni ojojumá.","sentence","3","{""source"": ""YorùLect"", ""domain"": ""rel"", ""english_translation"": ""Encourage him and pray for him everyday.""}"
"Ẹrin rẹ̀ oghun a fi mí mà ibo èyí ó gha rin, àárín osùn Ọ̀wẹwẹ̀ àti Ọ̀wàrà.","sentence","3","{""source"": ""YorùLect"", ""domain"": ""news"", ""english_translation"": ""His song is used to determine his whereabouts between the months of September and October.""}"
"àghan apositeli, àghan woli, àghan ajinrere òghun àghan oluso agutan òghun àghan oluko.","sentence","3","{""source"": ""YorùLect"", ""domain"": ""rel"", ""english_translation"": ""Apostles, Prophets, Evangelists and shepherds and teachers.""}"
"Inọ́ kàn yìí gha ninọ́ Kirisiti òghun a ti bàjẹ rin, a ti yi ghan dà wíwúwo ji ó le tẹ́ ẹran ara ni ọròn","sentence","3","{""source"": ""YorùLect"", ""domain"": ""rel"", ""english_translation"": ""The one mind that is in Christ has been spoilt, has been made heavy to satisfy the flesh.""}"
"Dede irun yìí a rò pé ó mí gha nọ́kàn wa òghun a mí rò rin, ọpọlọ wa má dà wá àmú.","sentence","3","{""source"": ""YorùLect"", ""domain"": ""ted"", ""english_translation"": ""We are thinking about all what we think is always on our mind, and our brain disturbs us.""}"
"Èyíyìí jẹ́ ìgbésẹ̀ ìdàgbànókè yìí mí tẹ̀ síwájú ni àkókò ìjọ","sentence","3","{""source"": ""YorùLect"", ""domain"": ""rel"", ""english_translation"": ""This is a growth step that is progressing in the church time.""}"
"Ọnẹ márùn ún rèé pàdánọ̀ ẹ̀mí ghan nìgbà yìí ọlọ́pàá yìnban lù àghan olùwọ́de nọdọ́n","sentence","3","{""source"": ""YorùLect"", ""domain"": ""news"", ""english_translation"": ""Five people lost their lives when the police fired at those participating in the rally this year.""}"
"Yíyí àghan èrò dà kúrò nínọ́ ìlàkàkà ara ọnẹ tó ìgbàgbọ́ nínọ́ Ọlọ́run","sentence","3","{""source"": ""YorùLect"", ""domain"": ""rel"", ""english_translation"": ""Converting people from the struggles of oneself to believe in God.""}"
"Àghan èrò fẹ́ràn ìhùwàsí alágídíi rẹ̀ àti pé àìfiọfọ̀ ni ábẹ́ iwán rẹ̀ yọ̀n í gbọ́.","sentence","3","{""source"": ""YorùLect"", ""domain"": ""news"", ""english_translation"": ""People appreciate his stubborn demeanor, and his straightforwardness is engaging to hear.""}"
"Ani ninọ́ tubu, irun yìí ó kàn an jù ni pé jí a waasùn iyinrire ghún dede iráyé.","sentence","3","{""source"": ""YorùLect"", ""domain"": ""rel"", ""english_translation"": ""Even in prison, what concerned him most was that we should preach the gospel for every human.""}"
"Ìkpele ìdàgbànókè rèé si ""títí dede wá ra fi dé ìsọ̀kan ìgbàgbọ́","sentence","3","{""source"": ""YorùLect"", ""domain"": ""rel"", ""english_translation"": ""Level of growth is \""till we all reach unity of faith\"".""}"
"Ayọ̀ kọ́n ọkàn wa nèní","sentence","3","{""source"": ""YorùLect"", ""domain"": ""news"", ""english_translation"": ""Our heart is full of joy today""}"
"Ubo èyí ó họ́n má jìnà, àghan irun eyi jìnà dà fífà họ́n má rẹ.","sentence","3","{""source"": ""YorùLect"", ""domain"": ""news"", ""english_translation"": ""The area near you seems distant, while things far away appear closer.""}"
"Tóò, fún irun yìí lé ni ọgọ́ta ọdọ́n òghun ìrònọ́ èyí mí susẹ́ nínọ́ àwòkọ́se àrọ̀n yẹ̀n rin.","sentence","3","{""source"": ""YorùLect"", ""domain"": ""ted"", ""english_translation"": ""Yes, thinking has been working for over sixty years in the example of the disease""}"
"Àmá sá adájọ́ jí ghan gbẹ́hẹ̀n kúrò norígho àkpò ìfoghókpamọ́ ní rẹ̀, èyí àán ti ho àgádáǹgodo má","sentence","3","{""source"": ""YorùLect"", ""domain"": ""news"", ""english_translation"": ""However, the judge instructed them to refrain from accessing his bank account, which was already locked.""}"
"Gbígbàn àkókò rè bẹ̀rẹ̀ nàti orígho títètè kọ́kọ́ mú ara gha nílẹ̀ síghájú jí a to mú ọghọ́ gha nílẹ̀","sentence","3","{""source"": ""YorùLect"", ""domain"": ""rel"", ""english_translation"": ""Leaving time starting from leaving yourself first before leaving our hands.""}"
"Usẹ́ mí jẹ́ jí iráyé lè se ghún àìnẹ́ ara rẹ̀ òghun ti ẹ̀bí rẹ̀.","sentence","3","{""source"": ""YorùLect"", ""domain"": ""rel"", ""english_translation"": ""Works makes a person to be able to provide for his needs and his family.""}"
"Ó lè gho àghan urun bí ẹgbẹ̀rún márùn ún ó lé ẹ̀ẹ́dẹ́gbàáta èyí a fẹ́run kàn yìí.","sentence","3","{""source"": ""YorùLect"", ""domain"": ""ted"", ""english_translation"": ""You can look at about about five thousand and five thousand that we mentioned.""}"
"Fasolá sàlàyé irun yìí ojú rẹ̀ rí nibo ìfẹ̀mísòfò àghan olùghode ni Lẹ́kkí","sentence","3","{""source"": ""YorùLect"", ""domain"": ""news"", ""english_translation"": ""Fashola explained what he witnessed during the tragic incident at the Lekki rally where lives were lost.""}"
"Ìwádìí fi hàn pé Fúnkẹ́ jẹ́ ìkàn nara àghan ẹ̀ka ọlọ́pàá ni àgbègbè Alágbọ̀n","sentence","3","{""source"": ""YorùLect"", ""domain"": ""news"", ""english_translation"": ""Research shows that Funke is part of the police department in Alagbon area.""}"
"Bí àghan jàǹdùkú yìí ti tó àghùjọ náà òghun àán dá ìban bolẹ̀ kíkankíkan","sentence","3","{""source"": ""YorùLect"", ""domain"": ""news"", ""english_translation"": ""The terrorists started shooting violently when the got the society""}"
"Ijọba ipinlẹ Oyọ ti jí àghan ra lò mátò titọn èyí lé ni ọgọrun èyí án fi ra ka ná dede àghan ipinlẹ èyí wọ̀ ipinlẹ Ọyọ.","sentence","3","{""source"": ""YorùLect"", ""domain"": ""news"", ""english_translation"": ""The Oyo state government has said that they will use a new vehicle that is more that hundred for transportation to all the states that enter Oyo state.""}"
"Kí se èyí a fi mí kọ lẹ́tà jí a mí kọ lẹ́tà ghún ra wa?","sentence","3","{""source"": ""YorùLect"", ""domain"": ""ted"", ""english_translation"": ""What is the reason that we write letters and we write letters to ourselves?""}"
"Ìjọba ti fi oghó kọ́n oghó osùn àghan òṣìṣẹ́ yìí mí sisẹ́ ni ìkpínlẹ̀ Èkó","sentence","3","{""source"": ""YorùLect"", ""domain"": ""news"", ""english_translation"": ""The government has increased the salaries of workers working in Lagos""}"
"Isẹ́ ghan ni àgbègbè náà fọ̀rọ̀ takò àtìmálé Amade","sentence","3","{""source"": ""YorùLect"", ""domain"": ""news"", ""english_translation"": ""Their work in the area spoke against Amade's detention""}"
"Ìgbòho ti fún àghan Fúlàní ni gbèdéke ọjọ́ méje láti/jí ghan lè kúrò ni ìlú Ìgangàn","sentence","3","{""source"": ""YorùLect"", ""domain"": ""news"", ""english_translation"": ""Igboho gave the Fulanis seven days notice to leave Igangan town""}"
"Tinubu kìlọ̀ ghún Buhari norígho urun yìí leè se akóbá ghún sáà kejì rẹ̀","sentence","3","{""source"": ""YorùLect"", ""domain"": ""news"", ""english_translation"": ""Tinubu warned Buhari on what could ruin his second term""}"
"Sunday Igboho sọ̀rọ̀ yìí norígho ẹ̀rọ amóghùnmáwòrán kpẹ̀lú àghan ọ̀dọ́ kàn yìí kán sì nílé rẹ̀","sentence","3","{""source"": ""YorùLect"", ""domain"": ""news"", ""english_translation"": ""Sunday Igboho made this statement on television alongside some youths who were reached at his home.""}"
"A a rí kpé ọ̀kpọ̀lọkpọ̀ fẹ́ kpè ara ghan ni Wòlíì nítorí isẹ́ ìránṣẹ́ wòlíì mí tà nòde èní","sentence","3","{""source"": ""YorùLect"", ""domain"": ""rel"", ""english_translation"": ""We will see that many will call themselves prophets because prophets are sought after in today’s world.""}"
"Ọ̀ọ̀ni Ògúnwùsì jí àán ọ̀dọ́ rèé kó ìdá mẹ́fà ninọ́ mẹ́wàá iye iráyé yìí gha ni orílẹ̀ èdè Nàìjíríà","sentence","3","{""source"": ""YorùLect"", ""domain"": ""news"", ""english_translation"": ""Ooni Ogunwusi stated that the youth constitute six out of every ten people in Nigeria.""}"
"Àán jí ìdí àbájo ìrẹ́n àjò náà nẹ́ àti jẹ́ jí àghan alága ìpínlè yẹ̀n nẹ́ ìrírí ìsèjọba ìbílẹ̀","sentence","3","{""source"": ""YorùLect"", ""domain"": ""news"", ""english_translation"": ""They said the reason for this travel is to let the chairmen of the state have experience about local governance""}"
"Èkémode jí afi ja yí àdìsọ́kàn àghan èrò Nàìjíríà padà norígho lílò ilé ighín.","sentence","3","{""source"": ""YorùLect"", ""domain"": ""news"", ""english_translation"": ""Ekemode said we have to change the mindset of Nigerians regarding the use of toilets.""}"
"Nẹ̀yìn yìí ó kparí nílé asòfin, éè tí dì ikpò òsèlú kọ́kàn mú má nàti ìgbà náà","sentence","3","{""source"": ""YorùLect"", ""domain"": ""news"", ""english_translation"": ""After finishing in parliament, he has not held any political position since then.""}"
"Ìsẹ̀lẹ̀ yìí mí gháyé súghájú àbọ̀ ìgbẹ́jọ́ ẹ̀sọ̀n kpíkpa olóòtu ijoba tẹ́lẹ̀","sentence","3","{""source"": ""YorùLect"", ""domain"": ""news"", ""english_translation"": ""This incident took  place before the trial of the murder of the former government editor.""}"
"Yàtọ̀ síyẹ̀n, àán nẹ́ ìmà yìí ghàn àti mà irún yìí síse irun yìí ghàn túmà ní","sentence","3","{""source"": ""YorùLect"", ""domain"": ""ted"", ""english_translation"": ""Apart from that, they have the knowledge of good behaviour to know what doing that which is right means.""}"
"Bi wo ti fọ̀, éè fi bá ẹ̀ rọgbọ ni àtùgbà yìí ọma rẹ̀ ọ̀kọ̀nrẹn ti kú.","sentence","3","{""source"": ""YorùLect"", ""domain"": ""news"", ""english_translation"": ""According to him, things have not been easy since the death of his son.""}"
"Ni báyìí, àghan àṣẹ lámèyító náà fọ̀ọ́ kpé èyí lè jẹ́ orísirísi agbára yìí mí wá nàti inọ́ ọrùn","sentence","3","{""source"": ""YorùLect"", ""domain"": ""ted"", ""english_translation"": ""Right now, the critics said this can be different powers that comes from the sun.""}"
"àghan yìí nẹ́ anfaani ati kẹkọọ jade nabẹ abiyamọ yi sapejuwe rẹ bii abiyamọ otitọ.","sentence","3","{""source"": ""YorùLect"", ""domain"": ""news"", ""english_translation"": ""Those who have had the opportunity to learn under this woman described her as a true mother.""}"
"Ọnẹ márùn ún múrẹ̀n ti tọ́ gbà ighohan nẹ̀yìn yí àán gbà ìtọ́jú ghún àrùn kòró","sentence","3","{""source"": ""YorùLect"", ""domain"": ""news"", ""english_translation"": ""Some other five people received treatment after receiving treatment for Covid""}"
"Igwọde upe ghún idanílẹ orilẹ ede Yoruba ti bẹrẹ ni Ọffa.","sentence","3","{""source"": ""YorùLect"", ""domain"": ""news"", ""english_translation"": ""The campaign for the establishment of a Yoruba nation has commenced in Offa.""}"
"Bi ara éè bá nẹ́ omi tó bo se yẹ,ara oluwaarẹ éè ní se kébé ati se àghan usẹ́ èyí ó jí se.","sentence","3","{""source"": ""YorùLect"", ""domain"": ""news"", ""english_translation"": ""If the body does not have enough water, the body will not be able to do the work it should be able to do.""}"
"O fi kọn pé éè buru jù jí án bá yàn ọjọ meji pere nọ́tọ̀ ninó ọdọ́n kàn ati se ọdọ́n ghun alaafia àghan èrò ọjà.","sentence","3","{""source"": ""YorùLect"", ""domain"": ""news"", ""english_translation"": ""He added that it is not too much if they choose only two days in a year to celebrate the peace of the people.""}"
"àghan ni asoju Kirisiti èyí án ran lo ati da àghan ìjọ nile.","sentence","3","{""source"": ""YorùLect"", ""domain"": ""rel"", ""english_translation"": ""They are the representatives of Christ that were sent to establish churches.""}"
"Kí fà á èyí a gbe nẹ́ àghan oyè òghun àpèlé ninọ́ agbo Kirisiteni node èni?","sentence","3","{""source"": ""YorùLect"", ""domain"": ""rel"", ""english_translation"": ""How did we do it, that we have titles and appellations in the midst of Christians nowadays?""}"
"Aarẹ Ọna kakanfo tilẹ Yoruba ti pè aghan gofina yìí gha ni àghan ipẹ́nlẹ mẹfẹẹfa nilẹ Yoruba.","sentence","3","{""source"": ""YorùLect"", ""domain"": ""news"", ""english_translation"": ""The Yoruba military head has invited governors from six states in Yorubaland""}"
"O jí ibo yìí òghun fi yéye jù ti aarẹ Buhari lé ni miliọnu kàn oghun àbọ̀.","sentence","3","{""source"": ""YorùLect"", ""domain"": ""news"", ""english_translation"": ""He mentioned that the votes he used to garner, surpassing those of President Buhari, are over one and a half million.""}"
"Ẹgbẹ oselu Alágbàdo éè ti mú asia oludije ipò gofina Ọṣun ghún Omisore, abi ọnẹmúrẹ̀n.","sentence","3","{""source"": ""YorùLect"", ""domain"": ""news"", ""english_translation"": ""The political party has not withdrawn the candidacy banner for the Osun governorship from Omisore or any other individual""}"
"Ọnẹ kàn tilẹ fọ̀ ọ́ pe uṣẹ lílá òghun án ra se rin ji àghan ero lè tù idọti yìí án ba ju nílẹ̀.","sentence","3","{""source"": ""YorùLect"", ""domain"": ""news"", ""english_translation"": ""One person even said that they would go to great lengths to make people pick up trash if they throw it on the floor""}"
"Ọ̀ràn ni ti ìgwọ́de èyí àghan ẹgbẹ́ osisẹ mi gbà rò ati se ni ọjọ Iṣẹgun.","sentence","3","{""source"": ""YorùLect"", ""domain"": ""news"", ""english_translation"": ""Talk about the rally the workers are planning to do on Tuesday""}"
"Ọlọ́run á gha kpẹ̀lú iráyé","sentence","3","{""source"": ""YorùLect"", ""domain"": ""rel"", ""english_translation"": ""God will be with human.""}"
"Bó bá dẹ̀n si pé a ti kọjá baba lílá kàn ṣoṣo yẹn kẹ̣̀, nùgbà yìí ìdíje kàn gha ni agbede meji àìnoyẹ èdè?","sentence","3","{""source"": ""YorùLect"", ""domain"": ""ted"", ""english_translation"": ""And what if it is that we have gone past the only one forefather, what of when there is one competition among a lot of languages?""}"
"Adédàkpọ̀ jẹ́ akẹ́kọ̀ọ́ jáde nibùdó ìkọ́sẹ́ ìsègùn Fásitì Èkó ni Àkọkà nibo yìí ó ti kọ́kọ́ sisẹ́ ghún ọdọ́n mẹ́jo","sentence","3","{""source"": ""YorùLect"", ""domain"": ""news"", ""english_translation"": ""Adedapo is a graduate of the University of Lagos Medical Center in Akoka, where he initially worked for eight years.""}"
"eyi rèé se okan nara àghan idi èyí ó fi soro ghún àìnóye àghan Kirisiteni rin,","sentence","3","{""source"": ""YorùLect"", ""domain"": ""rel"", ""english_translation"": ""And this is one of the reasons why it is hard for a lot of christians.""}"
"Nọ̀sẹ̀ yìí kọjá òghun àán lérí àti dá isẹ́ dede dúró norígho bí àghan aláṣẹ ilé asòfin tì ghan oghó osùn ghan","sentence","3","{""source"": ""YorùLect"", ""domain"": ""news"", ""english_translation"": ""They pledged to halt work last week due to the parliament officials' failed to pay their salaries.""}"
"Bi obìrẹn ba yege ninọ́ usẹ yìí a mú ghun","sentence","3","{""source"": ""YorùLect"", ""domain"": ""rel"", ""english_translation"": ""If a woman suceeds in the work given to her.""}"
"Ìjọba orílẹ̀ èdè Nàìjíríà ti fi orúkọ orílẹ̀ èdè mẹ́ta kọ́n àghan orílẹ̀ èdè mẹ́tàlá yìí ṣe irun yìí ghàn","sentence","3","{""source"": ""YorùLect"", ""domain"": ""news"", ""english_translation"": ""Nigeria government have added three country names to the thirteen countries that did very well""}"
"Ọmọba Oyèláde jí ìgbìmà alásẹ uléeṣẹ́ ìròyẹ̀n yẹ̀n éè ní jẹ́ ji urun yìí ìjọbá bá fẹ́ se ni àghan òsìsẹ́ nára.","sentence","3","{""source"": ""YorùLect"", ""domain"": ""news"", ""english_translation"": ""Prince Oyelade, a member of the news agency's executive committee, will oppose any measures that inconvenience the employees if requested by the government.""}"
"Ọta ìban ogun abẹ́lé tì gha nọrọ̀n mi nẹ̀yìn àádọ́ta ọdọ́n yìí ogún parí","sentence","3","{""source"": ""YorùLect"", ""domain"": ""news"", ""english_translation"": ""The bullet from the civil war remains lodged in my neck even fifty years after the war ended.""}"
"Ọnẹ mẹ́tadẹ́nnogún rèé kú jí ọ̀pọ̀ iráyé dẹ̀ fara kpa ninọ́ ìjàm̀bá ọkọ̀ tí ó wáyé ni òkpókpónà ni ìkpínlẹ̀ Ọ̀sun","sentence","3","{""source"": ""YorùLect"", ""domain"": ""news"", ""english_translation"": ""Seventeen people died as many people injured in a car accident that happened on the roads in Osun state.""}"
"Èyí sẹ̀yìn ọkọ̀ agbépo yìí gbùná ni ìlú Abẹ́òkúta, èyí ẹ̀mí ọnẹ mẹ́fà bé lọ ni ìṣẹ̀lẹ̀ yẹ́n","sentence","3","{""source"": ""YorùLect"", ""domain"": ""news"", ""english_translation"": ""This does not pertain to the incident involving the burning truck in Abeokuta, where six individuals tragically lost their lives.""}"
"eleyii èyí mí fe jí dede iráyé di ọnẹ igbala.","sentence","3","{""source"": ""YorùLect"", ""domain"": ""rel"", ""english_translation"": ""This one that is wanting every human to be people of salvation,""}"
"Ẹ̀tàn èsù ra kpọ̀ si gidigidi","sentence","3","{""source"": ""YorùLect"", ""domain"": ""rel"", ""english_translation"": ""The deceit of satan will increase very much.""}"
"Ìbànẹ́ nórúkọjẹ́ jẹ́ fífọ̀ irun òtítọ́ níkpa ọnẹ","sentence","3","{""source"": ""YorùLect"", ""domain"": ""rel"", ""english_translation"": ""Defame by saying what is untrue about a person.""}"
"Nọjọ́ ajé ọ̀sẹ̀ yìí òghun Akin fi léde norígho ìkànnì rẹ̀ kpé òghun ní àìsàn jẹjẹrẹ ọnọ́jọ́kpíkpẹ̀ èyí lè là ẹ̀mí òghun lọ","sentence","3","{""source"": ""YorùLect"", ""domain"": ""news"", ""english_translation"": ""Akin posted on his social media page this Monday, revealing that he has chronic cancer and it poses a threat to his life.""}"
"Ìgbàgbọ́ àghan bàbá wá mí kpolongo ìgbé ayé ìwà bí Ọlọ́run","sentence","3","{""source"": ""YorùLect"", ""domain"": ""rel"", ""english_translation"": ""The faith of our fathers announce the lifestyle of godliness""}"
"Alukoro ọlọ́pàá ni ìlú Arárọ̀mí fọ̀ọ́ pé ọkọ̀ ìgbóghó náà ti mí lọ jí àán tó dè ghán nọ̀nà","sentence","3","{""source"": ""YorùLect"", ""domain"": ""news"", ""english_translation"": ""Some police in Araromi said the vehicle carrying money was going before it was  stopped.""}"
"Ó yéyé ni Naijiria, aghan ibo eyi aghan ọnẹ lílá oghun aghan ológhó ra ka jọba n'orígho ofi, ji éè dẹ̀ ní hí ọnẹ èyí lé mú ghan.","sentence","3","{""source"": ""YorùLect"", ""domain"": ""news"", ""english_translation"": ""In many areas in Nigeria, high and noble people rule over the law, and no one will bring them to justice.""}"
"Mo ti dẹ́n kù ni oghó orí jí ó lè rọ̀ aghan èrò ni ìpínlẹ̀ Ogun.","sentence","3","{""source"": ""YorùLect"", ""domain"": ""news"", ""english_translation"": ""I have signed a tax cut because of the convenience of the people of Ogun state.""}"
"Judasi Kikariotu èyí fi Jesu han òghun án fi ọnẹ̀múrẹ̀n rọpo rin","sentence","3","{""source"": ""YorùLect"", ""domain"": ""rel"", ""english_translation"": ""Judas Iscariot that identified Jesus is the one we replaced with another person.""}"
"Káṣìmawòó Abíọ́lá rèé gbe ugba oroke nínọ́ ìdìbò yìí wáyé ní Nàìjíríà nùgbà yẹ̀n nọ́ghọ́n rin.","sentence","3","{""source"": ""YorùLect"", ""domain"": ""news"", ""english_translation"": ""Kasimawo Abiola was declared the winner in the election held in Nigeria at that time""}"
"Kìyari fọ pe án ti gbe oku ghan lọ mọṣuari kàn ni Ipẹ́nlẹ Kaduna.","sentence","3","{""source"": ""YorùLect"", ""domain"": ""news"", ""english_translation"": ""Kyari said they have taken their corpes to the motuary in Kaduna state.""}"
"Nàti ìgọ́n mẹ́rẹ̀ẹ̀rin àgbáyé, elè lílá rèé gbà àghan ọma yẹ̀n kúrò nọwọ́ ìjọba rin.","sentence","3","{""source"": ""YorùLect"", ""domain"": ""news"", ""english_translation"": ""From all corners of the globe, there arose a resounding plea to liberate the children from the government's control.""}"
"Ó tọ́n yẹ jí pa ẹ̀jẹ̀ rẹ tì, norígho pé ẹ̀jẹ̀ ríru yìí nágbára gan an burú gan.","sentence","3","{""source"": ""YorùLect"", ""domain"": ""ted"", ""english_translation"": ""And you are supposed to ignore your blood, because a serious high blood has the most danger.""}"
"tọ́n wá nágbára nẹ́è.","sentence","3","{""source"": ""YorùLect"", ""domain"": ""ted"", ""english_translation"": ""Become more powerful.""}"
"Osere akọkọ òghun ọkunrẹn yìí se jù ninọ́ ere apanẹnẹ̀rín rin.","sentence","3","{""source"": ""YorùLect"", ""domain"": ""news"", ""english_translation"": ""The first male actor that recited the incantation the most in a comic play""}"
"Irun yìí mo mí fọ̀ ni kpé fíìmú yìí néwu yìí jẹ́ mílíọ̀nù mẹ́rẹndẹ́nnogún","sentence","3","{""source"": ""YorùLect"", ""domain"": ""ted"", ""english_translation"": ""What I am now saying is that films that are not dangerous are sixteen million.""}"
"Ìkpè mi rèé se olórìsà olókun, isé yìí mo yàn láàyò rèé se isẹ́ Amòfin lórílẹ̀ èdè Nàìjíríà","sentence","3","{""source"": ""YorùLect"", ""domain"": ""news"", ""english_translation"": ""My calling is God Almighty, and my preferred profession is to be a lawyer in Nigeria.""}"
"Ọlọ́run fọ̀ ghàn Ísírẹ́lì kpé jí àán yà ìlú àkọ́kọ́ yìí àán bá sẹ́gun nọ́tọ̀ fún òun.","sentence","3","{""source"": ""YorùLect"", ""domain"": ""rel"", ""english_translation"": ""God told Israel that he should set apart the first town that they will conquer for him.""}"
"Bárẹ̀ án seleri pe àìseuṣẹ ghan gha nara irunsẹ́ èyí àghan ra lò fi gbé ibinọ́ ghan nóde ni ti àghan ẹhẹ̀ èyí ijọba mi gbé.","sentence","3","{""source"": ""YorùLect"", ""domain"": ""news"", ""english_translation"": ""They also promised strike is one of the tools they will use to express their protest against the government's actions.""}"
"Norígho yẹ̀n, ma mu ghàn rẹ́ nísinsìnyí, láìnẹ́ aghọ ara rẹ̀, ọgbàn ìsẹ́jú kejì, ma ra se bárẹ̣̀.","sentence","3","{""source"": ""YorùLect"", ""domain"": ""ted"", ""english_translation"": ""So, I will show you now, without the skin on it's body, the second thirty minutes, and I will do that.""}"
"Àtúbọ̀tán mímú ghún nẹ́ rin láti tò ìsúra gha jọ ní ọ̀rọn","sentence","3","{""source"": ""YorùLect"", ""domain"": ""rel"", ""english_translation"": ""The repercussion of giving is to arrange our treasure in heaven.""}"
"Ṣé àán ti gbọ́ níkpa bí àbìlú ṣe lè kọlu ẹ̀rọ ìbánẹfọ̀ ghan nòjíjì","sentence","3","{""source"": ""YorùLect"", ""domain"": ""news"", ""english_translation"": ""Have you ever heard about how a bug can suddenly attack your cell phone?""}"
"Bákàn yẹ̀n, àghan onímà gbọdọ̀n nọ́wọ́ nẹ́ ẹ̀.","sentence","3","{""source"": ""YorùLect"", ""domain"": ""news"", ""english_translation"": ""Moreover, the experts must also concur with it.""}"
"Ìjọ pàápàá kélè kpé Ọlọ́run nígbà yìí Hẹ́rọ́dù fi Pétérù sínọ́ tubú","sentence","3","{""source"": ""YorùLect"", ""domain"": ""rel"", ""english_translation"": ""Even the church called unto God when Herod locked Peter in prison.""}"
"ìríjú a gha rin, o ra jiyẹ̀n usé iríjú iwaasùn wa.","sentence","3","{""source"": ""YorùLect"", ""domain"": ""rel"", ""english_translation"": ""We are stewards, that has to give account of our steward preaching work.""}"
"Èé se ninọ́ ìnara ẹ̀dá iráyé, kpẹ̀lú òmìnira mọ́kànlénogún, nàti èjìká rẹ̀ tó èjìká rẹ̀","sentence","3","{""source"": ""YorùLect"", ""domain"": ""ted"", ""english_translation"": ""It is not a human being, it has twenty one independence, from it's shoulder to it's shoulder.""}"
"Bi akọnilẹ iku rẹ ti fọ̀ọ́, akandun lásán làsàn rèé mú Adunni Oluwole ni ika rin.","sentence","3","{""source"": ""YorùLect"", ""domain"": ""news"", ""english_translation"": ""According to her death note, it was just ordinary whitlow that Adunni had on her finger""}"
"Ọlọ́gbán iráyé mà bí a se lè lò àghan irun yìí yẹ ní síse yìí ninọ́ isẹ́ ìsìn Ọlọ́run","sentence","3","{""source"": ""YorùLect"", ""domain"": ""ted"", ""english_translation"": ""A wise person knows how we can use these right things to do in serving God.""}"
"O fọ pe bá rẹ̀ oghun Àjàyí èyí gbé ni Gusu Gusu Naijiria wá gha rin, òghun paapaa éè rí urunkúnrun se ghún aghan ọnẹ terẹ̀.","sentence","3","{""source"": ""YorùLect"", ""domain"": ""news"", ""english_translation"": ""He said also, Ajayi who came from the southern part of Nigeria, who also was not able to do anything for his people""}"
"Ọ̀gbẹ́ni Adelẹ́yẹ jí èyí se kpàtàkì nítorí ó ra jẹ́ jí rọrùn àti mú àghan yìí bá sá","sentence","3","{""source"": ""YorùLect"", ""domain"": ""news"", ""english_translation"": ""Mr. Adeleya said this is important because it will make it easier to catch criminals who will run away.""}"
"E je ki a ghò apejuwe Adonija òghun Solomoni","sentence","3","{""source"": ""YorùLect"", ""domain"": ""rel"", ""english_translation"": ""Let us check the examples of Adonijah and Solomon.""}"
"Ṣùgbán ìsíkúrò sí ikpò yìí jẹ́ àsekágbá àtìmọ́lé rẹ̀","sentence","3","{""source"": ""YorùLect"", ""domain"": ""news"", ""english_translation"": ""but the aversion to the situation which is his immediate detention.""}"
"Ó tọ́n jẹ́ Kọ̀misọ́nà hún ètò okoòghò àti ẹgbẹ́ alájẹsẹ́kù ni ìpínlè Ọ̀yọ́","sentence","3","{""source"": ""YorùLect"", ""domain"": ""news"", ""english_translation"": ""He additionally assumed the role of commissioner for business organization and small groups in Oyo State.""}"
"Àán hín ni ijọ́ kẹ́ẹ̀tàlá ni ilé rẹ̀ yìí gha ni Ìkòròdú","sentence","3","{""source"": ""YorùLect"", ""domain"": ""news"", ""english_translation"": ""They buried him on the 13th at his house in Ikorodu""}"
"Dede àgbáyé oghun òkíkí ti ra kàn rin ni ọjọ satidé èyí Ọmọọba ilẹ̀ Gẹ̀ẹ́sì fẹ́ aya.","sentence","3","{""source"": ""YorùLect"", ""domain"": ""news"", ""english_translation"": ""News of the prince of England's desire to marry will circulate worldwide on Saturday.""}"
"Igbe ayé Jesu rọrọ̀n bárẹ̀ òghun ọ̀nà rè éè ni.","sentence","3","{""source"": ""YorùLect"", ""domain"": ""rel"", ""english_translation"": ""The lifestyle of Christ is easy, and also the way of God is not hard as well.""}"
"Nítorí ètò ààbò àti ìròyẹ̀n ilẹ̀ Yorùbá òghun a bé fi ẹgbẹ́ ọma rere náà sílẹ̀ ni ìlú Amẹ́ríkà","sentence","3","{""source"": ""YorùLect"", ""domain"": ""news"", ""english_translation"": ""Due to security concerns and Yoruba news, they departed from the group of well-behaved children in America.""}"
"Urun yìí án àn gbọ ri ni ti ọnẹ kan abi ọjà.","sentence","3","{""source"": ""YorùLect"", ""domain"": ""news"", ""english_translation"": ""What you have not heard about a person or city.""}"
"Àtùgbà yìí Isreal ti nẹ́ igbenókè òghun o ti họ́n nókè díyẹ̀ rin.","sentence","3","{""source"": ""YorùLect"", ""domain"": ""news"", ""english_translation"": ""Immediately upon Isreal's victory, he ascended slightly.""}"
"Fàsásí ti fọ̀ nókè norígho àsẹ Gofina Akeredolu.","sentence","3","{""source"": ""YorùLect"", ""domain"": ""news"", ""english_translation"": ""Fasasi spoke up on Governor Akeredolu's order""}"
"Adéléke jáwé olúborí gẹ́gẹ́ bí Gómìnà ìkpínlẹ̀ Ọ̀sún nọjọ́ kẹ́hàn án osùn kẹta","sentence","3","{""source"": ""YorùLect"", ""domain"": ""news"", ""english_translation"": ""Adeleke won as the governor of Osun state on 9th of March""}"
"Ó dà bí ọnẹ kpé ọma ọdọ́n máàrún mo gha nìgbà yìí mo kọ́kọ́ nẹ́ ẹ̀rọ ìgbóghùnnáfẹ́fẹ́","sentence","3","{""source"": ""YorùLect"", ""domain"": ""news"", ""english_translation"": ""It seems like I was five years old when I got my first radio.""}"
"Fífi ọwọ́ yẹkpẹrẹ mú ẹ̀sẹ̀","sentence","3","{""source"": ""YorùLect"", ""domain"": ""rel"", ""english_translation"": ""Taking sin with levity""}"
"Àán jí ìgbà àkọ́kọ́ rèé yìí ìwà jàgídíjàgan yìí ra wáyé ni ìkpínlẹ̀ Òǹdó","sentence","3","{""source"": ""YorùLect"", ""domain"": ""news"", ""english_translation"": ""They said it was the first time that this kind of violence would happen in Ondo state.""}"
"Gbígbà Ọlọ́run gbọ́ ghún irun yìí áà rí","sentence","3","{""source"": ""YorùLect"", ""domain"": ""rel"", ""english_translation"": ""Believing God for things we can not see.""}"
"Òjísẹ́ Ọlọ́run kan gbá ìyá Ìjọ netí torí ó móghó re","sentence","3","{""source"": ""YorùLect"", ""domain"": ""news"", ""english_translation"": ""A minister of God slapped the mother of congregation because she embezzled money""}"
"Ọma méje òghun mo bí rin àmá dede ghan éè gha ma.","sentence","3","{""source"": ""YorùLect"", ""domain"": ""news"", ""english_translation"": ""I gave birth to seven children but they all died""}"
"Origho ikọ̀ yẹ̀n hàn òghun ó fi bọ́ nùgbà èyí ó mí dù ipo pẹlu ikọ̀ méjì múrẹ̀n ni idije yìí waye ni papa isere Mobọ́lájí.","sentence","3","{""source"": ""YorùLect"", ""domain"": ""news"", ""english_translation"": ""It was God who saved the ambassador from two goals in the match held at the Mobolaji stadium.""}"
"Nítorí náà, níhìn ín, wo lè rí ìyíkpadà yìí gha ninọ́ lílò àghan òghun èlò ayé ìgbà yẹ̀n","sentence","3","{""source"": ""YorùLect"", ""domain"": ""ted"", ""english_translation"": ""So, here, you can see changes that are in using the tools of those days.""}"
"Nèní, ighò ìsàlẹ̀ ilé rẹ̀ ti nẹ́ yàrá méje èyí dẹ̀ mí lé sí","sentence","3","{""source"": ""YorùLect"", ""domain"": ""news"", ""english_translation"": ""Today, the cave under his floor has seven rooms and counting.""}"
"ọ̀nẹ̀ kàn sí àgọ́ ìṣẹ́niníṣẹ̀ẹ́.","sentence","3","{""source"": ""YorùLect"", ""domain"": ""ted"", ""english_translation"": ""One crocodile at the camp of employment.""}"
"Ẹgbẹ́ agbábọ́ọ̀lù náà àán se ìgbaradì èyí tó síwájú ìfẹsẹ̀wansẹ̀ náà","sentence","3","{""source"": ""YorùLect"", ""domain"": ""news"", ""english_translation"": ""The football team failed to prepare before the match.""}"
"Èrò mẹ́fà kú nínọ́ ìjà ẹgbẹ́ òkùnkùn ni ilé ìwé gíga yìí gha ni Ìkẹ́rẹ́ Èkìtì","sentence","3","{""source"": ""YorùLect"", ""domain"": ""news"", ""english_translation"": ""Six people lost their lives in a clash between cultists at a university in Ikere Ekiti.""}"
"Abíọ́dún fi kọn pé igbákejì ààrẹ Nàìjíríà náà tí fi ẹ̀dùn rẹ̀ ránsẹ́ lé àghan èrò ìpínlè ọ̀ghọ́n.","sentence","3","{""source"": ""YorùLect"", ""domain"": ""news"", ""english_translation"": ""Abiodun said the vice president has sent his condolences to the people of his state""}"
"Gẹ́gẹ́ bí òfin, ilé ẹjọ́ lè gbé ìgbéhẹ̀n","sentence","3","{""source"": ""YorùLect"", ""domain"": ""news"", ""english_translation"": ""According to the law, the court can take action against such judgment""}"
"Ní báyìí, bó tilẹ̀ jẹ́ kpe a mí dúró de dede nkan ghàn yìí jí lè sẹ","sentence","3","{""source"": ""YorùLect"", ""domain"": ""ted"", ""english_translation"": ""Right now, even if it is that we are waiting for all these things to happen, that is what you can do for""}"
"Àghan asòfin àgbà orílẹ̀ èdè Nàìjíríà ti mú Gómìnà ìpínlẹ̀ Òǹdó nèsì rẹ̀ yìí gho fọ̀","sentence","3","{""source"": ""YorùLect"", ""domain"": ""news"", ""english_translation"": ""The senior legislators of Nigeria have given the governor of Ondo state a responded to his words.""}"
"Ọga ijọba orilẹ ede Faransé ti fesi pe àghan ti fi oghó yẹ̀n ránsẹ́.","sentence","3","{""source"": ""YorùLect"", ""domain"": ""news"", ""english_translation"": ""The head of the French government has responded that the money has been sent.""}"
"Nítorí náà, mo ghò dede ìsàlẹ̀ rẹ, o lè ni ẹ̀ẹ́dẹ́gbẹ̀rin, mo sì fẹ́ àghan ànímá ọkọ̀nrẹn","sentence","3","{""source"": ""YorùLect"", ""domain"": ""ted"", ""english_translation"": ""So, I looked at the whole bottom, it is over seven hundred, and I looked for the characteristics of men.""}"
"Olórí orílẹ̀ èdè gha nara àghan olósèlú yìí la sàbẹ̀ghò sí Tọ́lá nàsìkò yí gho la gbà ìtọ́jú ni òkè òkun","sentence","3","{""source"": ""YorùLect"", ""domain"": ""news"", ""english_translation"": ""The president of the country was among the politicians who visited Tola when she went to receive treatment overseas.""}"
"Bi a bá le mà nipa ìlànà ìnághó àtẹ̀yìnwá olùfẹ́ rẹ, ó ra jé jí rẹ mà bí àn án se ye ji an ka na ogho ghan nọwọ́lọwọ́ báyì.","sentence","3","{""source"": ""YorùLect"", ""domain"": ""news"", ""english_translation"": ""Understanding your loved one's previous financial strategy could greatly assist you in managing your current expenses.""}"
"Àghòrán yìí òghun án mí nàwọ́ ní rin, ó jẹ́ jí a mà irú ọnẹ yìí Jagunmólú gha gan an.","sentence","3","{""source"": ""YorùLect"", ""domain"": ""ted"", ""english_translation"": ""This picture is pointing at, and it makes us know the kind of person Jagunmólú really is.""}"
"Ni ti ọkọ rẹ Damole, fidio rèé fi esi yída pé Bukola nẹ́ ololufẹ.","sentence","3","{""source"": ""YorùLect"", ""domain"": ""news"", ""english_translation"": ""As for her husband Damole, he replied with a  video to call Bukola lover""}"
"O ne ajọ èyí mi mójútó àghan ọjà lílá ni orilẹ ede Naijiria.","sentence","3","{""source"": ""YorùLect"", ""domain"": ""news"", ""english_translation"": ""He said an organization that controls the capital of Nigeria.""}"
"Mo kọ́ ẹ̀kọ́ kàn ninọ́ àsà àghan Yorùbá níkpa àìgha ghún ìgbà kpíkpẹ́","sentence","3","{""source"": ""YorùLect"", ""domain"": ""news"", ""english_translation"": ""I learnt a lesson in the Yoruba tradition of not being here for long""}"
"Irun yìí kàn Poolu gbàngbàn ghún ìlọigwájú iyinrire gbòdì ghún dede ìdíwọ́","sentence","3","{""source"": ""YorùLect"", ""domain"": ""rel"", ""english_translation"": ""What really concerns Paul for the progress of the gospel is against all obstacles.""}"
"Ọlọ́run ma mí se irun yìí ghọ́kpọ̀ nibo ìjọsìn","sentence","3","{""source"": ""YorùLect"", ""domain"": ""rel"", ""english_translation"": ""God does uncommon things in the place of worship.""}"
"àghan irá abule yii la ẹrun án àn lè pa á dé má.","sentence","3","{""source"": ""YorùLect"", ""domain"": ""news"", ""english_translation"": ""That's how the villagers open their mouth without being closing it back""}"
"Ọmọ ọ̀dọ̀ yìí gha ni Ìbàdàn jù ogún lọ, òfin dẹ̀ fàyè gba jí aan  kà gbé nínọ́ ilé Ọ̀gá a ghon.","sentence","3","{""source"": ""YorùLect"", ""domain"": ""news"", ""english_translation"": ""Maids  in Ibadan is over 20, the law still allow them to live in their boss's house""}"
"Otítọ́ rin pe ọma ipinlẹ Agége Ikeduba gha rin, àmá ẹ̀gbẹ́ Ebute Meta ni Eko án ti bi rin.","sentence","3","{""source"": ""YorùLect"", ""domain"": ""news"", ""english_translation"": ""It is true that Ikeduba is a from Agege state, but he was given birth to in Ebute Meta in Lagos""}"
"Jọọ gba aya rẹ aye ati susẹ s'odidi ninọ́ ojuse rẹ̀.","sentence","3","{""source"": ""YorùLect"", ""domain"": ""rel"", ""english_translation"": ""Please allow your wife to perform well in her duties.""}"
"Bi a fẹ́ bi a kọ̀, idá mẹfa ninọ́ mẹwa àghan ọma orilẹ ede yìí, ọ̀dọ́ àghan gha rin.","sentence","3","{""source"": ""YorùLect"", ""domain"": ""news"", ""english_translation"": ""Either we like it or not, six out of ten children are youths""}"
"Án ti fàgbà ghàn orileede yẹ̀n bi ibo èyí nẹ́ ọrọ̀ jí ó dẹ̀n tọ́n nẹ́ ọjọ igwaju èyí hàn.","sentence","3","{""source"": ""YorùLect"", ""domain"": ""news"", ""english_translation"": ""They have developed the country as a rich city with a good future.""}"
"Àǹóye èrò rèé kú nibo ásídẹ́ntì yẹ̀n rin.","sentence","3","{""source"": ""YorùLect"", ""domain"": ""news"", ""english_translation"": ""A lots of people lost their lives  in the accident""}"
"Ní ọ̀nà kejì, Adé mí dúró norígho “ìgbẹ́kẹ̀lé"".","sentence","3","{""source"": ""YorùLect"", ""domain"": ""news"", ""english_translation"": ""On the other hand, the Crown is built upon the foundation of \""trust\"".""}"
"Bó tilẹ̀ jẹ́ pé àghan akọ màlúù mí yídà, síbẹ̀ án yí òfin yẹ̀n dà.","sentence","3","{""source"": ""YorùLect"", ""domain"": ""ted"", ""english_translation"": ""Despite the fact that the male cattles are changing, yet they changed the law.""}"
"Ẹgbẹ́ Adáàbòbo erò ọjà ni Ibadan ké gbàjarè ni ti mátò akẹ́rù lílá èyí kó Fulani ati Hausa wọ̀ Ibadan","sentence","3","{""source"": ""YorùLect"", ""domain"": ""news"", ""english_translation"": ""Civil Defense in Ibadan arrested a large truck that brought Fulani and Hausa into Ibadan""}"
"Fásitì yẹ̀n fọ̀ pé, èrò èyí kó ààrọ̀n kòrónà nágbáyé jù èrò mílíọ́ọ̀nù kàn lọ.","sentence","3","{""source"": ""YorùLect"", ""domain"": ""news"", ""english_translation"": ""University said the people that caught Corona are more than one million people in the world""}"
"Ó kéré tán, bí ẹgbẹ̀rún kàn òghun ọgọ́rùn ún mẹ́fà nara àghan ọma yìí án rán jáde ló ti họ urun tita kan nọ̀.","sentence","3","{""source"": ""YorùLect"", ""domain"": ""ted"", ""english_translation"": ""Not less than, about one thousand and six hundred out of the children they sent out has lost one good.""}"
"A ti se afẹ́rí àghan àpilẹ̀kọ yìí ní urun yìí tó lé ni ọgọ́rùn ún ọdọ́n yìí kọjá, èyí wa yéye gan an rin.","sentence","3","{""source"": ""YorùLect"", ""domain"": ""ted"", ""english_translation"": ""And we have found these articles in over hundred years ago, that is very much.""}"
"Eto idibo gbogboogbo èyí kọja waye ni ọjọ kejidinlọgbọn òghun ọjọ kọkandinlọgbọn, osùn Kẹta, ọdọ́n yìí.","sentence","3","{""source"": ""YorùLect"", ""domain"": ""news"", ""english_translation"": ""The last general election was held on the twenty-eighth and twenty-ninth of March this year.""}"
"Àmì ẹ̀yẹ̀ẹ̀ guún akíkanjú nẹ́ru uṣẹ́ òghun ìṣiṣẹ́sílúú lọ ọ̀dọ̀n àghan ọnẹ èyí ó tọ́ ghún.","sentence","3","{""source"": ""YorùLect"", ""domain"": ""news"", ""english_translation"": ""Awards for bravery and civil service go to those who deserve it.""}"
"Já fò òótọ́, ó mí jẹ́ jí mí rọrọ̀n, ó sì mí jẹ́ jí rọrọ̀n gan an","sentence","3","{""source"": ""YorùLect"", ""domain"": ""ted"", ""english_translation"": ""To be candid, it makes it easy, and it makes it easy a lot.""}"
"Nùgbà akọkọ ninọ́ itàn idije ife ẹyẹ bọọlu àghan obinrẹn nàgbáyé.","sentence","3","{""source"": ""YorùLect"", ""domain"": ""news"", ""english_translation"": ""For the first time in the history of the women's football world cup.""}"
"Mo fọ ghán pé rìnrìn àjò pápá kan","sentence","3","{""source"": ""YorùLect"", ""domain"": ""ted"", ""english_translation"": ""I told her that journeying one field.""}"
"Àghan ọ̀sọ́ yìí a júwe, ní dede, gbọ́dọ̀ jẹ́ urun yìí éè ní bàjẹ́","sentence","3","{""source"": ""YorùLect"", ""domain"": ""rel"", ""english_translation"": ""The adornments that we described, in all ways, must be what does not corrupt.""}"
"ulé iṣẹ ijọba ipinlẹ Èkìtì kọ́n fọnfọn nùgbà èyí ọ̀gá ọlọpaa mí se ikede yẹ̀n.","sentence","3","{""source"": ""YorùLect"", ""domain"": ""news"", ""english_translation"": ""The Ekiti state government was crowded when the police were providing the information.""}"
"Ìbásekpọ̀ wa kpẹ̀lú ẹbí wa","sentence","3","{""source"": ""YorùLect"", ""domain"": ""rel"", ""english_translation"": ""Our relationship with our family.""}"
"Àmá, àán jí éè hí ọnẹ́ nẹ́ ẹ̀rí yìí dájú yìí lè júwe kpé àlùfáà Babâtúndé jẹ̀bi ẹ̀sùn yii ọn fi kàn án","sentence","3","{""source"": ""YorùLect"", ""domain"": ""news"", ""english_translation"": ""However, they asserted that no one can prove Pastor Babatunde guilty of the charges against him.""}"
"Éè si Èkó rèé nẹ́ ewu jù ati gbé ni àgbáyé.","sentence","3","{""source"": ""YorùLect"", ""domain"": ""news"", ""english_translation"": ""Lagos is not very hard to live in the work""}"
"Àyà mi já jí jẹ́ bi a ti tàn Efà je ni ti àrékérekè ejo","sentence","3","{""source"": ""YorùLect"", ""domain"": ""rel"", ""english_translation"": ""But I am afraid that it should not be how Eve was deceived by the snake's cunningness.""}"
"Àghan ọma ogun ra ka rí àghan urun èlò yìí án mí lò nùgbà yìí àghan yìí gha ni iká òghun ẹhẹ̀ ghan bá rá.","sentence","3","{""source"": ""YorùLect"", ""domain"": ""ted"", ""english_translation"": ""Warriors usually see the insruments that they use when those that are inside their arms and legs disappear.""}"
"Ìbànọ́jẹ́ líla òghun ikú Aláàfin jẹ́ ghún dede ọma Yorùbá nilé àti noko","sentence","3","{""source"": ""YorùLect"", ""domain"": ""news"", ""english_translation"": ""Aláafin's death is a great loss for all Yoruba people at home and abroad.""}"
"Àghan òsìsẹ́ jí dede ìghàn yìí àán se nése òghun àán ti gbé lọ síléẹ̀wòsàn","sentence","3","{""source"": ""YorùLect"", ""domain"": ""news"", ""english_translation"": ""All the workers said those that were injured has been taken to the hospital""}"
"Ó lè jẹ́ jí obìnṛẹn họ ìfẹ́ Ọlọ́run yìí han jù ghún ayé rẹ̀ nọ̀.","sentence","3","{""source"": ""YorùLect"", ""domain"": ""rel"", ""english_translation"": ""It can make a woman lose the will of God that is best for her life.""}"
"Àmà irun yìí yọ̀n má Babùlù gan an rin, éè mí se ìwé yẹ̀n.","sentence","3","{""source"": ""YorùLect"", ""domain"": ""ted"", ""english_translation"": ""But that is what the Bible really likes, and it is not the book.""}"
"Bí ó bá ghùn ghán, án lè fọ ghàn àlùfáà.","sentence","3","{""source"": ""YorùLect"", ""domain"": ""news"", ""english_translation"": ""If they wish, they can inform the priest.""}"
"Ìredi ẹhẹ̀ èyí gofina Afọlábí gbé rèé, ó fẹ́ tú aṣiri ùwà híhù àghan dokitọ̀ òghun nọọsi ileewosan ni uṣẹ́ èyí àn án mí gbà oghó osùn norígho rẹ̀.","sentence","3","{""source"": ""YorùLect"", ""domain"": ""news"", ""english_translation"": ""Governor Afolabi's intention is to unveil the secret behind the conduct of the doctors and nurses at the hospital, considering they receive a monthly salary for their work.""}"
"Àghan Àpọ́sítélì ni àkókò àdúrà àti alájùmọ̀ gba àdúrà","sentence","3","{""source"": ""YorùLect"", ""domain"": ""rel"", ""english_translation"": ""Apostles in the time of prayer and prayer partners.""}"
"Àwa obìnrẹn nọ́kọ̀ọ̀kan òghun dede wa, a ra tẹ̀nígwájú áti ra ka pariwo.","sentence","3","{""source"": ""YorùLect"", ""domain"": ""news"", ""english_translation"": ""As women, both individually and collectively, we will persist in raising our voices.""}"
"Awọn ọlọpaa ti mụ ọma eyi nẹ́ onekọ́nẹn yẹn ghún ijọba ipinlẹ Eko.","sentence","3","{""source"": ""YorùLect"", ""domain"": ""news"", ""english_translation"": ""The police officers handed over the child who is an orphan to the Lagos state government""}"
"Òyìnbó burúkú òghun àán kọ síbẹ̀ jí Kọ̀misọ́nnà ọlọ́pàá ni ìkpínlẹ̀ Èkó dẹ̀ bọ̀wọ́ lù ú","sentence","3","{""source"": ""YorùLect"", ""domain"": ""news"", ""english_translation"": ""Poor English was written there, and it was signed by the Commissioner of Police.""}"
"Dede gha rèé mí fẹ́ àghan ànímá yìí nẹ́ í se kpẹ̀lú ìghà ìmọ̀tara ọnẹ nùkàn, ìrísí ghàn sì jọ èyí","sentence","3","{""source"": ""YorùLect"", ""domain"": ""ted"", ""english_translation"": ""We all look for characteristics that has to do with self-centeredness, and they are similar to this.""}"
"nàti lè mà ìdí wo fi gbàgbọ́ òghun ìpinnọ Rẹ̀ ghún rẹ.","sentence","3","{""source"": ""YorùLect"", ""domain"": ""rel"", ""english_translation"": ""To know the purpose why you believe and his decision for you.""}"
"Èmi àti ìyàwó mi nẹ́ ẹgbẹ̀rún mẹ́wàá ìwé nígbà yìí a lọ sí ilé ẹ̀kọ́ alákọ̀ọ́bẹ̀rẹ̀","sentence","3","{""source"": ""YorùLect"", ""domain"": ""ted"", ""english_translation"": ""I and my wife had ten thousand books when we went to the nursery school.""}"
"Yorùbá jí àsà òghún se olúborí ètò àgbéléwò náà ti àghan ọma Yorùbá káàkiri dede ayé","sentence","3","{""source"": ""YorùLect"", ""domain"": ""news"", ""english_translation"": ""The Yoruba culture emerged as the vwinner in the program, celebrated by Yoruba people worldwide.""}"
"Oríṣiríṣi àghan gbajúmọ̀ òghun Naijiria ati àghan orílẹ̀ èdè mìíràn nàgbáyé rèé tí mi ṣègbé nẹ̀yìn ìwọ́de òghún","sentence","3","{""source"": ""YorùLect"", ""domain"": ""news"", ""english_translation"": ""Various celebrities in Nigeria and other countries in the world have been speaking after the protest""}"
"Nú àtèjadé rí olùdámọ̀ràn ri ààre tè sítàlójó iṣẹgun fọ o ti  ṣàlàyé fo ìgbésè náà tapa ro ofin","sentence","4","{""source"": ""YorùLect"", ""domain"": ""news"", ""english_translation"": ""On Tuesday, the President's adviser issued a press release stating that the action was against the law.""}"
"Àkókò jẹ́ àmì ọwò","sentence","4","{""source"": ""YorùLect"", ""domain"": ""rel"", ""english_translation"": ""Time is a sign of respect.""}"
"Torí náà, àwọn ogun rèé wà níbẹ̀ ń tọ́ka sí àwọn ogun bí wọn ṣe dúró papọ̀.","sentence","4","{""source"": ""YorùLect"", ""domain"": ""ted"", ""english_translation"": ""This is exactly where the amount of children that are not girls and there are that much""}"
"Bó tilẹ̀ jẹ́ fọ wọ́n padà dá wọn sílẹ̀.","sentence","4","{""source"": ""YorùLect"", ""domain"": ""news"", ""english_translation"": ""Even though they later sacked them""}"
"Ó mí ṣe ìrànwọ́ àmọ́ ó mí kó àwọn ohun ìjà oníròyìn náà jọ.","sentence","4","{""source"": ""YorùLect"", ""domain"": ""ted"", ""english_translation"": ""You assist, but you gather the snow weapons together.""}"
"Tí róò  ń ṣe kí dìde ènìyàn di ẹni ìgbàlà","sentence","4","{""source"": ""YorùLect"", ""domain"": ""rel"", ""english_translation"": ""This one that is wanting every human to be people of salvation,""}"
"Ìfẹ́ Ọlọ́run rí fọ kà gbà àwọn ọkàn là","sentence","4","{""source"": ""YorùLect"", ""domain"": ""rel"", ""english_translation"": ""God's wish is that we should save souls.""}"
"Ọ̀pọ̀lọpọ̀ rèé fẹ́ kán bọ wọ́n, wọ́n sì fẹ́ bọ àwọn ẹlòmíràn.","sentence","4","{""source"": ""YorùLect"", ""domain"": ""rel"", ""english_translation"": ""Many want us to worship them, and they do not want to worship others.""}"
"Mó ti búwọ́lùú àdínkù owó orí torí àwọn èèyàn Ìpínlẹ̀ Ògùn.","sentence","4","{""source"": ""YorùLect"", ""domain"": ""news"", ""english_translation"": ""I have signed a tax cut because of the convenience of the people of Ogun state.""}"
"Kéèyàn lọ iléèwé , ẹ́mìí ṣẹ àfojúsùn, ohun rí yè ń túmọ̀ sí ni fọ kéèyàn lọ ilé ìwé","sentence","4","{""source"": ""YorùLect"", ""domain"": ""ted"", ""english_translation"": ""If a person goes to school, it is not dedication, what it means is that a person should go to school.""}"
"Ọ̀rò ìbàjẹ kan gbọ́dọ̀ ti ẹnu kìrìsitẹ]nì ja]dé torí fọ e ba[á ìwà labẹ́-ayé titún nú kirísítìmu","sentence","4","{""source"": ""YorùLect"", ""domain"": ""rel"", ""english_translation"": ""Any foul word must not come out of a Christian's mouth, because it does not fit with his new lifestyle in Christ.""}"
"O fo òpọ̀ èèyàn rè mí ṣe ohun ré bójúmu torí fọ kán lè gbé  ìlumọ̀ọ́ká","sentence","4","{""source"": ""YorùLect"", ""domain"": ""news"", ""english_translation"": ""He said many people used to do things that are not appropriate because they want to be popular""}"
"Ìròyìn re tara ìṣẹ̀lẹ̀ náà yoo jẹ èyí rè é bá  àwọn olùgbẹ́ ìlú Èdè nínú jẹ́ púpọ̀","sentence","4","{""source"": ""YorùLect"", ""domain"": ""news"", ""english_translation"": ""The incident that led to the news is the one that saddens the heart of residents of Ede""}"
"Ilẹ̀ Yorùbá ran kọ́kọ́ dá ilé-iṣe amóhùn  máwòrán sini  ilè adúláwò.","sentence","4","{""source"": ""YorùLect"", ""domain"": ""news"", ""english_translation"": ""Television company was first established in Yorubaland in Africa""}"
"Iṣẹ̀lẹ̀ náà wáyé lẹ́yìn nǹkan bí oṣù mẹ́wàá rọ́kọ rẹ̀ òhún ti kọ́kọ́ kayé sílẹ̀.","sentence","4","{""source"": ""YorùLect"", ""domain"": ""news"", ""english_translation"": ""The incident happened about ten months after her husband passed away.""}"
"Fẹ́mi òjùdú gan an rè mí sòrò é lọ́wọ́ lọ́wọ́ tó èmi ìgbòho","sentence","4","{""source"": ""YorùLect"", ""domain"": ""news"", ""english_translation"": ""Femi Ojudu, who is speaking, is not as wealthy as I am, Igboho.""}"
"Sáà á gbé mósè dìde ráwọn ọmọ ísíráélì láti wàásù","sentence","4","{""source"": ""YorùLect"", ""domain"": ""rel"", ""english_translation"": ""We raised Moses for the for the children of Isreal to preach.""}"
"Àwọn ẹgbẹ́ olóṣèlú pọ̀ gan-an ní ìlú wèé.","sentence","4","{""source"": ""YorùLect"", ""domain"": ""news"", ""english_translation"": ""There plenty political parties in this city""}"
"Sáà á gbé àwọn ọmọ Ísíráélì dìde láyé ó kan wáṣẹ̀ sí àwọn èèyàn rèé ní ìran wọn.","sentence","4","{""source"": ""YorùLect"", ""domain"": ""rel"", ""english_translation"": ""We raised the children of Israel in life to look for work for the people of their generation.""}"
"Á pẹ̀ ẹṅi láti jẹ́ ìránṣẹ́ àti ìrijú","sentence","4","{""source"": ""YorùLect"", ""domain"": ""rel"", ""english_translation"": ""We are called to be servants and stewards.""}"
"Nígbà náà áinìí jẹ́  aláìdàgbà bí ẹ̀wẹ mọ́","sentence","4","{""source"": ""YorùLect"", ""domain"": ""rel"", ""english_translation"": ""Then, we will not be one that does not grow like children any more.""}"
"Ó tún yẹ kó pa ẹ̀jẹ̀ rẹ tì, torí fọ èjẹ̀ ríru rè é lágbára gan-an ní ewu rèé burú jùlọ.","sentence","4","{""source"": ""YorùLect"", ""domain"": ""ted"", ""english_translation"": ""And you are supposed to ignore your blood, because a serious high blood has the most danger.""}"
"O kọ arábínrin náà fi owó sí ìwé àdéhùn ẹlẹ́nìkan ní odún rèé kojá","sentence","4","{""source"": ""YorùLect"", ""domain"": ""news"", ""english_translation"": ""The lady's husband signed a personal contract last year.""}"
"Láti orígún mẹ́rẹ̀ẹ̀rin àgbáyé ìgbé ńlá rèé gbà àwọn ọmọ náà lè lọ́wọ́ le","sentence","4","{""source"": ""YorùLect"", ""domain"": ""news"", ""english_translation"": ""From all corners of the globe, there arose a resounding plea to liberate the children from the government's control.""}"
"Díẹ̀ Lára àwọn orin rèé gbóríyìn fún àwọn ọmọ búrukú.","sentence","4","{""source"": ""YorùLect"", ""domain"": ""news"", ""english_translation"": ""Some of the songs that praise bad children""}"
"Bí okàn  bá bàjẹ́, á nípa  lórí ìhùwàsí  béè rí ìrètí ìgbàgbọ́ á kà séyìn","sentence","4","{""source"": ""YorùLect"", ""domain"": ""rel"", ""english_translation"": ""When sad, it will have impact on behaviour, yes, expectation faith will be withdrawn.""}"
"Ọbásanjó fọ àwọn aráàlú rèé jé èjé kamáà wó ń fẹ́ kí ebí wọ́n sẹ̀wọ̀n ìfipábánilòpọ̀","sentence","4","{""source"": ""YorùLect"", ""domain"": ""news"", ""english_translation"": ""He stated that individuals of the same lineage do not wish for their relatives to be prosecuted for rape.""}"
"Ṣùgbọ́n Ìsíkúrò sí ipò rèé jẹ́ àṣekágbá àtimọ́lẹ̀ rẹ̀.","sentence","4","{""source"": ""YorùLect"", ""domain"": ""news"", ""english_translation"": ""but the aversion to the situation which is his immediate detention.""}"
"Nípa dídúró sinsin, jíjà àti ìfaradà","sentence","4","{""source"": ""YorùLect"", ""domain"": ""rel"", ""english_translation"": ""By steadfastness, fighting for and endurance.""}"
"Ọ̀pọ̀ àwọn urunjẹ wèé ré ti nídì ìgbàgbọ́ ráà sì gbọ́dọ̀ pè padà.","sentence","4","{""source"": ""YorùLect"", ""domain"": ""news"", ""english_translation"": ""Many of these foods are fading into obscurity and need to be remembered.""}"
"Ọ̀pọ̀lọpọ̀ èèyàn rèé jáde láti fi àtìlẹyìn wọn hàn rí gbajúgbajà olórin tàkasúfèé.","sentence","4","{""source"": ""YorùLect"", ""domain"": ""news"", ""english_translation"": ""Many people have come out to show their support for the popular hiphop artist.""}"
"Àwọn mìíràn sọ fọ iba ẹ̀fọn ọdún wèé sekú pàwọn ju ti ẹ̀yìn wá lọ.","sentence","4","{""source"": ""YorùLect"", ""domain"": ""news"", ""english_translation"": ""Others said that this year's malaria is killing more people than last year.""}"
"Sàsà nínú àwọn ọmọ Yorùbá pàápàá àwọn ọmọ ayé òde òní réé tilẹ̀ mọ irú ẹranko rè ń jẹ́ Ìmàdò.","sentence","4","{""source"": ""YorùLect"", ""domain"": ""news"", ""english_translation"": ""Only few of the Yoruba people, especially the children of today do not even know what kind of animal is called Imado""}"
"Wo àwọn urun méje rọ́ yẹ kó mò nípa Ààrẹ Abíódún igè àti aya rẹ̀ moji olórùka","sentence","4","{""source"": ""YorùLect"", ""domain"": ""news"", ""english_translation"": ""Take a look at seven things you should know about President Abiodun Ige and his wife Moji Oloruka.""}"
"Dede  urun  mìíràn  ti  ayé  ni  òpin  rẹ̀  á  jẹ́  ònìgbàgbó","sentence","4","{""source"": ""YorùLect"", ""domain"": ""rel"", ""english_translation"": ""All the other things that the world has will turn sour, the end will be disbelieve.""}"
"Torí fo ó ti wá rí báyìí, mó sọ àwọn àkọsílẹ[kan rèé dá lórí sìgá mímu.","sentence","4","{""source"": ""YorùLect"", ""domain"": ""ted"", ""english_translation"": ""Because you have seen it now, I mentioned some articles that are on cigarettes.""}"
"Tiwaladé kọ ìgbésí máà wà láti fa àwọn rè é ń rìn Ìrìnàjò igbáfẹ́ lọ Ìpínlẹ̀ Ìjànikin.","sentence","4","{""source"": ""YorùLect"", ""domain"": ""news"", ""english_translation"": ""Tiwalade said there is a way to attract those who travel for leisure to Ijaniki state.""}"
"Wón  gbódò jẹ́ mímọ́ nú dede ọ̀rọ̀ wọn","sentence","4","{""source"": ""YorùLect"", ""domain"": ""rel"", ""english_translation"": ""They must be holy in all their words.""}"
"Ǹjẹ́ fún ìdàgbàsókè àṣà ilẹ̀ Jàpánì rí dede ọ̀nà wèé tàbí ànì ìpàdánù ìgbékalẹ̀ ạṣà ìbílẹ̀ ẹni.","sentence","4","{""source"": ""YorùLect"", ""domain"": ""news"", ""english_translation"": ""Is this all for the development of Japanese culture or a sign of losing faith in one's culture?""}"
"Láti bèèrè urunkúrun ráà ré kí Ọlọ́run ṣe ré ní nìkan.","sentence","4","{""source"": ""YorùLect"", ""domain"": ""rel"", ""english_translation"": ""To ask anything we want God to do for us only.""}"
"ẹ̀sùn rèé wọ́pọ̀ rán fi nǹkan àwọn àṣìlò àti Ìwà ìbàjẹ́.","sentence","4","{""source"": ""YorùLect"", ""domain"": ""news"", ""english_translation"": ""The most common accusation againts them is misusing of position  and corruption""}"
"Ọ̀jọ̀gbọ́n wèé tún tẹ̀ síwájú láti kàwé sí.","sentence","4","{""source"": ""YorùLect"", ""domain"": ""news"", ""english_translation"": ""The professor has proceed to read more""}"
"Lápapọ̀, èèyàn mẹ́sàn-án rákọsílẹ̀ àjọ náà sọ kọ wọ́n nẹ́ àrùn kòrónà ni Nàìjíríà báyìí.","sentence","4","{""source"": ""YorùLect"", ""domain"": ""news"", ""english_translation"": ""Overall, nine individuals, as indicated by the organization's note, have now tested positive for the virus in Nigeria.""}"
"Dede urun ráà á rò fọ ó mí nókàn eni ráà  ń rù, ọpọlọ wa sì ń dà wá láàmú","sentence","4","{""source"": ""YorùLect"", ""domain"": ""ted"", ""english_translation"": ""We are thinking about all what we think is always on our mind, and our brain disturbs us.""}"
"Agbẹnusọ àjọ náà kan Olúwọlé níkòó lórí níbi ìpàdé rèé wáyé lánàá.","sentence","4","{""source"": ""YorùLect"", ""domain"": ""news"", ""english_translation"": ""The spokesperson of the organization knocked Oluwole on his head yesterday at the meeting""}"
"Fífi àwọn ẹlòmíràn sáájú ara ẹni","sentence","4","{""source"": ""YorùLect"", ""domain"": ""rel"", ""english_translation"": ""Putting other people before oneself.""}"
"Á nìí máa tìwá síhìń súhùn, kí wọ́n máa fi afẹ́fẹ́ ẹ̀kọ́ titun gbé ẹni kii","sentence","4","{""source"": ""YorùLect"", ""domain"": ""rel"", ""english_translation"": ""We will not be pushed here and there, and we will not be pushed around with the wind of new knowledge.""}"
"Nígbà rí eré di ìsẹ́jú méjìdínláàdọ́ta ríí Nàìjíríà, ogójì ró dì báyìí Akíntóyè bá tún gbá bóọ̀lù sínú àwọ̀n ikọ̀ alátakò.","sentence","4","{""source"": ""YorùLect"", ""domain"": ""news"", ""english_translation"": ""At the 58th minute of the game, Akitoye scored the ball into the opponent's net again.""}"
"Díẹ̀ rèé lára àwọn àgbègbè rán ti ń ṣiṣẹ́ kara re fo mo nẹ àkókò láti lọ ṣẹ́ ẹ̀kúnréré àlàyẹ́.","sentence","4","{""source"": ""YorùLect"", ""domain"": ""ted"", ""english_translation"": ""These are few of the areas that are working hard today so I have time to go into details in full.""}"
"Àkókò jẹ́ ìpílẹ̀ ráà kóó dede urun rè é kù lé lórí.","sentence","4","{""source"": ""YorùLect"", ""domain"": ""rel"", ""english_translation"": ""The first is a foundation that we place all the remaining things on.""}"
"O wó jẹ́ ki n láyọ̀ gẹ́gẹ́ bí ojú ewé méjì rẹ wa nínú ìwé ìròyìn.","sentence","4","{""source"": ""YorùLect"", ""domain"": ""ted"", ""english_translation"": ""Money does not make me joyful like the two pages that are in the newspaper.""}"
"Bí m̀ ṣe n wọn wọn, si mwa ri fo o ti di baraku ri wọn.","sentence","4","{""source"": ""YorùLect"", ""domain"": ""ted"", ""english_translation"": ""And as I am looking at them, I now see that they have become an habit for them.""}"
"Sáà  á jẹ́ ajigbèsè nítòótọ́,  á  sì ní  ìhìn  láti  jé rọ olórun","sentence","4","{""source"": ""YorùLect"", ""domain"": ""rel"", ""english_translation"": ""We are debtors truly, and we need to tell the raptures for God.""}"
"Ó jẹ́ àkọ́kọ́ réè sí náàárín àwọn rèé lè gbà ọ́.","sentence","4","{""source"": ""YorùLect"", ""domain"": ""rel"", ""english_translation"": ""You are the first to be among the people that cannot save you.""}"
"Adé s̀àlayé ìdí ró fi padà yọ àwòrán Orísàbùnmí kúrò lójú òpó rẹ̀.","sentence","4","{""source"": ""YorùLect"", ""domain"": ""news"", ""english_translation"": ""Ade explained the reason why he removed Orisabunmi's picture from his street""}"
"Mó rò fọ a dákẹ́ rárá, ọmọ ẹni ń burú ká fún ẹkùn pa jẹ.","sentence","4","{""source"": ""YorùLect"", ""domain"": ""news"", ""english_translation"": ""I will think that we are silent, one's child cannot be that wicked and we will give it to lion to eat""}"
"Kódà rògbòdìyàn wèé ré mú ilé jíjó àti èmí lọ ní ìmòta lágbègbè ìkòròdú ni ìlú èkó","sentence","4","{""source"": ""YorùLect"", ""domain"": ""news"", ""english_translation"": ""It was these conflicts that resulted in the burning of houses and loss of lives in the Imota area of Lagos city.""}"
"Gẹ́gẹ́ bí Iba Fáyẹmi Ẹlẹ́buìbọn ṣe sọ, ìpalára wà rílùú àti ọba gan.","sentence","4","{""source"": ""YorùLect"", ""domain"": ""news"", ""english_translation"": ""According to what Baba Ifayemi Elebunibon said, there is harm to the city and the King.""}"
"Òṣèré àkọ́kọ́ l’ọ́kùnrin rí pegedé jù nínú eré apanilẹ́rìn-ín.","sentence","4","{""source"": ""YorùLect"", ""domain"": ""news"", ""english_translation"": ""The first male actor that recited the incantation the most in a comic play""}"
"Inú obìnrin wèé dùn ganan wáyìí ó mu]àwọn urun èlo rè wá ójà","sentence","4","{""source"": ""YorùLect"", ""domain"": ""ted"", ""english_translation"": ""And this woman is very happy, she is bringing her instruments to the market.""}"
"Lórí urun rí àìsàn náà gbà lówó rè.","sentence","4","{""source"": ""YorùLect"", ""domain"": ""news"", ""english_translation"": ""On what the illness took from him""}"
"Àwọn òṣìṣé náà ṣe ìfèhónú hàn náà ní àyíká ilé ìgbìmọ̀ aṣòfin ní olú ìlú orílè èdè Nàìjíría","sentence","4","{""source"": ""YorùLect"", ""domain"": ""news"", ""english_translation"": ""The workers also staged a protest near the Parliament House in the Nigerian capital.""}"
"Ẹ́ nì péé ráà á fi máa rí sáínà rè ńkò ní ibi ree jìnà gan an.","sentence","4","{""source"": ""YorùLect"", ""domain"": ""ted"", ""english_translation"": ""It will not be long before we see China coming from a far place here.""}"
"À á ri kọ́ orísirísi èrèdí  tí àwọn èèyàn fi ń wọnú iṣẹ́ ìrànṣẹ́.","sentence","4","{""source"": ""YorùLect"", ""domain"": ""rel"", ""english_translation"": ""We will see that people go into ministry for different purposes.""}"
"Ó fọ àjọ rè ń mójútó olú ìlú orílẹ̀-èdè Nàìjíríà.","sentence","4","{""source"": ""YorùLect"", ""domain"": ""news"", ""english_translation"": ""He said an organization that controls the capital of Nigeria.""}"
"Sùgbón,  olúkúlukú ní pàtàkì jùlọ, ìránsẹ́ Olórun  gbódò saá  pon  la]ti  “  pín  ọ̀rọ̀ otító  bótiẹ","sentence","4","{""source"": ""YorùLect"", ""domain"": ""rel"", ""english_translation"": ""But, each one most importantly, servant of God must strive to \""share the word of God as appropriate.""}"
"Àkókò jẹ àmi ìbùkùn .ìbùkùn sáàbà má a ńwà lórí àkókò.","sentence","4","{""source"": ""YorùLect"", ""domain"": ""rel"", ""english_translation"": ""Time is a sign of blessing. Blessing is usually on time.""}"
"A mọ̀ bí ènìyànṣe dàgbà sí nípa bó ti mí sọ̀rò","sentence","4","{""source"": ""YorùLect"", ""domain"": ""rel"", ""english_translation"": ""We know how grown a person is by the way he talks.""}"
"Kán sẹ́lẹ̀ télè rí ŕ ìjọba ìbílẹ̀ Èkìtì kó rí páńpé àjo rè ń gbógun ti ìwá jegúdú jẹrá","sentence","4","{""source"": ""YorùLect"", ""domain"": ""news"", ""english_translation"": ""Former counsellor of Ekiti local goverment has fallen into the trap of an organization that fight corruption""}"
"Akín jẹ oníròyìn fún ilé iṣẹ́ Ìgbóhùnsáfẹ́ aláròyé, ó sì tún jẹ́ ajàfúnètọ́ ọmọnìyàn.","sentence","4","{""source"": ""YorùLect"", ""domain"": ""news"", ""english_translation"": ""Akin is a reporter for the Alaroye radio station, and he is also a humanitarian.""}"
"Ṣùgbọ́n  ẹ́   rèwèsì nínú ìpòùgb re lati  ri fọ sáà á wàásù ìhìnrere ri dede  ènìyàn","sentence","4","{""source"": ""YorùLect"", ""domain"": ""rel"", ""english_translation"": ""But he was relentless in his thirst to see that we preach the gospel for all people.""}"
"Ó fi kún fọ é pọ̀jù kán bá yàn ọjọ́ méjì péré sọ́tọ̀ láàárin o.dún kan láti ṣe òdún fún àlàfíà àwọn aráàlú.","sentence","4","{""source"": ""YorùLect"", ""domain"": ""news"", ""english_translation"": ""He added that it is not too much if they choose only two days in a year to celebrate the peace of the people.""}"
"Ọmọba oyèláde fọ ìgbìmọ̀ aláṣẹ iléesẹ́ ìròyìn náà mí jẹ́ kí ìgbésẹ̀ kọ̀ọ̀kan ìjọba bá fẹ́ gbé pa àwọn òsìsẹ́ lára.","sentence","4","{""source"": ""YorùLect"", ""domain"": ""news"", ""english_translation"": ""Prince Oyelade, a member of the news agency's executive committee, will oppose any measures that inconvenience the employees if requested by the government.""}"
"Ìyen rí fọ wón ti wá ri fo ohun rèé ṣe pàtàkì jùlọ ráwọn ọmọ ni láti kọ́ ri ìwà wọn","sentence","4","{""source"": ""YorùLect"", ""domain"": ""ted"", ""english_translation"": ""That is they have now seen that the most important thing that the children have to learn is their behaviour.""}"
"Pípọ̀si túmọ̀ sí kọ ká jẹ́ olorò nú iṣẹ́ Olúwa fọ káa so èso lọ̀pọ̀lọpọ̀.","sentence","4","{""source"": ""YorùLect"", ""domain"": ""rel"", ""english_translation"": ""Increasing means to be wealthy in the works of God, to be bearing a lot of fruits.""}"
"Ìfẹ̀hónúhàn ìtako ìsejọba Túnji fún ìgbà kẹta.","sentence","4","{""source"": ""YorùLect"", ""domain"": ""news"", ""english_translation"": ""Protest against Tunji's government for the third time.""}"
"Ọ̀gá àgbà ilé isé ọlópàá ti kéde àyípadà orúkọ léyìn ri adelé ààrẹ pàṣe fo kó ṣe àtúntò èka náà","sentence","4","{""source"": ""YorùLect"", ""domain"": ""news"", ""english_translation"": ""The commissioner of Police has announced the change of name after the Acting President ordered to reorganize the department.""}"
"Ó fọ níbi ìpàdé we ri wọ́n àti gbé òfin kalè fí Nàìjírìà.","sentence","4","{""source"": ""YorùLect"", ""domain"": ""news"", ""english_translation"": ""He said its in this meeting they will set new rules for Nigeria""}"
"Sí ilé iṣẹ́ ìjọba Ìpínlẹ̀ Èkìtì kún fọ́fọ́ nígbà rí ọ̀gá ọlọ́pàá ń ṣe ìkéde náà.","sentence","4","{""source"": ""YorùLect"", ""domain"": ""news"", ""english_translation"": ""The Ekiti state government was crowded when the police were providing the information.""}"
"Wà á ri fọ àwọn èèyàn rèé wà nú ẹgbẹ́ ìgbìmọ̀ Yíróòpù wèé túbọ̀ ń pọ̀ sí i.","sentence","4","{""source"": ""YorùLect"", ""domain"": ""ted"", ""english_translation"": ""You will see that the people that belong to this Europe council group are still increasing.""}"
"O jẹ ọkan lára àwọn ọmọ ẹgbẹ́ obìnri rẹ̀ ní ipò rè ẹ́ ní ìtumọ̀ àti ojúṣe gidi nú ẹgbẹ́ náà.","sentence","4","{""source"": ""YorùLect"", ""domain"": ""news"", ""english_translation"": ""She is one of the female members who has a meaningful and responsible position in the group.""}"
"Abẹ́ ìgbèkùn àwọn ọ̀gágun rè é ti jagun kẹ̀yìn àti àwọn asọmọgbèé wọn ni orílẹ̀ èdè Nàìjíríà.","sentence","4","{""source"": ""YorùLect"", ""domain"": ""news"", ""english_translation"": ""There is no retired military commander and strong military intelligence in the country of Nigeria.""}"
"Ibi padà di ire fún olómi rè é dákú ó bá àánú ńlá pàdé.","sentence","4","{""source"": ""YorùLect"", ""domain"": ""news"", ""english_translation"": ""The waterman who fainted experienced a turn from evil to good and encountered great mercy.""}"
"Sùgbón mo nẹ ìfòyàfọ, gégé bí ejọ̀ sẹ   tan  Ẹ́fà jẹ nípasẹ[ àrékérekè re","sentence","4","{""source"": ""YorùLect"", ""domain"": ""rel"", ""english_translation"": ""But do not have the fear that, as the snake deceived Eve with it's cunningness.""}"
"Ó kéré tán urun bí ẹgbẹ̀rún kan àti ọgọ́rùn ún mẹ́fà lára àwọn ọmọ rán án rán jáde rèé pàdánù ojà kan.","sentence","4","{""source"": ""YorùLect"", ""domain"": ""ted"", ""english_translation"": ""Not less than, about one thousand and six hundred out of the children they sent out has lost one good.""}"
"Alukoro àwọn olópàá ní òsun fọ iró fún báláú rá àwọn ẹlésìn náà pá","sentence","4","{""source"": ""YorùLect"", ""domain"": ""news"", ""english_translation"": ""The police officers in Osun said the religious people are telling a big lie""}"
"Agbẹ́nuso rí egbé òṣèlú náà ti mí sẹ̀tò ìgbéjó rèé máa tako ìwà ìpáǹle rèé wá lásìkò ìdìbò rèé koja","sentence","4","{""source"": ""YorùLect"", ""domain"": ""news"", ""english_translation"": ""The spokesperson for the political party is organizing a trial that will oppose the violence that took place during the last election.""}"
"Ìwádìí  fi hàn fọ ojú  ojó ri ń gbóná lágbàáyé ti ń gòkè si kaakiri orílẹ̀ èdè lágbàáyé","sentence","4","{""source"": ""YorùLect"", ""domain"": ""news"", ""english_translation"": ""Research has shown that the hot weather in the world is increasing all over the world.""}"
"Nígbà résùù bá dè obìnrẹn ní ìgbèkùn, àwọn ọmọ á nẹ́ ìṣòro bẹ́ẹ̀ ni ọkùnrẹn nílọ jìnnà lááyé.","sentence","4","{""source"": ""YorùLect"", ""domain"": ""rel"", ""english_translation"": ""When satan puts a woman under bondage, the children will have problems and the man will not go far in life.""}"
"Kódà sá wọ̀n ajíngbé náà tun yẹ̀n bọn pa àwọn ẹ̀ṣọ́ elétò àbò rè mísóilé ẹ̀kọ́ náà","sentence","4","{""source"": ""YorùLect"", ""domain"": ""news"", ""english_translation"": ""Even the kidnappers shot and killed the security guards guarding the school.""}"
"Mo rẹ́ ẹ̀rọ  agbóhùnsáféfé rẹ̀ pò gan an lóríi òràn náà, tori na ri kọ́lá ṣẹ fọ ki mṣọ nípa rẹ̀.","sentence","4","{""source"": ""YorùLect"", ""domain"": ""ted"", ""english_translation"": ""And it is the greatest danger for Àńjọọ́rìn, that looks sick.""}"
"Èṣù mọ ìwé dájú fọ kóun bá ti mú obìnrẹn á rọrùn láti mú ọkùnrin.","sentence","4","{""source"": ""YorùLect"", ""domain"": ""rel"", ""english_translation"": ""Satan knows this surely, and he also knows that if he catches a woman, it is easy to catch a man.""}"
"Ò ré jẹ́ ìmúdàgbà ara tí ìdàgbàsókè ń béèrè.","sentence","4","{""source"": ""YorùLect"", ""domain"": ""rel"", ""english_translation"": ""That which the growth of the body and development asks.""}"
"Dídáwò àti mímú iṣẹ́ ìránṣẹ́ rẹ̀ sẹ.","sentence","4","{""source"": ""YorùLect"", ""domain"": ""rel"", ""english_translation"": ""Recognizing and starting your ministry.""}"
"Àwọn akòròyìn náà di ẹni rá ń gbé kiri lo rí túbú mìíràn re sun wọ̀n.","sentence","4","{""source"": ""YorùLect"", ""domain"": ""news"", ""english_translation"": ""The journalists became the ones who were transported to another prison that did not improve.""}"
"Wọ́n dìtè láti gbà ìjọba ẹ lójó kẹ́talá iṣù kárùn ún ọdún twenty fifteen nígbà ré sìí nílé","sentence","4","{""source"": ""YorùLect"", ""domain"": ""news"", ""english_translation"": ""They conspired to take over his government from him on the 13th of May,2015 when he was not at home.""}"
"Dede ará àwọn ọmọ náà rè ń gbóná.","sentence","4","{""source"": ""YorùLect"", ""domain"": ""news"", ""english_translation"": ""All the children are running temperature""}"
"Ṣùgbọ́n ìrírí mi bí wọ́n ṣe ń rí mi bí àtọ̀húnrìnwá ti jẹ́ kí ń ní ìmọ̀ nípa àṣà àwọn èèyàn mi.","sentence","4","{""source"": ""YorùLect"", ""domain"": ""news"", ""english_translation"": ""However, my encounters with how they perceive me as an outsider have heightened my understanding of my people's culture.""}"
"Ɓàbáńgídá gbéjọba fun Abiọla lẹ́yìn ìbò","sentence","4","{""source"": ""YorùLect"", ""domain"": ""news"", ""english_translation"": ""Babangida did not give the government to Abiola after election""}"
"Àwọn obìnrẹn pọ̀ nu ìjọ Ọlọ́run rèé ìì lọ́kọ̀ àmó àwọn ọkùnrin ṣetán àti nẹ́ ìyàwó","sentence","4","{""source"": ""YorùLect"", ""domain"": ""news"", ""english_translation"": ""There are many women in the church of God who are not married but men are not ready to have a wife.""}"
"Àṣẹ́ arà mi ri isó ti ń rùn èmi náà ń sọ pé fún ẹni rè ń ṣọ́.","sentence","4","{""source"": ""YorùLect"", ""domain"": ""news"", ""english_translation"": ""Hence, it was my body from which the unpleasant odor emanated, and I have uttered a curse upon the individual responsible for it.""}"
".Fẹ́la  Aníkúlápó tí sọ̀rọ̀ rè póòlè kó ra kú","sentence","4","{""source"": ""YorùLect"", ""domain"": ""news"", ""english_translation"": ""Fela Anikulapo had a lot to say before he died.""}"
"Bákan náà rí Ìròyìn ọ̀hún tún fọ àwọn afurasí ọlọ́pàá wèé tún mí gbé epo bẹ́ntíròòlù àti dísù ráwọn jàǹdùký.","sentence","4","{""source"": ""YorùLect"", ""domain"": ""news"", ""english_translation"": ""However the news said the police suspects also carried petrol and diesel to the terrorist in the forest""}"
"Àdìgún sọ fọ kó rá dì fọ wọ́n gbé òun lárúgẹ ó yẹ ká béèrè lọ́wọ́ Àmọ̀pé fọ ṣé ó sàǹfaàní?","sentence","4","{""source"": ""YorùLect"", ""domain"": ""ted"", ""english_translation"": ""Àdìgún said before they praise him, we are meant to ask Àmọ̀pé that is it beneficial?""}"
"Àtúbọ̀tán Ìfífúnni rí láti ti ìṣúra ẹni jọ rí òrun.","sentence","4","{""source"": ""YorùLect"", ""domain"": ""rel"", ""english_translation"": ""The repercussion of giving is to arrange our treasure in heaven.""}"
"Dede àgbáyé ré ti ń gbé ìgbésẹ̀ lórí ọ̀nà ráà fi parí lọ́dọ̀ wọn.","sentence","4","{""source"": ""YorùLect"", ""domain"": ""news"", ""english_translation"": ""The entire world is taking measures toward a solution that will lead to their resolution.""}"
"Onídajọ́ rè ń gbọ́ ẹjọ́ náà fọ ọgbà ẹ̀wọ̀n Ìkòyí.","sentence","4","{""source"": ""YorùLect"", ""domain"": ""news"", ""english_translation"": ""The judge who is hearing the case at the Ikoyi prison.""}"
"Ọ̀pọ̀lọpọ̀ ẹ̀mí rèé ti sọnú nípa ààrùn kòrònà ìwé ráàwọ́n èèyàn ti gbà kádàrá sí.","sentence","4","{""source"": ""YorùLect"", ""domain"": ""news"", ""english_translation"": ""A lots of lives has been lost due to corona while some people have accepted their faith""}"
"Ẹ wo àwọn urun míràn ráwọn èèyàn tún sọ lójú òpó ayélujára nípa ìpinnu Gómìnà wèé.","sentence","4","{""source"": ""YorùLect"", ""domain"": ""news"", ""english_translation"": ""Look at other things people are saying on the internet about this Governor's decision.""}"
"Irọ́ rọ́ àn pafọ sì àwọn yòòbá  tiná bọ ìsọ àwọn ọmo ìgbò nílùú Èkó","sentence","4","{""source"": ""YorùLect"", ""domain"": ""news"", ""english_translation"": ""they lied that the Yorubas are burning down Igbo people's kiosk  in Lagos""}"
"Èmi a ti aya mi nẹ́ egbẹ̀rún méwàá ìwé nígbà ráà á lọ ilé èkó alákòóbèrè.","sentence","4","{""source"": ""YorùLect"", ""domain"": ""ted"", ""english_translation"": ""I and my wife had ten thousand books when we went to the nursery school.""}"
"Olórí ìjọba orílẹ̀-èdè Faransé ti fèsì fọ wọ́n ti fowó ránṣẹ́.","sentence","4","{""source"": ""YorùLect"", ""domain"": ""news"", ""english_translation"": ""The head of the French government has responded that the money has been sent.""}"
"Báwo róò ó ṣelè kọ ìlànà kan rèé mú àwọn làṇ̀dùkú ṣẹ urun ráǹ án ṣe.","sentence","4","{""source"": ""YorùLect"", ""domain"": ""ted"", ""english_translation"": ""How can you write one procedure that made the terrorists do what they did?""}"
"ọ̀pọ̀lọ ò àwọn osiṣẹètò ìlera ré ti kú torí fo wón lójú tàbí wọ́n polongo àti gbógun ti àrùn ẹ̀bólà ré lórí ile èdè kóńgò","sentence","4","{""source"": ""YorùLect"", ""domain"": ""news"", ""english_translation"": ""Different health care workers have died because they were treating or promoting the fight againts Ebola disease in Congo""}"
"Èrèdí ìgbésẹ̀ gómìnà Afọlabí rí láti tú àṣírí ìhùwàsí àwọn dókítà àti nọ́ọ̀sì iléwòsàn sí iṣẹ́ rán ń gba owó oṣù.","sentence","4","{""source"": ""YorùLect"", ""domain"": ""news"", ""english_translation"": ""Governor Afolabi's intention is to unveil the secret behind the conduct of the doctors and nurses at the hospital, considering they receive a monthly salary for their work.""}"
"Àwọn  ráà  ní pẹ̀ ní “ Ìránsẹ́ olórun  ńlá ńlá”  wèé ẹ́ mì í ṣe fọ sáà ńpè wón béè nìkan","sentence","4","{""source"": ""YorùLect"", ""domain"": ""rel"", ""english_translation"": ""Those that we call the \""great servants of God\"", it is not that we just call them that alone.""}"
"Ó sọ fọ àyèwò mìíràn á wáyé rí gómìnà lójọ́ àbámẹ́ta.","sentence","4","{""source"": ""YorùLect"", ""domain"": ""news"", ""english_translation"": ""He added that, another test will be held for the governor on Saturday""}"
"Àwọn èèyàn rèé fẹ́ Ọlọ́run Kọ́ríntì kìnní orí kejì.","sentence","4","{""source"": ""YorùLect"", ""domain"": ""rel"", ""english_translation"": ""People that want God, first Corinthians chapter two.""}"
"Ipò èmí rí obìnrin wáà rí òdín wọn ri ipò ẹ̀mí ìjọ.","sentence","4","{""source"": ""YorùLect"", ""domain"": ""rel"", ""english_translation"": ""The state of spirit woman is is the measure of the state of spirit of the church.""}"
"Ó fọ ọ̀pọ̀ ìgbà ri kábíyèsí Adéyemí ń bá òun sọ̀rọ̀ ọgbón láàfin ọ̀yọ́ nígbà róò ó fẹ́ akọ̀ròyìn","sentence","4","{""source"": ""YorùLect"", ""domain"": ""news"", ""english_translation"": ""He mentioned that Kabiyesi Adeyemi had imparted wisdom to him at the Oyo palace when he worked as a journalist.""}"
"Ìpínlè Ọ̀yọ́ tún ti gbà oyè tuntun gẹ́gẹ́ bí ìpínlè rí àgbékalè ètò ààbò elèkùn jẹ kùn àkọ́kọ́ irú ẹ̀ ti gbinlẹ̀","sentence","4","{""source"": ""YorùLect"", ""domain"": ""news"", ""english_translation"": ""Oyo State has also earned a new title as the state where the first-of-its-kind prisoner security system has been launched.""}"
"Ìṣẹ̀lẹ̀ náà mú kí igbákejì gómìnà Ìpínlẹ̀ ọ̀hún kéde ìgbélé oní wákàtí mẹ́talélọ́gbọ̀n ní ìlú Ẹ̀pẹ́.","sentence","4","{""source"": ""YorùLect"", ""domain"": ""news"", ""english_translation"": ""The incident caused the deputy governor of the state to announce a 33-hours curfew in the city of Epe""}"
"Lẹ́yìn rí Ààrẹ̀ Buharí kéde ọjọ́ náà gẹ́gẹ́ bí àyájọ ọjọ́ ìṣèjọba tiwa-n-tiwa ráà á tó jẹun.","sentence","4","{""source"": ""YorùLect"", ""domain"": ""news"", ""english_translation"": ""We had our meal on the day President Buhari declared as Democracy Day.""}"
"E jẹ́ ká wò urun rí ìwé mímọ́ sọ nípa èdè ẹni","sentence","4","{""source"": ""YorùLect"", ""domain"": ""rel"", ""english_translation"": ""Let us look at what the holy book says about our language.""}"
"Ní ọdún wèé rí gbajúgbajà akọrin náà jáde láyélẹ́ yìn ró ò ó lò ọdún mẹ́tà dínlọ́góta láyé","sentence","4","{""source"": ""YorùLect"", ""domain"": ""news"", ""english_translation"": ""The famous musician died after spending 57 years on earth this year""}"
"Olórí àánú náà wá parí ọ̀rọ̀ rẹ̀ fọ òun dúpẹ́ fọ wén fi òye gbé àlàyé òun.","sentence","4","{""source"": ""YorùLect"", ""domain"": ""news"", ""english_translation"": ""Queen Anu concluded her speech by expressing gratitude for the wisdom displayed in comprehending her explanation.""}"
"Ẹgbẹ́ òṣìṣẹ́ lórílẹ̀ èdè Nàìjíríà fọ dandan ṣáàwọn mà tẹ̀síwájú nínú ìyansẹ́lòdì.","sentence","4","{""source"": ""YorùLect"", ""domain"": ""news"", ""english_translation"": ""The labor union in Nigeria has made it clear that they will continue to protest.""}"
"Àwọn èèyàn rèé seéyí lọ́kàn padà tàbí rí ẹsẹ̀ wọn le yẹ̀.","sentence","4","{""source"": ""YorùLect"", ""domain"": ""rel"", ""english_translation"": ""People that cannot be convinced or their legs cannot be shaken.""}"
"Ààrẹ téwọ́ gbàiwè ífèyìntì rí adájọ́ àgbà kọrá ara rẹ̀.","sentence","4","{""source"": ""YorùLect"", ""domain"": ""news"", ""english_translation"": ""The president has accepted the resignation written by the chief justice himself.""}"
"Torí fọ dede urun rí ọkùnrin nílò láti ṣe àṣeyọrí rèé wà nú obìnrẹn.","sentence","4","{""source"": ""YorùLect"", ""domain"": ""rel"", ""english_translation"": ""Because everything a man needs to be successful is inside woman.""}"
"Ọgbọ́n rẹ gbèsé ni Àrísítóólù  sọ réni fo ohun ré bá ìfé Ọlọ́run mu àti bó ṣe yẹ leéèyàn mo ìwà rere.","sentence","4","{""source"": ""YorùLect"", ""domain"": ""ted"", ""english_translation"": ""Very sound wisdom is what Aristotle told us is in accordance with Gods's will and how a person is supposed to know good behaviour.""}"
"Kóò bá wà nú àjọ rè ń bójú tó òràn náà, wàá fẹ́ràn orin kíkọ.","sentence","4","{""source"": ""YorùLect"", ""domain"": ""ted"", ""english_translation"": ""If you are part of the organization that is in charge of the matter, you will love singing.""}"
"Ohun mìíràn rí fọ kóòóóbá  ń ṣe nǹkan oṣù, kóò bájẹ́ urun rèé nẹ́ súgà dáadá.","sentence","4","{""source"": ""YorùLect"", ""domain"": ""news"", ""english_translation"": ""Another thing is that if you are menstruating, if you eat something that contains sugar very well""}"
"Ó fikún ọ̀rọ̀ rẹ̀ fọ dandan rí ọjọ́ kárùn-ún, oṣù kẹsàn-án kéde.","sentence","4","{""source"": ""YorùLect"", ""domain"": ""news"", ""english_translation"": ""He added that it was necessary for them to announce on the fifth of September""}"
"Lọ́jọ́ kejì rán ṣe isé abẹ náà tán ni ilé ìwàsàn náà se mo fọ àsìṣ wáyé","sentence","4","{""source"": ""YorùLect"", ""domain"": ""news"", ""english_translation"": ""It was the second day after the surgery was  done was when the hospital realize that something had gone wrong""}"
"Ìlépa wọ́n lórí èrèsí lára wọ́nmáa ń ní ípá lórí ìbáṣepọ̀ wọn","sentence","4","{""source"": ""YorùLect"", ""domain"": ""rel"", ""english_translation"": ""Their pursuit on the purpose of themselves, have impact on their relationship.""}"
"Gẹ́gẹ́ bí ohun rí ẹ̀ka ètò ìdájọ́ orilẹ̀ èdè Améríkà se sọ láàrin osù kẹ́ta sí ìkẹ́jọ ọdún wèé","sentence","4","{""source"": ""YorùLect"", ""domain"": ""news"", ""english_translation"": ""According to what the United States Department of Justice said between the third and eighth months of this year.""}"
"Ìwé tako nọ́ḿbà ráàwọn èèyàn kan ń gbé káàkiri tẹ́lẹ̀ fọ mílíọ́nù mẹ́tàlá rí àwọn màjèsín rèé sí ní iléewé nẹ́ lọ́wọ́.","sentence","4","{""source"": ""YorùLect"", ""domain"": ""news"", ""english_translation"": ""This one contradict the numbers some people  are carrying around before that there are thirteen million kids that are not in school presently""}"
"Gómìnà ìpínlẹ̀ Èkọ́ fo ohun rí àwọn ará Èkó fé ni kí iná ìjọba dúró kó má séjú kí isé wọ́n lè máa a lọ d́édé","sentence","4","{""source"": ""YorùLect"", ""domain"": ""news"", ""english_translation"": ""The governor of Lagos state said what the people of Lagos want is for the government electricity to go non-stop and their work should be going smoothly.""}"
"Nu ẹ̀ka aṣojú méjìlélógbọ̀n ráàjọ elétò ìdìbò kéde èsì ìdìbò rèé wáyé ní ààyè ìdìbò mọ́kànlélógún","sentence","4","{""source"": ""YorùLect"", ""domain"": ""news"", ""english_translation"": ""In the 22nd representative office, the electoral organization announced the results of the election held in twenty-one polling stations.""}"
"Ore-ọ̀fẹ́ Ọlọ́run lórí ayé wọn rèé sọ wọ́n dì ìjọ ré yàtọ̀ pẹ̀lú dede urun rán án ti là kọjá.","sentence","4","{""source"": ""YorùLect"", ""domain"": ""rel"", ""english_translation"": ""God's grace upon their lives made them a church that is different , with everything they have passed through.""}"
"Ẹgbẹ́ ọ̀dọ́ fọ àwọn ni kawọn Fúlàní máa ní asojú nílẹ̀ Yorùbá àmọ́ wọ́n gbọ́dọ̀ tàbùkù àṣà gba àwọn rèé gbà wóò.","sentence","4","{""source"": ""YorùLect"", ""domain"": ""news"", ""english_translation"": ""he youth group clarified that they did not advocate for the exclusion of Fulanis from having representatives in Yoruba land. However, they emphasized that such representatives must refrain from insulting the culture of their hosts.""}"
"Kírísítì kú gégé bí ọ̀dọ́ àgùntàn ẹbọ fún  ètùtù èsè  dede  ènìyàn","sentence","4","{""source"": ""YorùLect"", ""domain"": ""rel"", ""english_translation"": ""Christ died as a lamb sacrifice for the appeasement of every human's sin.""}"
"Rò ó wò ná, àwọn lẹ́ta ré wà níbẹ̀ ti wá gbé àwọn anímọ̀ mẹ́ta wèé yẹ̀ wò","sentence","4","{""source"": ""YorùLect"", ""domain"": ""ted"", ""english_translation"": ""Think about it first, the letters that are there now examine these three characteristics.""}"
"Ọ̀pọ̀ ré níí ibi rán má sùn bí ìjọba ìpínlẹ̀ ẹ̀kọ́ ṣe bèrè ilé wíwó","sentence","4","{""source"": ""YorùLect"", ""domain"": ""news"", ""english_translation"": ""Alots of people don't have where to sleep as Lagos state government just started demolishing houses""}"
"Bá à ṣe mísọ̀rò pẹ̀lú bàà ṣe ń hùwà ní ọ̀pọ̀ ìgbà.","sentence","4","{""source"": ""YorùLect"", ""domain"": ""rel"", ""english_translation"": ""How we talk and how we behave a lot of times.""}"
"Lọ́sẹ̀ ré kọjá rán an lérí láti da dede iṣẹ́ dúró lórí bí àwọn aláṣẹ ilé aṣòfin náà ṣe san owó oṣú wọn.","sentence","4","{""source"": ""YorùLect"", ""domain"": ""news"", ""english_translation"": ""They pledged to halt work last week due to the parliament officials' failed to pay their salaries.""}"
"O mọ  fọ ipo  róùn  wà  nílò agbára  rèé ga  jùlọ fún  ìràn lọ́wọ","sentence","4","{""source"": ""YorùLect"", ""domain"": ""rel"", ""english_translation"": ""He knows that the position he is requires the greatest power for help.""}"
"Àwọn Àpósítélì, àwọn wólìí, àwọn Ajínrere àti àwọn Olùsọ́-àgùtàn àti àwọn olùkọ́.","sentence","4","{""source"": ""YorùLect"", ""domain"": ""rel"", ""english_translation"": ""Apostles, Prophets, Evangelists and shepherds and teachers.""}"
"Nú àlàyé rè ó fọ àjànàkú kọjá mo rí nǹkan fìrí.","sentence","4","{""source"": ""YorùLect"", ""domain"": ""news"", ""english_translation"": ""In his explanation, he mentioned that elephants are not really a good thing.""}"
"Ẹ jé  ka  lọ, nipa ìpín wèé làti pin ọ̀rọ̀ òtitó bó titọ́ tàbí lílà á kó gún  régé","sentence","4","{""source"": ""YorùLect"", ""domain"": ""rel"", ""english_translation"": ""Let us use by this category to share the word of truth as appropriate or dissecting it to look good.""}"
"Olùdámọ̀ràn Ìsèlú fún Mákindé rí í Adélabú é nì í ẹ̀rí rèé dájú láti pe ẹjọ́ kò tẹ̀milọ́rùn.","sentence","4","{""source"": ""YorùLect"", ""domain"": ""news"", ""english_translation"": ""Adelabu is Makinde's political adviser who has no evidence to file a complaint""}"
"Ó ṣàlàyé fọ ọmọ òun míì ṣe oníjọgbọ̀n, béẹ̀ ẹ́ mìí ṣe adigunjalè.","sentence","4","{""source"": ""YorùLect"", ""domain"": ""news"", ""english_translation"": ""He explained that his son is not a troublemaker , nor is he a thief.""}"
"Ọlọ́run àti lórí àwọn èèyàn rèé wà láyìkáá wọn.","sentence","4","{""source"": ""YorùLect"", ""domain"": ""rel"", ""english_translation"": ""God and over the people that are in their vicinity.""}"
"Èkéjì ri fọ  ní lé ìtajà ran ti ńṣe àbẹ̀tẹ́lè orílẹ̀ èdè kan, àbẹ̀tẹ́lẹ̀ orílè èdè re,é wà níbẹ̀.","sentence","4","{""source"": ""YorùLect"", ""domain"": ""ted"", ""english_translation"": ""The second is that, in supermarket that they are taking bribe of one country, one country's bribe is there.""}"
"Nínú oṣù kẹjọ kan náà rí agbébọn míì tún yìnbọn pa èèyàn méje míì.","sentence","4","{""source"": ""YorùLect"", ""domain"": ""news"", ""english_translation"": ""In the same month of August, another gunman shot and killed seven people""}"
"Dédé ẹni rẹ bá ń fẹ́ ìdáǹde kúrò lọ́wó rẹ gbọ́dọ̀ kọ̀ bọ́ á ń ti ń pè Ọlọ́run rí ìdáǹdè","sentence","4","{""source"": ""YorùLect"", ""domain"": ""rel"", ""english_translation"": ""Every body that wants deliverance from it must learn how we call God for deliverance.""}"
"Ilé iṣẹ́ elépo náà jẹ́ òkan pàtàkì lára ilé iṣẹ́ rè mí pèsè epo bẹtiró ní Nàìíríà","sentence","4","{""source"": ""YorùLect"", ""domain"": ""news"", ""english_translation"": ""The oil company is one of the  major oil company that is producing petrol in Nigeria""}"
"Díẹ̀ Lára àwọn ẹ̀sùn náà dé ilé ẹjọ́ wọ́n sì fi ọwọ́ bò àwọn kan mọ́lẹ̀.","sentence","4","{""source"": ""YorùLect"", ""domain"": ""news"", ""english_translation"": ""Some of the accusations reached the court, and some were covered up.""}"
"Ní dédé àgbègbè yẹn, wọ́n mìí sábà rí oúnjẹ́ rẹ̀ jù kìlómítà  marùn un lọ rán ún jẹ́.","sentence","4","{""source"": ""YorùLect"", ""domain"": ""ted"", ""english_translation"": ""His power is very powerful, without you being David, in that which there is all truth and beauty.""}"
"Àwọn àjìjàgbara sọ fọ ìgbàgbọ́ asán rè é rinlẹ̀ ní ìgbéríko rè mí fà ìwà pálapàla náà.","sentence","4","{""source"": ""YorùLect"", ""domain"": ""news"", ""english_translation"": ""Human rights said the strong superstition in the country side is the cause of the bad behavior""}"
"Àwọn ré sọ káàdì nù ré ké gbà káàdì tuntun mìí náà ń wá síi bí.","sentence","4","{""source"": ""YorùLect"", ""domain"": ""news"", ""english_translation"": ""Those who have lost their cards and wish to obtain new ones also came here.""}"
"Ìwé ya lẹ́nu gan an, àmó urun ráà á rò nípa won yàtò si teni.","sentence","4","{""source"": ""YorùLect"", ""domain"": ""ted"", ""english_translation"": ""And this surprised us a lot, but what we think about them are different from ours.""}"
"Olúgbọ́n fọ àwọn ọba sẹtán lati ti olóòtọ́ oníṣẹ̀ṣe lẹ́yìn lórí ìpèsè ààbò ri ilẹ̀ Yorùbá.","sentence","4","{""source"": ""YorùLect"", ""domain"": ""news"", ""english_translation"": ""Olugbon said the kings are ready to support an honest cultured person providing security for the Yorubaland.""}"
"Olúbàdámọ̀ràn pàtàkì fún ààrẹ tún fi kún fọ ìjọba àpapọ̀ ń mójútó àwọn ìpèníjà mìíràn.","sentence","4","{""source"": ""YorùLect"", ""domain"": ""news"", ""english_translation"": ""The special adviser to the president also added that the federal government is facing other challenges.""}"
"Ọ̀rọ̀ ẹlẹ́yàmẹyà jáde lásìkò ìdibò orílẹ̀ èdè Nàìjíríà","sentence","4","{""source"": ""YorùLect"", ""domain"": ""news"", ""english_translation"": ""The issue of racism surfaced during the Nigerian election""}"
"Ààrẹ àná kún ara àwọn lákọlákọ rèé bẹ alàgbà Fáṣórántí wò lórí ikú ọmọ rẹ̀.","sentence","4","{""source"": ""YorùLect"", ""domain"": ""news"", ""english_translation"": ""The former president was part of the famous people that checked on Elder Fasoranti about the death of his child""}"
"Nípa  ìgbàsó àwọn iba ẹni, á ní  ìrètì  iyẹ̀ ayérayé","sentence","4","{""source"": ""YorùLect"", ""domain"": ""rel"", ""english_translation"": ""By the faith of our fathers, we have hope of everlasting life.""}"
"Sá àwọn dókítà fọ àfi dandan kán èsì àyẹ̀wò jáde láàárin wákàtí néjìlélógún.","sentence","4","{""source"": ""YorùLect"", ""domain"": ""news"", ""english_translation"": ""Doctors are required to produce test results within twenty-four hours.""}"
"Ní òní lẹ́yìn ọ̀pọ̀lọpọ̀ ọdún àwa ọmọ ẹrú ráà ń jà fitafita fún àjogúnbá ìjọba amúnisìn.","sentence","4","{""source"": ""YorùLect"", ""domain"": ""news"", ""english_translation"": ""Today, after numerous years, we, the descendants of slaves, are advocating for the inheritance of the colonial administration.""}"
"Adékúnlé fọ bí eré bí eré lẹ́yìn ọjọ́ méjì ìgbéyàwó òun rí ọ̀rọ̀ náà bèrè.","sentence","4","{""source"": ""YorùLect"", ""domain"": ""news"", ""english_translation"": ""Adekunle humorously remarked that the issue began two days after his wedding.""}"
"Ọ̀gbẹ́ni Túndé ré jẹ́ amúgbálẹ́gbẹ̀ẹ́ rè ṣàlàyé fọ olóògbé Ògúnjọbí lọ rílẹ́ ìwòsàn lọ́jọ́ Àbámẹ́ta.","sentence","4","{""source"": ""YorùLect"", ""domain"": ""news"", ""english_translation"": ""Mr Tunde who was his assistant explained that late Ogunjobi went to the hospital on Saturday""}"
"Àmọ́ bó ti ṣe pàtàkì fọ́ ká yí ìgò iná padà ó ṣe pàtàkì fọ́ ká yí àwọn òfin náà pa dà.","sentence","4","{""source"": ""YorùLect"", ""domain"": ""ted"", ""english_translation"": ""But, as much as it is important that we change the light glass, it is important that we change the laws.""}"
"Ọ̀rọ̀ kírísítẹ́nì gbọ́dọ̀ jẹ́ ẹ̀kọ́, ìgbára ẹṅi ni ìyànjú","sentence","4","{""source"": ""YorùLect"", ""domain"": ""rel"", ""english_translation"": ""A christian's speech must be that of lesson and encouragement.""}"
"Nígbà ró bá dì kírístẹ́nì àdúrà àkọ́kó rí ó gbọ́dọ̀ kókò gbà gbọ́dò jẹ́ fúbn ìtóni Ọlọ́run","sentence","4","{""source"": ""YorùLect"", ""domain"": ""rel"", ""english_translation"": ""When you become a christian, the first prayer that you must say must be for God's guidance.""}"
"Ní o.gbọ́n ọjọ́ oṣù kẹta ọdún ri iléesẹ́ ààrẹ Muhammadu Buhari á rìn ìrìnàjò lọ sókè òkun láti lọ.","sentence","4","{""source"": ""YorùLect"", ""domain"": ""news"", ""english_translation"": ""On the 30th of the third month of the year, the office of the president announced that President Muhammadu Buhari will travel to the abroad to rest.""}"
"Ìwá burúkú rí ìròyìn èke ìjoba àti rí ilẹ̀ èni lòdì sí.","sentence","4","{""source"": ""YorùLect"", ""domain"": ""news"", ""english_translation"": ""Spreading false news about the government is unacceptable behavior, and the government is opposed to it.""}"
"Òótó ni fọibarè àti iye rẹ̀ ti kọ ara wọ́n lẹ̀ bí lọ́kọ láya bó tílẹ̀ jẹ́ fó wọ́n bímọ rá ra wọ́n","sentence","4","{""source"": ""YorùLect"", ""domain"": ""news"", ""english_translation"": ""It is true that his father and mother have divorced each other as a married couple even though they has children together""}"
"Ọmọ mẹ́jọ ré wà láàárin àwọn lọ́kọ láya náà kí ikú àìtọ́jọ́ tó pín àwọn méjéèjì níyà.","sentence","4","{""source"": ""YorùLect"", ""domain"": ""news"", ""english_translation"": ""There were eight children between the couple before untimely death separated the two.""}"
"Inú obìnrin wèé dùn ganan wáyìí ó mú àwọn urun èlo rè wá ó jà","sentence","4","{""source"": ""YorùLect"", ""domain"": ""ted"", ""english_translation"": ""And this woman is very happy, she is bringing her instruments to the market.""}"
"Ní ìbẹ̀rù rí àwọn èèyàn re ń gbé ní ìjọba ìbílẹ̀ òyìngbò ní ìpínlè èkó àti àwọn òwò níbẹ̀ wa báyìí lẹ́yìn ètò.","sentence","4","{""source"": ""YorùLect"", ""domain"": ""news"", ""english_translation"": ""The residents of Oyingbo local government in Lagos state and the surrounding businessmen are gripped with fear following the incident.""}"
"Torí náà ọ̀rọ̀ mi sí i, wén, láti ìṣẹ́jú mẹ́ta mi, rí fọ mọ́rírì àǹfààní tí mo ní láti sọ èyí fún un yín.","sentence","4","{""source"": ""YorùLect"", ""domain"": ""ted"", ""english_translation"": ""So, my word to you, from my three minutes, is that I appreciate the opportunity that I have to say this to you.""}"
"Ààrun kòró máa ràn ní kíákíá dé àwọn ìpínlè rè yìí tíì dé kéè síí ìséde káàkiri Nàìjíríà","sentence","4","{""source"": ""YorùLect"", ""domain"": ""news"", ""english_translation"": ""the disease will rapidly spread to states that have not yet been affected,If there is no containment across Nigeria.""}"
"Mó rò o fọ ọjọ́ ọ̀la ṣì ń bò wá da kò bá jẹfo obi rí ibí yìí ń lọ róò mí lọ","sentence","4","{""source"": ""YorùLect"", ""domain"": ""ted"", ""english_translation"": ""If we can watch the video, it will make you know what made you collect this book.""}"
"E yẹ ká máa sọ̀rọ̀ nípa eré iye náà láìrí àsiá ìró osupa gbé lọ.","sentence","4","{""source"": ""YorùLect"", ""domain"": ""ted"", ""english_translation"": ""And we are not supposed to talk about the competition without seeing the flag that the moon carried away.""}"
"Ẹ wọ bí Ìpínlẹ̀ Èkó, Òǹdó àti Ọ̀yọ́ á ṣe dá ilé ìjọsìn padà.","sentence","4","{""source"": ""YorùLect"", ""domain"": ""news"", ""english_translation"": ""See how Lagos State, Ondo and Oyo will bring back church""}"
"Ọ̀pọ̀ àwọn èèyàn rè ń rántí ọjọ́ lórí àwọn ìsẹ̀lẹ̀ apanilẹ́rìn-ín ré ti sẹlẹ̀ sí wọn sẹ́yìn.","sentence","4","{""source"": ""YorùLect"", ""domain"": ""news"", ""english_translation"": ""Many people recall the day based on amusing events that occurred to them in the past.""}"
"Adelé Aláàfin wòyẹ ọ̀rọ̀ wèé lásìkò ró ùn kópa lórí ètò kan ní rédíò Yorùbá","sentence","4","{""source"": ""YorùLect"", ""domain"": ""news"", ""english_translation"": ""The Alaafin's regnant witnessed this issue while engaging in a program on a Yoruba radio channel.""}"
"Àwọn ènìyàn ní lè gba ẹ̀kọ́  rèé yè koro","sentence","4","{""source"": ""YorùLect"", ""domain"": ""rel"", ""english_translation"": ""People will not be able to receive good teachings.""}"
"Àṣà àwọn Yorùbá kún fún oríṣìí ìlànà àti ètò ìwé rán kí ń gbọ́ ìpèníjà èyíkèyí ré bá dé bá wọn lágọ̀ọ́ ara.","sentence","4","{""source"": ""YorùLect"", ""domain"": ""news"", ""english_translation"": ""The culture of the Yoruba people is full of these types of rules and systems that make them listen to any challenge on their body""}"
"Àmó urun rèé gbadùn mo bíbélì gan an ni ẹ́ mìí ṣe ìwé náà.","sentence","4","{""source"": ""YorùLect"", ""domain"": ""ted"", ""english_translation"": ""But that is what the Bible really likes, and it is not the book.""}"
"Sí sòwòrẹ́ ń gbèrò láti dìtẹ̀ gbàjọba orílè èdè Nàìjíríà pẹ̀lú ìfẹ́hónú hàn","sentence","4","{""source"": ""YorùLect"", ""domain"": ""news"", ""english_translation"": ""Sowore plan ursup the Nigeria government in a deceitful way with protest""}"
"Akẹ́kọ̀ọ́bìnrin rè bá lóyún é mì í padà  sí ilé ìwé pàápàá kó bá bímọ tán.","sentence","4","{""source"": ""YorùLect"", ""domain"": ""news"", ""english_translation"": ""A female student that get pregnant does not go back to school even when she gives birth""}"
"Onírúurú nǹkan ré ti sẹlẹ̀ lọ́dún wèé ọ̀pọ̀ ire àti ọ̀pọ̀ ẹdun ọkàn.","sentence","4","{""source"": ""YorùLect"", ""domain"": ""news"", ""english_translation"": ""Many things have happened this year, many good and many heartache""}"
"Súlè Lámídò ré fé da bi ẹni wí pé ìpolongo rẹ̀ fún ipò ààrẹ é gbòde ṣùgbọ́n emu ṣe ẹni ráà á fojú di.","sentence","4","{""source"": ""YorùLect"", ""domain"": ""news"", ""english_translation"": ""Sule Lamido said campaign for the position of President is not really out there but he is not one to be ignored""}"
"Ọjọ́ kejì ráwọn èyàn re lábúlé náà tó padà sí ilé wọnn léyìn ìkólù àwọn agbebọn náà.","sentence","4","{""source"": ""YorùLect"", ""domain"": ""news"", ""english_translation"": ""The village people returned to their homes the next day after attack by the gunmen""}"
"Dede ẹni rí ìjọba bá ki ọwọ́ọ sìgún òfin mú ni Ìjìpìtì rí ìyá ọ̀rọ̀.","sentence","4","{""source"": ""YorùLect"", ""domain"": ""news"", ""english_translation"": ""Anyone caught violating the law in Egypt by the government will face punishment.""}"
"Ìfúnn igbọ́dọ̀ mú ìrúbọ dání torí fọ ìfẹ́ kírísiti rẹ mú wa ṣẹ","sentence","4","{""source"": ""YorùLect"", ""domain"": ""rel"", ""english_translation"": ""Giving must be accompanied with sacrifice because it brings the love of Christ to pass.""}"
"Sísisẹ́ gẹ́gẹ́ bí egbé á ràn wa lọ́wọ́ láti tètè siṣẹ́ àti pẹ̀lú ìrònú láti múìpè ńlá náà ṣẹ","sentence","4","{""source"": ""YorùLect"", ""domain"": ""rel"", ""english_translation"": ""Working as a group will help us to to work on time and with initiative to bring the great call to pass.""}"
"Àti owó ọrọ̀ àti agbára rí Ìyálóde ilẹ̀ Ìbàdàn.","sentence","4","{""source"": ""YorùLect"", ""domain"": ""news"", ""english_translation"": ""Iyalode uses money, wealth and power as riches is in the land of Ibadan.""}"
"Àwọn rí wọn sekú pa ní ìkọlù náà jẹbí ọmọ ọdún méjìdínlógún sí márùnlélógún.","sentence","4","{""source"": ""YorùLect"", ""domain"": ""news"", ""english_translation"": ""Those who died in the attack were between 18 and 25 years old""}"
"Ṣọ mo pọolodumarelè lo Ajé láti gbé e débi ire re.","sentence","4","{""source"": ""YorùLect"", ""domain"": ""news"", ""english_translation"": ""Do you know that Almighty can us wealth to take you to where your favour is?""}"
"A máa ń gbà ìtóni àtokè wá láti inú ìjọsìn","sentence","4","{""source"": ""YorùLect"", ""domain"": ""rel"", ""english_translation"": ""We receive guidance from above from worship.""}"
"Ìwé fi hàn fọ á ì rí ètò ọ̀rọ̀ ajé àti ìlera  ré dára níbikíbilágbàáyé láìsí fọ ojú ọjọ́ ń gbón.","sentence","4","{""source"": ""YorùLect"", ""domain"": ""ted"", ""english_translation"": ""This shows that we have not seen a good enonomy and healthcare system anywhere in the world without a state of emergency.""}"
"Àwọn àpótí wèé ti wà láti nǹkan bí ogójì ọdún títí di ìparí ọdún wèé.","sentence","4","{""source"": ""YorùLect"", ""domain"": ""ted"", ""english_translation"": ""These boxes have been in existence since about forty years till the end of this year""}"
"Ìjọba Sèyí Mákindé a ri fọ ìdájọ́ òdodo wáyé lọ́nà àti dénà irú iṣẹ̀lẹ̀ báyìí lọ́jọ́ iwájú.","sentence","4","{""source"": ""YorùLect"", ""domain"": ""news"", ""english_translation"": ""Seyi Makinde's government will ensure that true justice is served and prevent such incidents in the future.""}"
"Àwọn ìjọba ré ní ápá àríwá orílẹ̀ èdè Naijiríà téwó gbà òfin ráwọ́n amúnisìn lò","sentence","4","{""source"": ""YorùLect"", ""domain"": ""news"", ""english_translation"": ""The government of the northern part of Nigeria accepted the colonialism.""}"
"Dede ìwẹ́ mímó  rè é  ní ìmísí Ọlọ́run, rèé tún ní ẹ̀rẹ̀ fu ́n ẹ̀kọ́, fún ìbá-ni- wí fún ìtóni","sentence","4","{""source"": ""YorùLect"", ""domain"": ""rel"", ""english_translation"": ""All the holy books have the inspiration of God, and have profit for teaching, for the discipline of guidance.""}"
"Ṣí kéfi ìrèlè wọ ara wén láṣọ","sentence","4","{""source"": ""YorùLect"", ""domain"": ""rel"", ""english_translation"": ""And you should clothe yourselves in humility.""}"
"Ọlọ́run máa ń kópa nú ogun jíjà ẹni, ó sì ń jà rẹ́ni níbi ìjọ́sìn","sentence","4","{""source"": ""YorùLect"", ""domain"": ""rel"", ""english_translation"": ""God participates in our battles, and he fights for us in the place of worship.""}"
"Ọlọ́pàá fohùn fọ ẹgbẹ́ agbébọn ré ṣe ìjàm̀bá náà.","sentence","4","{""source"": ""YorùLect"", ""domain"": ""news"", ""english_translation"": ""The police said that the accident was carried out by a group of gunmen.""}"
"Ọ̀pọ̀ àwọn ọ̀dáràn rè ń pè ara wọn ni ajìjà-gbara lápá gúúsù naijíríà pàápàá jùlọnílèYorùbá rè mí dà ìlú rú.","sentence","4","{""source"": ""YorùLect"", ""domain"": ""news"", ""english_translation"": ""Many criminals who call themselves militants in Southern Nigeria, especially in Yoruba land, are disturbing the city.""}"
"Àwọn ìjọ wèé jẹ́ ìjọ rèé ṣe aláìní rógun ti jà lọ́pọ̀lọpọ̀ àti pẹ̀lú ráà á ti kàṣẹ róò mù kọ́.","sentence","4","{""source"": ""YorùLect"", ""domain"": ""rel"", ""english_translation"": ""These churches are the churches that are needy, that have been embattled a lot and that have been captured with Rome's law.""}"
"E,sì rí igbákejì ààrẹ fọ wèé wá rí ìdáhùn sọ̀rọ̀ ráàwọn kan sọ.","sentence","4","{""source"": ""YorùLect"", ""domain"": ""news"", ""english_translation"": ""The response provided by the vice president was prompted by the remarks made by certain individuals.""}"
"Ìsẹ̀lẹ̀ ilé wíwó wèé á jé ìkẹ́ta rèé wáyé nílùú Èkó láàárín oṣù kan.","sentence","4","{""source"": ""YorùLect"", ""domain"": ""news"", ""english_translation"": ""The occurrence of a collapsed house marks the third such incident in Lagos within a month.""}"
"Iwẹ́ mímó pèsè ré kòó rèé tọ́ nú ìwà bí Ọlọ́run","sentence","4","{""source"": ""YorùLect"", ""domain"": ""rel"", ""english_translation"": ""That a person of God be complete, that we have prepared completely for all good works.""}"
"Kó ra dòfin ó gbọ́dọ̀ gba ìgbìmọ̀ kan rí àwọn asojú asòfin á yẹ̀wò.","sentence","4","{""source"": ""YorùLect"", ""domain"": ""news"", ""english_translation"": ""Before it becomes a law, it must be approved by a committee of legislative representatives.""}"
"Báà á fẹ́ báà kóò, ìdá mẹ́fà nú mẹ́wàà àwọn ọmọ orílẹ̀ èdè wèé rè é jẹ ọ̀dọ́.","sentence","4","{""source"": ""YorùLect"", ""domain"": ""news"", ""english_translation"": ""Either we like it or not, six out of ten children are youths""}"
"Àwọṅ ọmọ Nàìjírìá re há̀ sí oman pariwo síta fún ìranlọ́wó","sentence","4","{""source"": ""YorùLect"", ""domain"": ""news"", ""english_translation"": ""Nigerians stranded in Oman screamed for help.""}"
"Ẹni ré bá pín owó àkànṣẹ iṣẹ́ ní ìjọba mi á gé ìka jẹ","sentence","4","{""source"": ""YorùLect"", ""domain"": ""news"", ""english_translation"": ""Whoever distributes the money for the work in my government will bite his finger""}"
"É sì í bó tilẹ̀ burú tó, dandan rí ká rí tẹni ṣe nú rè.","sentence","4","{""source"": ""YorùLect"", ""domain"": ""ted"", ""english_translation"": ""No matter how bad it is, it is a must we become successful in it.""}"
"Á ní fun ẹ ńọ̀wọ̀","sentence","4","{""source"": ""YorùLect"", ""domain"": ""rel"", ""english_translation"": ""We will not give you respect.""}"
"Èròǹgbà ẹni  rí fo  a mú  ẹ̀kó  ìhìnrere dóòdò ẹnìkọ̀ọ̀kàn  ré wà  yáyẹ́, ká sì  ri fọ wọ̀n  gbà á fún  ìgbàlà","sentence","4","{""source"": ""YorùLect"", ""domain"": ""rel"", ""english_translation"": ""Plan is to take the teaching of the gospel to each person that is alive, and we should see that they accept it for salvation.""}"
"Dede àwọn oníṣẹ́ ibi rèé dàwárí ráà á sì máa fojú won hàn faráyé rí.","sentence","4","{""source"": ""YorùLect"", ""domain"": ""news"", ""english_translation"": ""All the evildoers were found and their  faces has been exposed to the world.""}"
"Lọ́nà kan náà, ìyàtọ̀ ré wà náà árín ìtura àti ayọ̀ re wa nínú ilé ṣe pàtàkì ganan.","sentence","4","{""source"": ""YorùLect"", ""domain"": ""ted"", ""english_translation"": ""In the same way, the difference between comfort and joy that are in the home are very important.""}"
"Olorì náà fo òun pinnu láti rọra kúrò aíní ààfin láì pariwo kò òun lè wà láyé láti ṣe ìyá rá àwọn ọmọ òun","sentence","4","{""source"": ""YorùLect"", ""domain"": ""news"", ""english_translation"": ""The leader mentioned that she chose to discreetly depart from the palace to fulfill her role as the mother of her children in the outside world.""}"
"Fi ọwọ́ rèé dára sí siṣẹ́ pò bí ẹgbẹ́","sentence","4","{""source"": ""YorùLect"", ""domain"": ""rel"", ""english_translation"": ""Take working together as a group seriously.""}"
"Agbé àgbábọ́ọ̀lù náà án se ìgbaràdì rèé tọ́ sáájú ìfesẹ̀ wonse náà.","sentence","4","{""source"": ""YorùLect"", ""domain"": ""news"", ""english_translation"": ""The football team failed to prepare before the match.""}"
"Ọ̀gbẹ́ni Rótìmí olúmọ re fìdí ọ̀rọ̀ wèé múlẹ̀ ṣàlàyé fọ ìbọn ńlá mẹ́rin ráwọn gbà lọ́wọ́ àwọn afurasi náà.","sentence","4","{""source"": ""YorùLect"", ""domain"": ""news"", ""english_translation"": ""Mr. Rotimi Olumu who confirmed this matter explained that they collected four big guns from the suspects.""}"
"Fífi ọwọ́ yẹpẹrẹ mú ẹ̀sẹ̀","sentence","4","{""source"": ""YorùLect"", ""domain"": ""rel"", ""english_translation"": ""Taking sin with levity""}"
"Èrèdí pé kí dede èèyàn  wá sínú ìmọ̀ òtító,  kán sì di ẹni ìgbàlà  kúrò  nínú  ebi ayérayé.","sentence","4","{""source"": ""YorùLect"", ""domain"": ""rel"", ""english_translation"": ""The purpose of everybody coming into the knowledge of truth, and become a person of salvation from everlasting condemnation.""}"
"Ìgbìmọ̀ olùdarí ń gbádùn ara wọn gan-an, àmọ́ ẹ̀ mìí ṣe urun rán ń lépa.","sentence","4","{""source"": ""YorùLect"", ""domain"": ""ted"", ""english_translation"": ""Council of directors enjoy themselves a lot, but that is not what they are after.""}"
"Ọ̀pọ̀ èèyàn ré fọ é yẹ kan le rin òhún tórí fọ é́mí ṣe ọmọdé mọ","sentence","4","{""source"": ""YorùLect"", ""domain"": ""news"", ""english_translation"": ""Many people said that they should not expel that female student because she is not more a child .""}"
"kété rí Israeli jáwé olúborí wèé ró ti sún sókè díẹ̀.","sentence","4","{""source"": ""YorùLect"", ""domain"": ""news"", ""english_translation"": ""Immediately upon Isreal's victory, he ascended slightly.""}"
"Á tí ṣe àdéhùn pèlú àwọn èèyèn ìpìnlè kan fọ kan máa sin màlúù lójú kan mọ́","sentence","4","{""source"": ""YorùLect"", ""domain"": ""news"", ""english_translation"": ""We have made an agreement with the people of a state not to bury cows in the same place.""}"
"Ìfarajì àti  ìfaradà póòlù sí  wíwàásù ìhìnrere nínú inúnibíni","sentence","4","{""source"": ""YorùLect"", ""domain"": ""rel"", ""english_translation"": ""Dedication and endurance, and Paul preached the gospel in persecution.""}"
"Wọ́n fi bẹ́ẹ̀ gbádùn eré ìnàjú nígbà rí ìwé ńlọ lọ́ sè ré telẹ","sentence","4","{""source"": ""YorùLect"", ""domain"": ""ted"", ""english_translation"": ""They did not really enjoy the recreational play when this was going on for the week after.""}"
"Ìhùwàsí Bùhárí burú jàì un ne ètàn nínú é è ní orí éè ní ìdí.","sentence","4","{""source"": ""YorùLect"", ""domain"": ""news"", ""english_translation"": ""Buhari's behavior is appalling, he is deceptive, and lacks direction.""}"
"ikú bàbá yèyé fọ ẹ̀yà yoòbá lágbára láti gbé ìgbésẹ̀ láti gbà ara rẹ̀ sílẹ̀.","sentence","4","{""source"": ""YorùLect"", ""domain"": ""news"", ""english_translation"": ""Iku baba yeye said Yoruba tribe has its power  to take some steps to save itself""}"
"Alukoro ajọ ri nri si ètò ìdìbò ti kede ọjọ́ ìdìbò dupo, ààrẹ.","sentence","4","{""source"": ""YorùLect"", ""domain"": ""news"", ""english_translation"": ""The organizing body overseeing the election has announced the election date opposing the president.""}"
"Léyìn náà ròó rọ àwọn ọ̀dọ́ ilè Yorùbá láti gbógun ti ìwà ìṣẹ̀ru bàlú àti dede ìpè ri ìjìjàgbara","sentence","4","{""source"": ""YorùLect"", ""domain"": ""news"", ""english_translation"": ""After then, he urged the Yoruba youths to fight terrorism and all calls for violence.""}"
"Ní báyìí, nígbà rí ḿbá ń sọ urun rí mó ṣe rí àwọn èèyàn ṣọ n súnmọ́ mi.","sentence","4","{""source"": ""YorùLect"", ""domain"": ""ted"", ""english_translation"": ""Right now, when I am telling people what I am doing, they move closer to me.""}"
"Ní abala ìrìnàjò afẹ́, wèé amọ̀nà ṣe ìbéèrè: ṣé àwọn ọ̀gá obìnrẹn náà án jẹbi.","sentence","4","{""source"": ""YorùLect"", ""domain"": ""news"", ""english_translation"": ""In this part of the journey, the guide asks: are the boss ladies not guilty?""}"
"Nígbà ran sọ fọ béèyàn bá dé ìpele gbígbádùn ìbálòpọ̀ léè wo àìlèmáradúró.","sentence","4","{""source"": ""YorùLect"", ""domain"": ""news"", ""english_translation"": ""When they believe that upon reaching a certain level of sexual enjoyment, individuals struggle to control their sexual urges.""}"
"Gẹgẹ́ bí ohun rákàá ìjọba ti mẹ́nu kúrò lofí orò Asuu","sentence","4","{""source"": ""YorùLect"", ""domain"": ""news"", ""english_translation"": ""Acording to what we've read,the government has left out the matter concerning ASUU.""}"
"Mélaye ti sọ fọ òun a gbéjó ìdìbò náà lọ síwájú ìgbìmọ̀ ìgbẹ́jọ́ rè ń rísí awuyewuye rẹ̀ jẹyọ nínú ètò ìdìbò.","sentence","4","{""source"": ""YorùLect"", ""domain"": ""news"", ""english_translation"": ""Melaye has said that he will take the election case before the judicial committee that is looking into the controversy that arose in the election process.""}"
"ɗíẹ̀ rèé lára àwọṅ ibi ìkọ́wèésí ré wà nísàlè wèé níbi rán ti máa ń yípadà nígbà gbogbo","sentence","4","{""source"": ""YorùLect"", ""domain"": ""ted"", ""english_translation"": ""These are few of the places books are kept that are below, where they change at all times.""}"
"Má kọ̀ isèkísé ní wọ̀n  ìgbà ree  bá  ti dí  ìbásepò rẹ pèlú Ọlórun  lọ́wọ́.","sentence","4","{""source"": ""YorùLect"", ""domain"": ""rel"", ""english_translation"": ""Do not refuse any work in as much as it will not disrupt your relationship with God.""}"
"Eẹ́ mì séẹ nú ílara ẹ̀dá ènìyàn, pẹ̀lú òmìnra mọ́kànlélógún, láti èjìká dé èjìká rẹ̀.","sentence","4","{""source"": ""YorùLect"", ""domain"": ""ted"", ""english_translation"": ""It is not a human being, it has twenty one independence, from it's shoulder to it's shoulder.""}"
"Ṣàlàyé àwọn ojúṣe àti àwọn ànfààní rèé wà nínú iṣẹ́-ìrànṣẹ́.","sentence","4","{""source"": ""YorùLect"", ""domain"": ""rel"", ""english_translation"": ""Explain the duties and benefits that are in ministry.""}"
