"headword","pos","dialect_id","jsonb_data"
"Agbaegonkịtị","praise_poetry","5","{""source"": ""Praise (online)"", ""genre"": ""praise_poetry"", ""language"": ""igbo"", ""subject"": ""general"", ""praise_text"": ""Agbaegonkịtị"", ""meaning"": """", ""origin"": ""Fabulous & Mbagwu 2021 (NJAH) — https://nigerianjournalsonline.com/index.php/NJAH/article/download/2195/2142"", ""source_url"": ""https://nigerianjournalsonline.com/index.php/NJAH/article/download/2195/2142"", ""license"": ""unstated — cited academic use"", ""dialect_assigned_default"": false}"
"Ajaanụ","praise_poetry","5","{""source"": ""Praise (online)"", ""genre"": ""praise_poetry"", ""language"": ""igbo"", ""subject"": ""general"", ""praise_text"": ""Ajaanụ"", ""meaning"": """", ""origin"": ""Fabulous & Mbagwu 2021 (NJAH) — https://nigerianjournalsonline.com/index.php/NJAH/article/download/2195/2142"", ""source_url"": ""https://nigerianjournalsonline.com/index.php/NJAH/article/download/2195/2142"", ""license"": ""unstated — cited academic use"", ""dialect_assigned_default"": false}"
"Akaekpuchiọnwa","praise_poetry","5","{""source"": ""Praise (online)"", ""genre"": ""praise_poetry"", ""language"": ""igbo"", ""subject"": ""general"", ""praise_text"": ""Akaekpuchiọnwa"", ""meaning"": """", ""origin"": ""Fabulous & Mbagwu 2021 (NJAH) — https://nigerianjournalsonline.com/index.php/NJAH/article/download/2195/2142"", ""source_url"": ""https://nigerianjournalsonline.com/index.php/NJAH/article/download/2195/2142"", ""license"": ""unstated — cited academic use"", ""dialect_assigned_default"": false}"
"Akajiakụ","praise_poetry","5","{""source"": ""Praise (online)"", ""genre"": ""praise_poetry"", ""language"": ""igbo"", ""subject"": ""general"", ""praise_text"": ""Akajiakụ"", ""meaning"": """", ""origin"": ""Fabulous & Mbagwu 2021 (NJAH) — https://nigerianjournalsonline.com/index.php/NJAH/article/download/2195/2142"", ""source_url"": ""https://nigerianjournalsonline.com/index.php/NJAH/article/download/2195/2142"", ""license"": ""unstated — cited academic use"", ""dialect_assigned_default"": false}"
"Akalụsịangene","praise_poetry","5","{""source"": ""Praise (online)"", ""genre"": ""praise_poetry"", ""language"": ""igbo"", ""subject"": ""general"", ""praise_text"": ""Akalụsịangene"", ""meaning"": """", ""origin"": ""Fabulous & Mbagwu 2021 (NJAH) — https://nigerianjournalsonline.com/index.php/NJAH/article/download/2195/2142"", ""source_url"": ""https://nigerianjournalsonline.com/index.php/NJAH/article/download/2195/2142"", ""license"": ""unstated — cited academic use"", ""dialect_assigned_default"": false}"
"Akụenwebe","praise_poetry","5","{""source"": ""Praise (online)"", ""genre"": ""praise_poetry"", ""language"": ""igbo"", ""subject"": ""general"", ""praise_text"": ""Akụenwebe"", ""meaning"": """", ""origin"": ""Fabulous & Mbagwu 2021 (NJAH) — https://nigerianjournalsonline.com/index.php/NJAH/article/download/2195/2142"", ""source_url"": ""https://nigerianjournalsonline.com/index.php/NJAH/article/download/2195/2142"", ""license"": ""unstated — cited academic use"", ""dialect_assigned_default"": false}"
"Akụiriri","praise_poetry","5","{""source"": ""Praise (online)"", ""genre"": ""praise_poetry"", ""language"": ""igbo"", ""subject"": ""general"", ""praise_text"": ""Akụiriri"", ""meaning"": """", ""origin"": ""Fabulous & Mbagwu 2021 (NJAH) — https://nigerianjournalsonline.com/index.php/NJAH/article/download/2195/2142"", ""source_url"": ""https://nigerianjournalsonline.com/index.php/NJAH/article/download/2195/2142"", ""license"": ""unstated — cited academic use"", ""dialect_assigned_default"": false}"
"Akụnaatakasị","praise_poetry","5","{""source"": ""Praise (online)"", ""genre"": ""praise_poetry"", ""language"": ""igbo"", ""subject"": ""general"", ""praise_text"": ""Akụnaatakasị"", ""meaning"": """", ""origin"": ""Fabulous & Mbagwu 2021 (NJAH) — https://nigerianjournalsonline.com/index.php/NJAH/article/download/2195/2142"", ""source_url"": ""https://nigerianjournalsonline.com/index.php/NJAH/article/download/2195/2142"", ""license"": ""unstated — cited academic use"", ""dialect_assigned_default"": false}"
"Akụnwata","praise_poetry","5","{""source"": ""Praise (online)"", ""genre"": ""praise_poetry"", ""language"": ""igbo"", ""subject"": ""general"", ""praise_text"": ""Akụnwata"", ""meaning"": """", ""origin"": ""Fabulous & Mbagwu 2021 (NJAH) — https://nigerianjournalsonline.com/index.php/NJAH/article/download/2195/2142"", ""source_url"": ""https://nigerianjournalsonline.com/index.php/NJAH/article/download/2195/2142"", ""license"": ""unstated — cited academic use"", ""dialect_assigned_default"": false}"
"Anaeriakụ","praise_poetry","5","{""source"": ""Praise (online)"", ""genre"": ""praise_poetry"", ""language"": ""igbo"", ""subject"": ""general"", ""praise_text"": ""Anaeriakụ"", ""meaning"": """", ""origin"": ""Fabulous & Mbagwu 2021 (NJAH) — https://nigerianjournalsonline.com/index.php/NJAH/article/download/2195/2142"", ""source_url"": ""https://nigerianjournalsonline.com/index.php/NJAH/article/download/2195/2142"", ""license"": ""unstated — cited academic use"", ""dialect_assigned_default"": false}"
"Anụanagbaegbe","praise_poetry","5","{""source"": ""Praise (online)"", ""genre"": ""praise_poetry"", ""language"": ""igbo"", ""subject"": ""general"", ""praise_text"": ""Anụanagbaegbe"", ""meaning"": """", ""origin"": ""Fabulous & Mbagwu 2021 (NJAH) — https://nigerianjournalsonline.com/index.php/NJAH/article/download/2195/2142"", ""source_url"": ""https://nigerianjournalsonline.com/index.php/NJAH/article/download/2195/2142"", ""license"": ""unstated — cited academic use"", ""dialect_assigned_default"": false}"
"Anụkpọlụnkụ","praise_poetry","5","{""source"": ""Praise (online)"", ""genre"": ""praise_poetry"", ""language"": ""igbo"", ""subject"": ""general"", ""praise_text"": ""Anụkpọlụnkụ"", ""meaning"": """", ""origin"": ""Fabulous & Mbagwu 2021 (NJAH) — https://nigerianjournalsonline.com/index.php/NJAH/article/download/2195/2142"", ""source_url"": ""https://nigerianjournalsonline.com/index.php/NJAH/article/download/2195/2142"", ""license"": ""unstated — cited academic use"", ""dialect_assigned_default"": false}"
"Anụnkankampi","praise_poetry","5","{""source"": ""Praise (online)"", ""genre"": ""praise_poetry"", ""language"": ""igbo"", ""subject"": ""general"", ""praise_text"": ""Anụnkankampi"", ""meaning"": """", ""origin"": ""Fabulous & Mbagwu 2021 (NJAH) — https://nigerianjournalsonline.com/index.php/NJAH/article/download/2195/2142"", ""source_url"": ""https://nigerianjournalsonline.com/index.php/NJAH/article/download/2195/2142"", ""license"": ""unstated — cited academic use"", ""dialect_assigned_default"": false}"
"Anyanwụ ụtụtụ","praise_poetry","5","{""source"": ""Praise (online)"", ""genre"": ""praise_poetry"", ""language"": ""igbo"", ""subject"": ""general"", ""praise_text"": ""Anyanwụ ụtụtụ"", ""meaning"": """", ""origin"": ""Fabulous & Mbagwu 2021 (NJAH) — https://nigerianjournalsonline.com/index.php/NJAH/article/download/2195/2142"", ""source_url"": ""https://nigerianjournalsonline.com/index.php/NJAH/article/download/2195/2142"", ""license"": ""unstated — cited academic use"", ""dialect_assigned_default"": false}"
"Arọbinagụ","praise_poetry","5","{""source"": ""Praise (online)"", ""genre"": ""praise_poetry"", ""language"": ""igbo"", ""subject"": ""general"", ""praise_text"": ""Arọbinagụ"", ""meaning"": """", ""origin"": ""Fabulous & Mbagwu 2021 (NJAH) — https://nigerianjournalsonline.com/index.php/NJAH/article/download/2195/2142"", ""source_url"": ""https://nigerianjournalsonline.com/index.php/NJAH/article/download/2195/2142"", ""license"": ""unstated — cited academic use"", ""dialect_assigned_default"": false}"
"Arụsịnaejeụka","praise_poetry","5","{""source"": ""Praise (online)"", ""genre"": ""praise_poetry"", ""language"": ""igbo"", ""subject"": ""general"", ""praise_text"": ""Arụsịnaejeụka"", ""meaning"": """", ""origin"": ""Fabulous & Mbagwu 2021 (NJAH) — https://nigerianjournalsonline.com/index.php/NJAH/article/download/2195/2142"", ""source_url"": ""https://nigerianjournalsonline.com/index.php/NJAH/article/download/2195/2142"", ""license"": ""unstated — cited academic use"", ""dialect_assigned_default"": false}"
"Dikeanakpaogwu","praise_poetry","5","{""source"": ""Praise (online)"", ""genre"": ""praise_poetry"", ""language"": ""igbo"", ""subject"": ""general"", ""praise_text"": ""Dikeanakpaogwu"", ""meaning"": """", ""origin"": ""Fabulous & Mbagwu 2021 (NJAH) — https://nigerianjournalsonline.com/index.php/NJAH/article/download/2195/2142"", ""source_url"": ""https://nigerianjournalsonline.com/index.php/NJAH/article/download/2195/2142"", ""license"": ""unstated — cited academic use"", ""dialect_assigned_default"": false}"
"Ebubedike","praise_poetry","5","{""source"": ""Praise (online)"", ""genre"": ""praise_poetry"", ""language"": ""igbo"", ""subject"": ""general"", ""praise_text"": ""Ebubedike"", ""meaning"": """", ""origin"": ""Fabulous & Mbagwu 2021 (NJAH) — https://nigerianjournalsonline.com/index.php/NJAH/article/download/2195/2142"", ""source_url"": ""https://nigerianjournalsonline.com/index.php/NJAH/article/download/2195/2142"", ""license"": ""unstated — cited academic use"", ""dialect_assigned_default"": false}"
"Egbeigwe","praise_poetry","5","{""source"": ""Praise (online)"", ""genre"": ""praise_poetry"", ""language"": ""igbo"", ""subject"": ""general"", ""praise_text"": ""Egbeigwe"", ""meaning"": """", ""origin"": ""Fabulous & Mbagwu 2021 (NJAH) — https://nigerianjournalsonline.com/index.php/NJAH/article/download/2195/2142"", ""source_url"": ""https://nigerianjournalsonline.com/index.php/NJAH/article/download/2195/2142"", ""license"": ""unstated — cited academic use"", ""dialect_assigned_default"": false}"
"Enyikwọnwa","praise_poetry","5","{""source"": ""Praise (online)"", ""genre"": ""praise_poetry"", ""language"": ""igbo"", ""subject"": ""general"", ""praise_text"": ""Enyikwọnwa"", ""meaning"": """", ""origin"": ""Fabulous & Mbagwu 2021 (NJAH) — https://nigerianjournalsonline.com/index.php/NJAH/article/download/2195/2142"", ""source_url"": ""https://nigerianjournalsonline.com/index.php/NJAH/article/download/2195/2142"", ""license"": ""unstated — cited academic use"", ""dialect_assigned_default"": false}"
"Eriweagụagụ","praise_poetry","5","{""source"": ""Praise (online)"", ""genre"": ""praise_poetry"", ""language"": ""igbo"", ""subject"": ""general"", ""praise_text"": ""Eriweagụagụ"", ""meaning"": """", ""origin"": ""Fabulous & Mbagwu 2021 (NJAH) — https://nigerianjournalsonline.com/index.php/NJAH/article/download/2195/2142"", ""source_url"": ""https://nigerianjournalsonline.com/index.php/NJAH/article/download/2195/2142"", ""license"": ""unstated — cited academic use"", ""dialect_assigned_default"": false}"
"Ezeamanọgaechi","praise_poetry","5","{""source"": ""Praise (online)"", ""genre"": ""praise_poetry"", ""language"": ""igbo"", ""subject"": ""general"", ""praise_text"": ""Ezeamanọgaechi"", ""meaning"": """", ""origin"": ""Fabulous & Mbagwu 2021 (NJAH) — https://nigerianjournalsonline.com/index.php/NJAH/article/download/2195/2142"", ""source_url"": ""https://nigerianjournalsonline.com/index.php/NJAH/article/download/2195/2142"", ""license"": ""unstated — cited academic use"", ""dialect_assigned_default"": false}"
"Ezedịọhamma","praise_poetry","5","{""source"": ""Praise (online)"", ""genre"": ""praise_poetry"", ""language"": ""igbo"", ""subject"": ""general"", ""praise_text"": ""Ezedịọhamma"", ""meaning"": """", ""origin"": ""Fabulous & Mbagwu 2021 (NJAH) — https://nigerianjournalsonline.com/index.php/NJAH/article/download/2195/2142"", ""source_url"": ""https://nigerianjournalsonline.com/index.php/NJAH/article/download/2195/2142"", ""license"": ""unstated — cited academic use"", ""dialect_assigned_default"": false}"
"Ezeebunafọ","praise_poetry","5","{""source"": ""Praise (online)"", ""genre"": ""praise_poetry"", ""language"": ""igbo"", ""subject"": ""general"", ""praise_text"": ""Ezeebunafọ"", ""meaning"": """", ""origin"": ""Fabulous & Mbagwu 2021 (NJAH) — https://nigerianjournalsonline.com/index.php/NJAH/article/download/2195/2142"", ""source_url"": ""https://nigerianjournalsonline.com/index.php/NJAH/article/download/2195/2142"", ""license"": ""unstated — cited academic use"", ""dialect_assigned_default"": false}"
"Ezeego","praise_poetry","5","{""source"": ""Praise (online)"", ""genre"": ""praise_poetry"", ""language"": ""igbo"", ""subject"": ""general"", ""praise_text"": ""Ezeego"", ""meaning"": """", ""origin"": ""Fabulous & Mbagwu 2021 (NJAH) — https://nigerianjournalsonline.com/index.php/NJAH/article/download/2195/2142"", ""source_url"": ""https://nigerianjournalsonline.com/index.php/NJAH/article/download/2195/2142"", ""license"": ""unstated — cited academic use"", ""dialect_assigned_default"": false}"
"Ezekudele","praise_poetry","5","{""source"": ""Praise (online)"", ""genre"": ""praise_poetry"", ""language"": ""igbo"", ""subject"": ""general"", ""praise_text"": ""Ezekudele"", ""meaning"": """", ""origin"": ""Fabulous & Mbagwu 2021 (NJAH) — https://nigerianjournalsonline.com/index.php/NJAH/article/download/2195/2142"", ""source_url"": ""https://nigerianjournalsonline.com/index.php/NJAH/article/download/2195/2142"", ""license"": ""unstated — cited academic use"", ""dialect_assigned_default"": false}"
"Ezekwesịrị","praise_poetry","5","{""source"": ""Praise (online)"", ""genre"": ""praise_poetry"", ""language"": ""igbo"", ""subject"": ""general"", ""praise_text"": ""Ezekwesịrị"", ""meaning"": """", ""origin"": ""Fabulous & Mbagwu 2021 (NJAH) — https://nigerianjournalsonline.com/index.php/NJAH/article/download/2195/2142"", ""source_url"": ""https://nigerianjournalsonline.com/index.php/NJAH/article/download/2195/2142"", ""license"": ""unstated — cited academic use"", ""dialect_assigned_default"": false}"
"Ezeomemma","praise_poetry","5","{""source"": ""Praise (online)"", ""genre"": ""praise_poetry"", ""language"": ""igbo"", ""subject"": ""general"", ""praise_text"": ""Ezeomemma"", ""meaning"": """", ""origin"": ""Fabulous & Mbagwu 2021 (NJAH) — https://nigerianjournalsonline.com/index.php/NJAH/article/download/2195/2142"", ""source_url"": ""https://nigerianjournalsonline.com/index.php/NJAH/article/download/2195/2142"", ""license"": ""unstated — cited academic use"", ""dialect_assigned_default"": false}"
"Ezeomeudo","praise_poetry","5","{""source"": ""Praise (online)"", ""genre"": ""praise_poetry"", ""language"": ""igbo"", ""subject"": ""general"", ""praise_text"": ""Ezeomeudo"", ""meaning"": """", ""origin"": ""Fabulous & Mbagwu 2021 (NJAH) — https://nigerianjournalsonline.com/index.php/NJAH/article/download/2195/2142"", ""source_url"": ""https://nigerianjournalsonline.com/index.php/NJAH/article/download/2195/2142"", ""license"": ""unstated — cited academic use"", ""dialect_assigned_default"": false}"
"Eziahakaego","praise_poetry","5","{""source"": ""Praise (online)"", ""genre"": ""praise_poetry"", ""language"": ""igbo"", ""subject"": ""general"", ""praise_text"": ""Eziahakaego"", ""meaning"": """", ""origin"": ""Fabulous & Mbagwu 2021 (NJAH) — https://nigerianjournalsonline.com/index.php/NJAH/article/download/2195/2142"", ""source_url"": ""https://nigerianjournalsonline.com/index.php/NJAH/article/download/2195/2142"", ""license"": ""unstated — cited academic use"", ""dialect_assigned_default"": false}"
"Gburugburu","praise_poetry","5","{""source"": ""Praise (online)"", ""genre"": ""praise_poetry"", ""language"": ""igbo"", ""subject"": ""general"", ""praise_text"": ""Gburugburu"", ""meaning"": """", ""origin"": ""Fabulous & Mbagwu 2021 (NJAH) — https://nigerianjournalsonline.com/index.php/NJAH/article/download/2195/2142"", ""source_url"": ""https://nigerianjournalsonline.com/index.php/NJAH/article/download/2195/2142"", ""license"": ""unstated — cited academic use"", ""dialect_assigned_default"": false}"
"Igirigindụ","praise_poetry","5","{""source"": ""Praise (online)"", ""genre"": ""praise_poetry"", ""language"": ""igbo"", ""subject"": ""general"", ""praise_text"": ""Igirigindụ"", ""meaning"": """", ""origin"": ""Fabulous & Mbagwu 2021 (NJAH) — https://nigerianjournalsonline.com/index.php/NJAH/article/download/2195/2142"", ""source_url"": ""https://nigerianjournalsonline.com/index.php/NJAH/article/download/2195/2142"", ""license"": ""unstated — cited academic use"", ""dialect_assigned_default"": false}"
"Ikemba","praise_poetry","5","{""source"": ""Praise (online)"", ""genre"": ""praise_poetry"", ""language"": ""igbo"", ""subject"": ""general"", ""praise_text"": ""Ikemba"", ""meaning"": """", ""origin"": ""Fabulous & Mbagwu 2021 (NJAH) — https://nigerianjournalsonline.com/index.php/NJAH/article/download/2195/2142"", ""source_url"": ""https://nigerianjournalsonline.com/index.php/NJAH/article/download/2195/2142"", ""license"": ""unstated — cited academic use"", ""dialect_assigned_default"": false}"
"Ikukuamanọnya","praise_poetry","5","{""source"": ""Praise (online)"", ""genre"": ""praise_poetry"", ""language"": ""igbo"", ""subject"": ""general"", ""praise_text"": ""Ikukuamanọnya"", ""meaning"": """", ""origin"": ""Fabulous & Mbagwu 2021 (NJAH) — https://nigerianjournalsonline.com/index.php/NJAH/article/download/2195/2142"", ""source_url"": ""https://nigerianjournalsonline.com/index.php/NJAH/article/download/2195/2142"", ""license"": ""unstated — cited academic use"", ""dialect_assigned_default"": false}"
"Iteego","praise_poetry","5","{""source"": ""Praise (online)"", ""genre"": ""praise_poetry"", ""language"": ""igbo"", ""subject"": ""general"", ""praise_text"": ""Iteego"", ""meaning"": """", ""origin"": ""Fabulous & Mbagwu 2021 (NJAH) — https://nigerianjournalsonline.com/index.php/NJAH/article/download/2195/2142"", ""source_url"": ""https://nigerianjournalsonline.com/index.php/NJAH/article/download/2195/2142"", ""license"": ""unstated — cited academic use"", ""dialect_assigned_default"": false}"
"Mmiridoroedo","praise_poetry","5","{""source"": ""Praise (online)"", ""genre"": ""praise_poetry"", ""language"": ""igbo"", ""subject"": ""general"", ""praise_text"": ""Mmiridoroedo"", ""meaning"": """", ""origin"": ""Fabulous & Mbagwu 2021 (NJAH) — https://nigerianjournalsonline.com/index.php/NJAH/article/download/2195/2142"", ""source_url"": ""https://nigerianjournalsonline.com/index.php/NJAH/article/download/2195/2142"", ""license"": ""unstated — cited academic use"", ""dialect_assigned_default"": false}"
"Mmirimma","praise_poetry","5","{""source"": ""Praise (online)"", ""genre"": ""praise_poetry"", ""language"": ""igbo"", ""subject"": ""general"", ""praise_text"": ""Mmirimma"", ""meaning"": """", ""origin"": ""Fabulous & Mbagwu 2021 (NJAH) — https://nigerianjournalsonline.com/index.php/NJAH/article/download/2195/2142"", ""source_url"": ""https://nigerianjournalsonline.com/index.php/NJAH/article/download/2195/2142"", ""license"": ""unstated — cited academic use"", ""dialect_assigned_default"": false}"
"Mmirinebuogwe","praise_poetry","5","{""source"": ""Praise (online)"", ""genre"": ""praise_poetry"", ""language"": ""igbo"", ""subject"": ""general"", ""praise_text"": ""Mmirinebuogwe"", ""meaning"": """", ""origin"": ""Fabulous & Mbagwu 2021 (NJAH) — https://nigerianjournalsonline.com/index.php/NJAH/article/download/2195/2142"", ""source_url"": ""https://nigerianjournalsonline.com/index.php/NJAH/article/download/2195/2142"", ""license"": ""unstated — cited academic use"", ""dialect_assigned_default"": false}"
"Nneọma","praise_poetry","5","{""source"": ""Praise (online)"", ""genre"": ""praise_poetry"", ""language"": ""igbo"", ""subject"": ""general"", ""praise_text"": ""Nneọma"", ""meaning"": """", ""origin"": ""Fabulous & Mbagwu 2021 (NJAH) — https://nigerianjournalsonline.com/index.php/NJAH/article/download/2195/2142"", ""source_url"": ""https://nigerianjournalsonline.com/index.php/NJAH/article/download/2195/2142"", ""license"": ""unstated — cited academic use"", ""dialect_assigned_default"": false}"
"Nshanshammiri","praise_poetry","5","{""source"": ""Praise (online)"", ""genre"": ""praise_poetry"", ""language"": ""igbo"", ""subject"": ""general"", ""praise_text"": ""Nshanshammiri"", ""meaning"": """", ""origin"": ""Fabulous & Mbagwu 2021 (NJAH) — https://nigerianjournalsonline.com/index.php/NJAH/article/download/2195/2142"", ""source_url"": ""https://nigerianjournalsonline.com/index.php/NJAH/article/download/2195/2142"", ""license"": ""unstated — cited academic use"", ""dialect_assigned_default"": false}"
"Ntumagburuenyi","praise_poetry","5","{""source"": ""Praise (online)"", ""genre"": ""praise_poetry"", ""language"": ""igbo"", ""subject"": ""general"", ""praise_text"": ""Ntumagburuenyi"", ""meaning"": """", ""origin"": ""Fabulous & Mbagwu 2021 (NJAH) — https://nigerianjournalsonline.com/index.php/NJAH/article/download/2195/2142"", ""source_url"": ""https://nigerianjournalsonline.com/index.php/NJAH/article/download/2195/2142"", ""license"": ""unstated — cited academic use"", ""dialect_assigned_default"": false}"
"Nwachimereeze","praise_poetry","5","{""source"": ""Praise (online)"", ""genre"": ""praise_poetry"", ""language"": ""igbo"", ""subject"": ""general"", ""praise_text"": ""Nwachimereeze"", ""meaning"": """", ""origin"": ""Fabulous & Mbagwu 2021 (NJAH) — https://nigerianjournalsonline.com/index.php/NJAH/article/download/2195/2142"", ""source_url"": ""https://nigerianjournalsonline.com/index.php/NJAH/article/download/2195/2142"", ""license"": ""unstated — cited academic use"", ""dialect_assigned_default"": false}"
"Ọbataobie","praise_poetry","5","{""source"": ""Praise (online)"", ""genre"": ""praise_poetry"", ""language"": ""igbo"", ""subject"": ""general"", ""praise_text"": ""Ọbataobie"", ""meaning"": """", ""origin"": ""Fabulous & Mbagwu 2021 (NJAH) — https://nigerianjournalsonline.com/index.php/NJAH/article/download/2195/2142"", ""source_url"": ""https://nigerianjournalsonline.com/index.php/NJAH/article/download/2195/2142"", ""license"": ""unstated — cited academic use"", ""dialect_assigned_default"": false}"
"Ọbịalịnamma","praise_poetry","5","{""source"": ""Praise (online)"", ""genre"": ""praise_poetry"", ""language"": ""igbo"", ""subject"": ""general"", ""praise_text"": ""Ọbịalịnamma"", ""meaning"": """", ""origin"": ""Fabulous & Mbagwu 2021 (NJAH) — https://nigerianjournalsonline.com/index.php/NJAH/article/download/2195/2142"", ""source_url"": ""https://nigerianjournalsonline.com/index.php/NJAH/article/download/2195/2142"", ""license"": ""unstated — cited academic use"", ""dialect_assigned_default"": false}"
"Obidiya","praise_poetry","5","{""source"": ""Praise (online)"", ""genre"": ""praise_poetry"", ""language"": ""igbo"", ""subject"": ""general"", ""praise_text"": ""Obidiya"", ""meaning"": """", ""origin"": ""Fabulous & Mbagwu 2021 (NJAH) — https://nigerianjournalsonline.com/index.php/NJAH/article/download/2195/2142"", ""source_url"": ""https://nigerianjournalsonline.com/index.php/NJAH/article/download/2195/2142"", ""license"": ""unstated — cited academic use"", ""dialect_assigned_default"": false}"
"Ochendo","praise_poetry","5","{""source"": ""Praise (online)"", ""genre"": ""praise_poetry"", ""language"": ""igbo"", ""subject"": ""general"", ""praise_text"": ""Ochendo"", ""meaning"": """", ""origin"": ""Fabulous & Mbagwu 2021 (NJAH) — https://nigerianjournalsonline.com/index.php/NJAH/article/download/2195/2142"", ""source_url"": ""https://nigerianjournalsonline.com/index.php/NJAH/article/download/2195/2142"", ""license"": ""unstated — cited academic use"", ""dialect_assigned_default"": false}"
"Ọchịnanwata","praise_poetry","5","{""source"": ""Praise (online)"", ""genre"": ""praise_poetry"", ""language"": ""igbo"", ""subject"": ""general"", ""praise_text"": ""Ọchịnanwata"", ""meaning"": """", ""origin"": ""Fabulous & Mbagwu 2021 (NJAH) — https://nigerianjournalsonline.com/index.php/NJAH/article/download/2195/2142"", ""source_url"": ""https://nigerianjournalsonline.com/index.php/NJAH/article/download/2195/2142"", ""license"": ""unstated — cited academic use"", ""dialect_assigned_default"": false}"
"Ọchịrịọzụọ","praise_poetry","5","{""source"": ""Praise (online)"", ""genre"": ""praise_poetry"", ""language"": ""igbo"", ""subject"": ""general"", ""praise_text"": ""Ọchịrịọzụọ"", ""meaning"": """", ""origin"": ""Fabulous & Mbagwu 2021 (NJAH) — https://nigerianjournalsonline.com/index.php/NJAH/article/download/2195/2142"", ""source_url"": ""https://nigerianjournalsonline.com/index.php/NJAH/article/download/2195/2142"", ""license"": ""unstated — cited academic use"", ""dialect_assigned_default"": false}"
"Ọdịụkọnamba","praise_poetry","5","{""source"": ""Praise (online)"", ""genre"": ""praise_poetry"", ""language"": ""igbo"", ""subject"": ""general"", ""praise_text"": ""Ọdịụkọnamba"", ""meaning"": """", ""origin"": ""Fabulous & Mbagwu 2021 (NJAH) — https://nigerianjournalsonline.com/index.php/NJAH/article/download/2195/2142"", ""source_url"": ""https://nigerianjournalsonline.com/index.php/NJAH/article/download/2195/2142"", ""license"": ""unstated — cited academic use"", ""dialect_assigned_default"": false}"
"Ogbuagu","praise_poetry","5","{""source"": ""Praise (online)"", ""genre"": ""praise_poetry"", ""language"": ""igbo"", ""subject"": ""general"", ""praise_text"": ""Ogbuagu"", ""meaning"": """", ""origin"": ""Fabulous & Mbagwu 2021 (NJAH) — https://nigerianjournalsonline.com/index.php/NJAH/article/download/2195/2142"", ""source_url"": ""https://nigerianjournalsonline.com/index.php/NJAH/article/download/2195/2142"", ""license"": ""unstated — cited academic use"", ""dialect_assigned_default"": false}"
"Ogbuanyịnya","praise_poetry","5","{""source"": ""Praise (online)"", ""genre"": ""praise_poetry"", ""language"": ""igbo"", ""subject"": ""general"", ""praise_text"": ""Ogbuanyịnya"", ""meaning"": """", ""origin"": ""Fabulous & Mbagwu 2021 (NJAH) — https://nigerianjournalsonline.com/index.php/NJAH/article/download/2195/2142"", ""source_url"": ""https://nigerianjournalsonline.com/index.php/NJAH/article/download/2195/2142"", ""license"": ""unstated — cited academic use"", ""dialect_assigned_default"": false}"
"Ogbuehi","praise_poetry","5","{""source"": ""Praise (online)"", ""genre"": ""praise_poetry"", ""language"": ""igbo"", ""subject"": ""general"", ""praise_text"": ""Ogbuehi"", ""meaning"": """", ""origin"": ""Fabulous & Mbagwu 2021 (NJAH) — https://nigerianjournalsonline.com/index.php/NJAH/article/download/2195/2142"", ""source_url"": ""https://nigerianjournalsonline.com/index.php/NJAH/article/download/2195/2142"", ""license"": ""unstated — cited academic use"", ""dialect_assigned_default"": false}"
"Ogbukaagụ","praise_poetry","5","{""source"": ""Praise (online)"", ""genre"": ""praise_poetry"", ""language"": ""igbo"", ""subject"": ""general"", ""praise_text"": ""Ogbukaagụ"", ""meaning"": """", ""origin"": ""Fabulous & Mbagwu 2021 (NJAH) — https://nigerianjournalsonline.com/index.php/NJAH/article/download/2195/2142"", ""source_url"": ""https://nigerianjournalsonline.com/index.php/NJAH/article/download/2195/2142"", ""license"": ""unstated — cited academic use"", ""dialect_assigned_default"": false}"
"Ọgbụnechendo","praise_poetry","5","{""source"": ""Praise (online)"", ""genre"": ""praise_poetry"", ""language"": ""igbo"", ""subject"": ""general"", ""praise_text"": ""Ọgbụnechendo"", ""meaning"": """", ""origin"": ""Fabulous & Mbagwu 2021 (NJAH) — https://nigerianjournalsonline.com/index.php/NJAH/article/download/2195/2142"", ""source_url"": ""https://nigerianjournalsonline.com/index.php/NJAH/article/download/2195/2142"", ""license"": ""unstated — cited academic use"", ""dialect_assigned_default"": false}"
"Ojembaenweiro","praise_poetry","5","{""source"": ""Praise (online)"", ""genre"": ""praise_poetry"", ""language"": ""igbo"", ""subject"": ""general"", ""praise_text"": ""Ojembaenweiro"", ""meaning"": """", ""origin"": ""Fabulous & Mbagwu 2021 (NJAH) — https://nigerianjournalsonline.com/index.php/NJAH/article/download/2195/2142"", ""source_url"": ""https://nigerianjournalsonline.com/index.php/NJAH/article/download/2195/2142"", ""license"": ""unstated — cited academic use"", ""dialect_assigned_default"": false}"
"Ojenanwayọ","praise_poetry","5","{""source"": ""Praise (online)"", ""genre"": ""praise_poetry"", ""language"": ""igbo"", ""subject"": ""general"", ""praise_text"": ""Ojenanwayọ"", ""meaning"": """", ""origin"": ""Fabulous & Mbagwu 2021 (NJAH) — https://nigerianjournalsonline.com/index.php/NJAH/article/download/2195/2142"", ""source_url"": ""https://nigerianjournalsonline.com/index.php/NJAH/article/download/2195/2142"", ""license"": ""unstated — cited academic use"", ""dialect_assigned_default"": false}"
"Ọkaaoburuụzọ","praise_poetry","5","{""source"": ""Praise (online)"", ""genre"": ""praise_poetry"", ""language"": ""igbo"", ""subject"": ""general"", ""praise_text"": ""Ọkaaoburuụzọ"", ""meaning"": """", ""origin"": ""Fabulous & Mbagwu 2021 (NJAH) — https://nigerianjournalsonline.com/index.php/NJAH/article/download/2195/2142"", ""source_url"": ""https://nigerianjournalsonline.com/index.php/NJAH/article/download/2195/2142"", ""license"": ""unstated — cited academic use"", ""dialect_assigned_default"": false}"
"Ọkaaomee","praise_poetry","5","{""source"": ""Praise (online)"", ""genre"": ""praise_poetry"", ""language"": ""igbo"", ""subject"": ""general"", ""praise_text"": ""Ọkaaomee"", ""meaning"": """", ""origin"": ""Fabulous & Mbagwu 2021 (NJAH) — https://nigerianjournalsonline.com/index.php/NJAH/article/download/2195/2142"", ""source_url"": ""https://nigerianjournalsonline.com/index.php/NJAH/article/download/2195/2142"", ""license"": ""unstated — cited academic use"", ""dialect_assigned_default"": false}"
"Okwuruọha","praise_poetry","5","{""source"": ""Praise (online)"", ""genre"": ""praise_poetry"", ""language"": ""igbo"", ""subject"": ""general"", ""praise_text"": ""Okwuruọha"", ""meaning"": """", ""origin"": ""Fabulous & Mbagwu 2021 (NJAH) — https://nigerianjournalsonline.com/index.php/NJAH/article/download/2195/2142"", ""source_url"": ""https://nigerianjournalsonline.com/index.php/NJAH/article/download/2195/2142"", ""license"": ""unstated — cited academic use"", ""dialect_assigned_default"": false}"
"Ọlụọlaa","praise_poetry","5","{""source"": ""Praise (online)"", ""genre"": ""praise_poetry"", ""language"": ""igbo"", ""subject"": ""general"", ""praise_text"": ""Ọlụọlaa"", ""meaning"": """", ""origin"": ""Fabulous & Mbagwu 2021 (NJAH) — https://nigerianjournalsonline.com/index.php/NJAH/article/download/2195/2142"", ""source_url"": ""https://nigerianjournalsonline.com/index.php/NJAH/article/download/2195/2142"", ""license"": ""unstated — cited academic use"", ""dialect_assigned_default"": false}"
"Omeifeego","praise_poetry","5","{""source"": ""Praise (online)"", ""genre"": ""praise_poetry"", ""language"": ""igbo"", ""subject"": ""general"", ""praise_text"": ""Omeifeego"", ""meaning"": """", ""origin"": ""Fabulous & Mbagwu 2021 (NJAH) — https://nigerianjournalsonline.com/index.php/NJAH/article/download/2195/2142"", ""source_url"": ""https://nigerianjournalsonline.com/index.php/NJAH/article/download/2195/2142"", ""license"": ""unstated — cited academic use"", ""dialect_assigned_default"": false}"
"Omeiheukwu","praise_poetry","5","{""source"": ""Praise (online)"", ""genre"": ""praise_poetry"", ""language"": ""igbo"", ""subject"": ""general"", ""praise_text"": ""Omeiheukwu"", ""meaning"": """", ""origin"": ""Fabulous & Mbagwu 2021 (NJAH) — https://nigerianjournalsonline.com/index.php/NJAH/article/download/2195/2142"", ""source_url"": ""https://nigerianjournalsonline.com/index.php/NJAH/article/download/2195/2142"", ""license"": ""unstated — cited academic use"", ""dialect_assigned_default"": false}"
"Omekagụ","praise_poetry","5","{""source"": ""Praise (online)"", ""genre"": ""praise_poetry"", ""language"": ""igbo"", ""subject"": ""general"", ""praise_text"": ""Omekagụ"", ""meaning"": """", ""origin"": ""Fabulous & Mbagwu 2021 (NJAH) — https://nigerianjournalsonline.com/index.php/NJAH/article/download/2195/2142"", ""source_url"": ""https://nigerianjournalsonline.com/index.php/NJAH/article/download/2195/2142"", ""license"": ""unstated — cited academic use"", ""dialect_assigned_default"": false}"
"Omekannaya","praise_poetry","5","{""source"": ""Praise (online)"", ""genre"": ""praise_poetry"", ""language"": ""igbo"", ""subject"": ""general"", ""praise_text"": ""Omekannaya"", ""meaning"": """", ""origin"": ""Fabulous & Mbagwu 2021 (NJAH) — https://nigerianjournalsonline.com/index.php/NJAH/article/download/2195/2142"", ""source_url"": ""https://nigerianjournalsonline.com/index.php/NJAH/article/download/2195/2142"", ""license"": ""unstated — cited academic use"", ""dialect_assigned_default"": false}"
"Omemgbeoji","praise_poetry","5","{""source"": ""Praise (online)"", ""genre"": ""praise_poetry"", ""language"": ""igbo"", ""subject"": ""general"", ""praise_text"": ""Omemgbeoji"", ""meaning"": """", ""origin"": ""Fabulous & Mbagwu 2021 (NJAH) — https://nigerianjournalsonline.com/index.php/NJAH/article/download/2195/2142"", ""source_url"": ""https://nigerianjournalsonline.com/index.php/NJAH/article/download/2195/2142"", ""license"": ""unstated — cited academic use"", ""dialect_assigned_default"": false}"
"Omenụkọ","praise_poetry","5","{""source"": ""Praise (online)"", ""genre"": ""praise_poetry"", ""language"": ""igbo"", ""subject"": ""general"", ""praise_text"": ""Omenụkọ"", ""meaning"": """", ""origin"": ""Fabulous & Mbagwu 2021 (NJAH) — https://nigerianjournalsonline.com/index.php/NJAH/article/download/2195/2142"", ""source_url"": ""https://nigerianjournalsonline.com/index.php/NJAH/article/download/2195/2142"", ""license"": ""unstated — cited academic use"", ""dialect_assigned_default"": false}"
"Omereọha","praise_poetry","5","{""source"": ""Praise (online)"", ""genre"": ""praise_poetry"", ""language"": ""igbo"", ""subject"": ""general"", ""praise_text"": ""Omereọha"", ""meaning"": """", ""origin"": ""Fabulous & Mbagwu 2021 (NJAH) — https://nigerianjournalsonline.com/index.php/NJAH/article/download/2195/2142"", ""source_url"": ""https://nigerianjournalsonline.com/index.php/NJAH/article/download/2195/2142"", ""license"": ""unstated — cited academic use"", ""dialect_assigned_default"": false}"
"Ọnọnenyi","praise_poetry","5","{""source"": ""Praise (online)"", ""genre"": ""praise_poetry"", ""language"": ""igbo"", ""subject"": ""general"", ""praise_text"": ""Ọnọnenyi"", ""meaning"": """", ""origin"": ""Fabulous & Mbagwu 2021 (NJAH) — https://nigerianjournalsonline.com/index.php/NJAH/article/download/2195/2142"", ""source_url"": ""https://nigerianjournalsonline.com/index.php/NJAH/article/download/2195/2142"", ""license"": ""unstated — cited academic use"", ""dialect_assigned_default"": false}"
"Ọnọniikpoakụ","praise_poetry","5","{""source"": ""Praise (online)"", ""genre"": ""praise_poetry"", ""language"": ""igbo"", ""subject"": ""general"", ""praise_text"": ""Ọnọniikpoakụ"", ""meaning"": """", ""origin"": ""Fabulous & Mbagwu 2021 (NJAH) — https://nigerianjournalsonline.com/index.php/NJAH/article/download/2195/2142"", ""source_url"": ""https://nigerianjournalsonline.com/index.php/NJAH/article/download/2195/2142"", ""license"": ""unstated — cited academic use"", ""dialect_assigned_default"": false}"
"Ọnwanaetiriọha","praise_poetry","5","{""source"": ""Praise (online)"", ""genre"": ""praise_poetry"", ""language"": ""igbo"", ""subject"": ""general"", ""praise_text"": ""Ọnwanaetiriọha"", ""meaning"": """", ""origin"": ""Fabulous & Mbagwu 2021 (NJAH) — https://nigerianjournalsonline.com/index.php/NJAH/article/download/2195/2142"", ""source_url"": ""https://nigerianjournalsonline.com/index.php/NJAH/article/download/2195/2142"", ""license"": ""unstated — cited academic use"", ""dialect_assigned_default"": false}"
"Ọnyịmọnyị","praise_poetry","5","{""source"": ""Praise (online)"", ""genre"": ""praise_poetry"", ""language"": ""igbo"", ""subject"": ""general"", ""praise_text"": ""Ọnyịmọnyị"", ""meaning"": """", ""origin"": ""Fabulous & Mbagwu 2021 (NJAH) — https://nigerianjournalsonline.com/index.php/NJAH/article/download/2195/2142"", ""source_url"": ""https://nigerianjournalsonline.com/index.php/NJAH/article/download/2195/2142"", ""license"": ""unstated — cited academic use"", ""dialect_assigned_default"": false}"
"Orimili","praise_poetry","5","{""source"": ""Praise (online)"", ""genre"": ""praise_poetry"", ""language"": ""igbo"", ""subject"": ""general"", ""praise_text"": ""Orimili"", ""meaning"": """", ""origin"": ""Fabulous & Mbagwu 2021 (NJAH) — https://nigerianjournalsonline.com/index.php/NJAH/article/download/2195/2142"", ""source_url"": ""https://nigerianjournalsonline.com/index.php/NJAH/article/download/2195/2142"", ""license"": ""unstated — cited academic use"", ""dialect_assigned_default"": false}"
"Osimiriatụnnu","praise_poetry","5","{""source"": ""Praise (online)"", ""genre"": ""praise_poetry"", ""language"": ""igbo"", ""subject"": ""general"", ""praise_text"": ""Osimiriatụnnu"", ""meaning"": """", ""origin"": ""Fabulous & Mbagwu 2021 (NJAH) — https://nigerianjournalsonline.com/index.php/NJAH/article/download/2195/2142"", ""source_url"": ""https://nigerianjournalsonline.com/index.php/NJAH/article/download/2195/2142"", ""license"": ""unstated — cited academic use"", ""dialect_assigned_default"": false}"
"Osinanwatabụrụọgaranya","praise_poetry","5","{""source"": ""Praise (online)"", ""genre"": ""praise_poetry"", ""language"": ""igbo"", ""subject"": ""general"", ""praise_text"": ""Osinanwatabụrụọgaranya"", ""meaning"": """", ""origin"": ""Fabulous & Mbagwu 2021 (NJAH) — https://nigerianjournalsonline.com/index.php/NJAH/article/download/2195/2142"", ""source_url"": ""https://nigerianjournalsonline.com/index.php/NJAH/article/download/2195/2142"", ""license"": ""unstated — cited academic use"", ""dialect_assigned_default"": false}"
"Ọtagburuagụ","praise_poetry","5","{""source"": ""Praise (online)"", ""genre"": ""praise_poetry"", ""language"": ""igbo"", ""subject"": ""general"", ""praise_text"": ""Ọtagburuagụ"", ""meaning"": """", ""origin"": ""Fabulous & Mbagwu 2021 (NJAH) — https://nigerianjournalsonline.com/index.php/NJAH/article/download/2195/2142"", ""source_url"": ""https://nigerianjournalsonline.com/index.php/NJAH/article/download/2195/2142"", ""license"": ""unstated — cited academic use"", ""dialect_assigned_default"": false}"
"Oyiridiya","praise_poetry","5","{""source"": ""Praise (online)"", ""genre"": ""praise_poetry"", ""language"": ""igbo"", ""subject"": ""general"", ""praise_text"": ""Oyiridiya"", ""meaning"": """", ""origin"": ""Fabulous & Mbagwu 2021 (NJAH) — https://nigerianjournalsonline.com/index.php/NJAH/article/download/2195/2142"", ""source_url"": ""https://nigerianjournalsonline.com/index.php/NJAH/article/download/2195/2142"", ""license"": ""unstated — cited academic use"", ""dialect_assigned_default"": false}"
"Ọzọigbondụ","praise_poetry","5","{""source"": ""Praise (online)"", ""genre"": ""praise_poetry"", ""language"": ""igbo"", ""subject"": ""general"", ""praise_text"": ""Ọzọigbondụ"", ""meaning"": """", ""origin"": ""Fabulous & Mbagwu 2021 (NJAH) — https://nigerianjournalsonline.com/index.php/NJAH/article/download/2195/2142"", ""source_url"": ""https://nigerianjournalsonline.com/index.php/NJAH/article/download/2195/2142"", ""license"": ""unstated — cited academic use"", ""dialect_assigned_default"": false}"
"Udelegbaọla","praise_poetry","5","{""source"": ""Praise (online)"", ""genre"": ""praise_poetry"", ""language"": ""igbo"", ""subject"": ""general"", ""praise_text"": ""Udelegbaọla"", ""meaning"": """", ""origin"": ""Fabulous & Mbagwu 2021 (NJAH) — https://nigerianjournalsonline.com/index.php/NJAH/article/download/2195/2142"", ""source_url"": ""https://nigerianjournalsonline.com/index.php/NJAH/article/download/2195/2142"", ""license"": ""unstated — cited academic use"", ""dialect_assigned_default"": false}"
"Ugodiya","praise_poetry","5","{""source"": ""Praise (online)"", ""genre"": ""praise_poetry"", ""language"": ""igbo"", ""subject"": ""general"", ""praise_text"": ""Ugodiya"", ""meaning"": """", ""origin"": ""Fabulous & Mbagwu 2021 (NJAH) — https://nigerianjournalsonline.com/index.php/NJAH/article/download/2195/2142"", ""source_url"": ""https://nigerianjournalsonline.com/index.php/NJAH/article/download/2195/2142"", ""license"": ""unstated — cited academic use"", ""dialect_assigned_default"": false}"
"Ụtụagbaigwe","praise_poetry","5","{""source"": ""Praise (online)"", ""genre"": ""praise_poetry"", ""language"": ""igbo"", ""subject"": ""general"", ""praise_text"": ""Ụtụagbaigwe"", ""meaning"": """", ""origin"": ""Fabulous & Mbagwu 2021 (NJAH) — https://nigerianjournalsonline.com/index.php/NJAH/article/download/2195/2142"", ""source_url"": ""https://nigerianjournalsonline.com/index.php/NJAH/article/download/2195/2142"", ""license"": ""unstated — cited academic use"", ""dialect_assigned_default"": false}"
"Chukwuemeka Ọdụmegwu Ojukwu (Ikemba)","praise_poetry","5","{""source"": ""Praise (online)"", ""genre"": ""praise_poetry"", ""language"": ""igbo"", ""subject"": ""Chukwuemeka Ọdụmegwu Ojukwu (Ikemba)"", ""praise_text"": ""General Ojukwu\nIkemba ndị Igbo\nEze Igbo gburugburu\nNwa hụrụ ala nna ya n’anya\nMgbe Igbo jụrụ onye ka ha ga-eziga\nỊ kwụpụta sị ha ziga gị\nOjukwu\nI ji ogbunigwe gwọọ ndị iro ịba na Mkpọọ\nJiri shọọ batịrị sụọ ha akwụ n’osimiri Naija\nOjukwu\nNkenke enyi chụrụ igwe enyi ọsọ\nNwaegbe nkanka nku\nOnye gwere ndị iro ka ose n’Ụzụakọlị?\nỌ bụ Ojukwu\nIkemba\nAnyị ji gị eme ọnụ n’ụtụtụ\nAnyị ji gị eme ọnụ n’ehihie\nAnyị ji gị eme ọnụ n’abalị\nNnọọ\nIkemba nnọọ\nEze Igbo, nnọọ."", ""meaning"": ""The pillar of Igbo nation\nKing of all the Igbo nation\nLover of his fatherland\nWhen the Igbo asked for who to send\nYou volunteered yourself for the big task\nOjukwu\nYou used Ogbunigwe to massacre the enemies at Mkpọọ.\nYou grind them with shore battery at river Niger\nOjukwu\nThe little elephant that defeated a multitude of elephants\nA hard skin warrior\nExperienced fighter\nWho killed thousands of enemies at Ụzụakọlị?\nIt is Ojukwu\nWe are proud of you in the morning\nWe are proud of you in the afternoon\nWe are proud of you in the night\nWelcome\nKing of the Igbo nation, welcome."", ""origin"": ""Fabulous & Mbagwu 2021 (NJAH) — https://nigerianjournalsonline.com/index.php/NJAH/article/download/2195/2142"", ""source_url"": ""https://nigerianjournalsonline.com/index.php/NJAH/article/download/2195/2142"", ""license"": ""unstated — cited academic use"", ""dialect_assigned_default"": false}"
"Jagwa","praise_poetry","5","{""source"": ""Praise (online)"", ""genre"": ""praise_poetry"", ""language"": ""igbo"", ""subject"": ""Jagwa"", ""praise_text"": ""Jagwa\nỌtagbu nchi\nỌtagbuo o bulata\nỌ ṅụrịwa gbọwa\nkpọwa nna ya ukwu\nỊkọrọ ya na anụ achaala\nOfe dị ụtọ ọ bụ jagwa\nỌ tagbụghị ewi ọ tagbuo nchi\nJagwa\nOgbu ka egbe"", ""meaning"": ""Killer of grass cutter\nOn bringing home your game\nyou rejoice and bark\ncalling on your master\nto inform him of your feat\nif soup is tasty, it is Jagwa\nwhen stew is good, it is Jagwa\nfor if it does not kill rabbit it will kill grass cutter\nJagwa!\nYou kill like gun"", ""origin"": ""Fabulous & Mbagwu 2021 (NJAH) — https://nigerianjournalsonline.com/index.php/NJAH/article/download/2195/2142"", ""source_url"": ""https://nigerianjournalsonline.com/index.php/NJAH/article/download/2195/2142"", ""license"": ""unstated — cited academic use"", ""dialect_assigned_default"": false}"
"Sunday Nweke (Ogbukaagụ)","praise_poetry","5","{""source"": ""Praise (online)"", ""genre"": ""praise_poetry"", ""language"": ""igbo"", ""subject"": ""Sunday Nweke (Ogbukaagụ)"", ""praise_text"": ""Sunday Nweke\nOgbukaagụ\nỤfọdụ gara ugwu Awụsa ịchụ ego\nỤfọdụ gara obodo oyibo ịchụ ego\nMa o nweghị ebe ị gara\nỊ sị na ego dị ebe niile\nNaanị egbe ka ị bụ aba ọhịa\nBuru nchi na mgbada na-alọta\nBuru adaka na ezi ọhịa na-alọta\nAnụ ndị a ị na-ere ka I ji enwe ego\nEgo I nwetere n’anụ ndị a ka I ji chie ọzọ\nI gburu ehi asaa n’ọzọ\nGbuo mkpi asaa\nGbuo ebule asaa\nSunday ogbukaagụ\nEbe ọ bụ na I gbuola agụ\nAnyị ga-akpọzị gị ogbu agụ\nMaka na dinta agaghị egbu\nAgụ neeri tupu ọ zaba ogbu agụ\nSunday ọgba n’ufe\nỊ na-egbu egbe na-efe n’elu\nNdị ike jere bata obodo anyị\nEgbe gị a na-agba ka ụkpaka kara n’ụgụrụ\nKawararam- Kawararam!\nSunday dike\nAjọ anụ\nNwa gaagaanogwu\nEgwu anyị na-ekele gị\nNdị egwu Ụmụuto na-ekele gị"", ""meaning"": ""Sunday Nweke\nOgbukaagụ\nSome went to the North to make money\nSome went oversea to make money\nYou refused going anywhere\nSaying that money is everywhere\nWith only your gun you entered into the bush\nAnd came out with grass cutters and antelopes\nChimpanzees and bush pigs\nFrom their sales you made your money\nFrom their sales you got your ọzọ title\nYou slaughtered seven rams\nSunday Ogbukaagụ\nNow that you have killed a tiger\nWe shall be calling you tiger-killer\nBecause a hunter should not kill ten\nTigers before he qualifies for the name\nSunday, you killed flying birds while they are on air\nYour gun brings eagles down from the air\nYour gun brings hawks down from the air\nIf armed robbers enter our town\nYour gun cries like harmattan oil-bean pod\nKawararam- kawararam\nSunday the great\nThe people’s lion\nThe small wood that heats an oven\nOur song greets you\nỤmụuto dancing group greets you."", ""origin"": ""Fabulous & Mbagwu 2021 (NJAH) — https://nigerianjournalsonline.com/index.php/NJAH/article/download/2195/2142"", ""source_url"": ""https://nigerianjournalsonline.com/index.php/NJAH/article/download/2195/2142"", ""license"": ""unstated — cited academic use"", ""dialect_assigned_default"": false}"
"Nìné múrú-ọ̀rà","praise_poetry","5","{""source"": ""Praise (online)"", ""genre"": ""praise_poetry"", ""language"": ""igbo"", ""subject"": ""women (mothers)"", ""praise_text"": ""Nìné múrú-ọ̀rà"", ""meaning"": ""Mother of a multitude"", ""origin"": ""Carter-Enyi et al. (PMC8238117) — https://pmc.ncbi.nlm.nih.gov/articles/PMC8238117/"", ""source_url"": ""https://pmc.ncbi.nlm.nih.gov/articles/PMC8238117/"", ""license"": ""CC BY"", ""dialect_assigned_default"": false}"
"Álá nàzù ńwā","praise_poetry","5","{""source"": ""Praise (online)"", ""genre"": ""praise_poetry"", ""language"": ""igbo"", ""subject"": ""women (mothers)"", ""praise_text"": ""Álá nàzù ńwā"", ""meaning"": ""Breast that feeds the babies"", ""origin"": ""Carter-Enyi et al. (PMC8238117) — https://pmc.ncbi.nlm.nih.gov/articles/PMC8238117/"", ""source_url"": ""https://pmc.ncbi.nlm.nih.gov/articles/PMC8238117/"", ""license"": ""CC BY"", ""dialect_assigned_default"": false}"
"Óchìé díkē-ńnēm","praise_poetry","5","{""source"": ""Praise (online)"", ""genre"": ""praise_poetry"", ""language"": ""igbo"", ""subject"": ""women (mothers)"", ""praise_text"": ""Óchìé díkē-ńnēm"", ""meaning"": ""My strong mother"", ""origin"": ""Carter-Enyi et al. (PMC8238117) — https://pmc.ncbi.nlm.nih.gov/articles/PMC8238117/"", ""source_url"": ""https://pmc.ncbi.nlm.nih.gov/articles/PMC8238117/"", ""license"": ""CC BY"", ""dialect_assigned_default"": false}"
"Éléléb’úkwù è gbù’éwū","praise_poetry","5","{""source"": ""Praise (online)"", ""genre"": ""praise_poetry"", ""language"": ""igbo"", ""subject"": ""women (mothers)"", ""praise_text"": ""Éléléb’úkwù è gbù’éwū"", ""meaning"": ""The waist that deserves to be celebrated with the killing of a goat"", ""origin"": ""Carter-Enyi et al. (PMC8238117) — https://pmc.ncbi.nlm.nih.gov/articles/PMC8238117/"", ""source_url"": ""https://pmc.ncbi.nlm.nih.gov/articles/PMC8238117/"", ""license"": ""CC BY"", ""dialect_assigned_default"": false}"
"Ọ̀zùlù éké, zùọ̀ Óriè, zùọ̀ Áfọ̀, zúọ̀ Ǹkwò","praise_poetry","5","{""source"": ""Praise (online)"", ""genre"": ""praise_poetry"", ""language"": ""igbo"", ""subject"": ""women (mothers)"", ""praise_text"": ""Ọ̀zùlù éké, zùọ̀ Óriè, zùọ̀ Áfọ̀, zúọ̀ Ǹkwò"", ""meaning"": ""She sells on Eke, Orie, Afor, and Nkwo market days"", ""origin"": ""Carter-Enyi et al. (PMC8238117) — https://pmc.ncbi.nlm.nih.gov/articles/PMC8238117/"", ""source_url"": ""https://pmc.ncbi.nlm.nih.gov/articles/PMC8238117/"", ""license"": ""CC BY"", ""dialect_assigned_default"": false}"
"Ńné ńnọ̀ọ̀má","praise_poetry","5","{""source"": ""Praise (online)"", ""genre"": ""praise_poetry"", ""language"": ""igbo"", ""subject"": ""women (mothers)"", ""praise_text"": ""Ńné ńnọ̀ọ̀má"", ""meaning"": ""Mother, good mother"", ""origin"": ""Carter-Enyi et al. (PMC8238117) — https://pmc.ncbi.nlm.nih.gov/articles/PMC8238117/"", ""source_url"": ""https://pmc.ncbi.nlm.nih.gov/articles/PMC8238117/"", ""license"": ""CC BY"", ""dialect_assigned_default"": false}"
"Ónyé áká ghárá-ghárá","praise_poetry","5","{""source"": ""Praise (online)"", ""genre"": ""praise_poetry"", ""language"": ""igbo"", ""subject"": ""women (mothers)"", ""praise_text"": ""Ónyé áká ghárá-ghárá"", ""meaning"": ""A resourceful person"", ""origin"": ""Carter-Enyi et al. (PMC8238117) — https://pmc.ncbi.nlm.nih.gov/articles/PMC8238117/"", ""source_url"": ""https://pmc.ncbi.nlm.nih.gov/articles/PMC8238117/"", ""license"": ""CC BY"", ""dialect_assigned_default"": false}"
"Ọ̀mụ̀rụ̀ Órìe, mụ́ọ́ Àfọ̀, mụ́ọ́ Ǹkwọ́","praise_poetry","5","{""source"": ""Praise (online)"", ""genre"": ""praise_poetry"", ""language"": ""igbo"", ""subject"": ""women (mothers)"", ""praise_text"": ""Ọ̀mụ̀rụ̀ Órìe, mụ́ọ́ Àfọ̀, mụ́ọ́ Ǹkwọ́"", ""meaning"": ""She gave birth to Orie, Afor and Nkwo"", ""origin"": ""Carter-Enyi et al. (PMC8238117) — https://pmc.ncbi.nlm.nih.gov/articles/PMC8238117/"", ""source_url"": ""https://pmc.ncbi.nlm.nih.gov/articles/PMC8238117/"", ""license"": ""CC BY"", ""dialect_assigned_default"": false}"
"Ọ̀dị̀ dí yé ḿmā","praise_poetry","5","{""source"": ""Praise (online)"", ""genre"": ""praise_poetry"", ""language"": ""igbo"", ""subject"": ""women (mothers)"", ""praise_text"": ""Ọ̀dị̀ dí yé ḿmā"", ""meaning"": ""Her husband’s delight"", ""origin"": ""Carter-Enyi et al. (PMC8238117) — https://pmc.ncbi.nlm.nih.gov/articles/PMC8238117/"", ""source_url"": ""https://pmc.ncbi.nlm.nih.gov/articles/PMC8238117/"", ""license"": ""CC BY"", ""dialect_assigned_default"": false}"
"Ódózī àkụ̀ dí yá","praise_poetry","5","{""source"": ""Praise (online)"", ""genre"": ""praise_poetry"", ""language"": ""igbo"", ""subject"": ""women (mothers)"", ""praise_text"": ""Ódózī àkụ̀ dí yá"", ""meaning"": ""The manager of her husband’s wealth"", ""origin"": ""Carter-Enyi et al. (PMC8238117) — https://pmc.ncbi.nlm.nih.gov/articles/PMC8238117/"", ""source_url"": ""https://pmc.ncbi.nlm.nih.gov/articles/PMC8238117/"", ""license"": ""CC BY"", ""dialect_assigned_default"": false}"
"Ùgòó dí yá","praise_poetry","5","{""source"": ""Praise (online)"", ""genre"": ""praise_poetry"", ""language"": ""igbo"", ""subject"": ""women (mothers)"", ""praise_text"": ""Ùgòó dí yá"", ""meaning"": ""The glory of her husband"", ""origin"": ""Carter-Enyi et al. (PMC8238117) — https://pmc.ncbi.nlm.nih.gov/articles/PMC8238117/"", ""source_url"": ""https://pmc.ncbi.nlm.nih.gov/articles/PMC8238117/"", ""license"": ""CC BY"", ""dialect_assigned_default"": false}"
"Ézē nwáānyì","praise_poetry","5","{""source"": ""Praise (online)"", ""genre"": ""praise_poetry"", ""language"": ""igbo"", ""subject"": ""women (mothers)"", ""praise_text"": ""Ézē nwáānyì"", ""meaning"": ""Queen mother"", ""origin"": ""Carter-Enyi et al. (PMC8238117) — https://pmc.ncbi.nlm.nih.gov/articles/PMC8238117/"", ""source_url"": ""https://pmc.ncbi.nlm.nih.gov/articles/PMC8238117/"", ""license"": ""CC BY"", ""dialect_assigned_default"": false}"
"Ọ̀chílụ̀ ọ́zụ́ọ́","praise_poetry","5","{""source"": ""Praise (online)"", ""genre"": ""praise_poetry"", ""language"": ""igbo"", ""subject"": ""women (mothers)"", ""praise_text"": ""Ọ̀chílụ̀ ọ́zụ́ọ́"", ""meaning"": ""Trainer of all"", ""origin"": ""Carter-Enyi et al. (PMC8238117) — https://pmc.ncbi.nlm.nih.gov/articles/PMC8238117/"", ""source_url"": ""https://pmc.ncbi.nlm.nih.gov/articles/PMC8238117/"", ""license"": ""CC BY"", ""dialect_assigned_default"": false}"
"Ágbàrà k’iìbeè yà","praise_poetry","5","{""source"": ""Praise (online)"", ""genre"": ""praise_poetry"", ""language"": ""igbo"", ""subject"": ""women (mothers)"", ""praise_text"": ""Ágbàrà k’iìbeè yà"", ""meaning"": ""A woman greater than other women"", ""origin"": ""Carter-Enyi et al. (PMC8238117) — https://pmc.ncbi.nlm.nih.gov/articles/PMC8238117/"", ""source_url"": ""https://pmc.ncbi.nlm.nih.gov/articles/PMC8238117/"", ""license"": ""CC BY"", ""dialect_assigned_default"": false}"
"Ńné ọ̀máááá!","praise_poetry","5","{""source"": ""Praise (online)"", ""genre"": ""praise_poetry"", ""language"": ""igbo"", ""subject"": ""women (mothers)"", ""praise_text"": ""Ńné ọ̀máááá!"", ""meaning"": ""A virtuous woman"", ""origin"": ""Carter-Enyi et al. (PMC8238117) — https://pmc.ncbi.nlm.nih.gov/articles/PMC8238117/"", ""source_url"": ""https://pmc.ncbi.nlm.nih.gov/articles/PMC8238117/"", ""license"": ""CC BY"", ""dialect_assigned_default"": false}"
"Iì gàdị́ ńdụ́ rúé m̀gbè ébiÌghèbì","praise_poetry","5","{""source"": ""Praise (online)"", ""genre"": ""praise_poetry"", ""language"": ""igbo"", ""subject"": ""women (mothers)"", ""praise_text"": ""Iì gàdị́ ńdụ́ rúé m̀gbè ébiÌghèbì"", ""meaning"": ""You will live forever and ever"", ""origin"": ""Carter-Enyi et al. (PMC8238117) — https://pmc.ncbi.nlm.nih.gov/articles/PMC8238117/"", ""source_url"": ""https://pmc.ncbi.nlm.nih.gov/articles/PMC8238117/"", ""license"": ""CC BY"", ""dialect_assigned_default"": false}"
"town/community","praise_poetry","5","{""source"": ""Praise (online)"", ""genre"": ""praise_poetry"", ""language"": ""igbo"", ""subject"": ""town/community"", ""praise_text"": ""Óbòdò dìkē o!"", ""meaning"": ""Strong city"", ""origin"": ""Carter-Enyi et al. (PMC8238117) — https://pmc.ncbi.nlm.nih.gov/articles/PMC8238117/"", ""source_url"": ""https://pmc.ncbi.nlm.nih.gov/articles/PMC8238117/"", ""license"": ""CC BY"", ""dialect_assigned_default"": false}"
"Achala/Achara Ugo","praise_poetry","5","{""source"": ""Praise (online)"", ""genre"": ""praise_poetry"", ""language"": ""igbo"", ""subject"": ""deity/cosmic force"", ""praise_text"": ""Achala/Achara Ugo"", ""meaning"": ""Perennial tropical grass (Elephant grass) that attracts the Eagle | One who attracts good things | Majestic being that can summon another majestic being."", ""origin"": ""sloaneangelou.blog (Oma's Garden) — https://sloaneangelou.blog/journal/agbara-incantations-100-ways-to-address-a-god-in-igbo"", ""source_url"": ""https://sloaneangelou.blog/journal/agbara-incantations-100-ways-to-address-a-god-in-igbo"", ""license"": ""unstated — cited academic use"", ""dialect_assigned_default"": false}"
"Agbanwe Agbanwe","praise_poetry","5","{""source"": ""Praise (online)"", ""genre"": ""praise_poetry"", ""language"": ""igbo"", ""subject"": ""deity/cosmic force"", ""praise_text"": ""Agbanwe Agbanwe"", ""meaning"": ""Unchanging one | Unshakeable being | Reliable one | Consistent with results."", ""origin"": ""sloaneangelou.blog (Oma's Garden) — https://sloaneangelou.blog/journal/agbara-incantations-100-ways-to-address-a-god-in-igbo"", ""source_url"": ""https://sloaneangelou.blog/journal/agbara-incantations-100-ways-to-address-a-god-in-igbo"", ""license"": ""unstated — cited academic use"", ""dialect_assigned_default"": false}"
"Agbataobi nwa ogbenye","praise_poetry","5","{""source"": ""Praise (online)"", ""genre"": ""praise_poetry"", ""language"": ""igbo"", ""subject"": ""deity/cosmic force"", ""praise_text"": ""Agbataobi nwa ogbenye"", ""meaning"": ""The friend of the poor."", ""origin"": ""sloaneangelou.blog (Oma's Garden) — https://sloaneangelou.blog/journal/agbara-incantations-100-ways-to-address-a-god-in-igbo"", ""source_url"": ""https://sloaneangelou.blog/journal/agbara-incantations-100-ways-to-address-a-god-in-igbo"", ""license"": ""unstated — cited academic use"", ""dialect_assigned_default"": false}"
"Agubata ohia, mgbada awara oso","praise_poetry","5","{""source"": ""Praise (online)"", ""genre"": ""praise_poetry"", ""language"": ""igbo"", ""subject"": ""deity/cosmic force"", ""praise_text"": ""Agubata ohia, mgbada awara oso"", ""meaning"": ""The Leopard that arrives into the forest and causes the deer to flees | One to be feared | Mighty being."", ""origin"": ""sloaneangelou.blog (Oma's Garden) — https://sloaneangelou.blog/journal/agbara-incantations-100-ways-to-address-a-god-in-igbo"", ""source_url"": ""https://sloaneangelou.blog/journal/agbara-incantations-100-ways-to-address-a-god-in-igbo"", ""license"": ""unstated — cited academic use"", ""dialect_assigned_default"": false}"
"Agu neche mba","praise_poetry","5","{""source"": ""Praise (online)"", ""genre"": ""praise_poetry"", ""language"": ""igbo"", ""subject"": ""deity/cosmic force"", ""praise_text"": ""Agu neche mba"", ""meaning"": ""The leopard that watches over or guards the community | Protector."", ""origin"": ""sloaneangelou.blog (Oma's Garden) — https://sloaneangelou.blog/journal/agbara-incantations-100-ways-to-address-a-god-in-igbo"", ""source_url"": ""https://sloaneangelou.blog/journal/agbara-incantations-100-ways-to-address-a-god-in-igbo"", ""license"": ""unstated — cited academic use"", ""dialect_assigned_default"": false}"
"Agu ji egbe","praise_poetry","5","{""source"": ""Praise (online)"", ""genre"": ""praise_poetry"", ""language"": ""igbo"", ""subject"": ""deity/cosmic force"", ""praise_text"": ""Agu ji egbe"", ""meaning"": ""The leopard that holds a gun or weapon | Warrior."", ""origin"": ""sloaneangelou.blog (Oma's Garden) — https://sloaneangelou.blog/journal/agbara-incantations-100-ways-to-address-a-god-in-igbo"", ""source_url"": ""https://sloaneangelou.blog/journal/agbara-incantations-100-ways-to-address-a-god-in-igbo"", ""license"": ""unstated — cited academic use"", ""dialect_assigned_default"": false}"
"Aka ji mba","praise_poetry","5","{""source"": ""Praise (online)"", ""genre"": ""praise_poetry"", ""language"": ""igbo"", ""subject"": ""deity/cosmic force"", ""praise_text"": ""Aka ji mba"", ""meaning"": ""The hand that holds the community | Provider."", ""origin"": ""sloaneangelou.blog (Oma's Garden) — https://sloaneangelou.blog/journal/agbara-incantations-100-ways-to-address-a-god-in-igbo"", ""source_url"": ""https://sloaneangelou.blog/journal/agbara-incantations-100-ways-to-address-a-god-in-igbo"", ""license"": ""unstated — cited academic use"", ""dialect_assigned_default"": false}"
"Aka na agwo oria","praise_poetry","5","{""source"": ""Praise (online)"", ""genre"": ""praise_poetry"", ""language"": ""igbo"", ""subject"": ""deity/cosmic force"", ""praise_text"": ""Aka na agwo oria"", ""meaning"": ""The hand that cures illness or disease | Healer."", ""origin"": ""sloaneangelou.blog (Oma's Garden) — https://sloaneangelou.blog/journal/agbara-incantations-100-ways-to-address-a-god-in-igbo"", ""source_url"": ""https://sloaneangelou.blog/journal/agbara-incantations-100-ways-to-address-a-god-in-igbo"", ""license"": ""unstated — cited academic use"", ""dialect_assigned_default"": false}"
"Akwa Akwuru","praise_poetry","5","{""source"": ""Praise (online)"", ""genre"": ""praise_poetry"", ""language"": ""igbo"", ""subject"": ""deity/cosmic force"", ""praise_text"": ""Akwa Akwuru"", ""meaning"": ""Infallible egg | Unmovable being | Unshakable force."", ""origin"": ""sloaneangelou.blog (Oma's Garden) — https://sloaneangelou.blog/journal/agbara-incantations-100-ways-to-address-a-god-in-igbo"", ""source_url"": ""https://sloaneangelou.blog/journal/agbara-incantations-100-ways-to-address-a-god-in-igbo"", ""license"": ""unstated — cited academic use"", ""dialect_assigned_default"": false}"
"Amama Amasi Amasi","praise_poetry","5","{""source"": ""Praise (online)"", ""genre"": ""praise_poetry"", ""language"": ""igbo"", ""subject"": ""deity/cosmic force"", ""praise_text"": ""Amama Amasi Amasi"", ""meaning"": ""All knowing one | Omniscient being."", ""origin"": ""sloaneangelou.blog (Oma's Garden) — https://sloaneangelou.blog/journal/agbara-incantations-100-ways-to-address-a-god-in-igbo"", ""source_url"": ""https://sloaneangelou.blog/journal/agbara-incantations-100-ways-to-address-a-god-in-igbo"", ""license"": ""unstated — cited academic use"", ""dialect_assigned_default"": false}"
"Amuma Mmiri","praise_poetry","5","{""source"": ""Praise (online)"", ""genre"": ""praise_poetry"", ""language"": ""igbo"", ""subject"": ""deity/cosmic force"", ""praise_text"": ""Amuma Mmiri"", ""meaning"": ""The divine mind of water | Prophetic gift of water | Seer | All knowing and seeing being."", ""origin"": ""sloaneangelou.blog (Oma's Garden) — https://sloaneangelou.blog/journal/agbara-incantations-100-ways-to-address-a-god-in-igbo"", ""source_url"": ""https://sloaneangelou.blog/journal/agbara-incantations-100-ways-to-address-a-god-in-igbo"", ""license"": ""unstated — cited academic use"", ""dialect_assigned_default"": false}"
"Anu ana gba egbe ona ta nni","praise_poetry","5","{""source"": ""Praise (online)"", ""genre"": ""praise_poetry"", ""language"": ""igbo"", ""subject"": ""deity/cosmic force"", ""praise_text"": ""Anu ana gba egbe ona ta nni"", ""meaning"": ""The animal that continues to eat food while it is being shot at | One who fears no one but should be feared instead | Mighty one that prevails despite attempts by others to hurt them."", ""origin"": ""sloaneangelou.blog (Oma's Garden) — https://sloaneangelou.blog/journal/agbara-incantations-100-ways-to-address-a-god-in-igbo"", ""source_url"": ""https://sloaneangelou.blog/journal/agbara-incantations-100-ways-to-address-a-god-in-igbo"", ""license"": ""unstated — cited academic use"", ""dialect_assigned_default"": false}"
"Anyanwu Ututu","praise_poetry","5","{""source"": ""Praise (online)"", ""genre"": ""praise_poetry"", ""language"": ""igbo"", ""subject"": ""deity/cosmic force"", ""praise_text"": ""Anyanwu Ututu"", ""meaning"": ""Morning sun | Morning star | Light of the world | Shining star."", ""origin"": ""sloaneangelou.blog (Oma's Garden) — https://sloaneangelou.blog/journal/agbara-incantations-100-ways-to-address-a-god-in-igbo"", ""source_url"": ""https://sloaneangelou.blog/journal/agbara-incantations-100-ways-to-address-a-god-in-igbo"", ""license"": ""unstated — cited academic use"", ""dialect_assigned_default"": false}"
"Chi ajo mmuo huru wara oso","praise_poetry","5","{""source"": ""Praise (online)"", ""genre"": ""praise_poetry"", ""language"": ""igbo"", ""subject"": ""deity/cosmic force"", ""praise_text"": ""Chi ajo mmuo huru wara oso"", ""meaning"": ""The force that evil spirits saw and ran away | One who chases away evil spirit."", ""origin"": ""sloaneangelou.blog (Oma's Garden) — https://sloaneangelou.blog/journal/agbara-incantations-100-ways-to-address-a-god-in-igbo"", ""source_url"": ""https://sloaneangelou.blog/journal/agbara-incantations-100-ways-to-address-a-god-in-igbo"", ""license"": ""unstated — cited academic use"", ""dialect_assigned_default"": false}"
"Ebighebi Eligwe","praise_poetry","5","{""source"": ""Praise (online)"", ""genre"": ""praise_poetry"", ""language"": ""igbo"", ""subject"": ""deity/cosmic force"", ""praise_text"": ""Ebighebi Eligwe"", ""meaning"": ""The everlasting being of heaven | One who lives in the heavens | One who lives in higher dimensions."", ""origin"": ""sloaneangelou.blog (Oma's Garden) — https://sloaneangelou.blog/journal/agbara-incantations-100-ways-to-address-a-god-in-igbo"", ""source_url"": ""https://sloaneangelou.blog/journal/agbara-incantations-100-ways-to-address-a-god-in-igbo"", ""license"": ""unstated — cited academic use"", ""dialect_assigned_default"": false}"
"Ebube Dike","praise_poetry","5","{""source"": ""Praise (online)"", ""genre"": ""praise_poetry"", ""language"": ""igbo"", ""subject"": ""deity/cosmic force"", ""praise_text"": ""Ebube Dike"", ""meaning"": ""Glorious warrior | Glorious hero | One who overcomes with strength and brings glory."", ""origin"": ""sloaneangelou.blog (Oma's Garden) — https://sloaneangelou.blog/journal/agbara-incantations-100-ways-to-address-a-god-in-igbo"", ""source_url"": ""https://sloaneangelou.blog/journal/agbara-incantations-100-ways-to-address-a-god-in-igbo"", ""license"": ""unstated — cited academic use"", ""dialect_assigned_default"": false}"
"Ejide/Echeta obi esike","praise_poetry","5","{""source"": ""Praise (online)"", ""genre"": ""praise_poetry"", ""language"": ""igbo"", ""subject"": ""deity/cosmic force"", ""praise_text"": ""Ejide/Echeta obi esike"", ""meaning"": ""The one who gives of confidence when remembered | Giver of hope."", ""origin"": ""sloaneangelou.blog (Oma's Garden) — https://sloaneangelou.blog/journal/agbara-incantations-100-ways-to-address-a-god-in-igbo"", ""source_url"": ""https://sloaneangelou.blog/journal/agbara-incantations-100-ways-to-address-a-god-in-igbo"", ""license"": ""unstated — cited academic use"", ""dialect_assigned_default"": false}"
"Ekwueme","praise_poetry","5","{""source"": ""Praise (online)"", ""genre"": ""praise_poetry"", ""language"": ""igbo"", ""subject"": ""deity/cosmic force"", ""praise_text"": ""Ekwueme"", ""meaning"": ""One who does what they say | One who speaks and does as they have said | Trustworthy and Reliable being."", ""origin"": ""sloaneangelou.blog (Oma's Garden) — https://sloaneangelou.blog/journal/agbara-incantations-100-ways-to-address-a-god-in-igbo"", ""source_url"": ""https://sloaneangelou.blog/journal/agbara-incantations-100-ways-to-address-a-god-in-igbo"", ""license"": ""unstated — cited academic use"", ""dialect_assigned_default"": false}"
"Ike ka Ike","praise_poetry","5","{""source"": ""Praise (online)"", ""genre"": ""praise_poetry"", ""language"": ""igbo"", ""subject"": ""deity/cosmic force"", ""praise_text"": ""Ike ka Ike"", ""meaning"": ""Power that is greater than power | A force greater than all forces."", ""origin"": ""sloaneangelou.blog (Oma's Garden) — https://sloaneangelou.blog/journal/agbara-incantations-100-ways-to-address-a-god-in-igbo"", ""source_url"": ""https://sloaneangelou.blog/journal/agbara-incantations-100-ways-to-address-a-god-in-igbo"", ""license"": ""unstated — cited academic use"", ""dialect_assigned_default"": false}"
"Ike meriri onwu","praise_poetry","5","{""source"": ""Praise (online)"", ""genre"": ""praise_poetry"", ""language"": ""igbo"", ""subject"": ""deity/cosmic force"", ""praise_text"": ""Ike meriri onwu"", ""meaning"": ""The power that defeats death."", ""origin"": ""sloaneangelou.blog (Oma's Garden) — https://sloaneangelou.blog/journal/agbara-incantations-100-ways-to-address-a-god-in-igbo"", ""source_url"": ""https://sloaneangelou.blog/journal/agbara-incantations-100-ways-to-address-a-god-in-igbo"", ""license"": ""unstated — cited academic use"", ""dialect_assigned_default"": false}"
"Ikuku ama na onya","praise_poetry","5","{""source"": ""Praise (online)"", ""genre"": ""praise_poetry"", ""language"": ""igbo"", ""subject"": ""deity/cosmic force"", ""praise_text"": ""Ikuku ama na onya"", ""meaning"": ""Air that can never be caught by a trap | The wind that cannot be trapped | Untouchable force | Wind that does not blow in vain."", ""origin"": ""sloaneangelou.blog (Oma's Garden) — https://sloaneangelou.blog/journal/agbara-incantations-100-ways-to-address-a-god-in-igbo"", ""source_url"": ""https://sloaneangelou.blog/journal/agbara-incantations-100-ways-to-address-a-god-in-igbo"", ""license"": ""unstated — cited academic use"", ""dialect_assigned_default"": false}"
"Isi iyi ike ndu","praise_poetry","5","{""source"": ""Praise (online)"", ""genre"": ""praise_poetry"", ""language"": ""igbo"", ""subject"": ""deity/cosmic force"", ""praise_text"": ""Isi iyi ike ndu"", ""meaning"": ""The stream of life | Foutain of life | River that gives life."", ""origin"": ""sloaneangelou.blog (Oma's Garden) — https://sloaneangelou.blog/journal/agbara-incantations-100-ways-to-address-a-god-in-igbo"", ""source_url"": ""https://sloaneangelou.blog/journal/agbara-incantations-100-ways-to-address-a-god-in-igbo"", ""license"": ""unstated — cited academic use"", ""dialect_assigned_default"": false}"
"Mmiri di Egwu","praise_poetry","5","{""source"": ""Praise (online)"", ""genre"": ""praise_poetry"", ""language"": ""igbo"", ""subject"": ""deity/cosmic force"", ""praise_text"": ""Mmiri di Egwu"", ""meaning"": ""Powerful force of water | Mighty force to be feared | Mighty waters."", ""origin"": ""sloaneangelou.blog (Oma's Garden) — https://sloaneangelou.blog/journal/agbara-incantations-100-ways-to-address-a-god-in-igbo"", ""source_url"": ""https://sloaneangelou.blog/journal/agbara-incantations-100-ways-to-address-a-god-in-igbo"", ""license"": ""unstated — cited academic use"", ""dialect_assigned_default"": false}"
"Mmuo n’eri Mmuo","praise_poetry","5","{""source"": ""Praise (online)"", ""genre"": ""praise_poetry"", ""language"": ""igbo"", ""subject"": ""deity/cosmic force"", ""praise_text"": ""Mmuo n’eri Mmuo"", ""meaning"": ""Spirit that eats other spirits | Powerful force greater than all forces."", ""origin"": ""sloaneangelou.blog (Oma's Garden) — https://sloaneangelou.blog/journal/agbara-incantations-100-ways-to-address-a-god-in-igbo"", ""source_url"": ""https://sloaneangelou.blog/journal/agbara-incantations-100-ways-to-address-a-god-in-igbo"", ""license"": ""unstated — cited academic use"", ""dialect_assigned_default"": false}"
"Mmuo ka Mmuo","praise_poetry","5","{""source"": ""Praise (online)"", ""genre"": ""praise_poetry"", ""language"": ""igbo"", ""subject"": ""deity/cosmic force"", ""praise_text"": ""Mmuo ka Mmuo"", ""meaning"": ""Spirit greater than spirits | A mighty force."", ""origin"": ""sloaneangelou.blog (Oma's Garden) — https://sloaneangelou.blog/journal/agbara-incantations-100-ways-to-address-a-god-in-igbo"", ""source_url"": ""https://sloaneangelou.blog/journal/agbara-incantations-100-ways-to-address-a-god-in-igbo"", ""license"": ""unstated — cited academic use"", ""dialect_assigned_default"": false}"
"Obata Obie","praise_poetry","5","{""source"": ""Praise (online)"", ""genre"": ""praise_poetry"", ""language"": ""igbo"", ""subject"": ""deity/cosmic force"", ""praise_text"": ""Obata Obie"", ""meaning"": ""One whose presence ends every pain or misfortune | One whose presence puts an end to troubles | One whose arrival brings peace."", ""origin"": ""sloaneangelou.blog (Oma's Garden) — https://sloaneangelou.blog/journal/agbara-incantations-100-ways-to-address-a-god-in-igbo"", ""source_url"": ""https://sloaneangelou.blog/journal/agbara-incantations-100-ways-to-address-a-god-in-igbo"", ""license"": ""unstated — cited academic use"", ""dialect_assigned_default"": false}"
"Obata ulo adinma","praise_poetry","5","{""source"": ""Praise (online)"", ""genre"": ""praise_poetry"", ""language"": ""igbo"", ""subject"": ""deity/cosmic force"", ""praise_text"": ""Obata ulo adinma"", ""meaning"": ""One who comes to a home and everything becomes good | Bringer of favor or good fortune."", ""origin"": ""sloaneangelou.blog (Oma's Garden) — https://sloaneangelou.blog/journal/agbara-incantations-100-ways-to-address-a-god-in-igbo"", ""source_url"": ""https://sloaneangelou.blog/journal/agbara-incantations-100-ways-to-address-a-god-in-igbo"", ""license"": ""unstated — cited academic use"", ""dialect_assigned_default"": false}"
"Ogbajiri igwe kpo ya nku","praise_poetry","5","{""source"": ""Praise (online)"", ""genre"": ""praise_poetry"", ""language"": ""igbo"", ""subject"": ""deity/cosmic force"", ""praise_text"": ""Ogbajiri igwe kpo ya nku"", ""meaning"": ""One that breaks irons and calls it wood | One that breaks metal like firewood | A force that puts an end to hard things with ease."", ""origin"": ""sloaneangelou.blog (Oma's Garden) — https://sloaneangelou.blog/journal/agbara-incantations-100-ways-to-address-a-god-in-igbo"", ""source_url"": ""https://sloaneangelou.blog/journal/agbara-incantations-100-ways-to-address-a-god-in-igbo"", ""license"": ""unstated — cited academic use"", ""dialect_assigned_default"": false}"
"Odogwu Akataka","praise_poetry","5","{""source"": ""Praise (online)"", ""genre"": ""praise_poetry"", ""language"": ""igbo"", ""subject"": ""deity/cosmic force"", ""praise_text"": ""Odogwu Akataka"", ""meaning"": ""Fearless warrior | the One that is stronger than the strongest."", ""origin"": ""sloaneangelou.blog (Oma's Garden) — https://sloaneangelou.blog/journal/agbara-incantations-100-ways-to-address-a-god-in-igbo"", ""source_url"": ""https://sloaneangelou.blog/journal/agbara-incantations-100-ways-to-address-a-god-in-igbo"", ""license"": ""unstated — cited academic use"", ""dialect_assigned_default"": false}"
"Ogaranya Ngadanga","praise_poetry","5","{""source"": ""Praise (online)"", ""genre"": ""praise_poetry"", ""language"": ""igbo"", ""subject"": ""deity/cosmic force"", ""praise_text"": ""Ogaranya Ngadanga"", ""meaning"": ""The wealthiest of all | The richest one that there is | One who produces wealth like its nothing."", ""origin"": ""sloaneangelou.blog (Oma's Garden) — https://sloaneangelou.blog/journal/agbara-incantations-100-ways-to-address-a-god-in-igbo"", ""source_url"": ""https://sloaneangelou.blog/journal/agbara-incantations-100-ways-to-address-a-god-in-igbo"", ""license"": ""unstated — cited academic use"", ""dialect_assigned_default"": false}"
"Ogbara nkiti okwu juru onu","praise_poetry","5","{""source"": ""Praise (online)"", ""genre"": ""praise_poetry"", ""language"": ""igbo"", ""subject"": ""deity/cosmic force"", ""praise_text"": ""Ogbara nkiti okwu juru onu"", ""meaning"": ""The silent one who keeps quiet but has a mouth full of words | One that has so much to say but decides to keep quiet | Powerful force that can do and undo as it likes."", ""origin"": ""sloaneangelou.blog (Oma's Garden) — https://sloaneangelou.blog/journal/agbara-incantations-100-ways-to-address-a-god-in-igbo"", ""source_url"": ""https://sloaneangelou.blog/journal/agbara-incantations-100-ways-to-address-a-god-in-igbo"", ""license"": ""unstated — cited academic use"", ""dialect_assigned_default"": false}"
"Ojena Mmuo","praise_poetry","5","{""source"": ""Praise (online)"", ""genre"": ""praise_poetry"", ""language"": ""igbo"", ""subject"": ""deity/cosmic force"", ""praise_text"": ""Ojena Mmuo"", ""meaning"": ""One that walks in the spirit realm | A force that moves in spirit."", ""origin"": ""sloaneangelou.blog (Oma's Garden) — https://sloaneangelou.blog/journal/agbara-incantations-100-ways-to-address-a-god-in-igbo"", ""source_url"": ""https://sloaneangelou.blog/journal/agbara-incantations-100-ways-to-address-a-god-in-igbo"", ""license"": ""unstated — cited academic use"", ""dialect_assigned_default"": false}"
"Ojemba","praise_poetry","5","{""source"": ""Praise (online)"", ""genre"": ""praise_poetry"", ""language"": ""igbo"", ""subject"": ""deity/cosmic force"", ""praise_text"": ""Ojemba"", ""meaning"": ""The traveler | One who goes to and fro wherever they like | A force that moves freely without boundaries."", ""origin"": ""sloaneangelou.blog (Oma's Garden) — https://sloaneangelou.blog/journal/agbara-incantations-100-ways-to-address-a-god-in-igbo"", ""source_url"": ""https://sloaneangelou.blog/journal/agbara-incantations-100-ways-to-address-a-god-in-igbo"", ""license"": ""unstated — cited academic use"", ""dialect_assigned_default"": false}"
"Oji nkata eku mmiri","praise_poetry","5","{""source"": ""Praise (online)"", ""genre"": ""praise_poetry"", ""language"": ""igbo"", ""subject"": ""deity/cosmic force"", ""praise_text"": ""Oji nkata eku mmiri"", ""meaning"": ""One that uses a basket to fetch water | One who carries water in a basket | A being that can do the impossible with ease."", ""origin"": ""sloaneangelou.blog (Oma's Garden) — https://sloaneangelou.blog/journal/agbara-incantations-100-ways-to-address-a-god-in-igbo"", ""source_url"": ""https://sloaneangelou.blog/journal/agbara-incantations-100-ways-to-address-a-god-in-igbo"", ""license"": ""unstated — cited academic use"", ""dialect_assigned_default"": false}"
"Okariri ihe asi na obu","praise_poetry","5","{""source"": ""Praise (online)"", ""genre"": ""praise_poetry"", ""language"": ""igbo"", ""subject"": ""deity/cosmic force"", ""praise_text"": ""Okariri ihe asi na obu"", ""meaning"": ""A force that is greater than what people call it | Unfathomable being."", ""origin"": ""sloaneangelou.blog (Oma's Garden) — https://sloaneangelou.blog/journal/agbara-incantations-100-ways-to-address-a-god-in-igbo"", ""source_url"": ""https://sloaneangelou.blog/journal/agbara-incantations-100-ways-to-address-a-god-in-igbo"", ""license"": ""unstated — cited academic use"", ""dialect_assigned_default"": false}"
"Okechi","praise_poetry","5","{""source"": ""Praise (online)"", ""genre"": ""praise_poetry"", ""language"": ""igbo"", ""subject"": ""deity/cosmic force"", ""praise_text"": ""Okechi"", ""meaning"": ""Mighty force | A great god."", ""origin"": ""sloaneangelou.blog (Oma's Garden) — https://sloaneangelou.blog/journal/agbara-incantations-100-ways-to-address-a-god-in-igbo"", ""source_url"": ""https://sloaneangelou.blog/journal/agbara-incantations-100-ways-to-address-a-god-in-igbo"", ""license"": ""unstated — cited academic use"", ""dialect_assigned_default"": false}"
"Oke mmiri n’ebu ogwe","praise_poetry","5","{""source"": ""Praise (online)"", ""genre"": ""praise_poetry"", ""language"": ""igbo"", ""subject"": ""deity/cosmic force"", ""praise_text"": ""Oke mmiri n’ebu ogwe"", ""meaning"": ""Great water that carries fearful storms | Mighty water that destroys anything that stands in its way."", ""origin"": ""sloaneangelou.blog (Oma's Garden) — https://sloaneangelou.blog/journal/agbara-incantations-100-ways-to-address-a-god-in-igbo"", ""source_url"": ""https://sloaneangelou.blog/journal/agbara-incantations-100-ways-to-address-a-god-in-igbo"", ""license"": ""unstated — cited academic use"", ""dialect_assigned_default"": false}"
"Oke osisi na-enye ndu","praise_poetry","5","{""source"": ""Praise (online)"", ""genre"": ""praise_poetry"", ""language"": ""igbo"", ""subject"": ""deity/cosmic force"", ""praise_text"": ""Oke osisi na-enye ndu"", ""meaning"": ""The great tree that gives life | The mighty tree that gives protection | The mighty tree of life."", ""origin"": ""sloaneangelou.blog (Oma's Garden) — https://sloaneangelou.blog/journal/agbara-incantations-100-ways-to-address-a-god-in-igbo"", ""source_url"": ""https://sloaneangelou.blog/journal/agbara-incantations-100-ways-to-address-a-god-in-igbo"", ""license"": ""unstated — cited academic use"", ""dialect_assigned_default"": false}"
"Oku n’ere ere","praise_poetry","5","{""source"": ""Praise (online)"", ""genre"": ""praise_poetry"", ""language"": ""igbo"", ""subject"": ""deity/cosmic force"", ""praise_text"": ""Oku n’ere ere"", ""meaning"": ""Consuming fire | Unquenchable fire."", ""origin"": ""sloaneangelou.blog (Oma's Garden) — https://sloaneangelou.blog/journal/agbara-incantations-100-ways-to-address-a-god-in-igbo"", ""source_url"": ""https://sloaneangelou.blog/journal/agbara-incantations-100-ways-to-address-a-god-in-igbo"", ""license"": ""unstated — cited academic use"", ""dialect_assigned_default"": false}"
"Oloro ihe loro enyi","praise_poetry","5","{""source"": ""Praise (online)"", ""genre"": ""praise_poetry"", ""language"": ""igbo"", ""subject"": ""deity/cosmic force"", ""praise_text"": ""Oloro ihe loro enyi"", ""meaning"": ""The one that swallows the thing that swallowed an elephant | A mighty force bigger than all things | A gigantic being."", ""origin"": ""sloaneangelou.blog (Oma's Garden) — https://sloaneangelou.blog/journal/agbara-incantations-100-ways-to-address-a-god-in-igbo"", ""source_url"": ""https://sloaneangelou.blog/journal/agbara-incantations-100-ways-to-address-a-god-in-igbo"", ""license"": ""unstated — cited academic use"", ""dialect_assigned_default"": false}"
"O kwusia o gwu","praise_poetry","5","{""source"": ""Praise (online)"", ""genre"": ""praise_poetry"", ""language"": ""igbo"", ""subject"": ""deity/cosmic force"", ""praise_text"": ""O kwusia o gwu"", ""meaning"": ""One who has the final say | The force that speaks and puts an end to all matters."", ""origin"": ""sloaneangelou.blog (Oma's Garden) — https://sloaneangelou.blog/journal/agbara-incantations-100-ways-to-address-a-god-in-igbo"", ""source_url"": ""https://sloaneangelou.blog/journal/agbara-incantations-100-ways-to-address-a-god-in-igbo"", ""license"": ""unstated — cited academic use"", ""dialect_assigned_default"": false}"
"Omemma","praise_poetry","5","{""source"": ""Praise (online)"", ""genre"": ""praise_poetry"", ""language"": ""igbo"", ""subject"": ""deity/cosmic force"", ""praise_text"": ""Omemma"", ""meaning"": ""One who does good | Bestower of blessings."", ""origin"": ""sloaneangelou.blog (Oma's Garden) — https://sloaneangelou.blog/journal/agbara-incantations-100-ways-to-address-a-god-in-igbo"", ""source_url"": ""https://sloaneangelou.blog/journal/agbara-incantations-100-ways-to-address-a-god-in-igbo"", ""license"": ""unstated — cited academic use"", ""dialect_assigned_default"": false}"
"Ome lo Ora","praise_poetry","5","{""source"": ""Praise (online)"", ""genre"": ""praise_poetry"", ""language"": ""igbo"", ""subject"": ""deity/cosmic force"", ""praise_text"": ""Ome lo Ora"", ""meaning"": ""One who does everything good for the community | A kindhearted caretaker."", ""origin"": ""sloaneangelou.blog (Oma's Garden) — https://sloaneangelou.blog/journal/agbara-incantations-100-ways-to-address-a-god-in-igbo"", ""source_url"": ""https://sloaneangelou.blog/journal/agbara-incantations-100-ways-to-address-a-god-in-igbo"", ""license"": ""unstated — cited academic use"", ""dialect_assigned_default"": false}"
"Ome Okachie","praise_poetry","5","{""source"": ""Praise (online)"", ""genre"": ""praise_poetry"", ""language"": ""igbo"", ""subject"": ""deity/cosmic force"", ""praise_text"": ""Ome Okachie"", ""meaning"": ""One who does and seals the thing they did with excellence | One who completes whatever they start | One who does something and does it with the maximum amount of force."", ""origin"": ""sloaneangelou.blog (Oma's Garden) — https://sloaneangelou.blog/journal/agbara-incantations-100-ways-to-address-a-god-in-igbo"", ""source_url"": ""https://sloaneangelou.blog/journal/agbara-incantations-100-ways-to-address-a-god-in-igbo"", ""license"": ""unstated — cited academic use"", ""dialect_assigned_default"": false}"
"Ome Udo","praise_poetry","5","{""source"": ""Praise (online)"", ""genre"": ""praise_poetry"", ""language"": ""igbo"", ""subject"": ""deity/cosmic force"", ""praise_text"": ""Ome Udo"", ""meaning"": ""The peacemaker | Bringer of peace."", ""origin"": ""sloaneangelou.blog (Oma's Garden) — https://sloaneangelou.blog/journal/agbara-incantations-100-ways-to-address-a-god-in-igbo"", ""source_url"": ""https://sloaneangelou.blog/journal/agbara-incantations-100-ways-to-address-a-god-in-igbo"", ""license"": ""unstated — cited academic use"", ""dialect_assigned_default"": false}"
"Oke/Nnukwu mmanwu n’eti onwe ya","praise_poetry","5","{""source"": ""Praise (online)"", ""genre"": ""praise_poetry"", ""language"": ""igbo"", ""subject"": ""deity/cosmic force"", ""praise_text"": ""Oke/Nnukwu mmanwu n’eti onwe ya"", ""meaning"": ""The masquerade that flaunt itself | A masquerade that moves on its own or functions alone."", ""origin"": ""sloaneangelou.blog (Oma's Garden) — https://sloaneangelou.blog/journal/agbara-incantations-100-ways-to-address-a-god-in-igbo"", ""source_url"": ""https://sloaneangelou.blog/journal/agbara-incantations-100-ways-to-address-a-god-in-igbo"", ""license"": ""unstated — cited academic use"", ""dialect_assigned_default"": false}"
"Oshimmiri (Atata)","praise_poetry","5","{""source"": ""Praise (online)"", ""genre"": ""praise_poetry"", ""language"": ""igbo"", ""subject"": ""deity/cosmic force"", ""praise_text"": ""Oshimmiri (Atata)"", ""meaning"": ""Mighty waters | The river that never runs dry | Bottomless sea."", ""origin"": ""sloaneangelou.blog (Oma's Garden) — https://sloaneangelou.blog/journal/agbara-incantations-100-ways-to-address-a-god-in-igbo"", ""source_url"": ""https://sloaneangelou.blog/journal/agbara-incantations-100-ways-to-address-a-god-in-igbo"", ""license"": ""unstated — cited academic use"", ""dialect_assigned_default"": false}"
"Osu ofia ukwu","praise_poetry","5","{""source"": ""Praise (online)"", ""genre"": ""praise_poetry"", ""language"": ""igbo"", ""subject"": ""deity/cosmic force"", ""praise_text"": ""Osu ofia ukwu"", ""meaning"": ""The one who clears a mighty forest | The force who mysteriously solves problems."", ""origin"": ""sloaneangelou.blog (Oma's Garden) — https://sloaneangelou.blog/journal/agbara-incantations-100-ways-to-address-a-god-in-igbo"", ""source_url"": ""https://sloaneangelou.blog/journal/agbara-incantations-100-ways-to-address-a-god-in-igbo"", ""license"": ""unstated — cited academic use"", ""dialect_assigned_default"": false}"
"Otu aka n’eru mba","praise_poetry","5","{""source"": ""Praise (online)"", ""genre"": ""praise_poetry"", ""language"": ""igbo"", ""subject"": ""deity/cosmic force"", ""praise_text"": ""Otu aka n’eru mba"", ""meaning"": ""The hand that sustains a people or community | The hand that reaches the whole earth | The hand that provides for everyone."", ""origin"": ""sloaneangelou.blog (Oma's Garden) — https://sloaneangelou.blog/journal/agbara-incantations-100-ways-to-address-a-god-in-igbo"", ""source_url"": ""https://sloaneangelou.blog/journal/agbara-incantations-100-ways-to-address-a-god-in-igbo"", ""license"": ""unstated — cited academic use"", ""dialect_assigned_default"": false}"
"Ugwu nyiri onye oso","praise_poetry","5","{""source"": ""Praise (online)"", ""genre"": ""praise_poetry"", ""language"": ""igbo"", ""subject"": ""deity/cosmic force"", ""praise_text"": ""Ugwu nyiri onye oso"", ""meaning"": ""The moutain that cannot be climbed."", ""origin"": ""sloaneangelou.blog (Oma's Garden) — https://sloaneangelou.blog/journal/agbara-incantations-100-ways-to-address-a-god-in-igbo"", ""source_url"": ""https://sloaneangelou.blog/journal/agbara-incantations-100-ways-to-address-a-god-in-igbo"", ""license"": ""unstated — cited academic use"", ""dialect_assigned_default"": false}"
"Ugwu ana ria atu egwu","praise_poetry","5","{""source"": ""Praise (online)"", ""genre"": ""praise_poetry"", ""language"": ""igbo"", ""subject"": ""deity/cosmic force"", ""praise_text"": ""Ugwu ana ria atu egwu"", ""meaning"": ""The mountain that when your climbing it, you become afraid | A terrible force."", ""origin"": ""sloaneangelou.blog (Oma's Garden) — https://sloaneangelou.blog/journal/agbara-incantations-100-ways-to-address-a-god-in-igbo"", ""source_url"": ""https://sloaneangelou.blog/journal/agbara-incantations-100-ways-to-address-a-god-in-igbo"", ""license"": ""unstated — cited academic use"", ""dialect_assigned_default"": false}"
"Uta gbawara uli","praise_poetry","5","{""source"": ""Praise (online)"", ""genre"": ""praise_poetry"", ""language"": ""igbo"", ""subject"": ""deity/cosmic force"", ""praise_text"": ""Uta gbawara uli"", ""meaning"": ""The arrow that can break the tomb or grave."", ""origin"": ""sloaneangelou.blog (Oma's Garden) — https://sloaneangelou.blog/journal/agbara-incantations-100-ways-to-address-a-god-in-igbo"", ""source_url"": ""https://sloaneangelou.blog/journal/agbara-incantations-100-ways-to-address-a-god-in-igbo"", ""license"": ""unstated — cited academic use"", ""dialect_assigned_default"": false}"
"Abubakar (novel hero)","praise_poetry","8","{""source"": ""Praise (online)"", ""genre"": ""praise_poetry"", ""language"": ""hausa"", ""subject"": ""Abubakar (novel hero)"", ""praise_text"": ""Kowa ya ja da ni ya fadi"", ""meaning"": ""Whoever challenges me will certainly lose."", ""origin"": ""Mode 2015 (IJHSSI) — https://www.ijhssi.org/papers/v4(10)/D04101018024.pdf"", ""source_url"": ""https://www.ijhssi.org/papers/v4(10)/D04101018024.pdf"", ""license"": ""unstated — cited academic use"", ""dialect_assigned_default"": false}"
"Zakari","praise_poetry","8","{""source"": ""Praise (online)"", ""genre"": ""praise_poetry"", ""language"": ""hausa"", ""subject"": ""Zakari"", ""praise_text"": ""(Zakari) Tausayinka – da sauki"", ""meaning"": ""(Zakari) the sorrow in your heart is little"", ""origin"": ""Mode 2015 (IJHSSI) — https://www.ijhssi.org/papers/v4(10)/D04101018024.pdf"", ""source_url"": ""https://www.ijhssi.org/papers/v4(10)/D04101018024.pdf"", ""license"": ""unstated — cited academic use"", ""dialect_assigned_default"": false}"
"Zakari","praise_poetry","8","{""source"": ""Praise (online)"", ""genre"": ""praise_poetry"", ""language"": ""hausa"", ""subject"": ""Zakari"", ""praise_text"": ""Mugunta ita ce hali na, wanda kuma ya yi nufin yin ta shi ne aboki na"", ""meaning"": ""Wickedness is my hobby, whoever intends doing it is my friend"", ""origin"": ""Mode 2015 (IJHSSI) — https://www.ijhssi.org/papers/v4(10)/D04101018024.pdf"", ""source_url"": ""https://www.ijhssi.org/papers/v4(10)/D04101018024.pdf"", ""license"": ""unstated — cited academic use"", ""dialect_assigned_default"": false}"
"Koje","praise_poetry","8","{""source"": ""Praise (online)"", ""genre"": ""praise_poetry"", ""language"": ""hausa"", ""subject"": ""Koje"", ""praise_text"": ""Koje Sarkin labari"", ""meaning"": ""Koje the king of tales"", ""origin"": ""Mode 2015 (IJHSSI) — https://www.ijhssi.org/papers/v4(10)/D04101018024.pdf"", ""source_url"": ""https://www.ijhssi.org/papers/v4(10)/D04101018024.pdf"", ""license"": ""unstated — cited academic use"", ""dialect_assigned_default"": false}"
"Koje","praise_poetry","8","{""source"": ""Praise (online)"", ""genre"": ""praise_poetry"", ""language"": ""hausa"", ""subject"": ""Koje"", ""praise_text"": ""Ni ne Sarkin labari"", ""meaning"": ""I am the king of tales"", ""origin"": ""Mode 2015 (IJHSSI) — https://www.ijhssi.org/papers/v4(10)/D04101018024.pdf"", ""source_url"": ""https://www.ijhssi.org/papers/v4(10)/D04101018024.pdf"", ""license"": ""unstated — cited academic use"", ""dialect_assigned_default"": false}"
"Malam Alhaji Imam","praise_poetry","8","{""source"": ""Praise (online)"", ""genre"": ""praise_poetry"", ""language"": ""hausa"", ""subject"": ""Malam Alhaji Imam"", ""praise_text"": ""Malam Alhaji Imam, malami uban malamai!"", ""meaning"": ""Malam Alhaji Imam, the leader of all scholars."", ""origin"": ""Mode 2015 (IJHSSI) — https://www.ijhssi.org/papers/v4(10)/D04101018024.pdf"", ""source_url"": ""https://www.ijhssi.org/papers/v4(10)/D04101018024.pdf"", ""license"": ""unstated — cited academic use"", ""dialect_assigned_default"": false}"
"Malam Alhaji Imam","praise_poetry","8","{""source"": ""Praise (online)"", ""genre"": ""praise_poetry"", ""language"": ""hausa"", ""subject"": ""Malam Alhaji Imam"", ""praise_text"": ""Rika mini nan, malami uban malamai"", ""meaning"": ""Hold on! Teacher of all scholars"", ""origin"": ""Mode 2015 (IJHSSI) — https://www.ijhssi.org/papers/v4(10)/D04101018024.pdf"", ""source_url"": ""https://www.ijhssi.org/papers/v4(10)/D04101018024.pdf"", ""license"": ""unstated — cited academic use"", ""dialect_assigned_default"": false}"
"Malam Alhaji Imam","praise_poetry","8","{""source"": ""Praise (online)"", ""genre"": ""praise_poetry"", ""language"": ""hausa"", ""subject"": ""Malam Alhaji Imam"", ""praise_text"": ""Hakanan ne, Malam! Hakanan ne malamin malamai"", ""meaning"": ""That is it! That is it leader of all scholars"", ""origin"": ""Mode 2015 (IJHSSI) — https://www.ijhssi.org/papers/v4(10)/D04101018024.pdf"", ""source_url"": ""https://www.ijhssi.org/papers/v4(10)/D04101018024.pdf"", ""license"": ""unstated — cited academic use"", ""dialect_assigned_default"": false}"
"Zurke dan Muhamman","praise_poetry","8","{""source"": ""Praise (online)"", ""genre"": ""praise_poetry"", ""language"": ""hausa"", ""subject"": ""Zurke dan Muhamman"", ""praise_text"": ""Zurke dan Muhamman! (p. 13)"", ""meaning"": ""Zurke son of Mamman!"", ""origin"": ""Mode 2015 (IJHSSI) — https://www.ijhssi.org/papers/v4(10)/D04101018024.pdf"", ""source_url"": ""https://www.ijhssi.org/papers/v4(10)/D04101018024.pdf"", ""license"": ""unstated — cited academic use"", ""dialect_assigned_default"": false}"
"Shehu","praise_poetry","8","{""source"": ""Praise (online)"", ""genre"": ""praise_poetry"", ""language"": ""hausa"", ""subject"": ""Shehu"", ""praise_text"": ""Himma dai dan Shehu!"", ""meaning"": ""Go on son of Shehu"", ""origin"": ""Mode 2015 (IJHSSI) — https://www.ijhssi.org/papers/v4(10)/D04101018024.pdf"", ""source_url"": ""https://www.ijhssi.org/papers/v4(10)/D04101018024.pdf"", ""license"": ""unstated — cited academic use"", ""dialect_assigned_default"": false}"
"Zandaro","praise_poetry","8","{""source"": ""Praise (online)"", ""genre"": ""praise_poetry"", ""language"": ""hausa"", ""subject"": ""Zandaro"", ""praise_text"": ""Zandaro dan Zotori"", ""meaning"": ""Zandoro (onomatopoeic name for his height ’70 feet’) son of Zotoro"", ""origin"": ""Mode 2015 (IJHSSI) — https://www.ijhssi.org/papers/v4(10)/D04101018024.pdf"", ""source_url"": ""https://www.ijhssi.org/papers/v4(10)/D04101018024.pdf"", ""license"": ""unstated — cited academic use"", ""dialect_assigned_default"": false}"
"Zandaro","praise_poetry","8","{""source"": ""Praise (online)"", ""genre"": ""praise_poetry"", ""language"": ""hausa"", ""subject"": ""Zandaro"", ""praise_text"": ""Zandoro dan zotori, Sarkin tsawon ‘yan Adam"", ""meaning"": ""Zandaro, son of Zotori, the king of the tall ones"", ""origin"": ""Mode 2015 (IJHSSI) — https://www.ijhssi.org/papers/v4(10)/D04101018024.pdf"", ""source_url"": ""https://www.ijhssi.org/papers/v4(10)/D04101018024.pdf"", ""license"": ""unstated — cited academic use"", ""dialect_assigned_default"": false}"
"Malam Iro","praise_poetry","8","{""source"": ""Praise (online)"", ""genre"": ""praise_poetry"", ""language"": ""hausa"", ""subject"": ""Malam Iro"", ""praise_text"": ""(Daula) Na Malam Iro masu kwana salla! (P. 28)"", ""meaning"": ""(Daula) of Mister Iro, one that prays all night long."", ""origin"": ""Mode 2015 (IJHSSI) — https://www.ijhssi.org/papers/v4(10)/D04101018024.pdf"", ""source_url"": ""https://www.ijhssi.org/papers/v4(10)/D04101018024.pdf"", ""license"": ""unstated — cited academic use"", ""dialect_assigned_default"": false}"
"Da'u (self-praise)","praise_poetry","8","{""source"": ""Praise (online)"", ""genre"": ""praise_poetry"", ""language"": ""hausa"", ""subject"": ""Da'u (self-praise)"", ""praise_text"": ""Ni ne Bakin Duhu daidai yaro cimakar ka kulki ko gora"", ""meaning"": ""I am the black darkness fit for everyone, I do with both smaller and bigger sticks"", ""origin"": ""Mode 2015 (IJHSSI) — https://www.ijhssi.org/papers/v4(10)/D04101018024.pdf"", ""source_url"": ""https://www.ijhssi.org/papers/v4(10)/D04101018024.pdf"", ""license"": ""unstated — cited academic use"", ""dialect_assigned_default"": false}"
"Sambo","praise_poetry","8","{""source"": ""Praise (online)"", ""genre"": ""praise_poetry"", ""language"": ""hausa"", ""subject"": ""Sambo"", ""praise_text"": ""Ai ni ne Sambo Bakin Duhu"", ""meaning"": ""I am Sambo, black darkness"", ""origin"": ""Mode 2015 (IJHSSI) — https://www.ijhssi.org/papers/v4(10)/D04101018024.pdf"", ""source_url"": ""https://www.ijhssi.org/papers/v4(10)/D04101018024.pdf"", ""license"": ""unstated — cited academic use"", ""dialect_assigned_default"": false}"
"Da'u (self-praise)","praise_poetry","8","{""source"": ""Praise (online)"", ""genre"": ""praise_poetry"", ""language"": ""hausa"", ""subject"": ""Da'u (self-praise)"", ""praise_text"": ""Ni ne Da’u fataken Dare, da rana ni ke barci. Mai nema na a daji, cikin dakinsa ina kwana. Mai sona gabasa, ya same ni a yamma Na zo na yi abin da na yi zan tafi"", ""meaning"": ""I am Da’u the night mer chant; I sleep only in the day time. Whoever looks for me in the forest (can) find me sleeping in his room. He, who wants to find me in the East, will only find me in the West. I came and did what I would and left."", ""origin"": ""Mode 2015 (IJHSSI) — https://www.ijhssi.org/papers/v4(10)/D04101018024.pdf"", ""source_url"": ""https://www.ijhssi.org/papers/v4(10)/D04101018024.pdf"", ""license"": ""unstated — cited academic use"", ""dialect_assigned_default"": false}"
"Ya'u","praise_poetry","8","{""source"": ""Praise (online)"", ""genre"": ""praise_poetry"", ""language"": ""hausa"", ""subject"": ""Ya'u"", ""praise_text"": ""Ya’u Jirgin sama"", ""meaning"": ""Ya’u the aeroplane (for his speed)"", ""origin"": ""Mode 2015 (IJHSSI) — https://www.ijhssi.org/papers/v4(10)/D04101018024.pdf"", ""source_url"": ""https://www.ijhssi.org/papers/v4(10)/D04101018024.pdf"", ""license"": ""unstated — cited academic use"", ""dialect_assigned_default"": false}"
"Musa (Da'u's boy)","praise_poetry","8","{""source"": ""Praise (online)"", ""genre"": ""praise_poetry"", ""language"": ""hausa"", ""subject"": ""Musa (Da'u's boy)"", ""praise_text"": ""“Ni ne Musa yaron Da’u “Abokin Ya’u Yaron Da’u Mai so ya bi shararra “Sai ya zo da kudi hannu “Sule biyu na Da’u “Sule Sule na yaran Da’u “In babu kudi, kyauro kwanta a kwarin baya."", ""meaning"": ""I am Musa Da’u’s boy Ya’u’s friend, Da’u’s boy Whoever wants to travels by road safely Should come with money at hand Two shillings for Da’u One shilling each for Da’u’s boys If you have no money then take another road (for you safety)"", ""origin"": ""Mode 2015 (IJHSSI) — https://www.ijhssi.org/papers/v4(10)/D04101018024.pdf"", ""source_url"": ""https://www.ijhssi.org/papers/v4(10)/D04101018024.pdf"", ""license"": ""unstated — cited academic use"", ""dialect_assigned_default"": false}"
"Iliya","praise_poetry","8","{""source"": ""Praise (online)"", ""genre"": ""praise_poetry"", ""language"": ""hausa"", ""subject"": ""Iliya"", ""praise_text"": ""Iliya dan mai karfi (p. 19)"", ""meaning"": ""Iliya, son of the strong one."", ""origin"": ""Mode 2015 (IJHSSI) — https://www.ijhssi.org/papers/v4(10)/D04101018024.pdf"", ""source_url"": ""https://www.ijhssi.org/papers/v4(10)/D04101018024.pdf"", ""license"": ""unstated — cited academic use"", ""dialect_assigned_default"": false}"
"Kwalele (Iliya's horse)","praise_poetry","8","{""source"": ""Praise (online)"", ""genre"": ""praise_poetry"", ""language"": ""hausa"", ""subject"": ""Kwalele (Iliya's horse)"", ""praise_text"": ""Kwalele dokin Iliya, Kwalele dokin Yaki, Ba ni saishe ka, ba ni kuwa bada aron ka."", ""meaning"": ""Kwalele Iliya’s horse, Kwalele, the Battle horse I will neither sell you, nor will I lend you out."", ""origin"": ""Mode 2015 (IJHSSI) — https://www.ijhssi.org/papers/v4(10)/D04101018024.pdf"", ""source_url"": ""https://www.ijhssi.org/papers/v4(10)/D04101018024.pdf"", ""license"": ""unstated — cited academic use"", ""dialect_assigned_default"": false}"
"Iliya","praise_poetry","8","{""source"": ""Praise (online)"", ""genre"": ""praise_poetry"", ""language"": ""hausa"", ""subject"": ""Iliya"", ""praise_text"": ""(Iliya) Tsoho mai daka wa yaro kashi"", ""meaning"": ""(Iliya) the old one that beats up a young man"", ""origin"": ""Mode 2015 (IJHSSI) — https://www.ijhssi.org/papers/v4(10)/D04101018024.pdf"", ""source_url"": ""https://www.ijhssi.org/papers/v4(10)/D04101018024.pdf"", ""license"": ""unstated — cited academic use"", ""dialect_assigned_default"": false}"
"Iliya (Baban Falalu)","praise_poetry","8","{""source"": ""Praise (online)"", ""genre"": ""praise_poetry"", ""language"": ""hausa"", ""subject"": ""Iliya (Baban Falalu)"", ""praise_text"": ""Bugu mai kashe kura! Baban Falalu sai dubu ta taru"", ""meaning"": ""Extreme beating is what kills a hyena! Father of Falalu only many can challenge you"", ""origin"": ""Mode 2015 (IJHSSI) — https://www.ijhssi.org/papers/v4(10)/D04101018024.pdf"", ""source_url"": ""https://www.ijhssi.org/papers/v4(10)/D04101018024.pdf"", ""license"": ""unstated — cited academic use"", ""dialect_assigned_default"": false}"
"Iliya (elders)","praise_poetry","8","{""source"": ""Praise (online)"", ""genre"": ""praise_poetry"", ""language"": ""hausa"", ""subject"": ""Iliya (elders)"", ""praise_text"": ""Manya maganin karakar kasa!"", ""meaning"": ""Elders, the cure to the earth resistance"", ""origin"": ""Mode 2015 (IJHSSI) — https://www.ijhssi.org/papers/v4(10)/D04101018024.pdf"", ""source_url"": ""https://www.ijhssi.org/papers/v4(10)/D04101018024.pdf"", ""license"": ""unstated — cited academic use"", ""dialect_assigned_default"": false}"
"Iliya","praise_poetry","8","{""source"": ""Praise (online)"", ""genre"": ""praise_poetry"", ""language"": ""hausa"", ""subject"": ""Iliya"", ""praise_text"": ""Mutum daya tamkar dubu"", ""meaning"": ""One man who is equal to a thousand men!"", ""origin"": ""Mode 2015 (IJHSSI) — https://www.ijhssi.org/papers/v4(10)/D04101018024.pdf"", ""source_url"": ""https://www.ijhssi.org/papers/v4(10)/D04101018024.pdf"", ""license"": ""unstated — cited academic use"", ""dialect_assigned_default"": false}"
"Sani (driver)","praise_poetry","8","{""source"": ""Praise (online)"", ""genre"": ""praise_poetry"", ""language"": ""hausa"", ""subject"": ""Sani (driver)"", ""praise_text"": ""Na Ladi baban mota Kasasn mota Mota ta sanka"", ""meaning"": ""One betrothed to Ladi, father of the motor You know the motor The motor knows you"", ""origin"": ""Mode 2015 (IJHSSI) — https://www.ijhssi.org/papers/v4(10)/D04101018024.pdf"", ""source_url"": ""https://www.ijhssi.org/papers/v4(10)/D04101018024.pdf"", ""license"": ""unstated — cited academic use"", ""dialect_assigned_default"": false}"
"Sambo","praise_poetry","8","{""source"": ""Praise (online)"", ""genre"": ""praise_poetry"", ""language"": ""hausa"", ""subject"": ""Sambo"", ""praise_text"": ""(Sambo) Zakara mai neman suna bada kwaya ka ci tsakuwa"", ""meaning"": ""(Sambo) The Cock, one after popularity, gives grains and takes stones."", ""origin"": ""Mode 2015 (IJHSSI) — https://www.ijhssi.org/papers/v4(10)/D04101018024.pdf"", ""source_url"": ""https://www.ijhssi.org/papers/v4(10)/D04101018024.pdf"", ""license"": ""unstated — cited academic use"", ""dialect_assigned_default"": false}"
"Munka'ila","praise_poetry","8","{""source"": ""Praise (online)"", ""genre"": ""praise_poetry"", ""language"": ""hausa"", ""subject"": ""Munka'ila"", ""praise_text"": ""Munka’ila mushen gizaka ka mutu kana bai wa yara tsoro"", ""meaning"": ""Munka’ila, tha dead caterpillar that frightens the children"", ""origin"": ""Mode 2015 (IJHSSI) — https://www.ijhssi.org/papers/v4(10)/D04101018024.pdf"", ""source_url"": ""https://www.ijhssi.org/papers/v4(10)/D04101018024.pdf"", ""license"": ""unstated — cited academic use"", ""dialect_assigned_default"": false}"
"Hafsi / first wife","praise_poetry","8","{""source"": ""Praise (online)"", ""genre"": ""praise_poetry"", ""language"": ""hausa"", ""subject"": ""Hafsi / first wife"", ""praise_text"": ""Uwargida sarautar mata"", ""meaning"": ""First wife’s position is (like) chieftaincy title to women"", ""origin"": ""Mode 2015 (IJHSSI) — https://www.ijhssi.org/papers/v4(10)/D04101018024.pdf"", ""source_url"": ""https://www.ijhssi.org/papers/v4(10)/D04101018024.pdf"", ""license"": ""unstated — cited academic use"", ""dialect_assigned_default"": false}"
"general (crockery business)","praise_poetry","8","{""source"": ""Praise (online)"", ""genre"": ""praise_poetry"", ""language"": ""hausa"", ""subject"": ""general (crockery business)"", ""praise_text"": ""Tangaran ‘sayen mai kasada"", ""meaning"": ""Crockery business is risk taking"", ""origin"": ""Mode 2015 (IJHSSI) — https://www.ijhssi.org/papers/v4(10)/D04101018024.pdf"", ""source_url"": ""https://www.ijhssi.org/papers/v4(10)/D04101018024.pdf"", ""license"": ""unstated — cited academic use"", ""dialect_assigned_default"": false}"
"general (bullet remedy)","praise_poetry","8","{""source"": ""Praise (online)"", ""genre"": ""praise_poetry"", ""language"": ""hausa"", ""subject"": ""general (bullet remedy)"", ""praise_text"": ""‘Harsashi’ maganin mai kwanto"", ""meaning"": ""Bullet is the remedy for those that lie down (when it is shot)"", ""origin"": ""Mode 2015 (IJHSSI) — https://www.ijhssi.org/papers/v4(10)/D04101018024.pdf"", ""source_url"": ""https://www.ijhssi.org/papers/v4(10)/D04101018024.pdf"", ""license"": ""unstated — cited academic use"", ""dialect_assigned_default"": false}"
"general (title epithet, novel)","praise_poetry","8","{""source"": ""Praise (online)"", ""genre"": ""praise_poetry"", ""language"": ""hausa"", ""subject"": ""general (title epithet, novel)"", ""praise_text"": ""Kitsen Rogo marmari daga nesa"", ""meaning"": ""Cassava fat, longing from the far"", ""origin"": ""Mode 2015 (IJHSSI) — https://www.ijhssi.org/papers/v4(10)/D04101018024.pdf"", ""source_url"": ""https://www.ijhssi.org/papers/v4(10)/D04101018024.pdf"", ""license"": ""unstated — cited academic use"", ""dialect_assigned_default"": false}"
"general (title epithet, novel)","praise_poetry","8","{""source"": ""Praise (online)"", ""genre"": ""praise_poetry"", ""language"": ""hausa"", ""subject"": ""general (title epithet, novel)"", ""praise_text"": ""Tauren kiyashi dauki abin day a fi ka"", ""meaning"": ""The matured ant, take what is heavier than you"", ""origin"": ""Mode 2015 (IJHSSI) — https://www.ijhssi.org/papers/v4(10)/D04101018024.pdf"", ""source_url"": ""https://www.ijhssi.org/papers/v4(10)/D04101018024.pdf"", ""license"": ""unstated — cited academic use"", ""dialect_assigned_default"": false}"
"Usman","praise_poetry","8","{""source"": ""Praise (online)"", ""genre"": ""praise_poetry"", ""language"": ""hausa"", ""subject"": ""Usman"", ""praise_text"": ""Sangwamin tama Usman"", ""meaning"": ""Usman, the iron – ore staff"", ""origin"": ""Mode 2015 (IJHSSI) — https://www.ijhssi.org/papers/v4(10)/D04101018024.pdf"", ""source_url"": ""https://www.ijhssi.org/papers/v4(10)/D04101018024.pdf"", ""license"": ""unstated — cited academic use"", ""dialect_assigned_default"": false}"
"Garanhotsami","praise_poetry","8","{""source"": ""Praise (online)"", ""genre"": ""praise_poetry"", ""language"": ""hausa"", ""subject"": ""Garanhotsami"", ""praise_text"": ""Garanhotsami mugun babba, ana rabo yana cin gaya"", ""meaning"": ""Garanhotsami the wicked one; while food is being served he eats without stew."", ""origin"": ""Mode 2015 (IJHSSI) — https://www.ijhssi.org/papers/v4(10)/D04101018024.pdf"", ""source_url"": ""https://www.ijhssi.org/papers/v4(10)/D04101018024.pdf"", ""license"": ""unstated — cited academic use"", ""dialect_assigned_default"": false}"
"Na-Ahmadu Kwabre (hunter, self-praise)","praise_poetry","8","{""source"": ""Praise (online)"", ""genre"": ""praise_poetry"", ""language"": ""hausa"", ""subject"": ""Na-Ahmadu Kwabre (hunter, self-praise)"", ""praise_text"": ""Cizgau nike bata karawwa […]\nSayi bakin karhe\nNi ar Na-Ahmadu Kwabre […]\nNi ar karen gudun ruwan dan gitta […]\nNine garo dame farauta\nKukkui nike, kuka mai gari ya hwadi\nSakandimi nike sai mai burat […]\nNi ar Kura kanuri karen […]\nNi ar gagara daku magajin Musa […]"", ""meaning"": ""I am the stretch that never gets yanked to its furthest limit […]\nI am Sayi the black iron\nI am the battle axe that the dog flees from […]\nI am garo that disrupts hunting\nI am the dog that barks when the district head falls\nI am the metal hefted axe worthy of only the brave […]\nI am the precarious and ferocious hyena […]\nI am the unconquerable descendant of Musa."", ""origin"": ""Oumarou 2018 (SCIRP) — https://www.scirp.org/html/2-2820288_85962.htm"", ""source_url"": ""https://www.scirp.org/html/2-2820288_85962.htm"", ""license"": ""CC BY"", ""dialect_assigned_default"": false}"
"Na-Ahmadu Kwabre (hunter, self-praise of family)","praise_poetry","8","{""source"": ""Praise (online)"", ""genre"": ""praise_poetry"", ""language"": ""hausa"", ""subject"": ""Na-Ahmadu Kwabre (hunter, self-praise of family)"", ""praise_text"": ""Na Manu da Mani […]\nNi ar ba mamaki kanen Dan Iya […]\nNi ar mai gudun gudu\nUba na Hayatu dan-tauri da yacci Maradi\nNi ar kahurin kare dan Hima\nNi ar gagara daku magajin Mani\nNi ar mai gudun gudu uba na Hayatu\nMai cigiyar hwada uban yan-tauri\nAr na wacci Maradi […]\nNi ar gagara daku magajin Mani […]\nNi ar Na-Ahmadu Kwabre\nNi ar ba mamaki kanen Dan Iya […]\nKuma ni ar kura kahurin kare na malan Mamman\nKuma ni ar kura kahurin kare mijin Hanna mai ban tsoro"", ""meaning"": ""Brother of Manu and Mani […]\nI am the most incredible Dan Iya’s brother […]\nI am the one who doesn’t stand down\nThe father to Hayatu dan-tauri who conquered Maradi […]\nI am the undefeatable heir of Mani […]\nI am the one who doesn’t turn his back, the father of Hayatu\nOne that seeks and pays for a fight, the father of ‘yan-tauri\nI am the fiercest who conquered Maradi […]\nI am the insuperable descendent of Mani […]\nI am Na-Ahmadu Kwabre\nThe most astounding brother of Dan Iya […]\nAnd I am the hazardous and violent hyena, a relative to Malan Mamman\nAnd I am the deadliest and furious hyena, the husband to the dreadful Hanna"", ""origin"": ""Oumarou 2018 (SCIRP) — https://www.scirp.org/html/2-2820288_85962.htm"", ""source_url"": ""https://www.scirp.org/html/2-2820288_85962.htm"", ""license"": ""CC BY"", ""dialect_assigned_default"": false}"
"Alhaji Mamman Shata Katsina (praise singer, Bakandamiya)","praise_poetry","8","{""source"": ""Praise (online)"", ""genre"": ""praise_poetry"", ""language"": ""hausa"", ""subject"": ""Alhaji Mamman Shata Katsina (praise singer, Bakandamiya)"", ""praise_text"": ""Alo, alo, mai ganga ya gode,\nYaran mai ganga sun gode,\nNa kama Bakandamiya,\nNa ɗauki abin de na dama ya dame ni.\nAlo, alo, mai ganga ya gode,\nYaran mai ganga sun gode.\nNi fa ba abin da ya daman sai gangan nan,\nAlo, alo, mai ganga ya gode,\nYaran mai ganga sun gode.\nTausa a hankali, taho kadan kadan,\nKo dan kidan ku kai gado ni ban gada ba.\nRoko shigar shi nai,\nAi na shige shi duk na gagari ya yan gado,\nAlo, alo, mai ganga ya gode,\nYaran mai ganga sun gode.\nYanzu ma kamar mu ake so,\nAn ko ka sa.\nAlo, alo, mai ganga ya gode,\nYaran mai ganga sun gode.\nAmma ba rabo da gwani ba,\nKafin a maida gwani shi a mai ciwo.\nMai tumaki mai Jaki,\nMai tumaki mai Jaki,\nKanon Dabo Birni mai mata mai mota.\nAlo, alo, mai ganga ya gode,\nYaran mai ganga sun gode.\nCinjimin gari mai Dala da Gwabron Dutse\nCinjimin gari mai Dala da Gwabron Dutse\nAlo, alo, mai ganga ya gode,\nYaran mai ganga sun gode.\nKai sai da na cewa mutanen Birnin,\nNa shedawa mutanen kauye,\nNa ce roko ba gado nai ba,\nBabu gadon ina, bare Modibo,\nGadon ba na uwarka ba,\nKana ba na uban ka ba,\nIdan ka san dari da Kwabo Alhamdullahi\nIn dai ka san dari da Kwabo Alhamdullahi\nAlo, alo, mai ganga ya gode,\nYaran mai ganga sun gode.\nNan wata rana Kano a birnin Dabo,\nA’a an taba zama Birnin Dabo,\nA zamanin Sanusi Mamman,\nBurhan na Habu dan Abdu.\nSai na hada kayana na tashi,\nSai na koma Birnin Dikko,\nA Kastinanmu mu Birnin Shehu.\nSai na ji maroka na wata murna,\nShegen nan Shata ya tashi,\nSegen nan Shata ya tashi,\nTo, tunda ya tashi a Birnin Dabo,\nWannan da ya yi assar birni,\nKu je na ji na yi assar birni,\nAi, ku kuma kun yi asarar waka\nAlo, alo, mai ganga ya gode,\nYaran mai ganga sun gode.\nKai na yi wata shiga sai na komo,\nNa tafi na yi wata shiga sai na komo,\nRan juma’a ana bikin ‘yan sarki,\nSai nazo bisa Yar mota ta,\nSai ko na rabe na aje yar mota ta,\nNa rufe kaina na zo kallo.\nNi ishe diyan sarki an zauna,\nGa barwan sarki an zauna,\nGa bayin sarki an zauna,\nSamari yan birni an zauna,\nGa matan birni kan benci\nNi ko na rufe kaina na zo kallo,\nNa mami yan Sarki anai masu Garaya tan fal yan Babule\nAlo, alo, mai ganga ya gode,\nYaran mai ganga sun gode.\nDa ga can na fito sarari,\nNace musu kun ga rashin Shata mai waka\nDan ba rabo da gwani ba,\nKafin a maida gwani shi a mai ciwo\nKo da goro akwai marsa,\nKo da a cikin mawaka akwai su,\nNi ke shuri dare guda yaka girma.\nAllah ya yarda, har yau,\nNi ke yi, ku ko baku samo canji na ba,\nBare in zauna, wai har in ce zan huta,\nIn dai samu in sarara,\nWane hutu Shata, ai kai ne.\nIdan na fara Bakandamiya\nJi nake kamar Malami gwanin tafsiri,\nMalam amma fa gwani,\nYaja baki ya fasa ba tare da jin tsoro ba.\nDon ba’a gwaninta da tsoro Malam,\nMai tsoro ba shi gwaninta,\nKowa ne, ko kuma dan wa.\nAlo, alo, mai ganga ya gode,\nYaran mai ganga sun gode.\nRan nan ana bikin yan sarki\nSanusi ya tara marokan birni,\nYa kuma tara marokan kauye,\nDuk mun hallara kofar fada\nRanar da na mike, na yi kirari,\nAlhaji mun gode wa Allah,\nMun gode wa Rasullahi,\nRanar da na hana Hamisu,\nNa kwabi caji, na dangware Dabalo, ya daina\nNa kyale banja da kukuma, wargin yara ne,\nSuci abinci, Sannan, su sa shakwara,\nSu yi jampa,\nSu sami kudi su yi auren zamani.\nAlo, alo, mai ganga ya gode,\nYaran mai ganga sun gode.\nRan nan ga inda giwa ta tashi,\nGa mai kare yana kallon ta,\nYai tsaye ba jin kirari nai ba,\nA nan na ga yai tsaye ban ji kirari nai ba,\nAlo, alo, mai ganga ya gode,\nYaran mai ganga sun gode."", ""meaning"": ""“Alo”, “Alo”, the singer expresses his gratitude\nand so [do] the chorus.\nI started Bakandamiya and embraced the thing\nthat interests me most [Shata].\n“Alo”, “Alo”, the singer expresses his gratitude\nand so [do] the chorus [chorus].\nAs for me nothing interests me except my singing,\nBeat your drum carefully,\nPlay slowly and carefully,\nFor drumming is your inheritance but not mine [Shata].\nI started singing as a hobby,\nCertainly I started it as a hobby and outshined the professionals;\nNow it is my match they search for and have woefully failed,\n“Alo”, “Alo”, the singer expresses his gratitude and so [do] the chorus.\nIt is not parting with a hero that is painful,\nBut filling the gap that he created.\nThe city of sheep and donkeys\nThe city of sheep and donkeys,\nKano the city of Dabo, of beautiful women and cars,\nThe great ancient city of Bagauda has no equal.\nKano the huge city with Dala and Gwabron Dutse.\nLet everybody know that Dala and Gwabron Dutse housed Tsunburbura,\nIt was the seat of Barbushe, Gagiwa and Kano;\nThey were hunters of elephants and had no equals.\nNow they left, not even grass shelter there.\nI have made it clear to the city people,\nI have made it clear to the village people,\nI said to them: singing is not my father’s profession,\nIt is neither my mother’s nor that of Modibbo.\nA profession that does not belong to your father,\nLet alone your mother,\nIf you earn a penny and a half from it Alhamdullahi,\nI repeat, if you earn a penny and a half from it Alhamdullahi.\nThe singer expresses his gratitude and so [do] the chorus\nOne day here in the city of Dabo,\nI have ever lived in the city of Dabo,\nDuring the reign of Sanusi Mamman,\nBurhan father of Habu son of Audu,\nThen I packed my belongings and left,\nAnd returned to the city of Dikko,\nOur Katsina, the city of Shehu.\nMy departure pleased the Kano singers,\nThey ganged up against me saying;\nThat bastard Shata had gone,\nGood riddance Shata has left,\nHa! Since he left the city of Dabo,\nNo doubt has lost many good things.\nGo your way; I am aware I missed the Kano City,\nAnd Kano too had missed a famous singer,\nAnd you also had missed my singing.\nAfter six good months I staged a comeback,\nI went away for six months,\nAnd returned to the city of Dabo,\nOn Friday during the princes’ wedding,\nI sneaked in with my mini car\nI took a corner and parked my mini car,\nI put on a veil and joined the crowd.\nI saw the princes were seated,\nAnd the servants of the princes were also seated,\nEven their slaves were seated,\nThe youth of the city also took their seats,\nAnd so were the young girls of the city of Dabo,\nI found the princes subjected to Garaya music as if they were Yan Babule\nGod forbid the palace become the arena of Yan Babule!\nI have pondered and groaned\nThere and then I uncovered myself,\nAnd said, You have now felt the absence of Shata, the singer.\nEven among kolanuts there are Marsa,\nWell much more so among the singers,\nPrinces, I hope and think that you will lend me your ears,\nAnd listen to my song.\nIt is not parting with the hero that is painful,\nBut filling the gap which he created.\nHausa-land recognized your anscestors,\nThose on the other section of the city too accepted their leadership,\nTheir patience is very great,\nIt is not parting with the hero that is painful,\nBut filling the gap which he created.\nHausa-land recognized your anscestors,\nThose on the other section of the city too accepted their leadership,\nTheir patience is very great,\nThey have no fear only respect for people’s freedom.\nI am singing for the royalists,\nAnd I will sing in Hausa, our language since our grandfather’s fathers,\nOur fathers too and ours with sons and grandsons\nAnd Kano is no doubt the embil of Hausa the city of Bagauda,\nAnd every virtuous singer will do the same\nUnceasingly, to demonstrate his pleasure for this great occasion.\nNow let me list the bridegrooms for the audience,\nThey are Nadawaki, Maje, Ado, Barde and Shirama,\nThe day of the princes’ wedding\nDuring the reign of Sanusi Mamman,\nWas engraved in my mind,\nSanusi invited all the village singers,\nAll of us gathered in the palace.\nThat day I rose and praised myself,\nAnd praised God and his messenger,\nThat day I outshined Hamisu, outshined Caji and put Dabolo out of action,\nThey cast a spell on me but to no avail,\nAnd had I prior knowledge,\nI would have brought my billy-he goat, and my speckled fetish cock,\nWhat! Would that I were able to know in advance,\nI would have prepared for it.\nI ignored banjo and guitar players,\nBecause they are insignificant musicians who,\nPlay for money, clothes to wear and a few pounds to get married.\nThat day I saw the elephant swaggering,\nAnd the dog and its master watched,\nThere they remained motionless and speechless and unable to utter self-praise.\nYour wedding delights everyone no one will dent it,\nYour wish had been fulfilled,\nNo one will be so willful, I can never forget,\nYour gracious gifts showered on me,\nBy your relatives and friends,\nThat day Shata was given horses, gowns, gold and all the good things of this world,\nI will never be a hen that eats and brushes its beak,\nGod bless you all, you have been generous,\nYou have sown good seeds\nAnd you will reap its fruits."", ""origin"": ""Oumarou 2018 (SCIRP) — https://www.scirp.org/html/2-2820288_85962.htm"", ""source_url"": ""https://www.scirp.org/html/2-2820288_85962.htm"", ""license"": ""CC BY"", ""dialect_assigned_default"": false}"
"Dan’adam kuzajje da mugunta","praise_poetry","8","{""source"": ""Praise (online)"", ""genre"": ""praise_poetry"", ""language"": ""hausa"", ""subject"": ""general (human)"", ""praise_text"": ""Dan’adam kuzajje da mugunta"", ""meaning"": """", ""origin"": ""hausawritersseries.blogspot.com — https://hausawritersseries.blogspot.com/2021/11/maana-da-misalan-kirari-hausa.html"", ""source_url"": ""https://hausawritersseries.blogspot.com/2021/11/maana-da-misalan-kirari-hausa.html"", ""license"": ""unstated — cited academic use"", ""dialect_assigned_default"": false}"
"Dan’adam dan mutuwa jikan rasuwa","praise_poetry","8","{""source"": ""Praise (online)"", ""genre"": ""praise_poetry"", ""language"": ""hausa"", ""subject"": ""general (human)"", ""praise_text"": ""Dan’adam dan mutuwa jikan rasuwa"", ""meaning"": """", ""origin"": ""hausawritersseries.blogspot.com — https://hausawritersseries.blogspot.com/2021/11/maana-da-misalan-kirari-hausa.html"", ""source_url"": ""https://hausawritersseries.blogspot.com/2021/11/maana-da-misalan-kirari-hausa.html"", ""license"": ""unstated — cited academic use"", ""dialect_assigned_default"": false}"
"Dan’adam kayan Allah ana tare da kai kana tare da halinka.","praise_poetry","8","{""source"": ""Praise (online)"", ""genre"": ""praise_poetry"", ""language"": ""hausa"", ""subject"": ""general (human)"", ""praise_text"": ""Dan’adam kayan Allah ana tare da kai kana tare da halinka."", ""meaning"": """", ""origin"": ""hausawritersseries.blogspot.com — https://hausawritersseries.blogspot.com/2021/11/maana-da-misalan-kirari-hausa.html"", ""source_url"": ""https://hausawritersseries.blogspot.com/2021/11/maana-da-misalan-kirari-hausa.html"", ""license"": ""unstated — cited academic use"", ""dialect_assigned_default"": false}"
"Talaka bawan Allah","praise_poetry","8","{""source"": ""Praise (online)"", ""genre"": ""praise_poetry"", ""language"": ""hausa"", ""subject"": ""general (human)"", ""praise_text"": ""Talaka bawan Allah"", ""meaning"": """", ""origin"": ""hausawritersseries.blogspot.com — https://hausawritersseries.blogspot.com/2021/11/maana-da-misalan-kirari-hausa.html"", ""source_url"": ""https://hausawritersseries.blogspot.com/2021/11/maana-da-misalan-kirari-hausa.html"", ""license"": ""unstated — cited academic use"", ""dialect_assigned_default"": false}"
"Mata kun riga bugu kun riga tashi","praise_poetry","8","{""source"": ""Praise (online)"", ""genre"": ""praise_poetry"", ""language"": ""hausa"", ""subject"": ""women"", ""praise_text"": ""Mata kun riga bugu kun riga tashi"", ""meaning"": """", ""origin"": ""hausawritersseries.blogspot.com — https://hausawritersseries.blogspot.com/2021/11/maana-da-misalan-kirari-hausa.html"", ""source_url"": ""https://hausawritersseries.blogspot.com/2021/11/maana-da-misalan-kirari-hausa.html"", ""license"": ""unstated — cited academic use"", ""dialect_assigned_default"": false}"
"Hantsi kun leka gidan kowa, ba a leka gidanku ba","praise_poetry","8","{""source"": ""Praise (online)"", ""genre"": ""praise_poetry"", ""language"": ""hausa"", ""subject"": ""women"", ""praise_text"": ""Hantsi kun leka gidan kowa, ba a leka gidanku ba"", ""meaning"": """", ""origin"": ""hausawritersseries.blogspot.com — https://hausawritersseries.blogspot.com/2021/11/maana-da-misalan-kirari-hausa.html"", ""source_url"": ""https://hausawritersseries.blogspot.com/2021/11/maana-da-misalan-kirari-hausa.html"", ""license"": ""unstated — cited academic use"", ""dialect_assigned_default"": false}"
"Matata iyayengida masu akwai da babu","praise_poetry","8","{""source"": ""Praise (online)"", ""genre"": ""praise_poetry"", ""language"": ""hausa"", ""subject"": ""women"", ""praise_text"": ""Matata iyayengida masu akwai da babu"", ""meaning"": """", ""origin"": ""hausawritersseries.blogspot.com — https://hausawritersseries.blogspot.com/2021/11/maana-da-misalan-kirari-hausa.html"", ""source_url"": ""https://hausawritersseries.blogspot.com/2021/11/maana-da-misalan-kirari-hausa.html"", ""license"": ""unstated — cited academic use"", ""dialect_assigned_default"": false}"
"Mata adon gari.","praise_poetry","8","{""source"": ""Praise (online)"", ""genre"": ""praise_poetry"", ""language"": ""hausa"", ""subject"": ""women"", ""praise_text"": ""Mata adon gari."", ""meaning"": """", ""origin"": ""hausawritersseries.blogspot.com — https://hausawritersseries.blogspot.com/2021/11/maana-da-misalan-kirari-hausa.html"", ""source_url"": ""https://hausawritersseries.blogspot.com/2021/11/maana-da-misalan-kirari-hausa.html"", ""license"": ""unstated — cited academic use"", ""dialect_assigned_default"": false}"
"Kano","praise_poetry","8","{""source"": ""Praise (online)"", ""genre"": ""praise_poetry"", ""language"": ""hausa"", ""subject"": ""Kano"", ""praise_text"": ""Kano jalla babbar Hausa, yaro ko da mai ka zo an fi ka"", ""meaning"": """", ""origin"": ""hausawritersseries.blogspot.com — https://hausawritersseries.blogspot.com/2021/11/maana-da-misalan-kirari-hausa.html"", ""source_url"": ""https://hausawritersseries.blogspot.com/2021/11/maana-da-misalan-kirari-hausa.html"", ""license"": ""unstated — cited academic use"", ""dialect_assigned_default"": false}"
"Katsina","praise_poetry","8","{""source"": ""Praise (online)"", ""genre"": ""praise_poetry"", ""language"": ""hausa"", ""subject"": ""Katsina"", ""praise_text"": ""Katsina dakin kara"", ""meaning"": """", ""origin"": ""hausawritersseries.blogspot.com — https://hausawritersseries.blogspot.com/2021/11/maana-da-misalan-kirari-hausa.html"", ""source_url"": ""https://hausawritersseries.blogspot.com/2021/11/maana-da-misalan-kirari-hausa.html"", ""license"": ""unstated — cited academic use"", ""dialect_assigned_default"": false}"
"Bichi","praise_poetry","8","{""source"": ""Praise (online)"", ""genre"": ""praise_poetry"", ""language"": ""hausa"", ""subject"": ""Bichi"", ""praise_text"": ""Bichi kanwar birni"", ""meaning"": """", ""origin"": ""hausawritersseries.blogspot.com — https://hausawritersseries.blogspot.com/2021/11/maana-da-misalan-kirari-hausa.html"", ""source_url"": ""https://hausawritersseries.blogspot.com/2021/11/maana-da-misalan-kirari-hausa.html"", ""license"": ""unstated — cited academic use"", ""dialect_assigned_default"": false}"
"Kura","praise_poetry","8","{""source"": ""Praise (online)"", ""genre"": ""praise_poetry"", ""language"": ""hausa"", ""subject"": ""Kura"", ""praise_text"": ""Kura ta dan baba"", ""meaning"": """", ""origin"": ""hausawritersseries.blogspot.com — https://hausawritersseries.blogspot.com/2021/11/maana-da-misalan-kirari-hausa.html"", ""source_url"": ""https://hausawritersseries.blogspot.com/2021/11/maana-da-misalan-kirari-hausa.html"", ""license"": ""unstated — cited academic use"", ""dialect_assigned_default"": false}"
"Gwambawa","praise_poetry","8","{""source"": ""Praise (online)"", ""genre"": ""praise_poetry"", ""language"": ""hausa"", ""subject"": ""Gwambawa"", ""praise_text"": ""Gwambawa diban fari ba a kwana da ku ba an tashi da ku."", ""meaning"": """", ""origin"": ""hausawritersseries.blogspot.com — https://hausawritersseries.blogspot.com/2021/11/maana-da-misalan-kirari-hausa.html"", ""source_url"": ""https://hausawritersseries.blogspot.com/2021/11/maana-da-misalan-kirari-hausa.html"", ""license"": ""unstated — cited academic use"", ""dialect_assigned_default"": false}"
"Lagos","praise_poetry","8","{""source"": ""Praise (online)"", ""genre"": ""praise_poetry"", ""language"": ""hausa"", ""subject"": ""Lagos"", ""praise_text"": ""Lagos cunkus dakin tsummma makarin ki sai na dawo"", ""meaning"": """", ""origin"": ""hausawritersseries.blogspot.com — https://hausawritersseries.blogspot.com/2021/11/maana-da-misalan-kirari-hausa.html"", ""source_url"": ""https://hausawritersseries.blogspot.com/2021/11/maana-da-misalan-kirari-hausa.html"", ""license"": ""unstated — cited academic use"", ""dialect_assigned_default"": false}"
"Gombe","praise_poetry","8","{""source"": ""Praise (online)"", ""genre"": ""praise_poetry"", ""language"": ""hausa"", ""subject"": ""Gombe"", ""praise_text"": ""Gombe ta doma lahirar masu kudi"", ""meaning"": """", ""origin"": ""hausawritersseries.blogspot.com — https://hausawritersseries.blogspot.com/2021/11/maana-da-misalan-kirari-hausa.html"", ""source_url"": ""https://hausawritersseries.blogspot.com/2021/11/maana-da-misalan-kirari-hausa.html"", ""license"": ""unstated — cited academic use"", ""dialect_assigned_default"": false}"
"Bauchi","praise_poetry","8","{""source"": ""Praise (online)"", ""genre"": ""praise_poetry"", ""language"": ""hausa"", ""subject"": ""Bauchi"", ""praise_text"": ""Bauchi naman kai ga kitse ga tauri"", ""meaning"": """", ""origin"": ""hausawritersseries.blogspot.com — https://hausawritersseries.blogspot.com/2021/11/maana-da-misalan-kirari-hausa.html"", ""source_url"": ""https://hausawritersseries.blogspot.com/2021/11/maana-da-misalan-kirari-hausa.html"", ""license"": ""unstated — cited academic use"", ""dialect_assigned_default"": false}"
"Kaduna","praise_poetry","8","{""source"": ""Praise (online)"", ""genre"": ""praise_poetry"", ""language"": ""hausa"", ""subject"": ""Kaduna"", ""praise_text"": ""Kaduna birnin gwamna"", ""meaning"": """", ""origin"": ""hausawritersseries.blogspot.com — https://hausawritersseries.blogspot.com/2021/11/maana-da-misalan-kirari-hausa.html"", ""source_url"": ""https://hausawritersseries.blogspot.com/2021/11/maana-da-misalan-kirari-hausa.html"", ""license"": ""unstated — cited academic use"", ""dialect_assigned_default"": false}"
"university (general)","praise_poetry","8","{""source"": ""Praise (online)"", ""genre"": ""praise_poetry"", ""language"": ""hausa"", ""subject"": ""university (general)"", ""praise_text"": ""Jami'a iyakar boko"", ""meaning"": """", ""origin"": ""hausawritersseries.blogspot.com — https://hausawritersseries.blogspot.com/2021/11/maana-da-misalan-kirari-hausa.html"", ""source_url"": ""https://hausawritersseries.blogspot.com/2021/11/maana-da-misalan-kirari-hausa.html"", ""license"": ""unstated — cited academic use"", ""dialect_assigned_default"": false}"
"university (general)","praise_poetry","8","{""source"": ""Praise (online)"", ""genre"": ""praise_poetry"", ""language"": ""hausa"", ""subject"": ""university (general)"", ""praise_text"": ""Jami'a uwar boko"", ""meaning"": """", ""origin"": ""hausawritersseries.blogspot.com — https://hausawritersseries.blogspot.com/2021/11/maana-da-misalan-kirari-hausa.html"", ""source_url"": ""https://hausawritersseries.blogspot.com/2021/11/maana-da-misalan-kirari-hausa.html"", ""license"": ""unstated — cited academic use"", ""dialect_assigned_default"": false}"
"university (general)","praise_poetry","8","{""source"": ""Praise (online)"", ""genre"": ""praise_poetry"", ""language"": ""hausa"", ""subject"": ""university (general)"", ""praise_text"": ""Jami'a gidan ban kashi"", ""meaning"": """", ""origin"": ""hausawritersseries.blogspot.com — https://hausawritersseries.blogspot.com/2021/11/maana-da-misalan-kirari-hausa.html"", ""source_url"": ""https://hausawritersseries.blogspot.com/2021/11/maana-da-misalan-kirari-hausa.html"", ""license"": ""unstated — cited academic use"", ""dialect_assigned_default"": false}"
"university (general)","praise_poetry","8","{""source"": ""Praise (online)"", ""genre"": ""praise_poetry"", ""language"": ""hausa"", ""subject"": ""university (general)"", ""praise_text"": ""Jami'a matattarar Farfesa daga ke sai Turai."", ""meaning"": """", ""origin"": ""hausawritersseries.blogspot.com — https://hausawritersseries.blogspot.com/2021/11/maana-da-misalan-kirari-hausa.html"", ""source_url"": ""https://hausawritersseries.blogspot.com/2021/11/maana-da-misalan-kirari-hausa.html"", ""license"": ""unstated — cited academic use"", ""dialect_assigned_default"": false}"
"Noma (farming)","praise_poetry","8","{""source"": ""Praise (online)"", ""genre"": ""praise_poetry"", ""language"": ""hausa"", ""subject"": ""Noma (farming)"", ""praise_text"": ""Noma na duke tsohon ciniki, kowa ya zo duniya kai ya tarar"", ""meaning"": """", ""origin"": ""hausawritersseries.blogspot.com — https://hausawritersseries.blogspot.com/2021/11/maana-da-misalan-kirari-hausa.html"", ""source_url"": ""https://hausawritersseries.blogspot.com/2021/11/maana-da-misalan-kirari-hausa.html"", ""license"": ""unstated — cited academic use"", ""dialect_assigned_default"": false}"
"Jima (tanning)","praise_poetry","8","{""source"": ""Praise (online)"", ""genre"": ""praise_poetry"", ""language"": ""hausa"", ""subject"": ""Jima (tanning)"", ""praise_text"": ""Jima romon jaba ga kitse ga wari"", ""meaning"": """", ""origin"": ""hausawritersseries.blogspot.com — https://hausawritersseries.blogspot.com/2021/11/maana-da-misalan-kirari-hausa.html"", ""source_url"": ""https://hausawritersseries.blogspot.com/2021/11/maana-da-misalan-kirari-hausa.html"", ""license"": ""unstated — cited academic use"", ""dialect_assigned_default"": false}"
"Saka (weaving)","praise_poetry","8","{""source"": ""Praise (online)"", ""genre"": ""praise_poetry"", ""language"": ""hausa"", ""subject"": ""Saka (weaving)"", ""praise_text"": ""Saka ba don ke ba da an tafi tsirara"", ""meaning"": """", ""origin"": ""hausawritersseries.blogspot.com — https://hausawritersseries.blogspot.com/2021/11/maana-da-misalan-kirari-hausa.html"", ""source_url"": ""https://hausawritersseries.blogspot.com/2021/11/maana-da-misalan-kirari-hausa.html"", ""license"": ""unstated — cited academic use"", ""dialect_assigned_default"": false}"
"duniya (the world)","praise_poetry","8","{""source"": ""Praise (online)"", ""genre"": ""praise_poetry"", ""language"": ""hausa"", ""subject"": ""duniya (the world)"", ""praise_text"": ""Duniya ina za ki da mu"", ""meaning"": """", ""origin"": ""hausawritersseries.blogspot.com — https://hausawritersseries.blogspot.com/2021/11/maana-da-misalan-kirari-hausa.html"", ""source_url"": ""https://hausawritersseries.blogspot.com/2021/11/maana-da-misalan-kirari-hausa.html"", ""license"": ""unstated — cited academic use"", ""dialect_assigned_default"": false}"
"duniya (the world)","praise_poetry","8","{""source"": ""Praise (online)"", ""genre"": ""praise_poetry"", ""language"": ""hausa"", ""subject"": ""duniya (the world)"", ""praise_text"": ""Duniya rumfar kara, idan ka hau da karfi ta rushe"", ""meaning"": """", ""origin"": ""hausawritersseries.blogspot.com — https://hausawritersseries.blogspot.com/2021/11/maana-da-misalan-kirari-hausa.html"", ""source_url"": ""https://hausawritersseries.blogspot.com/2021/11/maana-da-misalan-kirari-hausa.html"", ""license"": ""unstated — cited academic use"", ""dialect_assigned_default"": false}"
"duniya (the world)","praise_poetry","8","{""source"": ""Praise (online)"", ""genre"": ""praise_poetry"", ""language"": ""hausa"", ""subject"": ""duniya (the world)"", ""praise_text"": ""Duniya hayakin taba"", ""meaning"": """", ""origin"": ""hausawritersseries.blogspot.com — https://hausawritersseries.blogspot.com/2021/11/maana-da-misalan-kirari-hausa.html"", ""source_url"": ""https://hausawritersseries.blogspot.com/2021/11/maana-da-misalan-kirari-hausa.html"", ""license"": ""unstated — cited academic use"", ""dialect_assigned_default"": false}"
"duniya (the world)","praise_poetry","8","{""source"": ""Praise (online)"", ""genre"": ""praise_poetry"", ""language"": ""hausa"", ""subject"": ""duniya (the world)"", ""praise_text"": ""Duniya kwallon mangoro, kana tsotsarta tana kubuce maka"", ""meaning"": """", ""origin"": ""hausawritersseries.blogspot.com — https://hausawritersseries.blogspot.com/2021/11/maana-da-misalan-kirari-hausa.html"", ""source_url"": ""https://hausawritersseries.blogspot.com/2021/11/maana-da-misalan-kirari-hausa.html"", ""license"": ""unstated — cited academic use"", ""dialect_assigned_default"": false}"
"duniya (the world)","praise_poetry","8","{""source"": ""Praise (online)"", ""genre"": ""praise_poetry"", ""language"": ""hausa"", ""subject"": ""duniya (the world)"", ""praise_text"": ""Duniya mai ido a tsakar ka"", ""meaning"": """", ""origin"": ""hausawritersseries.blogspot.com — https://hausawritersseries.blogspot.com/2021/11/maana-da-misalan-kirari-hausa.html"", ""source_url"": ""https://hausawritersseries.blogspot.com/2021/11/maana-da-misalan-kirari-hausa.html"", ""license"": ""unstated — cited academic use"", ""dialect_assigned_default"": false}"
"duniya (the world)","praise_poetry","8","{""source"": ""Praise (online)"", ""genre"": ""praise_poetry"", ""language"": ""hausa"", ""subject"": ""duniya (the world)"", ""praise_text"": ""Duniya budurwar wawa"", ""meaning"": """", ""origin"": ""hausawritersseries.blogspot.com — https://hausawritersseries.blogspot.com/2021/11/maana-da-misalan-kirari-hausa.html"", ""source_url"": ""https://hausawritersseries.blogspot.com/2021/11/maana-da-misalan-kirari-hausa.html"", ""license"": ""unstated — cited academic use"", ""dialect_assigned_default"": false}"
"duniya (the world)","praise_poetry","8","{""source"": ""Praise (online)"", ""genre"": ""praise_poetry"", ""language"": ""hausa"", ""subject"": ""duniya (the world)"", ""praise_text"": ""Duniya makwantar rikici"", ""meaning"": """", ""origin"": ""hausawritersseries.blogspot.com — https://hausawritersseries.blogspot.com/2021/11/maana-da-misalan-kirari-hausa.html"", ""source_url"": ""https://hausawritersseries.blogspot.com/2021/11/maana-da-misalan-kirari-hausa.html"", ""license"": ""unstated — cited academic use"", ""dialect_assigned_default"": false}"
"duniya (the world)","praise_poetry","8","{""source"": ""Praise (online)"", ""genre"": ""praise_poetry"", ""language"": ""hausa"", ""subject"": ""duniya (the world)"", ""praise_text"": ""Duniya ba ta auren rago"", ""meaning"": """", ""origin"": ""hausawritersseries.blogspot.com — https://hausawritersseries.blogspot.com/2021/11/maana-da-misalan-kirari-hausa.html"", ""source_url"": ""https://hausawritersseries.blogspot.com/2021/11/maana-da-misalan-kirari-hausa.html"", ""license"": ""unstated — cited academic use"", ""dialect_assigned_default"": false}"
"duniya (the world)","praise_poetry","8","{""source"": ""Praise (online)"", ""genre"": ""praise_poetry"", ""language"": ""hausa"", ""subject"": ""duniya (the world)"", ""praise_text"": ""Duniya gidan kashe ahu"", ""meaning"": """", ""origin"": ""hausawritersseries.blogspot.com — https://hausawritersseries.blogspot.com/2021/11/maana-da-misalan-kirari-hausa.html"", ""source_url"": ""https://hausawritersseries.blogspot.com/2021/11/maana-da-misalan-kirari-hausa.html"", ""license"": ""unstated — cited academic use"", ""dialect_assigned_default"": false}"
"duniya (the world)","praise_poetry","8","{""source"": ""Praise (online)"", ""genre"": ""praise_poetry"", ""language"": ""hausa"", ""subject"": ""duniya (the world)"", ""praise_text"": ""Duniya rawar 'yanmata"", ""meaning"": """", ""origin"": ""hausawritersseries.blogspot.com — https://hausawritersseries.blogspot.com/2021/11/maana-da-misalan-kirari-hausa.html"", ""source_url"": ""https://hausawritersseries.blogspot.com/2021/11/maana-da-misalan-kirari-hausa.html"", ""license"": ""unstated — cited academic use"", ""dialect_assigned_default"": false}"
"duniya (the world)","praise_poetry","8","{""source"": ""Praise (online)"", ""genre"": ""praise_poetry"", ""language"": ""hausa"", ""subject"": ""duniya (the world)"", ""praise_text"": ""Duniya mace da ciki, ba a san abin da za ta haifa ba."", ""meaning"": """", ""origin"": ""hausawritersseries.blogspot.com — https://hausawritersseries.blogspot.com/2021/11/maana-da-misalan-kirari-hausa.html"", ""source_url"": ""https://hausawritersseries.blogspot.com/2021/11/maana-da-misalan-kirari-hausa.html"", ""license"": ""unstated — cited academic use"", ""dialect_assigned_default"": false}"
"Soja (soldier)","praise_poetry","8","{""source"": ""Praise (online)"", ""genre"": ""praise_poetry"", ""language"": ""hausa"", ""subject"": ""Soja (soldier)"", ""praise_text"": ""Soja marmari daga nesa"", ""meaning"": """", ""origin"": ""hausawritersseries.blogspot.com — https://hausawritersseries.blogspot.com/2021/11/maana-da-misalan-kirari-hausa.html"", ""source_url"": ""https://hausawritersseries.blogspot.com/2021/11/maana-da-misalan-kirari-hausa.html"", ""license"": ""unstated — cited academic use"", ""dialect_assigned_default"": false}"
"Soja (soldier)","praise_poetry","8","{""source"": ""Praise (online)"", ""genre"": ""praise_poetry"", ""language"": ""hausa"", ""subject"": ""Soja (soldier)"", ""praise_text"": ""Soja na gwamna ga rawa ga yaki"", ""meaning"": """", ""origin"": ""hausawritersseries.blogspot.com — https://hausawritersseries.blogspot.com/2021/11/maana-da-misalan-kirari-hausa.html"", ""source_url"": ""https://hausawritersseries.blogspot.com/2021/11/maana-da-misalan-kirari-hausa.html"", ""license"": ""unstated — cited academic use"", ""dialect_assigned_default"": false}"
"Soja (soldier)","praise_poetry","8","{""source"": ""Praise (online)"", ""genre"": ""praise_poetry"", ""language"": ""hausa"", ""subject"": ""Soja (soldier)"", ""praise_text"": ""Soja birgimar hankaka"", ""meaning"": """", ""origin"": ""hausawritersseries.blogspot.com — https://hausawritersseries.blogspot.com/2021/11/maana-da-misalan-kirari-hausa.html"", ""source_url"": ""https://hausawritersseries.blogspot.com/2021/11/maana-da-misalan-kirari-hausa.html"", ""license"": ""unstated — cited academic use"", ""dialect_assigned_default"": false}"
"Moda","praise_poetry","8","{""source"": ""Praise (online)"", ""genre"": ""praise_poetry"", ""language"": ""hausa"", ""subject"": ""Moda"", ""praise_text"": ""Moda shirgin banza ko a teku sai an danna"", ""meaning"": """", ""origin"": ""hausawritersseries.blogspot.com — https://hausawritersseries.blogspot.com/2021/11/maana-da-misalan-kirari-hausa.html"", ""source_url"": ""https://hausawritersseries.blogspot.com/2021/11/maana-da-misalan-kirari-hausa.html"", ""license"": ""unstated — cited academic use"", ""dialect_assigned_default"": false}"
"Danwake","praise_poetry","8","{""source"": ""Praise (online)"", ""genre"": ""praise_poetry"", ""language"": ""hausa"", ""subject"": ""Danwake"", ""praise_text"": ""Danwake na jakala cimar kuturu, kowa ya ci dubu zai ci dan mutum"", ""meaning"": """", ""origin"": ""hausawritersseries.blogspot.com — https://hausawritersseries.blogspot.com/2021/11/maana-da-misalan-kirari-hausa.html"", ""source_url"": ""https://hausawritersseries.blogspot.com/2021/11/maana-da-misalan-kirari-hausa.html"", ""license"": ""unstated — cited academic use"", ""dialect_assigned_default"": false}"
"Zawo","praise_poetry","8","{""source"": ""Praise (online)"", ""genre"": ""praise_poetry"", ""language"": ""hausa"", ""subject"": ""Zawo"", ""praise_text"": ""Zawo mai saka manya sauri"", ""meaning"": """", ""origin"": ""hausawritersseries.blogspot.com — https://hausawritersseries.blogspot.com/2021/11/maana-da-misalan-kirari-hausa.html"", ""source_url"": ""https://hausawritersseries.blogspot.com/2021/11/maana-da-misalan-kirari-hausa.html"", ""license"": ""unstated — cited academic use"", ""dialect_assigned_default"": false}"
"Daki (room)","praise_poetry","8","{""source"": ""Praise (online)"", ""genre"": ""praise_poetry"", ""language"": ""hausa"", ""subject"": ""Daki (room)"", ""praise_text"": ""Daki ko kana zuba ka fi waje"", ""meaning"": """", ""origin"": ""hausawritersseries.blogspot.com — https://hausawritersseries.blogspot.com/2021/11/maana-da-misalan-kirari-hausa.html"", ""source_url"": ""https://hausawritersseries.blogspot.com/2021/11/maana-da-misalan-kirari-hausa.html"", ""license"": ""unstated — cited academic use"", ""dialect_assigned_default"": false}"
"Titi (street)","praise_poetry","8","{""source"": ""Praise (online)"", ""genre"": ""praise_poetry"", ""language"": ""hausa"", ""subject"": ""Titi (street)"", ""praise_text"": ""Titi ba a tsallaka ka sai an waiga"", ""meaning"": """", ""origin"": ""hausawritersseries.blogspot.com — https://hausawritersseries.blogspot.com/2021/11/maana-da-misalan-kirari-hausa.html"", ""source_url"": ""https://hausawritersseries.blogspot.com/2021/11/maana-da-misalan-kirari-hausa.html"", ""license"": ""unstated — cited academic use"", ""dialect_assigned_default"": false}"
"Bature (white man)","praise_poetry","8","{""source"": ""Praise (online)"", ""genre"": ""praise_poetry"", ""language"": ""hausa"", ""subject"": ""Bature (white man)"", ""praise_text"": ""Bature ci-gari ka kwana a daji"", ""meaning"": """", ""origin"": ""hausawritersseries.blogspot.com — https://hausawritersseries.blogspot.com/2021/11/maana-da-misalan-kirari-hausa.html"", ""source_url"": ""https://hausawritersseries.blogspot.com/2021/11/maana-da-misalan-kirari-hausa.html"", ""license"": ""unstated — cited academic use"", ""dialect_assigned_default"": false}"
"Bature (white man)","praise_poetry","8","{""source"": ""Praise (online)"", ""genre"": ""praise_poetry"", ""language"": ""hausa"", ""subject"": ""Bature (white man)"", ""praise_text"": ""Bature, babban mutum da rigar yara"", ""meaning"": """", ""origin"": ""hausawritersseries.blogspot.com — https://hausawritersseries.blogspot.com/2021/11/maana-da-misalan-kirari-hausa.html"", ""source_url"": ""https://hausawritersseries.blogspot.com/2021/11/maana-da-misalan-kirari-hausa.html"", ""license"": ""unstated — cited academic use"", ""dialect_assigned_default"": false}"
"Fullo (Fulani)","praise_poetry","8","{""source"": ""Praise (online)"", ""genre"": ""praise_poetry"", ""language"": ""hausa"", ""subject"": ""Fullo (Fulani)"", ""praise_text"": ""Fullo na Gambo, sha ruwa ka binne rijiya"", ""meaning"": """", ""origin"": ""hausawritersseries.blogspot.com — https://hausawritersseries.blogspot.com/2021/11/maana-da-misalan-kirari-hausa.html"", ""source_url"": ""https://hausawritersseries.blogspot.com/2021/11/maana-da-misalan-kirari-hausa.html"", ""license"": ""unstated — cited academic use"", ""dialect_assigned_default"": false}"
"Kudi (money)","praise_poetry","8","{""source"": ""Praise (online)"", ""genre"": ""praise_poetry"", ""language"": ""hausa"", ""subject"": ""Kudi (money)"", ""praise_text"": ""Kudi, na gwamna masu gidan rana"", ""meaning"": """", ""origin"": ""hausawritersseries.blogspot.com — https://hausawritersseries.blogspot.com/2021/11/maana-da-misalan-kirari-hausa.html"", ""source_url"": ""https://hausawritersseries.blogspot.com/2021/11/maana-da-misalan-kirari-hausa.html"", ""license"": ""unstated — cited academic use"", ""dialect_assigned_default"": false}"
"Barebari (Kanuri person)","praise_poetry","8","{""source"": ""Praise (online)"", ""genre"": ""praise_poetry"", ""language"": ""hausa"", ""subject"": ""Barebari (Kanuri person)"", ""praise_text"": ""Barebari, na Shehu Larabawan bidi'a"", ""meaning"": """", ""origin"": ""hausawritersseries.blogspot.com — https://hausawritersseries.blogspot.com/2021/11/maana-da-misalan-kirari-hausa.html"", ""source_url"": ""https://hausawritersseries.blogspot.com/2021/11/maana-da-misalan-kirari-hausa.html"", ""license"": ""unstated — cited academic use"", ""dialect_assigned_default"": false}"
"Huntu","praise_poetry","8","{""source"": ""Praise (online)"", ""genre"": ""praise_poetry"", ""language"": ""hausa"", ""subject"": ""Huntu"", ""praise_text"": ""Huntu ubangijin mai riga"", ""meaning"": """", ""origin"": ""hausawritersseries.blogspot.com — https://hausawritersseries.blogspot.com/2021/11/maana-da-misalan-kirari-hausa.html"", ""source_url"": ""https://hausawritersseries.blogspot.com/2021/11/maana-da-misalan-kirari-hausa.html"", ""license"": ""unstated — cited academic use"", ""dialect_assigned_default"": false}"
"Gamji (baobab tree)","praise_poetry","8","{""source"": ""Praise (online)"", ""genre"": ""praise_poetry"", ""language"": ""hausa"", ""subject"": ""Gamji (baobab tree)"", ""praise_text"": ""Gamji kashe na rabe jikinka"", ""meaning"": """", ""origin"": ""hausawritersseries.blogspot.com — https://hausawritersseries.blogspot.com/2021/11/maana-da-misalan-kirari-hausa.html"", ""source_url"": ""https://hausawritersseries.blogspot.com/2021/11/maana-da-misalan-kirari-hausa.html"", ""license"": ""unstated — cited academic use"", ""dialect_assigned_default"": false}"
"Gwari (Gbagyi person)","praise_poetry","8","{""source"": ""Praise (online)"", ""genre"": ""praise_poetry"", ""language"": ""hausa"", ""subject"": ""Gwari (Gbagyi person)"", ""praise_text"": ""Gwari 'yar gidan kantoma kida kusa wasa nesa"", ""meaning"": """", ""origin"": ""hausawritersseries.blogspot.com — https://hausawritersseries.blogspot.com/2021/11/maana-da-misalan-kirari-hausa.html"", ""source_url"": ""https://hausawritersseries.blogspot.com/2021/11/maana-da-misalan-kirari-hausa.html"", ""license"": ""unstated — cited academic use"", ""dialect_assigned_default"": false}"
"Giwa (elephant)","praise_poetry","8","{""source"": ""Praise (online)"", ""genre"": ""praise_poetry"", ""language"": ""hausa"", ""subject"": ""Giwa (elephant)"", ""praise_text"": ""Giwa bukkar daji"", ""meaning"": """", ""origin"": ""hausawritersseries.blogspot.com — https://hausawritersseries.blogspot.com/2021/11/maana-da-misalan-kirari-hausa.html"", ""source_url"": ""https://hausawritersseries.blogspot.com/2021/11/maana-da-misalan-kirari-hausa.html"", ""license"": ""unstated — cited academic use"", ""dialect_assigned_default"": false}"
"Gajere (short person)","praise_poetry","8","{""source"": ""Praise (online)"", ""genre"": ""praise_poetry"", ""language"": ""hausa"", ""subject"": ""Gajere (short person)"", ""praise_text"": ""Gajere ba yaro ba"", ""meaning"": """", ""origin"": ""hausawritersseries.blogspot.com — https://hausawritersseries.blogspot.com/2021/11/maana-da-misalan-kirari-hausa.html"", ""source_url"": ""https://hausawritersseries.blogspot.com/2021/11/maana-da-misalan-kirari-hausa.html"", ""license"": ""unstated — cited academic use"", ""dialect_assigned_default"": false}"
"Dogo (tall person)","praise_poetry","8","{""source"": ""Praise (online)"", ""genre"": ""praise_poetry"", ""language"": ""hausa"", ""subject"": ""Dogo (tall person)"", ""praise_text"": ""Dogo ka ci a reshe"", ""meaning"": """", ""origin"": ""hausawritersseries.blogspot.com — https://hausawritersseries.blogspot.com/2021/11/maana-da-misalan-kirari-hausa.html"", ""source_url"": ""https://hausawritersseries.blogspot.com/2021/11/maana-da-misalan-kirari-hausa.html"", ""license"": ""unstated — cited academic use"", ""dialect_assigned_default"": false}"
"Amarsu (bride)","praise_poetry","8","{""source"": ""Praise (online)"", ""genre"": ""praise_poetry"", ""language"": ""hausa"", ""subject"": ""Amarsu (bride)"", ""praise_text"": ""Amarsu ta ango ba kya laifi ko kin kashe dan masu gida"", ""meaning"": """", ""origin"": ""hausawritersseries.blogspot.com — https://hausawritersseries.blogspot.com/2021/11/maana-da-misalan-kirari-hausa.html"", ""source_url"": ""https://hausawritersseries.blogspot.com/2021/11/maana-da-misalan-kirari-hausa.html"", ""license"": ""unstated — cited academic use"", ""dialect_assigned_default"": false}"
"Garin kwaki","praise_poetry","8","{""source"": ""Praise (online)"", ""genre"": ""praise_poetry"", ""language"": ""hausa"", ""subject"": ""Garin kwaki"", ""praise_text"": ""Garin kwaki ko ka yi taimako an wahala"", ""meaning"": """", ""origin"": ""hausawritersseries.blogspot.com — https://hausawritersseries.blogspot.com/2021/11/maana-da-misalan-kirari-hausa.html"", ""source_url"": ""https://hausawritersseries.blogspot.com/2021/11/maana-da-misalan-kirari-hausa.html"", ""license"": ""unstated — cited academic use"", ""dialect_assigned_default"": false}"
"Sauro (mosquito)","praise_poetry","8","{""source"": ""Praise (online)"", ""genre"": ""praise_poetry"", ""language"": ""hausa"", ""subject"": ""Sauro (mosquito)"", ""praise_text"": ""Sauro lange-lange mai ramar keta, rammme haukata kato, sa mutum ya mari jikinsa, mugu hana barci"", ""meaning"": """", ""origin"": ""hausawritersseries.blogspot.com — https://hausawritersseries.blogspot.com/2021/11/maana-da-misalan-kirari-hausa.html"", ""source_url"": ""https://hausawritersseries.blogspot.com/2021/11/maana-da-misalan-kirari-hausa.html"", ""license"": ""unstated — cited academic use"", ""dialect_assigned_default"": false}"
"Hadari (storm)","praise_poetry","8","{""source"": ""Praise (online)"", ""genre"": ""praise_poetry"", ""language"": ""hausa"", ""subject"": ""Hadari (storm)"", ""praise_text"": ""Hadari malafar duniya"", ""meaning"": """", ""origin"": ""hausawritersseries.blogspot.com — https://hausawritersseries.blogspot.com/2021/11/maana-da-misalan-kirari-hausa.html"", ""source_url"": ""https://hausawritersseries.blogspot.com/2021/11/maana-da-misalan-kirari-hausa.html"", ""license"": ""unstated — cited academic use"", ""dialect_assigned_default"": false}"
"Bushiya (hedgehog)","praise_poetry","8","{""source"": ""Praise (online)"", ""genre"": ""praise_poetry"", ""language"": ""hausa"", ""subject"": ""Bushiya (hedgehog)"", ""praise_text"": ""Jikin bushiya ba a masa wawan damka"", ""meaning"": """", ""origin"": ""hausawritersseries.blogspot.com — https://hausawritersseries.blogspot.com/2021/11/maana-da-misalan-kirari-hausa.html"", ""source_url"": ""https://hausawritersseries.blogspot.com/2021/11/maana-da-misalan-kirari-hausa.html"", ""license"": ""unstated — cited academic use"", ""dialect_assigned_default"": false}"
"Tsakin tama","praise_poetry","8","{""source"": ""Praise (online)"", ""genre"": ""praise_poetry"", ""language"": ""hausa"", ""subject"": ""Tsakin tama"", ""praise_text"": ""Tsakin tama gagara tauna"", ""meaning"": """", ""origin"": ""hausawritersseries.blogspot.com — https://hausawritersseries.blogspot.com/2021/11/maana-da-misalan-kirari-hausa.html"", ""source_url"": ""https://hausawritersseries.blogspot.com/2021/11/maana-da-misalan-kirari-hausa.html"", ""license"": ""unstated — cited academic use"", ""dialect_assigned_default"": false}"
"Kura (hyena)","praise_poetry","8","{""source"": ""Praise (online)"", ""genre"": ""praise_poetry"", ""language"": ""hausa"", ""subject"": ""Kura (hyena)"", ""praise_text"": ""Mushen kura ya wuce Allah Sarki"", ""meaning"": """", ""origin"": ""hausawritersseries.blogspot.com — https://hausawritersseries.blogspot.com/2021/11/maana-da-misalan-kirari-hausa.html"", ""source_url"": ""https://hausawritersseries.blogspot.com/2021/11/maana-da-misalan-kirari-hausa.html"", ""license"": ""unstated — cited academic use"", ""dialect_assigned_default"": false}"
"Damisa (leopard)","praise_poetry","8","{""source"": ""Praise (online)"", ""genre"": ""praise_poetry"", ""language"": ""hausa"", ""subject"": ""Damisa (leopard)"", ""praise_text"": ""Damisa ki sabo"", ""meaning"": """", ""origin"": ""hausawritersseries.blogspot.com — https://hausawritersseries.blogspot.com/2021/11/maana-da-misalan-kirari-hausa.html"", ""source_url"": ""https://hausawritersseries.blogspot.com/2021/11/maana-da-misalan-kirari-hausa.html"", ""license"": ""unstated — cited academic use"", ""dialect_assigned_default"": false}"
"Bushiya (hedgehog)","praise_poetry","8","{""source"": ""Praise (online)"", ""genre"": ""praise_poetry"", ""language"": ""hausa"", ""subject"": ""Bushiya (hedgehog)"", ""praise_text"": ""Bushiya kowa ya kwana da ke ya kwana salati"", ""meaning"": """", ""origin"": ""hausawritersseries.blogspot.com — https://hausawritersseries.blogspot.com/2021/11/maana-da-misalan-kirari-hausa.html"", ""source_url"": ""https://hausawritersseries.blogspot.com/2021/11/maana-da-misalan-kirari-hausa.html"", ""license"": ""unstated — cited academic use"", ""dialect_assigned_default"": false}"
"Damisa (leopard)","praise_poetry","8","{""source"": ""Praise (online)"", ""genre"": ""praise_poetry"", ""language"": ""hausa"", ""subject"": ""Damisa (leopard)"", ""praise_text"": ""Damisa kin ki kallo biyu"", ""meaning"": """", ""origin"": ""hausawritersseries.blogspot.com — https://hausawritersseries.blogspot.com/2021/11/maana-da-misalan-kirari-hausa.html"", ""source_url"": ""https://hausawritersseries.blogspot.com/2021/11/maana-da-misalan-kirari-hausa.html"", ""license"": ""unstated — cited academic use"", ""dialect_assigned_default"": false}"
"Dan-tsakon jimina (young ostrich)","praise_poetry","8","{""source"": ""Praise (online)"", ""genre"": ""praise_poetry"", ""language"": ""hausa"", ""subject"": ""Dan-tsakon jimina (young ostrich)"", ""praise_text"": ""Dan-tsakon jimina gagara daukar shaho."", ""meaning"": """", ""origin"": ""hausawritersseries.blogspot.com — https://hausawritersseries.blogspot.com/2021/11/maana-da-misalan-kirari-hausa.html"", ""source_url"": ""https://hausawritersseries.blogspot.com/2021/11/maana-da-misalan-kirari-hausa.html"", ""license"": ""unstated — cited academic use"", ""dialect_assigned_default"": false}"
