En, Ib
"The elder, To the lady chosen by God and to her children, whom I love in the truth—and not I only, but also all who know the truth—","Ẹkwụkwọ mụoni bụ Jọn onye ichie deri, m na-edejeri nwanyị.Chineke họtarị yaa ụmụ a bụ nde m hụrụ na ẹnya na ime ya eziokwum, ka ọọbụnwa mụanịm kama maa ndem na ohu maarị nke bụ eziokwu hụkorụ unu na ẹnya."
"because of the truth, which lives in us and will be with us forever:","Maka ya eziokwum dị na ime obu aayị, ayịa ya je-anọgazukwenum rue mgbe agwụ-agwụ."
"Grace, mercy and peace from God the Father and from Jesus Christ, the Father’s Son, will be with us in truth and love.","Na ẹwụọma, ọhụhụ onyimee yaa udo nke Chineke Nna, yaa nke Jisọs Karaịs bụ Ọkpara Chineke dịrị ayị oohu bụ nde nọ na ya eziokwum yaa ịhụnẹnya."
"It has given me great joy to find some of your children walking in the truth, just as the Father commanded us.",Obu adiwo m ụto okam ịhụ ụfodị na ime ụmụ gụ na-ebu ndụ wo na ime ya eziokwum dịka nke Nna nịrị ayị na iwu.
"And now, dear lady, I am not writing you a new command but one we have had from the beginning. I ask that we love one another.","Ana m asị gị nwanyị ọma, na ayị hụtarị onwaayị na ẹnya. Ihie abụgụ iwu ohuụ m na-ederi unu, kama ọ bụm ihom ayị hiworuri nụ na isi mbụ mbụ."
"And this is love: that we walk in obedience to his commands. As you have heard from the beginning, his command is that you walk in love.","Ihe bụ įhụ madụ ibe onye na ẹnya bụ iruberi iwu Chineke isi, dịka nke unu nụrụ na isi mbido, na iwu Chineke bụ na ayị weri ịhụ madụ ibe onye na ẹnya buje ndụ."
"I say this because many deceivers, who do not acknowledge Jesus Christ as coming in the flesh, have gone out into the world. Any such person is the deceiver and the antichrist.","Ntụtụ nde na-arahu madụ, eekwetegi na Jisọs Karaịs bjarj dika madụ achįkarahiwo na ụwa, Onye dị ya ẹhụm bụ onye ụga na-arahu madụ bụkorụ ya onye-irom nke Karaịs."
"Watch out that you do not lose what we have worked for, but that you may be rewarded fully.","Na ẹnya doe unu, na odikwa onye na ime uunu na-alohu ihe ọ rụtarị na ọrụ, kama na onyeaha natatuem ụgwọ-ọrụ a."
 Anyone who runs ahead and does not continue in the teaching of Christ does not have God; whoever continues in the teaching has both the Father and the Son.,"Onye gbanakọrụ ihom e ziri unu bayeri Karaịs gbajeje na ihu marị na yaa Chineke enwogu mmeko ọọbụla, ọbụ na onye jikoberi ya ihom e ziri e ẹka marị na yaa Chineke Nna yaa ọkpara a yịm."
"If anyone comes to you and does not bring this teaching, do not take them into your house or welcome them.","Onye ọọbụla bịakwuteri unu ejigi ya ihe ozizim bayeri Karaụs, unu anabatakwa a na ulo uunu, unu eke- lekohekwee ye ekele amaka."
Anyone who welcomes them shares in their wicked work.,Onye nabatarị onye dị ya ẹhụm marị na o je-osoko keteko oke ọrụ ụrụalị a.
"I have much to write to you, but I do not want to use paper and ink. Instead, I hope to visit you and talk with you face to face, so that our joy may be complete.","Akam nwom ntụtụ ihe m je-karị unu, ọ bụ na achogu m na mụ agbaa ya na ẹkwụkwo. Kama enworu m olile-ẹnya ịkpakwute unu na mụa unu kpaa ya ihu la ihu ma obu dịkọta ayị oohu ụtọ."
"The children of your sister, who is chosen by God, send their greetings.","ụmụ nwane gi nwanyị bụ nzuko nke ụmụ Chineke, ndem Chineke họtarị ahọta na ibie nọm na-ekele gi."
"That which was from the beginning, which we have heard, which we have seen with our eyes, which we have looked at and our hands have touched—this we proclaim concerning the Word of life.",Ozi aayị bụ bayeri ya Okwu nke ndụ m hiri na isi mbụ mbụ dị. Ayị anụwo e na ntị aayị. Ayị ahụwo e na ẹnya aayị ẹbọ ẹbọ. Ayị edetuwokoe ẹka.
"The life appeared; we have seen it and testify to it, and we proclaim to you the eternal life, which was with the Father and has appeared to us.",Ya ndụm hi na ẹka Chineke bịa fụtarị ihe. Ayị ahụwo e ẹnya na-ederi unu ama bayeri ndụ agwụ-agwụ; nke nọrụ yaa Nna a bịa-ekpuheeri ayịa.
"We proclaim to you what we have seen and heard, so that you also may have fellowship with us. And our fellowship is with the Father and with his Son, Jesus Christ.","Ayị na-ederi unu ama bayeri ihe ayị hụworu ẹnya, nụkọ na ntị aayị, ma unu sokoru ayị nwoe mmeko. Mmeko aayị bụ ayịa Nna yaa Jisọs Karaịs bụ Ọkpara a."
We write this to make our joy complete.,"Ayị na-ederi unu ẹkwụkwọa, ma obu-ụtọ aayị zueoke."
This is the message we have heard from him and declare to you: God is light; in him there is no darkness at all.,"Ozie bụ ihe ayị nụrụ na ọnụ a ayị na-ezi unu ẹɦụọdị: Chineke bụ ihe, ọ dịgị ẹtụlị dị a na ime ma ọ bụgụ nnanị."
"If we claim to have fellowship with him and yet walk in the darkness, we lie and do not live out the truth.","Ayị sị na ayịa ya na-enwo mmeko ta ka na-eje ije na ẹtụlị, ayị na-aga ụga, ayị ejigi eziokwu na-ebu ndụ aayị."
"But if we walk in the light, as he is in the light, we have fellowship with one another, and the blood of Jesus, his Son, purifies us from all sin.","Ọbụ ayị na-ebu ndụ na ihe dịka yaoni nọ na ime ihe, ayị na-enwo mmeko ayịa onwaayị, na mee ya Ọkparam bụ Jisọs asachafụ ihe ọjọọ na ohu na ndụ aayị."
"If we claim to be without sin, we deceive ourselves and the truth is not in us.","Ayị na-asị na ọ dịgị ihe ọjọọ ayị na-eme, ayị na-agọgbu onwaayị, ya eziokwum adịgị ayị na ime."
"If we confess our sins, he is faithful and just and will forgive us our sins and purify us from all unrighteousness.","Ọbụ na ayị kwufute ihe ọjọọ aayị, ọ bụ Onye kwesiri na a tụkwasị a obu na-eme ihe dị ma. Ọ je-ọgbahaturum ayị ihe ọjọọ aayị na ohu, sachafụrụ ayị adịgị ọcha oohu."
"If we claim we have not sinned, we make him out to be a liar and his word is not in us.","Ayị na-asị na ọ dịgị ihe ọjọọ ayị megileworu, ayị na-ekuzu Chineke onye ụga; ọ bụ ahịaga na ya okwu em aka eweerigi ọnọdụ na ime aayị."
"My dear children, I write this to you so that you will not sin. But if anybody does sin, we have an advocate with the Father—Jesus Christ, the Righteous One.","Ụmụ m nde m hụrụ na ẹnya, ana m ederi unu ẹkwụkwọa na unu emekwe ihe ọjọọ. Ọbụ, ya o nwo onye ọọbụla na ime uunu meri ihe ọjọọ, ayị nworu onye aanị na-ekwuchiteri ayị ọnụ na ihu Nna, Jisọs Karaịs, Onye ụmara-ọma."
"He is the atoning sacrifice for our sins, and not only for ours but also for the sins of the whole world.","Ọ bụ a bụ ẹja a chụrụ e jiri gbaharị ayị ihe ọjọọ aayị na ohu, ka ọọbụ[1]nwa nke ayịanịayị, kama maa nke madụ oohu na ụwa."
We know that we have come to know him if we keep his commands.,Ihe ayị je-eji marị na ayị amawozuru onye Chineke bụ bụ ma ayị na-erube isi na iwu e.
"Whoever says, “I know him,” but does not do what he commands is a liar, and the truth is not in that person.","Onye ọọbụla sị, “Amaarị m onye ọ bụ”, ta ka onye ọ bụ eedebe iwu e, onye ọ bụ bụ onye ụga, ya eziokwum adịgị a na ime."
"But if anyone obeys his word, love for God is truly made complete in them. This is how we know we are in him:","Ọbụ na onye ọọbụla ruberi okwu e isi, na ịhụnẹnya Chineke ezueoke na imie. Ọ bụ nke ayị je-aga marị na ayị ka nọm na imie."
Whoever claims to live in him must live as Jesus did.,Onye sịkwanụ na yaa Chineke bụzu nnanị je-eburiri ndụ a ẹɦụm Jisọs Karaịs buru.
"Dear friends, I am not writing you a new command but an old one, which you have had since the beginning. This old command is the message you have heard.","Nde enyi m m hụrụ na ẹnya, ihie m na-ederi unu abụgụ iwu ọɦụụ, kama ọ bụm iwu ochie unu him na-anụ hiteri na isi mbido. Ya iwu ochienwe bụ a bụ ya ozim e ziri unu."
"Yet I am writing you a new command; its truth is seen in him and in you, because the darkness is passing and the true light is already shining.","Ihie bụ iwu ọɦụụ m na-ederi unu, maka na nke bụ eziokwue fụtarị ihe na ụhụ Karaịs dịka nke ọ na-ọfụta na ndụ uunu. Maka na ya ẹtụlị m agabugefuwo, ya ezibe ihem achawafụwoko."
Anyone who claims to be in the light but hates a brother or sister is still in the darkness.,Onye ọọbụla sị na ọ nọzu na ihe ta ka ookweihe nwanie ka anọm na ẹtụlị.
"Anyone who loves their brother and sister lives in the light, and there is nothing in them to make them stumble.","Onye ọọbụla hụrụ nwanie na ẹnya nọzu na ihe, ọ dịgị ihe ọọbụla dị a na ime je-abụrụ a mkpọlụkọ."
"But anyone who hates a brother or sister is in the darkness and walks around in the darkness. They do not know where they are going, because the darkness has blinded them.","Ọ bụ na onye ọọbụla eekwegi ihe nwanie nọm na ẹtụlị, na-ebu ndụ a na ime ẹtụlị; ọ makọhaagị ibe o jije, maka na ẹtụlị ekpuwo e isi."
"I am writing to you, dear children, because your sins have been forgiven on account of his name.","Ana m ederi unu ẹkwụkwọ ụmụ m m hụrụ na ẹnya, maka na Chineke agbahaworu unu ihe ọjọọ unu oohu maka ẹha Karaịs."
"I am writing to you, fathers, because you know him who is from the beginning. I am writing to you, young men, because you have overcome the evil one.","Ana m ederi unu ẹkwụkwọ nde nna, maka na unu amaworu e bụ onyem nọmnị hiteri na isi mbido. Ana m ederi unu ẹkwụkwọ nde ụmụẹlịa, maka na unu emeriwo ya onye ọjọọm. Ana m ederi unu ẹkwụkwọ, ụmụ m m hụrụ na ẹnya, maka na unu amaworu onye bụ Nna."
"I write to you, dear children, because you know the Father. I write to you, fathers, because you know him who is from the beginning. I write to you, young men, because you are strong, and the word of God lives in you, and you have overcome the evil one.","Ana m ederi unu ẹkwụkwọ, nde nna, maka na unu amaworu ya onyem nọmnị hiteri na mbido. Ana m ederi unu ẹkwụkwọ, nde ụmụẹlịa, maka na unu gbasiri ike, okwu Chineke buru eburu na ime uunu. Unu emeriwo ya onye ihe ọjọọm."
On Not Loving the World,Ejikwe Ihe Ụwaa Kpaa Na Ẹnya
"Do not love the world or anything in the world. If anyone loves the world, love for the Father is not in them.","Ahụkwa ụwaa na ẹnya ma ọ bụgụ ihe ọọbụla dị na imie. Onye ọọbụla hụrụ ụwa na ẹnya, ịhụnẹnya nke Nna adịgị a na ime."
"For everything in the world—the lust of the flesh, the lust of the eyes, and the pride of life—comes not from the Father but from the world.","Maka na ihe ọọbụla dị na ụwa, ẹgụ oke ọchụchọ nke ihe ọjọọ, ọchụchọ inwotetum ihe madụ hụrụ ẹnya, ehigi na ẹka Nna bịa, kama o hitum na ụwa."
"The world and its desires pass away, but whoever does the will of God lives forever.","Ụwa yaa ihie na ohu dị na ya jenwe je-agabuge, ọbụ na ndem na-eme ihe Chineke chọ[1]rụ je-adị ndụ rue mgbe agwụ-agwụ."
Warnings Against Denying the Son,Osise Ẹka Na Ntị Maka Onye-iro Karaịs
"Dear children, this is the last hour; and as you have heard that the antichrist is coming, even now many antichrists have come. This is how we know it is the last hour.","Ụmụ m m hụrụ na ẹnya, mgbe ọgwụgwụ oge agbanyabafuwo. Ekwuwooru unu na ya onye-irom nke Karaịs bịaanwa, ọ bụ na ọ bịarutewo ẹɦụọdị. Ọ bụ nke ayị garị marị na ayị nọkọzuhee na ya awa ikpeazụ m."
"They went out from us, but they did not really belong to us. For if they had belonged to us, they would have remained with us; but their going showed that none of them belonged to us.","Wo hinwe na etiti aayị sọhụga, ọ bụ na ọ dịdịgị mgbe ayịa wo hiri bụrụ nnanị. Maka na ya ọ bụrụ na ayịa wo bụrụ nnanị na wo aka esonwe ayị; ọ bụ na-asọhụ wo haburu ayị sọhụga gusiri na ayịa wo ayịdịgị."
"But you have an anointing from the Holy One, and all of you know the truth.","Ọbụ na unu anatawo otite manụ na ẹka ya Onye Nsọm, unu oohu amaworu ya eziokwum."
"I do not write to you because you do not know the truth, but because you do know it and because no lie comes from the truth.","Agbaarịgị m unu ẹkwụkwọa maka na unu amagị ya eziokwum, kama ọ bụ maka na unu amaworu e, ka ọọdịkwanụ okwu ụga hi na ya eziokwu m na-afụta."
Who is the liar? It is whoever denies that Jesus is the Christ. Such a person is the antichrist—denying the Father and the Son.,"Onye bụ ya onye ụgam? Ọ bụ onye m na-agọnahị Karaịs Jisọs, na ọ bụgụ a bụ ya Onye Nzọfụtam. Ọ bụ onye dị ya ẹɦụm bụ ya onye-irom nke Karaịs, onye na-agọnahị Chineke Nna yaa Ọkpara a."
No one who denies the Son has the Father; whoever acknowledges the Son has the Father also.,"Ọ dịgị onye na-agọnahị Ọkpara Chineke yaa Nnịa dị na mma, ọ bụ na onye nabatarị Ọkparaa anabatawoko Nnịa."
"As for you, see that what you have heard from the beginning remains in you. If it does, you also will remain in the Son and in the Father.","Unu hụụ na ihom a kaarị unu hiteri na mbido nọgideri na ime uunu. Ya ọ dị ya ẹɦụm, na unu amarị na unu je-anọgideko na Ọkpara Chineke yaa Nnịa."
And this is what he promised us—eternal life.,Ihie bụkwanụ nkwa Karaịs yaẹkaa kweri ayị bụ ndụ agwụ-agwụ.
I am writing these things to you about those who are trying to lead you astray.,Ana m ederi unu ihie na ohu bayeri ndem na-achọ na wo tilu unu ihu.
"As for you, the anointing you received from him remains in you, and you do not need anyone to teach you. But as his anointing teaches you about all things and as that anointing is real, not counterfeit—just as it has taught you, remain in him.","Ya ọ dịgaje ka unuande, otite manụ unu natarị na ẹka Karaịs je-anọgide na ime uunu, ọ dịsịkwakwagị uru ọ barị na madụ ọọbụla bịa-ezijekwekwe unu ihe bayeri e. Kama dịka nke ya otite manụm na-ezitum unu ihe oohu, bụkwanụrụ eziokwu, ụga adịgị na ya; dịkwanụ ka nke o na-ozi unu ihe, unu nọgide na ya."
God's Children,Ụmụ Chineke
"And now, dear children, continue in him, so that when he appears we may be confident and unashamed before him at his coming.","Ụmụ m, nde m hụrụ na ẹnya, unua Karaịs bụrụ nnanị, ibe ọ je[1]ọbụ mgbem ọ je-ọbịa ma ihu saa ayị, na-emechukwe ayị ihu na ọbịbịa a."
"If you know that he is righteous, you know that everyone who does what is right has been born of him.","Ya ọ bụrụ na unu maarị na ọ bụ onye na-eme ihe dị ma na ihu Chineke, unu marị na onye ọọbụla na-eme ihe dị ma na ihu Chineke bụ a bụ nwa Chineke. Ibu Ndụ Ka Ụmụ Chineke"
"See what great love the Father has lavished on us, that we should be called children of God! And that is what we are! The reason the world does not know us is that it did not know him.","Letekwele nke Chineke Nna garị hụŋarị ayị na ẹnya, nke na ayị bụzu nde a na-eku ụmụ Chineke! Ayị bụzukwenu ụmụ Chineke na eziokwu. Ihe meri nde ụwa aamagị ayị bụ na wo amadịgị yaoni."
"Dear friends, now we are children of God, and what we will be has not yet been made known. But we know that when Christ appears, we shall be like him, for we shall see him as he is.","Nde enyi m m hụrụ na ẹnya, ẹɦụa ayị bụzu ụmụ Chineke, ihe ayị ka eje je-abụ aka afụtadụụrụgụ. Ọ bụ na ayị maarị na ya mgbem Karaịs je-abịa, na ayị je-adị ẹɦụm ọ dị maka na ayị je-ahụzu e nke ọ dị."
"All who have this hope in him purify themselves, just as he is pure.","Onye ọọbụla nworu ya olile-ẹnyaa, na-edebe onwoe ọcha ẹɦụm Karaịs yaoni dị ọcha."
"Everyone who sins breaks the law; in fact, sin is lawlessness.",Onye ọọbụla na-eme ihe ọjọọ na-emebi iwu maka na omume ihe ọjọọ bụ inufuru iwu isi.
But you know that he appeared so that he might take away our sins. And in him is no sin.,"Ọbụ na unu maarị na Karaịs bịarị ma o welehituem ihe ọjọọ aayị na ohu, yaoni adịkwanụgụ ihe ọjọọ dị a na ime."
No one who lives in him keeps on sinning. No one who continues to sin has either seen him or known him.,Ọ dịkwanụgụ onye yaa Karaịs bụzu nnanị ka na-anọje na omume ihe ọjọọ. Ọ dịkwanụgụ onye ka anọ na omume ihe ọjọọ hụworu e ẹnya ma ọ bụgụ marị onye ọ bụ.
"Dear children, do not let anyone lead you astray. The one who does what is right is righteous, just as he is righteous.","Ụmụ m m hụrụ na ẹnya, unu ekwekwe na onwonye je-etilu unu ihu. Onye na-eme ihe dị ma bụ onye na-eme ihe dị ma, ẹɦụm Karaịs yaẹkaa bụ onye na-eme ihe dị ma."
"The one who does what is sinful is of the devil, because the devil has been sinning from the beginning. The reason the Son of God appeared was to destroy the devil’s work.","Onye na-eme ihe ọjọọ bụ nwa Ekwensu, maka na Ekwensu yaoni hiriri na mbụ bụrụ onye ihe ọjọọ na ihu Chineke. Ihe mekwenuruni Ọkpara Chineke bịa na ụwa bụ ma ọ laa ọrụ Ekwensu na ohu na iyi."
"No one who is born of God will continue to sin, because God’s seed remains in them; they cannot go on sinning, because they have been born of God.","Ọ dịgị onye bụzu nwa Chineke ka je-anọ na omume ihe ọjọọ, maka na Chineke akụyewo onwoe ka akpụrụ ihe ubi na imie, nke je-emezu onye ọ bụ ka oomejejesi ihe ọjọọ maka na ọ bụzu nwa Chineke."
"This is how we know who the children of God are and who the children of the devil are: Anyone who does not do what is right is not God’s child, nor is anyone who does not love their brother and sister.","Ẹɦụa bụ nke ayị ga na-ama nde bụzu ụmụ Chineke yaa nde bụ ụmụ Ekwensu: Onye ọọbụla eemegi ihe dị ma na ihu Chineke abụgụ nwa Chineke, ma ọbụgụ onye aahụgụ nwanie na ẹnya."
For this is the message you heard from the beginning: We should love one another.,Ihie bụ ozim unu nụrụ na mbụ mbụ: Na ayị kwesiri ịhụtarị ihe onwaayị na ẹnya.
"Do not be like Cain, who belonged to the evil one and murdered his brother. And why did he murder him? Because his own actions were evil and his brother’s were righteous.","Unu adịkwa ka Ken, onye bụrụ nwa Ekwensu, jiri ẹka a gbue nweriete nwoke Ebẹl. Ọ bụkwanụ gịnị meri ya o gbue ye? Ọ bụrụ maka na ihe o meri jọrụ njọ na ihu Chineke, ta nweriete mie nke dị ma."
"Do not be surprised, my brothers and sisters, if the world hates you.","Na ọ gbagwojukwe unu ẹnya ụmụnna, ma ya ọ bụrụ na nde ụwa ekwegi ihe uunu."
"We know that we have passed from death to life, because we love each other. Anyone who does not love remains in death.","Ayị maarị na ayị ehiwo na ọnwụ gabuge na ndụ, maka na ayị hụrụ ụmụnna na ẹnya. Onyem aahụgụ ibie na ẹnya ka anọm na ime ọnwụ."
"Anyone who hates a brother or sister is a murderer, and you know that no murderer has eternal life residing in him.","Onye eekwegi ihe nwanie bụ ogbu madụ, unu makwanụụrụ na ọ dịgị ogbu madụ je-ekete oke na ndụ agwụ-agwụ."
This is how we know what love is: Jesus Christ laid down his life for us. And we ought to lay down our lives for our brothers and sisters.,Ịhụ nke ayị garị marị ihe bụ ịhụnẹnya: Jisọs Karaịs weeri ndụ a chụa ẹja nwụhụchieri ayị ọnwụ. Ọ bụkọ nke ayị kwesiri iweri ndụ aayị chụa ẹja na isi ụmụnna.
"If anyone has material possessions and sees a brother or sister in need but has no pity on them, how can the love of God be in that person?","Onye ọọbụla nwo ihe, hụ nwa nnịa na ime Karaịs nọ na mkpa ahụgụ a onyimee ga ẹgaa je-asị na ịhụnẹnya Chineke dị a na ime?"
"Dear children, let us not love with words or speech but with actions and in truth.","Ụmụ m ihe wo dị m ma, na ayị ahụsị madụ na ẹnya na ogboro ọnụ yaa okwu ọnụ aayị yaanịa, kama na ayị gusifutee na ụmara na eziokwu."
This is how we know that we belong to the truth and how we set our hearts at rest in his presence:,"Ọ bụkwanụ nke ayị ga na-ama nke bụ eziokwu, bụkwanụrụ nke ayị ga na-eme na obu aayị deri duu na ihu e"
"If our hearts condemn us, we know that God is greater than our hearts, and he knows everything.","na mgbe ọọbụla obu aayị na-ama ayị ikpe. Maka na Chineke karịrị obu aayị, ọ matukwenuuru ihe ọọbụla."
"Dear friends, if our hearts do not condemn us, we have confidence before God","Nde enyi m m hụrụ na ẹnya, ya ọ bụrụ na obu aayị amagị ayị ikpe, ayị nworu obu ikike na ihu Chineke"
"and receive from him anything we ask, because we keep his commands and do what pleases him.","na ayị anata ihe ọọbụla ayị rịarị, maka na ayị na-eruberi e isi na-eme ihe dị a ma."
"And this is his command: to believe in the name of his Son, Jesus Christ, and to love one another as he commanded us.","Iwu ọ nịrị ayị bụkwanụ: ayị nworu ntụkwasịobu na ẹha Ọkpara a bụ Jisọs Karaịs, hụtarị onwaayị na ẹnya, dịka nke o ziri ayị ayị meje."
"The one who keeps God’s commands lives in him, and he in them. And this is how we know that he lives in us: We know it by the Spirit he gave us.","Nde bụ nde na-eruberi e isi bụ nde bu na imie, yaoni buru na ime wo. Ọ bụkwanụ Maa Nsọ ọ nịrị ayị meri ayị marị na o buzu na ime aayị."
"Dear friends, do not believe every spirit, but test the spirits to see whether they are from God, because many false prophets have gone out into the world.","Nde enyi m m hụrụ na ẹnya, unu anabatasị ihe oohu bụ ihe nke ime maa, kama letegilehee ka maa ọ bụ o him na Chineke, maka na ntụtụ nde amụma ụga ejuwo ụwa."
"This is how you can recognize the Spirit of God: Every spirit that acknowledges that Jesus Christ has come in the flesh is from God,","Ịhụ nke a ga na-amata maa nke hi na Chineke: maa ọọbụla kweteri na Jisọs Karaịs bịarị dịka madụ amaka hi na Chineke,"
"but every spirit that does not acknowledge Jesus is not from God. This is the spirit of the antichrist, which you have heard is coming and even now is already in the world.","ọbụ na maa ọọbụla eekwetegi na Jisọs bịarị dịka nke asị na ọ bịarị ehigi na ẹka Chineke. Ọ bụ a bụ ya maa nke ya onye-irom nke Karaịs unu nụworu na ọ bịataje na ụwa, bụ nke bịawokokwenuruni na ụwa ẹɦụọdị."
"You, dear children, are from God and have overcome them, because the one who is in you is greater than the one who is in the world.","Unuande, ụmụ m m hụrụ na ẹnya, unu bụ ndeke Chineke, unu emeriwokokwenu wo, maka na onye nọ na ime uunu karịrị onye nọ na ime ụwa."
"They are from the world and therefore speak from the viewpoint of the world, and the world listens to them.","Wo bụ nde hi na ụwa, na-ekwukokwenu ihe bayeri ihe nke ụwa, nde ụwa na-aŋakọkwanụ wo ntị."
"We are from God, and whoever knows God listens to us; but whoever is not from God does not listen to us. This is how we recognize the Spirit of truth and the spirit of falsehood.","Ayịande bụ ndeke Chineke, onye maarị Chineke na-egebe ntị na ihe ayị na-ekwu; ọbụ na onyem eehigi na Chineke egebegi ntị na ihe ayị na-ekwu. Ọ bụkwanụ nke ayị ga na-ama ya Maa Nsọm bụ onye eziokwu, yaa maam nke ya onye ụgam."
"Dear friends, let us love one another, for love comes from God. Everyone who loves has been born of God and knows God.","Nde enyi m m hụrụ na ẹnya, na ayị hụtarị onwaayị na ẹnya, maka na ịhụnẹnya hi na ẹka Chineke. Onye ọọbụla na-ahụ madụ ibie na ẹnya bụ onye bụ nwa Chineke, maarị onye Chineke bụ."
"Whoever does not love does not know God, because God is love.","Onyem aahụgụ madụ ibie na ẹnya, amagị onye Chineke bụ maka na Chineke bụ ịhụnẹnya."
This is how God showed his love among us: He sent his one and only Son into the world that we might live through him.,Ịhụ nke Chineke garị gusi na ọ hụrụ ayị na ẹnya: O duyeri Ọkpara a aanị o nwo yaanịa ya ọ bịa na ụwa ma ayị garị ẹka a nwote ndụ.
"This is love: not that we loved God, but that he loved us and sent his Son as an atoning sacrifice for our sins.","Ọ bụ a gusiri ịhụnẹnya na eziokwu: ọ bụgụ na ayị hụrụ Chineke na ẹnya, kama na Chineke hụrụ ayị na ẹnya, ya o duye Ọkpara a, ya ọ bịa bịa-eweri ndụ a chụa ẹja Chineke jiri gbaharị ayị ihe ọjọọ aayị na ohu."
"Dear friends, since God so loved us, we also ought to love one another.","Nde enyi m m hụrụ na ẹnya, ibe Chineke hụrụ ayị na ẹnya ya ẹɦụa, ayị kwesikoru ịhụtarị onwaayị na ẹnya."
"No one has ever seen God; but if we love one another, God lives in us and his love is made complete in us.","Ọ dịgị onye hụtụworu Chineke ẹnya; ọ bụ na ayị hụtarị onwaayị na ẹnya, ayị amarị na Chineke buzu na ime aayị, ayị aga ya ẹɦụm gusi na eziokwu na eziokwu na ịhụnẹnya Chineke zuru oke na ime aayị."
This is how we know that we live in him and he in us: He has given us of his Spirit.,"Ayị maarị na ayị bu na ime Chineke, Chineke buru na ime aayị, maka na ọ nịrị ayị Maa Nsọ a."
And we have seen and testify that the Father has sent his Son to be the Savior of the world.,"Ayị ahụtawoko, na-agba ama na Chineke Nna ziteri ọkpara a, ya ọ bịa na ụwa bịa-abụrụ Onye Nzọfụta nke ụmụ ụwa na ohu."
"If anyone acknowledges that Jesus is the Son of God, God lives in them and they in God.","Onye ọọbụla kweterini, gbaa ama na Jisọs bụ Ọkpara Chineke, Chineke buzu na ime onye ọ bụ, ya o buru na ime Chineke."
"And so we know and rely on the love God has for us. God is love. Whoever lives in love lives in God, and God in them.","Ayị maarị kweteko na Chineke hụrụ ayị na ẹnya, ta tụkwasị obu na ya. Chineke bụ ịhụnẹnya. Onye ọọbụla na-ahụ madụ ibie na ẹnya bu na ime Chineke, Chineke buru na imie."
This is how love is made complete among us so that we will have confidence on the day of judgment: In this world we are like Jesus.,"Ọ bụ nke ịhụnẹnya garị zueoke na ime aayị, ma ayị nworu nkwuwe okwu na ya izuku ikpem, maka na ayị dị ẹɦụm ọ dị na ụwaa."
"There is no fear in love. But perfect love drives out fear, because fear has to do with punishment. The one who fears is not made perfect in love.","Onye hụrụ madụ ibie na ẹnya adịgị ụjọ ọ na-ọsọ maka na-ahụtarị onwonye na ẹnya zuru oke na ewelehi ụjọ. Onye ọọbụla hụrụ madụ ibie na ẹnya na ibe o zuru oke adịsịgị ihe na-akpasu eni, maka na ọ bụ ọrịrị ntaram-ahụhụ cheri madụ na ihu na-ewete ụjọ."
We love because he first loved us.,Ayị na-ahụtarị onwaayị na ẹnya maka na Chineke bururi ụzọ hụ ayị na ẹnya.
"Whoever claims to love God yet hates a brother or sister is a liar. For whoever does not love their brother and sister, whom they have seen, cannot love God, whom they have not seen.","Onye ọọbụla sịnị, “A hụrụ m Chineke na ẹnya,” ta ka onye ọ bụ aahụ nwanie na ẹnya, bụ onye ụga. Maka na onye aahụgụ nwanie ọ na ọ hụ ẹnya na ẹnya ga ẹgaa je-aahụ Chineke ọọhụgụ ẹnya na ẹnya."
And he has given us this command: Anyone who loves God must also love their brother and sister.,Iwu Chineke nịkwanụrụ ayị bụ: Na onye ọọbụla hụrụ Chineke na ẹnya je-ahụkọrịrị nwanie na ẹnya.
"Everyone who believes that Jesus is the Christ is born of God, and everyone who loves the father loves his child as well.",Onye ọọbụla kweteri na Jisọs bụ ya Karaịsịm bụ nwa Chineke; onye ọọbụla hụrụ Nna na ẹnya hụkọrụ nwa a na ẹnya.
This is how we know that we love the children of God: by loving God and carrying out his commands.,"Ịhụ nke ayị ga na-ama na ayị hụrụ ụmụ Chineke na ẹnya: Mgbe ayị hụrụ Chineke na ẹnya, na-eruberi e isi ime ihe ọọbụla ọ nịrị na iwu."
"In fact, this is love for God: to keep his commands. And his commands are not burdensome,","Ihe bụkwanụ ịhụ Chineke na ẹnya bụ iruberi e isi, debe iwu e. Iwu Chineke abụụrụgụ ayị ivu ẹrọ."
"for everyone born of God overcomes the world. This is the victory that has overcome the world, even our faith.","Maka na onye ọọbụla bụ nwa Chineke na-emeri ụwa, ọ bụkwanụ okwukwe aayị na-eweteri ayị mmeri."
Who is it that overcomes the world? Only the one who believes that Jesus is the Son of God.,Onye bụ onye na-emeri ụwa? Ọ bụnwa onyem kweteri na Jisọs bụ Ọkpara Chineke.
"This is the one who came by water and blood—Jesus Christ. He did not come by water only, but by water and blood. And it is the Spirit who testifies, because the Spirit is the truth.","Ọ bụ a bụ ya onyem, jiri mini yaa mee bịa, bụ Jisọs Karaịs. Ọ bụdịgịnwa na o jiri mini yaanịa, kama o jikoru mee. Ọ bụkwanụ Maa Nsọ yaẹkaa na-agbarị ayị ama na ihie na ohu bụ eziokwu, maka na Maa Nsọ bụ onye eziokwu."
For there are three that testify:,Ọ dịkwanụm ụzọ ihe ẹtọ na-agba ama:
"the Spirit, the water and the blood; and the three are in agreement.","Wo bụ Maa Nsọ, mini yaa mee, woa ẹtọ na-agbakọtakwanụm ụzọ ama aanị."
"We accept human testimony, but God’s testimony is greater because it is the testimony of God, which he has given about his Son.","Ayị na-anabata ama madụ amaka gbarị, ọbụ na ama Chineke gbarị siri ike karịa ya, ọ bụkwanụ Chineke gbarị ama a bayeri Ọkpara a."
"Whoever believes in the Son of God accepts this testimony. Whoever does not believe God has made him out to be a liar, because they have not believed the testimony God has given about his Son.","Onye ọọbụla nworu ntụkwasịobu na ibe Ọkpara Chineke nọ na-enwo ọgbụgba ama na ime obu e. Onye ọọbụla eekwetegi na ihe Chineke kwuru emebewo Chineke onye ụga, maka na onye ọ bụ ekwetedigi ama Chineke gbarị bayeri Ọkpara a."
"And this is the testimony: God has given us eternal life, and this life is in his Son.","Ihie bụkwanụ ya amam Chineke gbarị: Chineke anịwo ayị ndụ agwụ-agwụ, ọ bụkwanụ na ime Ọkpara a bụ ibe ya ndụm dị."
Whoever has the Son has life; whoever does not have the Son of God does not have life.,Onye nwo ya Ọkparam nke Chineke nworu ndụ; onye eenwogu Ọkpara Chineke enwogu ndụ.
I write these things to you who believe in the name of the Son of God so that you may know that you have eternal life.,"Ana m ederi unuande kweri na ẹha nke ya Ọkpara nke Chinekem, ma unu marị na unu nwozu ndụ agwụ-agwụ."
"This is the confidence we have in approaching God: that if we ask anything according to his will, he hears us.","Ihie bụkwanụ ihe na-anị ayị obu isike ijekwute Chineke, maka na ayị maarị na ọ na-ọnụ ihe ọọbụla ayị rịarị a na ekpere bụ uche obu e."
And if we know that he hears us—whatever we ask—we know that we have what we asked of him.,"Chineke na-anụ ihe ọọbụla ayị rịarị a, ayị makọrụ na Chineke na-anị ayị ihom ayị rịarị a na ekpere."
"If you see any brother or sister commit a sin that does not lead to death, you should pray and God will give them life. I refer to those whose sin does not lead to death. There is a sin that leads to death. I am not saying that you should pray about that.","Onye hụrụ nwanna na-eme ihe ọjọọ aabụgụ ọmụanịm na-edubee na ọnwụ, na onye ọ bụ arịa Chineke na ekpere na isi nwanna ọ bụ na Chineke anị a ndụ. Ana m ekwu bayeri ndem na-eme ihe ọjọọ aabụgụ ọmụanịm na-edubee na ọnwụ. O nworu ihe ọjọọ na-edubee na ọnwụ nke ime maa. A sịgị m madụ kpie ekpere maka ya otue ọmụ."
"All wrongdoing is sin, and there is sin that does not lead to death.",Ihe aadịgị ma na ohu madụ meri bụ ihe ọjọọ na ihu Chineke; ọbụ na o nworu ihe ọjọọ eedubegi madụ na ọnwụ.
"We know that anyone born of God does not continue to sin; the One who was born of God keeps them safe, and the evil one cannot harm them.","Ayị maarị na onye ọọbụla bụ nwa Chineke anagị anọgide na omume ihe ọjọọ; maka na ya Ọkpa[1]ram nke Chineke na-echebe wo, ka ya onye ihe ọjọọm bụ Ekwensu eenwo ike imeru wo ụhụ."
"We know that we are children of God, and that the whole world is under the control of the evil one.","Ayị maarị na ayị bụ ụmụ Chineke, na ụwa na ohu nọ na okpuru ọchịchị nke ya onye ọjọọ m bụ Ekwensu."
"We know also that the Son of God has come and has given us understanding, so that we may know him who is true. And we are in him who is true by being in his Son Jesus Christ. He is the true God and eternal life.","Ayị makọkwanụụrụ na ya Ọkparam nke Chineke abịawo bịa anị ayị ngọta ma ayị marị a mbụ ya ezibe Chinekem. Ayị nọzukwenu na ya bụ ya ezibe Chinekem, maa na Ọkpara a bụ Jisọs Karaịs. Ọ bụ a bụ ya ezibe Chinekem bụkọrụ ndụ agwụ-agwụ."
"Dear children, keep yourselves from idols.","Ụmụ m m hụrụ na ẹnya, unu we lehi onwuunu na okpukperi ẹrụsị"
Greetings,Ekele
"The elder, To my dear friend Gaius, whom I love in the truth.","ẹkwụkwọ mụoni bụ onye ichie, na-edejeri ezibe enyi m Gayọs, m hụrụ na ime ya eziokwum."
"Dear friend, I pray that you may enjoy good health and that all may go well with you, even as your soul is getting along well.","Enyi m, onye m hụrụ na ẹnya, ekpere m bụ na ihe gajeri gi nke ọma, na ụhụ dị gị ma na ị baa ụba dịka nke mkpụrụ o bu gu na-aba."
"It gave me great joy when some believers came and testified about your faithfulness to the truth, telling how you continue to walk in it.","Obu dịrị m ụtọ ọkam na mgbe nde ụmụnna ụfọdị bịarị bịa na-akpa nke unu garị weri ntụkwasịobi ya eziokwu kpaa na ẹnya, na-ebu ndụ uunu na ime ya eziokwu m."
I have no greater joy than to hear that my children are walking in the truth.,Ọ dịgị ihe ọzọ na-anị m obu-ụtọ karịa ịnụ na ụmụ m na-ebu ndụ na ụzọ eziokwu m.
"Dear friend, you are faithful in what you are doing for the brothers and sisters, even though they are strangers to you.","Enyi m m kweri ihie, onye kwesiri ntụkwasịobu na ọrụ a na ibe ụmụnna nọ na-agbayekoheegi na wo bụ nde unu eehidigi marị"
They have told the church about your love. Please send them on their way in a manner that honors God.,Wo akpatuoru nde chọchị nke i garị hụ wo na ẹnya. Biko yeri wo ẹka mekoteri wo na njem wo na ụzọ je-atọ Chineke ụtọ.
"It was for the sake of the Name that they went out, receiving no help from the pagans.","O bụ maka ya ẹham meri wo pavuru ya njemmu, ka ọọdi mgbe wo natarị eyemẹka ndem aamagị Chineke."
We ought therefore to show hospitality to such people so that we may work together for the truth.,"O kwesiri ekwesi na ayịande bụ ụmụ Chineke yeri nde dị ya ẹhụm ẹka, ma ayị tiyekote ẹka gbasaje ya oziọmaa nke bụ eziokwu."
"I wrote to the church, but Diotrephes, who loves to be first, will not welcome us.","Agbajeeri m nde chọchị ekwu- kwọ, ọbụ na Diotrọfẹs na-achọ na yaanịa bụrụ onye isi achọdịgị igebe ntị na ihe ayị na-ekwu."
"So when I come, I will call attention to what he is doing, spreading malicious nonsense about us. Not satisfied with that, he even refuses to welcome other believers. He also stops those who want to do so and puts them out of the church.","Mgbe m bịarị na mụ elebe ẹnya na ihom na ohu o na-omege, maa asịrị ọjọọm ọ na-ọkpaga bayeri ayị. Ta ka oozukweri eri, ka ookweko ịnabata ụmụnna. Taa nde na-anabata nde dị ya ẹɦụm ya ọ chụfu wo na chọchị."
"Dear friend, do not imitate what is evil but what is good. Anyone who does what is good is from God. Anyone who does what is evil has not seen God.","Enyi m m kweri ihie, amunatakwa madụ ihe ọjọo, kama mụtaje nke ọma. Maka na onye na-eme ihe ọma bụ nwa Chineke. Onye na-eme ihe ọjọọ aka amagị Chineke."
"Demetrius is well spoken of by everyone—and even by the truth itself. We also speak well of him, and you know that our testimony is true.","Madụ oohu na-akpa ụbụbo ọma bayeri Demetrius, ya eziokwu m o ji na-ebu ndụ a na-agbakọ ama ọma bayeri e. Ayị na-agbakọ ama oma bayeri e; ị makọnụụrụ na ama aayị bụ eziokwu."
"I have much to write you, but I do not want to do so with pen and ink.","Aka m nwom ntụtụ ihe m je-ekwuru gu, ọbụ na achọgụ m na mụ eedie ye ede,"
"I hope to see you soon, and we will talk face to face.","Evu m na obu ịbịanyabanwu nke gi, mgbe m bịarị ayị akpaa ya ihu la ihu."
Peace to you. The friends here send their greetings. Greet the friends there by name.,Na udo nke Chineke dịrị gị.Nde enyi gi na ibie nọm na-ekele gi.Keletueri m madụ oohu na ụhụ-la-ụhụ na ya ibom.
"Jude, a servant of Jesus Christ and a brother of James, To those who have been called, who are loved in God the Father and kept for Jesus Christ:","ẹkwụkwọ Jud, nwaọrụ Jisọs Karaịs, bụrụ nwane Jems, dejeeri ndem bụ nde e kuru oku, Chineke Nna hụrụ na ẹnya, bụ nde o de- beri, na-ekpuchite na ime Jisọs Karaịs."
"Mercy, peace and love be yours in abundance.","Na onyimee, udo yaa ịhụnẹnya zueri unu oke."
The Sin and Doom of Ungodly People,Ikpe Na-eche Nde Ozizi ụga
"Dear friends, although I was very eager to write to you about the salvation we share, I felt compelled to write and urge you to contend for the faith that was once for all entrusted to God’s holy people.","Nde enyi m m hụrụ na ẹnya, ọ gụrụ m ẹgụ ideri unu ẹkwụkwọ bayeri nzọfụtam ayị nwokote, ọbụ na-ekpebuhudiri m ide ẹkwụkwọ a jayechedueri unu iguzosi ike jigidechee okwukwem e tiyeri na ẹka nde nsọ a."
"For certain individuals whose condemnation was written about long ago have secretly slipped in among you. They are ungodly people, who pervert the grace of our God into a license for immorality and deny Jesus Christ our only Sovereign and Lord.","Maka na ụfọdị ndem aamagị Chineke ederi ihe bayeri alam-na-iyi wo na ẹkwụkwọ Nsọ ezobetewo na etiti uunu. Nde na-asụgarị ozi bayeri ẹwụọma Chineke isi, werie mebe ka o na-okweye na ihe ọjọọ wo, na-agọnahị Jisọs Karaịs bụ Onyenwoayị yaa Nnadukwu aayị."
"Though you already know all this, I want to remind you that the Lord at one time delivered his people out of Egypt, but later destroyed those who did not believe.","Ọ bụ eezi na unu amaduworu ihie na ohu, achọrụ mnwa na mụ aarịtarị unu ihe meri ndem Onyenwoayị nafụtarị na ẹgbụ na Ijiputu, nke Onyenwoayị garị laa ndem eekwetedigi na ọ nọ na iyi."
"And the angels who did not keep their positions of authority but abandoned their proper dwelling—these he has kept in darkness, bound with everlasting chains for judgment on the great Day.","Unu rịtakọ nde maaozim aanọgidedigi na ọnọdụ wo na elugwe, nke Chineke garị kpaa wo ẹgbụ mgbe agwụ-agwụ debe na mkpọrọ na ime ẹtụlị, cheri ya oke Izuku Ikpem."
"In a similar way, Sodom and Gomorrah and the surrounding towns gave themselves up to sexual immorality and perversion. They serve as an example of those who suffer the punishment of eternal fire.","Ọ bụkọ nke ọ dịrị nde Sodom yaa Gomora, yeri ndem buru wo gburugburu nde nọrụ na-eme ihe ọjọọ dịga iche iche, na-enwo mmeko nwoke yaa nwanyị aabụgụ nde lụtaarį onwowo, maa nwoke yaa nwoke ibie inwokoge mmeko ka di la nyee. Nke ọkụ garị repie wo bụ ihe ise ẹka na ntị dịrị nde madụ oohu nke ntaram-ahụhụ na ọkụmaa aanyụhụgụ anyụhụ je-adị."
"In the very same way, on the strength of their dreams these ungodly people pollute their own bodies, reject authority and heap abuse on celestial beings.","Ọ bụkọ nke ya nde ọrọ nrọa na-emeru ụhụ wo, na-eleli ikike Chineke, na-ekwutoo, na- akparịkọga nde nsọ bu na elugwe."
"But even the archangel Michael, when he was disputing with the devil about the body of Moses, did not himself dare to condemn him for slander but said, “The Lord rebuke you!”","ọbụ na onye isi nde maaozi bụ Maịkẹl, na mgbe yaa Ekwensu na-azọtarį ozu Mosisi ọzụzọ adịdịgị mgbe o kpuheri ọnụ kwue ihe ọọbụla ikwuto gọbo Ekwensu ẹgụgọ. ọ sịrị anwa, ""Na Onyenwoayị bachie gi ẹnya!"""
"Yet these people slander whatever they do not understand, and the very things they do understand by instinct—as irrational animals do—will destroy them.","ọbụ na ya ndie na-ekpuheem ọnụ na-ekwuto ihe eedogegi wo ẹnya, ọọdịkọgụm ihe wo maarị bayeri e. Wo na-eme ka anụ ọhịaga na-emenwe ihe ọọbụla gbarị wo na obu, aadịgị ihe wo na-arị arị. Ọ bụkwanụ a bụ ihe na-evuteri wo alam-na-iyi."
Woe to them! They have taken the way of Cain; they have rushed for profit into Balaam’s error; they have been destroyed in Korah’s rebellion.,"Owu kwuru wo! Wo agawo ụzọm Ken garị; wo achọwo ụzọ akpata ihe ọjọọ dịka Balaam, wo alawoko onwowo na iyi maka nnufu isi wo dịka nke ọ dịrị Kora."
"These people are blemishes at your love feasts, eating with you without the slightest qualm—shepherds who feed only themselves. They are clouds without rain, blown along by the wind; autumn trees, without fruit and uprooted—twice dead.","Ya ndie ekwowo ẹnya rna ụgba, nde aasọgụ egwu bụ wo soru unu na-eri nri nke ịhụnẹnya na wo adịa ka ihe reri ure na etiti uunu, nde na akpanwa ụka ahịa ẹhọ wo. Wo dịka mini rujieri ibeaha eezogu ezo, ikuku na-evusesi; osisi soduerini woru, ta ka ọọmịta akpụrụ ọọbụla na mgbe ibie wo na-amịị, ehotekoteworu na ọgbaragwụ holehi, ya ọ nwụhụ nwụhụrịa ẹnya."
"They are wild waves of the sea, foaming up their shame; wandering stars, for whom blackest darkness has been reserved forever.","Wo dịka akpara na-atụ na oke ẹnyụm, ihe ọjọọ wo na-evute mmechu ihu na- esi tụụ. Wo dịka chichinda mga dafụr na ụzọ m e debeeri wo, Chineke debewooru ibom ẹtụlị sụrụ kelikeli je-adị rue mgbe agwụ-agwụ"
"Enoch, the seventh from Adam, prophesied about them: “See, the Lord is coming with thousands upon thousands of his holy ones","ẹnọch bụ onyem kwe madụ ẹsaa hite na Adam vuru amụma bayeri ya ndie aamagị Chineke na mgbe ọ sịri: ""ịhụa, Onyenwọayị bịanwa yaa nnụkwụrụ nnụ nde nsọ a,"
"to judge everyone, and to convict all of them of all the ungodly acts they have committed in their ungodliness, and of all the defiant words ungodly sinners have spoken against him.”","o je je-ekpe madụ oohu ikpe, na ọ ma ndem aamagị Chineke ikpe maka ihe ọjọọ na ohu wo meri, maa okwu ọjọọ na ohu ndem aamagị Chineke kwuru kwugidie."""
These people are grumblers and faultfinders; they follow their own evil desires; they boast about themselves and flatter others for their own advantage.,"Ndie bụ nde ntamu mgbe ọọbụla na-ahụtanwa ibe nde ọzọ meluru; mgbe ọọbụla na wo ejim onwowo na-aba mba, weri ọnụ ụtọ na-asa nde ọzọ isi ma wo nafụ wo ihe wo ji."
A Call to Persevere,Njaye Na Onyeaha Kwesi Ntụkwasịobu
"But, dear friends, remember what the apostles of our Lord Jesus Christ foretold.","Ọbụ, nde enyi m m hụrụ na ẹnya, unu rịta ihe ndeozi Onyenwoayị Jisọs Karaịs hiworu kwueri unu."
"They said to you, “In the last times there will be scoffers who will follow their own ungodly desires.”","Ọkwaa na wo sịrị unu, ""Na ya mgbe ọgwụgwụ ogem, a je-enwo ntụtụ nde madụ ji madụ ibe wo na-eme ihe ọchị, nde na-achọnwa ihom na-atọ wo ụtọ na ime amagị Chineke wo."""
"These are the people who divide you, who follow mere natural instincts and do not have the Spirit.","Ọ bụ wo bụ nde na-ewete nkewe na etiti uunu, nde na-agbasonwe ọchụchọ nke anụhụ wo na ndụ a, nde Maa Nsọ aanọgụ na ime wo."
"But you, dear friends, by building yourselves up in your most holy faith and praying in the Holy Spirit,","Ọbụ unuande, nde enyị m m hụrụ na ẹnya, unu wulite onwuunu guzosie ike na okwukwe na ụzọ kadụa nsọ, na-ekpe ekpere na ntụziẹka nke Maa Nsọ."
keep yourselves in God’s love as you wait for the mercy of our Lord Jesus Christ to bring you to eternal life.,"Unu daberi na ịhụnẹnya Chineke dịka nke unu na-echeri Onyenwoayị Jisọs Karaịs, onye je-ahụ ndekie onyimee nị unu ndụ agwụ-agwụ."
Be merciful to those who doubt;,"Ndem ka na-enwoge obu ẹbọọ, unu huje wo onyimee."
"save others by snatching them from the fire; to others show mercy, mixed with fear—hating even the clothing stained by corrupted flesh.","Unu zọfụta nde unu nworu-ike ka unu zọfụtarį nde ọkụ na-adụ; ta unu ahụ nde ọzọmga onyimee, ọbụ na unu je-akpacharị ẹnya uunu na unu adabakọkwa na omume ihe ọjọọ, na-asọkọgahaa uwe wo ye na ụhụ oyi nke ihe ndụ ọjọọ wo tetoworu."
"To him who is able to keep you from stumbling and to present you before his glorious presence without fault and with great joy—to the only God our Savior be glory, majesty, power and authority, through Jesus Christ our Lord, before all ages, now and forevermore!","Na otuto dịrị a, onyem nwo- ru ike ichebe unu na unu adakwa, guzobe unu na unu enwokwe ntụpọ, dịgị ibe unu gbarị ọrụ na ihu e dị ebube na oke obu-ụtọ, onyem yaanịa bụ Chineke Onye Nzọfụta aayị, onye dị ebube, dị ike; Onye ọchịchị isi oohu bụ nkie hiteri na mbido okike, hite na Jisọs Karaịs Onyenwoayị, dị ẹhụọdi, je-adịkwa rue mgbe agwụ-agwụ!"
Amen.,Amịn.
"Paul, a prisoner of Christ Jesus, and Timothy our brother, To Philemon our dear friend and fellow worker—also to Apphia our sister and Archippus our fellow soldier—and to the church that meets in your home:","ẹkwụkwọ Pọl nọ na mkpọrọ maka Karaịs Jisọs yaa Timoti nwane aayị nwoke, m na-edejeri, Filemọnụ ezibe enyi aayị bụkọrụ onye ọrụ ibe aayị, dejekoru Afịa bụ nwane aayị nwanyị, maa Akịpus onye aga ibe aayị, maa nde chọchị na ohu na-ezukote na ulo gu Filemonụ."
Grace and peace to you from God our Father and the Lord Jesus Christ.,Na ẹwụọma yaa udo nke Chineke bụ nnade aayị yaa Onyenwoayị bụ Jisọs Karaịs dịrị unu.
Thanksgiving and Prayer,Ekele Yaa Ekpere
"I always thank my God as I remember you in my prayers,  because I hear about your love for all his holy people and your faith in the Lord Jesus.","Ana m ekele Chineke mgbe ọọbụla m rịtarị unu na ekpere, maka na a nụwo m bayeri okwukwe unu nwo na ibe Onyenwoayị Jisọs nọ, yaa nke unu garị hụ ụmụ Chineke na ohu na ẹnya."
I pray that your partnership with us in the faith may be effective in deepening your understanding of every good thing we share for the sake of Christ.,"Ekpere m bụ na unu tiye uchu na nke unu ga na-emerikote ihe nke okwukwe ayịa unu, ma unu gọtachaa ihe ọmam na ohu ayị nwo na ime Karaịs."
"Your love has given me great joy and encouragement, because you, brother, have refreshed the hearts of the Lord’s people.","Nke ị garị nworu ịhụnẹnya na-anị m oke obu-ụtọ yaa agbam-ume, nwanna, maka na ị tụlitewo obu-ụtọ na etiti nde nsọ."
Paul’s Plea for Onesimus,Pọl Gororu Filemọnụ Maka Onesimọs.
"Therefore, although in Christ I could be bold and order you to do what you ought to do, yet I prefer to appeal to you on the basis of love. It is as none other than Paul—an old man and now also a prisoner of Christ Jesus—","ọ bụ a meri, na-agbayegi na enworu m ikike na ime Karaịs ịtụziri gi ẹka ihe i kwesiri ime, ọbụ na ana m egororu guhudi-maka ịhụnẹnya. Mụoni e bụ Pọl, bụ ezenze, bụkọkwanụrụ onye mkpọrọ Karaịs Jisọs."
"that I appeal to you for my son Onesimus, who became my son while I was in chains.","Ana m egoro gu na isi nwa m Onesimọs, onye m mụbatarị ka nwa na mgbe m nọ na mkpọrọ."
"Formerly he was useless to you, but now he has become useful both to you and to me.","Na mgbe mbụ, ọ dị-dịwaarịgị uru ọ baarị gị, ọbụ na ẹhụọdị ọ bawozuru mụa gị uru."
I am sending him—who is my very heart—back to you.,Ana m eduletecheri gi e. Obu m dikọtam na ibe ọ nọ.
I would have liked to keep him with me so that he could take your place in helping me while I am in chains for the gospel.,Eje m asįwaarį na mụa ya nọdụa nọ ọ nọchie isi gi yejeri m ęka ehụa m nọ na mkpọrọ maka oziọma.
"But I did not want to do anything without your consent, so that any favor you do would not seem forced but would be voluntary.","ọbụ na achọdįgi m ime gi ihe ọọbụla na azụ, maa ihe ọma ọọbụla i meri bụrụ ihe hi gim na obu, aabụgụ ihe ajakayeeri madụ ajakaye."
"Perhaps the reason he was separated from you for a little while was that you might have him back forever—no longer as a slave, but better than a slave, as a dear brother. He is very dear to me but even dearer to you, both as a fellow man and as a brother in the Lord.","O nworuri ike bụrụ maka ma gịa ya nọdụzuem tututu meri ya ọ habue gi ya ẹkamgbie sọhụga, ọ bụsịgịnwa ohu, kama ihe kazu ohu, ọ bụzu ezibe nwanna gị na ime Karaịs. ọ bụ onye ihie dịnaarį m ma, je-akakọrụ gụrị uru aba ẹhụọdị dịka madụ ta bụrụ nwanna na ime Onyenwoayị."
"So if you consider me a partner, welcome him as you would welcome me.","Ya ọ bụrụ na ị hụarị m ka onye gịa ya nọ na ozi, nabata Onesimọs ẹhụm ị je-ịnabata m."
"If he has done you any wrong or owes you anything, charge it to me.","Ya ọ bụrụ na o nwo ibe o me- joru gu ma ọ bụgụ ụgwọ o ji gi, gbayeri mu e na ama m kwụ gụ a."
"I, Paul, am writing this with my own hand. I will pay it back—not to mention that you owe me your very self.","ọ bụ m Pọl mụẹkam ji ẹka m na-agba ẹkwụkwọa, eje m akwụtu em. A magị m arịtarị gị na gịaẹka gị bụ ụgwọ i ji m."
"I do wish, brother, that I may have some benefit from you in the Lord; refresh my heart in Christ.","Evu m na obu, nwanna, na o nwom uru m je-erinete gi na ime Onyenwoayị, mee na obu dị m ụtọ na ime Karaịs."
"Confident of your obedience, I write to you, knowing that you will do even more than I ask.","Amaarị m na ị bụ onye na-erube isi merini m ji na-ederi gi ẹkwụkwọa, maka na o doru m ẹnya na i je-imekohee karia nke m rịarị gị."
"And one thing more: Prepare a guest room for me, because I hope to be restored to you in answer to your prayers.","Ihe ọzọkwakwa bụ, deberi m ọnụ-ulo nde ẹbịa na ulo gu maka na enwo m olile-ẹnya na Chineke je-aza ekpere gi me na mụ abịa nke gi."
"Epaphras, my fellow prisoner in Christ Jesus, sends you greetings. nd so do Mark, Aristarchus, Demas and Luke, my fellow workers.","ẹpafras, onye mụa ya nọ na mkpọrọ maka Karaịs Jisọs nọm na-ekele gi, maa Mak, maa Aristakus, maa Demas maa Luk nde orụ ibe m."
The grace of the Lord Jesus Christ be with your spirit.,Na ẹwụọma nke Onyenwoayị Jisọs Karaịs dịrị unu.
"Paul, an apostle of Christ Jesus by the will of God, To God’s holy people in Ephesus, the faithful in Christ Jesus:","Ọ bụ m Pọl, onyeozi Karaịs Jisọs hite na ọhụchụ Chineke, Ẹkwụkwọ m na-edejeri ụmụ Chineke nọ na Efesọs, bụ nde kwesiri ntụkwasịobu na iso Karaịs Jisọs."
Grace and peace to you from God our Father and the Lord Jesus Christ.,Na ẹwụọma yaa udo Chineke Nnade aayị yaa Onyenwoayị Jisọs Karaịs dirị unu.
"Praise be to the God and Father of our Lord Jesus Christ, who has blessed us in the heavenly realms with every spiritual blessing in Christ.","Na otuto dịrị Chineke bụ Nna nke Onyewoayị Jisọs Karaịs, Onye gaworu ẹka Karaịs weteri ayị ngọzi nke ime maa na ohu hi na elugwe."
For he chose us in him before the creation of the world to be holy and blameless in his sight.,"Ọ bụ Chineke họfụtarị ayị na mgbe aaka ekeheegi ụwa, na ayị bụrụ nde je-adị nsọ eenwogu nkọjọ ọọbụla na ihu e."
"In love he predestined us for adoption to sonship through Jesus Christ, in accordance with his pleasure and will—","Na ịhụnẹnya, Chineke kwadeberi ayị na ayị je-abụ ụmụ ọ garị nwa a Jisọs Karaịs mụbata, na nke ọ tọrụ a ụtọ, bụkọrụ ọchụchọ obu e."
"to the praise of his glorious grace, which he has freely given us in the One he loves.","Na o weteri e otuto maka ẹwụọma a di ebube, bụ nke ọ garị ẹka Onyem ọ hụrụ na ẹnya bụ ọkpara a me ya o ru ayị ẹka na amaka."
"In him we have redemption through his blood, the forgiveness of sins, in accordance with the riches of God’s grace that he lavished on us. With all wisdom and understanding,","Ayị nwoteri mgbafụta na ime Karaịs hite na mee ye, a gbaharị ayị ọjọọ aayị, na usoro nkw oke ẹwụọma Chineke ọ gbaarị ayị na ibe o hiri ne ọkam na amamihie ya ngọta."
"God made known to us the mystery of his will according to his good pleasure, which he purposed in Christ,","Chineke jiri amamihie yaa ngọta a kpuheeri ayi ihe omomi nke ụzọ a, bụ nketọrụ a ụtọ na omume, nke o hiworuri kwadebe imezu hite na ẹka Karaịs."
to be put into effect when the times reach their fulfillment—to bring unity to all things in heaven and on earth under Christ.,"Nke o je-otiye na ọrụ na mgbe ogie ruru, iwete ihe ọọbụla na ohu nke dị na elugwe maa na elụwa, na okpuru onye isi aanị, bụkwanụ Karaịs."
"In him we were also chosen, having been predestined according to the plan of him who works out everything in conformity with the purpose of his will,","Chineke họtari ayị na ime Karaịs dịka nke o hiworuri tụa na ọ je-ọdi, dịka nke ọ dị na atụmatụ yaoni bụ Chineke onye na-arụ ihe ọọbụla na ohu na nke evum na obu e yaa ọchụchọ a dị."
"in order that we, who were the first to put our hope in Christ, might be for the praise of his glory.",Ma a ga ẹhụm na ayịa ndie buru ụzọ nwoe olile-ẹnya na Karaịs bụrụ nde je-eweteri Chineke otuto na ime ịdị ebubie.
"And you also were included in Christ when you heard the message of truth, the gospel of your salvation. When you believed, you were marked in him with a seal, the promised Holy Spirit,","Unu bụkọ nde e tiyekoworu na ndeke Chineke ẹka unu nụrụ ya eziokwu nke oziọmam, bụ ihe e jiri zọfụta unu. Unu kweye na ya, nwoe ntụkwasịobu na ibe Karaịs nọ, Chineke weri Maa Nsọ a o kweri na nkwa kachie unu akara,"
who is a deposit guaranteeing our inheritance until the redemption of those who are God’s possession—to the praise of his glory.,"bụkwanụ yaa Maa Nsọm bụ onye mkpalẹka igusi na nkwa Chineke kweri ndekie je-eru ayị ẹka, na mgbafụta ndeke Chineke je-ezu oke, na e toe Chineke Onye dị ebube."
"For this reason, ever since I heard about your faith in the Lord Jesus and your love for all God’s people,","Ọ bụ a meri, ẹka m nụrụ bayeri otue okwukwe unu now na ibe Onyenwoayị Jisọs nọ, yeri otue ịhụnẹnya unu now na ibe ụmụ Chineke nọ,"
"I have not stopped giving thanks for you, remembering you in my prayers.","aka m nọm na-ekele Chineke maa unu, na-arịta unu na ekpere."
"I keep asking that the God of our Lord Jesus Christ, the glorious Father, may give you the Spirit of wisdom and revelation, so that you may know him better.","Ihe m na-arịa mgbe ọọbụla bụ na Chineke nke Onyenwoayị Jisọs Karaịs, Nna dị ebube, weri Maa nke amamihe yaa mkpuhe nịa unu machaarị onye Chineke bụ."
"I pray that the eyes of your heart may be enlightened in order that you may know the hope to which he has called you, the riches of his glorious inheritance in his holy people,","Ekpere m bụkọ na ime obu uunu mehee ma unu marị ihe bụ olile-ẹnya ihe Chineke kwobe ku unu, ihe bụ ya ihe omimim dị ebube o debeeri ndekie, wo je-eri na ekpe,"
and his incomparably great power for us who believe. That power is the same as the mighty strength,"na unu matakọ ya ikikem nke Chineke aadịgị ihe e ji na-atụyekoru e na ibe ayịande tụkwasịrị a obu nọ.Ya ikikem Chineke ji na-arhineke ji na-arụ ọrụ bụ ihe na-arụ ọrụ na ime ayị,"
"he exerted when he raised Christ from the dead and seated him at his right hand in the heavenly realms,","bụ ikike Chineke jiri me Karaịs ya o hi na ọnwụ pavuru, je-anịdụa ọdụ na ẹka ikenge yaoni bụ Chineke na ime elugwe."
"far above all rule and authority, power and dominion, and every name that is invoked, not only in the present age but also in the one to come.","Karaịs nọ na ibe dị na elu karịa ọchịchị isi ọọbụla, karịa ihe ọọbụla a na-echi echi: ọ bụgụnwa na ọnwa mbụ ụwa, kama maa na ọmụ mbụ ụwa ka je-abịanị."
"And God placed all things under his feet and appointed him to be head over everything for the church,","Chineke weri ihe ọọbụla na ohu debie na okpuru ọkpa, me ya ọ bụrụ a bụ isi ihe ọọbụla na ohu na chọchị,"
"which is his body, the fullness of him who fills everything in every way.","bụ ụhu a, ezumokie bụ onye na-emejufute ihe ọọbụla na ohu na ụzọ ọọbụla."
Made Alive in Christ,Ịdị Ndụ Na Ime Karaịs
"As for you, you were dead in your transgressions and sins,  in which you used to live when you followed the ways of this world and of the ruler of the kingdom of the air, the spirit who is now at work in those who are disobedient.","Na mgbe garị aga, unu bụrụ nde nwụhụrụ anwụhụ na ime ndụ ọjọọ uunu yaa enufuru Chineke isi, bụ otue ndụ unu nọrụ na-ebu maka na unu nọrụ na-eso ụzọ nke ụwa, nọdụa na okpuru onye ọchịchị nke eluwaa bụ Ekwensu, bụ maa nọ na ọrụ na ime ndem na ohu eerubeerigi Chineke isi."
"All of us also lived among them at one time, gratifying the cravings of our flesh and following its desires and thoughts. Like the rest, we were by nature deserving of wrath.","Ayị buwokoru ya otue ndụm na etiti wo na mgbe garị aga, na-egbo ẹgụ ihe ọjọọ na ohu gụrụ anụhụ aayị, hite na ime ihe ọọbụla gbabatarị ayị na obu. Dịka nde ọzọzọm, ayị burụ nde ikpe maworu nọrụ na-eche mgbe iweọkụ Chineke je-adakwasị ayi."
"But because of his great love for us, God, who is rich in mercy,","Ọbụ, maka oke ịhụnẹnya Chineke na ibe ayị nọ, onye na-ahụnarị onyimee,"
made us alive with Christ even when we were dead in transgressions—it is by grace you have been saved.,ya o me ayị dị ndụ ayịa Karaịs buwakwanụari nde nwụhụrụ anwụhụ na ime ihe ọjọo aayị. Ọ bụ ẹwụọma Chineke meri a zọfụta unu.
"And God raised us up with Christ and seated us with him in the heavenly realms in Christ Jesus,","Chineke kuvutekote ayịa Karaịs na ọnwụ, me ayị nọdụkọta ayịa Karaịs Jisọs na elugwe."
"in order that in the coming ages he might show the incomparable riches of his grace, expressed in his kindness to us in Christ Jesus.","Chineke meri e ya ẹhua ma o jiri e gusi ụmụ madụ na ụwa ka abịataje abịa ohihine ẹwụọma a hiri, nke o gusiri na obuọma o mesoru ayị na ọnwụ Karaịs Jisọs nwụhụụrụ ayị."
"For it is by grace you have been saved, through faith—and this is not from yourselves, it is the gift of God—","Maka na ọ bụ ewụọma Chineke meri a zọfụta ayị hite na ntụkwasịobu na ibe Karaịs nọ. Ọ hidigi unu na ẹka mbụ nzọfụta uunu, ọ bụ ihe Chineke yaẹkaa nịri na amaka."
"not by works, so that no one can boast.","Ọ bụdịgị ihe e meri na nke madu garị rụkebe ọrụ ike, na ọ dịkwa onye je-eji e baa mba."
"For we are God’s handiwork, created in Christ Jesus to do good works, which God prepared in advance for us to do.","Maka na ayị bụ ọrụ ẹka Chineke, nde e kegeriworu na ime Karaịs Jisọs ịrụ ọrụ ọma bụ nke Chineke hiworuri kie ye na ọ dị."
To be one in Christ,Ịbụ Nnanị Na Ime Karaịs
"Therefore, remember that formerly you who are Gentiles by birth and called “uncircumcised” by those who call themselves “the circumcision” (which is done in the body by human hands)—","Unu rịa na mgbe garị aga na unuande bụ nde aabụgụ nde Juu bụ nde a nọrụ na-ekuu ""Nde eesegi ọnụ-utu, mbụ ndem na-eku onwowo, ""Nde e seri ọnụ-utu,"" bụkwanụ ihe e meri na anụhụ."
"remember that at that time you were separate from Christ, excluded from citizenship in Israel and foreigners to the covenants of the promise, without hope and without God in the world.","Unu rịta na ya mgbem na unu bụrụ nde nọrụ na-ebu ndụ wo na amagi Karaịs, nde a kpafụrụ na obụbụ nde alị Izirẹlụ, bụrụ nde mba ọzọ eenwogu oke ọọbụla na nkwam nke ọgbụgbandụ Chineke kweri wo, bụrụ nde eenwogu olile-enya ọọbụla na ụwa, nwokogu Chineke."
But now in Christ Jesus you who once were far away have been brought near by the blood of Christ.,"Ọbụ ẹhụọdị unu nọzu na ime Karaịs Jisọs, unuande bụwaarị nde nọwaarịrị na ibe otele, abụworu nde e wenyebeworu hite na mee Karaịs."
"For he himself is our peace, who has made the two groups one and has destroyed the barrier, the dividing wall of hostility,","Maka na Karaịs yaẹkaa bụ udo aayị, maka na o mewo ayịa ẹbọọ bụzuru nnanị, hite na emebisi ihom na-akpa-oke na etiti aayị, ihom na-ewete nkewe nke esemokwu."
"by setting aside in his flesh the law with its commands and regulations. His purpose was to create in himself one new humanity out of the two, thus making peace,","Hite na ọnwụ a, Jisọs welehiri iwum a nịrị nde Juu, yaa me ẹhụa emekwe ẹhụa yaa ya yịrị. Ihe Jisọs kworu mie ye bụ, na o hi na ya ụzọ madụm ẹbọọ kefute madụ ohụụ, ga ya ẹhụm me na udo adị."
"and in one body to reconcile both of them to God through the cross, by which he put to death their hostility.","Karaịs keyeri na elu obe na mgbe ọnwụ a mebisie ihom bụ ee-kweteerigi ihe onwaayị, weri ayị dika nde aanị kpezie ayịa Chineke, me ka ịkpa oke aadịsị na etiti nde Juu woa nde mba ọzọ."
He came and preached peace to you who were far away and peace to those who were near.,"Jisọs weri oziọma nke udo jekwute unuande bụrụ nde nọrụrị Chineke na ibe otele bụ nde mba ọzọ bia-ezie, weteko oziọma nke udo bịa-ezie nde nọnyabanwa Chineke bụ nde Juu."
For through him we both have access to the Father by one Spirit.,"Maka ihe Karaịs rụrụ, ayị oohu, maa nde Juu, maa nde mba ọzọ, nwozuru ike ịbịakwute Chineke bụ Nna, na ike nke Maa Nsọ."
"Consequently, you are no longer foreigners and strangers, but fellow citizens with God’s people and also members of his household,","Ọ bụ a meri unuande abusịgị nde mba ọzọ aamagi ama, kama unu bụkọzu ndeke Chineke, sokozu na ezi-na-ulo Chineke."
"built on the foundation of the apostles and prophets, with Christ Jesus himself as the chief cornerstone.","Unu dizu ka ulo e wuliteri na ntọalị bụ ndeozi Karaịs, yaa nde amụma Chineke Ibe Karaịs Jisọs yaẹkaa bụ isi-osisi ji ya ulom."
In him the whole building is joined together and rises to become a holy temple in the Lord.,"Na ime Karaịs, ayi dịka ulo jikote ẹka, e wuru ya ọ bụrụ ulo nso nke Onyenwoayi"
And in him you too are being built together to become a dwelling in which God lives by his Spirit.,Na ime Karaịs unu bụkọzu ya ulom a na-ewu Chineke bu na imie hite na ike nke Maa Nsọ a
"Paul, the apostle to those who are not jews.",Pọl Onye Oziọma Nde Aabụgụ Nde Juu
"For this reason I, Paul, the prisoner of Christ Jesus for the sake of you Gentiles—","Ọ bụ maka unuande bụ nde aabụgụ nde Juu meri Karaịs Jisọs debe mụonie bụ Pọl, ka onye mkpọrọ a."
"Surely you have heard about the administration of God’s grace that was given to me for you, that is, the mystery made known to me by revelation, as I have already written briefly.","Asị na unu nụworu nke Chineke jiri ẹwụọma a nị m ọrụa, ịbụ onye oziọma uunu maka unu, dịka m gbatụụrụ unu na ẹkwụkwọ bayeri ihe dị omimi Chineke kpuheeri m."
"In reading this, then, you will be able to understand my insight into the mystery of Christ,","Mgbe unu na-agị ẹkwụkwọa, unu je-enwo ike gọta otue odudo ẹnya m nworu bayeri ihe omimi nke Karaịs."
which was not made known to people in other generations as it has now been revealed by the Spirit to God’s holy apostles and prophets.,Aaka adịtụgụ madụ e meri ya ọ marị a hite na ọgbọ nde garị aha ehụa Maa Nsọ kpuhewooru e ndeozi woa nde amụma Chineke dịga nsọ.
"6 This mystery is that through the gospel the Gentiles are heirs together with Israel, members together of one body, and sharers together in the promise in Christ Jesus.","Ya ihe omimie bụ: Na hite na oziọma, nan de aabụgụ nde Juu woa nde Izirẹlụ je-eri ekpe nkwa Chineke.Na woa nde Izirẹlụ abụzuru nnanị, soru kete oke nay a nkwam Chineke kweri ịgọzi ụmụ madụ hite na ẹka Jisọs Karaịs"
I became a servant of this gospel by the gift of God’s grace given me through the working of his power.,Chineke jiri ẹwụọma mie m onyeozi nke ya oziọmaa nke m ji ikike Chineke na-ezisee.
"Although I am less than the least of all the Lord’s people, this grace was given me: to preach to the Gentiles the boundless riches of Christ,","Na-agbayegi na ọ bụ m kadụa ahaba ẹka na ndekiw, Chineke gbaarị m ẹwụọma, nị m ikike izi nde aabụgụ nde Juu bayeri ngọzi Karaịs eenwogu ẹtụ."
"and to make plain to everyone the administration of this mystery, which for ages past was kept hidden in God, who created all things.","Chineke onye keri ihe ọọbụla na ohu nịrị m ikike ime na ihe omimi nke atụmatụ a, o vu na obu ẹkamgbe okike ụwa, doe ụmụ madụ ẹnya."
"His intent was that now, through the church, the manifold wisdom of God should be made known to the rulers and authorities in the heavenly realms,",Chineke meri e ya ẹhụm ma o jiri chọchị gusi ọchịchị isi oohu na elugwe ihe dị omimi nke amamihie.
according to his eternal purpose that he accomplished in Christ Jesus our Lord.,Ị bụkwanụ atụmatụa nke Chineke rụfụtarị eveum na obu e na ohu aagwụgụ agwụ o mezuru na Karaịs Jisọs Onyenwoayị.
In him and through faith in him we may approach God with freedom and confidence.,Ọ bụ iso Karaịs yaa inwo okwukwe na ibe ọ nọ bụ nke madụ je-aga nwoe obu ikike ịbịa na ihu Chineke.
"I ask you, therefore, not to be discouraged because of my sufferings for you, which are your glory.","Ọ bụ a meri m na-ajayeri unu, na obu adakwa unu mba maka ntaram-ahụhụaga m na-agabuge, ọ bụ maka ọdịma uunu."
A Prayer for the Ephesians,Ekpere Pọl Kpeeri Nde Efesọa
"For this reason I kneel before the Father,  from whom every family in heaven and on earth derives its name.","Ọ bụ maka ihie na ohu meri m na-egbusi ikpere na ekepre na ihu Chineke Nna, onye e hi na ẹka a ihe ọọbụla dị ndụ na elugwe maa na elụwa nwote ẹha woga."
"I pray that out of his glorious riches he may strengthen you with power through his Spirit in your inner being,","Ekpere m bụ na Chineke hite na ẹkụ na ụba a dị izize, weri ikike Maa Nsọ a dị ebube gbaa unu ume."
"so that Christ may dwell in your hearts through faith. And I pray that you, being rooted and established in love,",Na Karaịs hite na ntụkwasịobu unu now na ibe ọ nọ buru na ime obu uunu. Na unu bụrụ nde je-eguzosi ike na ime ịhụnẹnya
"may have power, together with all the Lord’s holy people, to grasp how wide and long and high and deep is the love of Christ,","Na unu nworu ikike, unua ụmụ Chineke na ohu gọta ọsịsa, mata ogologo ogologo, ịdị na elu yaa uhie uhie, matakọ ịdị ogbu nke ịhụnẹnya Karaịs."
and to know this love that surpasses knowledge—that you may be filled to the measure of all the fullness of God.,"Na unu mata ịhụnẹnya Karaịs aadịgị amatadụ, na unu bụrụ nde Chineke je-agbajufute na ngọzi e, na unu eju rọgọrọgọ."
"Now to him who is able to do immeasurably more than all we ask or imagine, according to his power that is at work within us,to him be glory in the church and in Christ Jesus throughout all generations, for ever and ever!","Na otuto dịrị Chineke, onye nworu ike ime ihe, karịkọhaa nke ayị nworu ike ịrịa ma ọ bụgụ rịa na obu aayị, hite na ikikie nọ na ọrụ na ime aayị, Otuto dịrị a na Chọchị yaana ime Karaịs Jisọs rue na ọgbọ oohu, rue mgbe agwụ-agwụ."
Amen.,Amịn.
"The lineage of Jesus Christ, son of David, David was the son of Abraham","Eriri Jisọs Karaịs nwa Devidi, Devidi bụrụ nwa Eburaham."
Abraham bore Issac,"Eburaham mụtarị Aịziki,"
Isaac bore Jacob,"Aịziki mụta Jekọb,"
Jacob bore Judah and his siblings,"Jekọb mụta Juda yaa ụmụ nnịawo ndikom,"
Juda bore Pẹrẹz and Zerah,"Juda mụta Pẹrẹz yaa Zera,"
Tamar was their mother,Tama bụrụ ne wo.
Pẹrẹz bore Hẹzrọn,"Pẹrẹz mụta Hẹzrọn,"
Hẹzrọn bore Ram,"Hẹzrọn mụta Ram,"
Ram bore Aminadab,"Ram mụta Amịnadab,"
Aminadab bore Nashon,"Amịnadab mụta Nashọn,"
Nashon bore Salmon,"Nashọn mụta Salmọn,"
Salmon bore Boaz,"Salmọn mụta Boaz,"
Their mother was Rahab,"niewo bụrụ Rehab,"
Boaz bore Obẹd,"Boaz mụta Obẹd,"
Their mother was Ruth,"niewo bụrụ Rut,"
Obẹd bore Jese,"Obẹd mụta Jese,"
Jesse bore King David,Jese mụta eze Devidi.
David bore Solomon,Devidi mụta Solomọnụ
His mother was his wife Uriah,"niewo bụwaarị nyee Uria,"
Solomon bore Rehoboam,"Solomọnụ mụta Rehobuam,"
Rehoboam bore Abijah,"Rehobuam mụta Abịja,"
Abijah bore Asa,"Abịja mụta Asa,"
Asa bore Jehoshaphat,"Asa mụta Jehoshafat,"
Jehoshaphat bore Joram,"Jehoshafat mụta Jehoram,"
Joram was the father of Uzziah,"Jehoram bụrụ nnade Uzia,"
Uzziah bore Jotham,"Uzia mụta Jọtam,"
Jotham bore Ahaz,"Jọtam mụta Ahaz,"
Ahaz bore Hezekiah,"Ahaz mụta Hezekaya,"
Hezekiah bore Manasseh,"Hezekaya mụta Manasẹ,"
Manasseh bore Amon,"Manasẹ mụta Amọn,"
Amon bore Josiah,"Amọn mụta Josaya,"
Josiah bore Jechoniah and his brothers,Josaya mụta Jekonayaa yaa ụmụ niewo ndikom.
It was when they deported the people of Israel to Babylon,"Ọ bụrụ na mgbem a lụgburu nde Izirẹlụ na aga, vufu wo je-edebe na Babịlọn."
After the exile to Babylon,"Mgbe e vufuduru wo je-edebe na ọnọdụ nde e meriri na aga na Babịlọn,"
Jechoniah was the father of Shealtiel,"Jekonaya bụrụ nnade Shiẹltiẹl,"
Shealtiel was the father of Zerubbabel,"Shiẹltiẹl bụrụ nnade Zerubabẹl,"
Zerubbabel was the father of Abịud,"Zerubabẹl bụrụ nnade Abịud,"
Abịud was the father of Eliakim,"Abịud bụrụ nnade Eliyakim,"
Eliakim was the father of Azọr,"Eliyakim bụrụ nnade Azọ,"
Azor was the father of Zadọk,"Azọ bụrụ nnade Zadọk,"
Zadok was the father of Achim,"Zadọk bụrụ nnade Akim,"
Achim was the father of Eliud,"Akim bụrụ nnade Eliud,"
Eliud was the father of Eleazar,"Eliud bụrụ nnade Elieza,"
Eleazar was the father of Matthan,"Elieza bụrụ nnade Matan,"
Matthan was the father of Jacob,"Matan bụrụ nnade Jekọb,"
Jacob was the father of Joseph who was the husband of Mary who bore Jesus who is called Christ,"Jekọb bụrụ nnade Josẹf bụrụ di Meri, onye mụtarị Jisọs a na-eku Karaịs."
Starting from the time of Abraham to the time of David was 14 generations,Hite na mgbe Eburaham rue na mgbe Devidi dị ọgbọ irile ẹnọ.
Starting from David to when the people of isreal were deported to Babylon were 14 generations,Hite na mgbe Devidi rue mgbe a lụgburu ụmụ Izirẹlụ na aga vulege Babịlọn dịkọm ọgbọ irile ẹnọ.
From when they went to Babylon to when Christ was born was also 14 generations,Hiteko na ya mgbe aga Babịlọnụm rue mgbe a mụrụ Karaịs dịkọm ọgbọ irile ẹnọ.
This is how the birth of Jesus Christ came about,Ẹɦụa bụ nke ọmụmụ Jisọs Karaịs garị gbaa:
His mother Mary was pledged to be married to Joseph,Nie bụ Meri bụ onye nwoke a na-eku Josẹf kụyeri ma ọlụa.
"But before they came together, she was found to be pregnant through the Holy Spirit.","Na mgbe wo aaka ebukotegi dịka di la nyee, a hụta na Meri dịzuru ime hite na ikike Maa Nsọ."
"Because Joseph her husband was faithful to the law, and yet did not want to expose her to public disgrace","Josẹf di Meri bụrụ onye ụmara-ọma, ka ọọchọkọ na o mechue Meri ihu na ọha."
he had in mind to divorce her quietly,Ya o kpebue na ọ je-ọtọm ụhụ wefu ẹka na Meri jijeri onwoe.
"But after he had considered this, an angel of the Lord appeared to him in a dream and said, “Joseph son of David, do not be afraid to take Mary home as your wife, because what is conceived in her is from the Holy Spirit. ","Mgbe ọ ka-ọnọm na-awụma nke ọ je-ọga mie ihe bụ uchie, maaozi Onyenwoayị jekwute e na nrọ sị a, “Josẹf nwa Devidi, asọsị ụjọ ịlụbata nyee gi Meri ulo, maka na imem ọ dị hi na ikike Maa Nsọ."
"She will give birth to a son, and you are to give him the name Jesus because he will save his people from their sins.”",O je-amụ nwa nwoke. Ẹha ị je-ịgụ a bụ Jisọs maka na o je-azọfụta ndekie na ihe ọjọọ wo.”
 All this took place to fulfill what the Lord had said through the prophet: ,Ihie na ohu gbarị ma ihe Onyenwoayị garị ẹka nde amụma kwue mezue:
"“The virgin will conceive and give birth to a son, and they will call him Immanuel” which means “God with us”","“Nwagbọgọ aaka amatụgụ nwoke je-adị ime, mụa nwa nwoke, na wo agụa ya Ịmanuẹl,” nke fụtarị, “Chineke nọ na etiti aayị.”"
"When Joseph woke up, he did what the angel of the Lord had commanded him","Mgbe Josẹf hi na ya ụram pavuru, ya o mie ẹɦụm ya maaozim nke Onyenwoayị ziri e."
He took Mary home as his wife,"Ya o je je-ekute Meri kulete na ulo e, lụrụ a ya ọ bụrụ nyee ye."
But he did not consummate their marriage until she gave birth to a son,"Ọbụ na ọ dịdịgị mgbe yaa ya nworu mmeko ka di la nyee tututu Meri mụa nwa, ya ọ bụrụ nwa nwoke."
And he gave him the name Jesus,Josẹf gụa ya Jisọs.
The wisemen visit jesus,Nde Amamihe Kpakwute Jisọs
After Jesus was born in Bethlehem in Judea during the time of King Herod,"Mgbe a mụrụ Jisọs na Bẹtlẹhẹm dị na Judia, ọ bụrụ Herọd nọrụ na-achị."
Wiseman from the east came to Jerusalem ,Nde amamihe hi na ọwụwa ẹnyanwụ bịa na Jerusalẹm.
"They asked, “Where is the one who has been born king of the Jews?","Wo bịa-ajụ, “Ndaa ya onyem a mụrụ je-abụ eze nde Juu?"
We saw his star when it rose and have come to worship him.,"Ayị hụrụ chichinda a na ọwụwa ẹnyanwụ, ayị bịa ma ayị kpọarị a isi na alị.”"
"After Jesus was born in Bethlehem in Judea, during the time of King Herod, Magi from the east came to Jerusalem","Mgbe Eze Herọd nụrụ ihe nde amamihie kwuru, ya o mekesie ye ụhụ, yaa madụ oohu nọ na Jerusalẹm."
"When he had called together all the people’s chief priests and teachers of the law, he asked them where the Messiah was to be born.","Herọd je-achịkọta nde isi ọchụẹja na ohu maa nde ozizi iwu Mosisi, na-ajụ wo ka ndaa ibe e je-amụ ya Karaịsịm."
"“In Bethlehem in Judea,” they replied, “for this is what the prophet has written:","Wo sị a, “Na Bẹtlẹhẹm dị na Judia, maka na ọ bụ ihe nde amụma deri na Ẹkwụkwọ Nsọ:"
"‘But you, Bethlehem, in the land of Judah, are by no means least among the rulers of Judah; for out of you will come a ruler who will shepherd my people Israel.’ ”","Gịoni Bẹtlẹhẹm dị na alị Juda, ọ bụgụ gụ kadụa ẹka ahaba na alị Juda oohu, maka na onye ọchịchị je-ehi na gị fụta,je-abụrụ ndeke m ụmụ Izirẹlụ onyena-azụ wo ka atụrụ.’ "
Then Herod called the Magi secretly and found out from them the exact time the star had appeared.,Ya mgbem Herọd kuhutecheeri nde amamihem na ọ jụtachaa wo mgbe wo hụrụ ya chichindam fụtarị.
"He sent them to Bethlehem and said, “Go and search carefully for the child.","Ya o dufu wo jee Bẹtlẹhẹm, sị wo, “Unu je-achọvụta ya nwatam a mụrụ."
"As soon as you find him, report to me, so that I too may go and worship him.”","Unu medue chọvụta a, unu bịa-ezie m hoohoo, ma mụoni"
"After they had heard the king, they went on their way,","Mgbe Eze Herọd kwuduuru wo, wo mekote garị na-eje."
the star they had seen when it rose went ahead of them until it stopped over the place where the child was.,"Ya chichindam wo hiri hụ na ọwụwa ẹnyanwụ fụtachakwaarị bịa-ebuteri wo ụzọ, jegem rue na ibom a mụrụ ya nwam, je eguzo na elu e."
"When they saw the star, they were overjoyed.","Mgbe wo hụrụ ya chichindam, obu dịrị wo ụtọ ọkam."
"On coming to the house where the star showed them, they saw the child with his mother Mary,",Wo rute na ya ulom ya chichindam kwụsịrị na elu e bịa-ahụ ya nwatam yaa nie Meri.
and they bowed down and worshiped him.,Wo huride kpọarị a isi na alị.
Then they opened their treasures and presented him with gift,Wo wete ihe wo jiri bịa nkie nị a.
"They gave him gold, frankincense and myrrh.","Wo nịrị a ọlaodo maa frankịnsẹnsị, yeri mẹẹ."
"And having been warned in a dream not to go back to Herod, they returned to their country by another route.",Chineke sie ya nde amamihem ẹka na ntị na nrọ wo alahachisikwe na nke Herọd je-ezie ye maka ya nwatam ẹɦụm ọ sịrị wo.
They used another route to return to their country.,Wo gazu ụzọ ọzọ na-ala ibe nke wo.
The Escape to Egypt,Agbalaga Ijiputu
"When they had gone, an angel of the Lord appeared to Joseph in a dream. “Get up,” he said, “take the child and his mother and escape to Egypt.","Mgbe ya nde amamihem larị, maaozi nke Onyenwoayị jekwute Josẹf na nrọ sị a, “Pavuru! Kuru nwatam yaa niewo gbala Ijiputu."
"Stay there until I tell you, for Herod is going to search for the child to kill him.”","Nọdụa na ya ibom tututu rue mgbe m je-ekwuru gu, maka na Herọd na-achọ ya nwatakịrịm ogbugbu.”"
"So he got up, took the child and his mother during the night and left for Egypt,","Josẹf him na ụra pavuru, kuru ya nwatam yaa niewo na-agbala Ijiputu na ya abalịm."
They stayed in Egypt until the death of Herod.,Wo nọgazum na Ijiputu tututu rue mgbe Herọd nwụhụrụ.
And so was fulfilled what the Lord had said through the prophet: “Out of Egypt I called my son.”,"Ya ọ bụrụ nke a garị ihe Onyenwoayị kwuru na ọnụ nde amụma mezue, “E hiwo m na Ijiputu kufute Nwa m nwoke.”"
"When Herod realized that he had been outwitted by the wise men, he was furious","Mgbe Herọd hụrụ na ya nde amamihem agọgbuwo e, iwe fụ a."
"he gave orders to kill all the boys in Bethlehem and its vicinity who were two years old and under, in accordance with the time he had learned from the Magi.","Ya ọ tụa iwu sị na e gbue ihe ọọbụla bụ nwoke a mụrụ na Bẹtlẹhẹm gbaa gburugburu, dị hite na ahọ ẹbọọ laa alị, bụ ahịaga mgbem nde amamihem sịrị a na wo hụrụ chichinda a na ibe nke wo na ọwụwa ẹnyanwụ."
Then what was said through the prophet Jeremiah was fulfilled:,Ya o me ihe onye amụma Jeremaya kwuru mezue.
"“A voice is heard in Ramah, weeping and great mourning, Rachel weeping for her children and refusing to be comforted, because they are no more.”","“Olu na-adaa na Rama, ẹkwa yaa oke asụm-ude,Rẹchẹl na-akwarị ụmụ a ẹkwaka ookwe na a kasie ye obu, maka na ụmụ a anwụhụduwo.”"
The Return to Nazareth,Agalata Na Nazarẹtị
"After Herod died, an angel of the Lord appeared in a dream to Joseph in Egypt  and said, “Get up, take the child and his mother and go to the land of Israel, for those who were trying to take the child’s life are dead.”","Mgbe Herọd nwụhụrụ, maaozi Onyenwoayị jekwute Josẹf na nrọ na Ijiputu, sị a, “Pavuru, kuru nwatam yaa niewo lahachi na Izirẹlụ maka na ndem na-achọwarị a ogbugbu anwụhụduwo.”"
" So he got up, took the child and his mother and went to the land of Israel.",Josẹf pavuru kuru ya nwatam yaa niewo lahachichee Izirẹlụ.
"But when he heard that Archelaus was reigning in Judea in place of his father Herod, he was afraid to go there.","Josẹf nụrụ na Akịlus nọ chiri isi nnịa Herọd na-achị na Judia, ụjọ ba a ịla Judia."
"Having been warned in a dream, he withdrew to the district of Galilee,","Maka na e seworu e ẹka na ntị na nrọ, ya o kuru wo na-ala ọnụmara Galili."
"he went and lived in a town called Nazareth. So was fulfilled what was said through the prophets, that he would be called a Nazarene.","Ya ọ laga alị Nazarẹtị imezu kweri ihe Chineke kwuru na ọnụ nde amụma sị, “E je-eku e onye Nazarẹtị"
John the Baptist Prepares the Way.,Oziọma Jọn Ome Baụtizim
"In those days John the Baptist came, preaching in the wilderness of Judea and saying, “Repent, for the kingdom of heaven has come near.”","Jọn ome baụtizim nọrụ na ọzara Judia na-ezi oziọma sị, “Unu chegeridue habue ụmara ọjọọ uunu, maka na mgbe Alịeze Elugwe je-abịa agbanyabafuwo.”"
This is he who was spoken of through the prophet Isaiah:,"Ọ bụ a bụ ya onyem onye amụma Ayịzaya kwuru bayeri sị,"
"“A voice of one calling in the wilderness, ‘Prepare the way for the Lord, make straight paths for him.’ ”","O nworu olu na-adaa na ọzara sị,‘Mechee okporo ụzọ Onyenwoayị, mie ụzọ a na ọ dị kpororo.’ ”"
"John’s clothes were made of camel’s hair, and he had a leather belt around his waist.",Uwe Jọn yeri bụrụ ẹkụ e jiri ẹjị ịnyanya ivu kwoe; ajị o jiri na-ekegide uwie bụrụ akpụkpọ anụ;
His food was locusts and wild honey.,nri e bụrụ igube yaa manụ ẹnwụ hi na ọhịa.
People went out to him from Jerusalem and all Judea and the whole region of the Jordan.,Ntụtụ madụ hi na Jerusalẹm maa Judia na ohu maa ọnụmara ẹnyụm Jọdan na ohu na-agba na-ejekwu Jọn na ọzara.
"Confessing their sins, they were baptized by him in the Jordan River.","Wo na-ekwufute ihe ọjọọ wo megeworu, Jọn na-eme wo baụtizim na ẹnyụm Jọdan."
"But when he saw many of the Pharisees and Sadducees coming to where he was baptizing, he said to them:","Mgbe Jọn hụrụ ntụtụ nde Farisii maa nde Sadusii ibe wo bịataje na ibe o na-ome nde madụ baụtizim, ya ọ sị wo,"
“You brood of vipers! Who warned you to flee from the coming wrath?,“Unua ụmụ nchikpọekie! Onye sị unu gbanahị iwe-ọkụ Chineke je-adakwasị nde madụ?
Produce fruit in keeping with repentance.,Unu mie ụmara ọma gu[1]siri na madụ ehiwo na omume ihe ọjọọ ya chegerie.
"And do not think you can say to yourselves, ‘We have Abraham as our father.’","Unu anọkwa na-asị onwuunu, ‘Ọkwaa na ayị nwo Eburaham na nna.’"
I tell you that out of these stones God can raise up children for Abraham.,"Na mụ eekwu-eri unu eziokwu, Chineke nworu ikike ime na mkpume achịvuru bụrụ ụmụ Eburaham."
"The ax is already at the root of the trees, and every tree that does not produce good fruit will be cut down and thrown into the fire.","Anyụnkụ atọgbọwokweri na ọgbaragwụ osisi, nke ọọbụla aamịtagị akpụrụ ọma na e gbutue ye tụbaa na ọkụ."
“I baptize you with water for repentance.,“Eji m mini amaka na-eme baụtizim igusi na madụ echegeriwo fụta na omume ihe ọjọọ.
"But after me comes one who is more powerful than I, whose sandals I am not worthy to carry.",Ọbụ na o nwo onye ka mnị bịatajeni. E rukoheegi m ịchịtarị a akpụkpọkpa.
He will baptize you with the Holy Spirit and fire.,Ọ bụ a je-eji Maa Nsọ yaa ọkụ mie unu nkie mbụ baụtizim.
"His winnowing fork is in his hand, and he will clear his threshing floor, gathering his wheat into the barn and burning up the chaff with unquenchable fire.","Ihe o ji je-ayọcha ihe ubie dị am na ẹka. Ya o jege na ibe o keye na-ayọcha a, na o weri nke bụ ezibe akpụrụ gbaa na ẹkpa pabaa na ọba, kpo[1]ru ndem bụ ẹhụrụ wụbaa na ọkụ aanyụhụgụ anyụhụ.”"
The Baptism of Jesus,Omume Jisọs Baụtizim
Then Jesus came from Galilee to the Jordan to be baptized by John.,Jisọs hi na Galili bịa na ẹnyụm Jọdan na Jọn mie ye baụtizim.
"But John tried to deter him, saying,","Jọn na-achọ na ọ kwụsị a, sị a,"
"“I need to be baptized by you, and do you come to me?”",“Ị bịarị na mụ emie gi baụtizim ibe ọ bụ mụoni kwesiri ịbịa na i mie m baụtizim?”
"Jesus replied, “Let it be so now; it is proper for us to do this to fulfill all righteousness.”","Jisọs sị a, “Hasịa ya na ọ dị ya ẹɦụm ẹɦụọdị. Ọ dị ma na ayị mezue ọchụchọ Chineke na ohu.”"
Then John consented.,Jọn kwezuu.
"As soon as Jesus was baptized, he went up out of the water.","E mefurum Jisọs baụtizim, ya o hi na ime mini nyikote."
"At that moment heaven was opened, and he saw the Spirit of God descending like a dove and alighting on him.","Elugwe kpuhee, ya ọ hụ Maa Nsọ ibe o hi na elugwe heride ka ẹkpala"
"And a voice from heaven said,","Olu hi na elugwe daa sị,"
"“This is my Son, whom I love; with him I am well pleased.”","“Onyie bụ Nwa m nwoke m hụrụ na ẹnya ọkam, ihie dịŋaarị m ma.”"
Jesus Is Tested in the Wilderness,Ọnwụnwa A Nwarị Jisọs
Then Jesus was led by the Spirit into the wilderness to be tempted by the devil.,"Maa Nsọ duru Jisọs na-eje na ọzara, ibe o keyeri Ekwensu nwaa ya ọnwụnwa."
"After fasting forty days and forty nights, he was hungry.","Mgbe Jisọs vuduru ọnụ na ekpere ihu abalị ẹbọọ, ehihe maa abalị, ezibe ẹgụ gidie."
"The tempter came to him and said, “If you are the Son of God, tell these stones to become bread.”","Ya onye ọnwụnwam bụ Ekwensu garị jekwute Jisọs bịa-asị a, “Ibe ị bụ ya Ọkparam nke Chineke, sị mkpumiega wo gọa buredi.”"
"Jesus answered, “It is written: ‘Man shall not live on bread alone, but on every word that comes from the mouth of God.’ ”","Jisọs sị a, “E deri e na Ẹkwụkwọ Nsọ sị, ‘Madụ amagị e jinwe ọtịta buredi yaanịa dị ndụ, kama ọ bụ hite na okwu ọọbụla hi Chineke na ọnụ.’ ”"
Then the devil took him to the holy city and had him stand on the highest point of the temple.,"Ekwensu dukwekweri e na-eje alị nsọ Jerusalẹm, duru e nyikoru ibe kakọta na elu na Oke Ulo Nsọ, sị a,"
"“If you are the Son of God,” he said, “throw yourself down.","“Ibe ị bụ ya Ọkparam nke Chineke, hi na ibie tụda onwogu."
"For it is written: “ ‘He will command his angels concerning you, and they will lift you up in their hands, so that you will not strike your foot against a stone.’ ”","E deri e na Ẹkwụkwọ Nsọ sị,“ ‘Chineke je-anị ndemaaozi e iwu bayeri gi,na wo je-eji ẹka wo parị gị,na ị kpọbukwe ọkpa na mkpume.’ ”"
"Jesus answered him, “It is also written: ‘Do not put the Lord your God to the test.’ ”","Jisọs sị a, “E dekoru e na Ẹkwụkwọ Nsọ sị, ‘Anwagile[1]kwe Onyenwoayị bụ Chineke gi ọnwụnwa.’ ”"
"Again, the devil took him to a very high mountain and showed him all the kingdoms of the world and their splendor.","Ekwensu dukwekweri e nyikoru ugwu aanị harị pagom na elu, je-egusikobie alịeze ụwa oohu dị iche iche, maa ẹkụ maa ọmọlọma wo oohu, sị a,"
"“All this I will give you,” he said, “if you will bow down and worship me.”",“Eje m anị gị ihie na ohu ị hụrụ ma gị kwe huride kpọarị m isi na alị.”
"Jesus said to him, “Away from me, Satan!","Jisọs sị a, “Fụ m na ihu Ekwensu!"
"For it is written: ‘Worship the Lord your God, and serve him only.’ ”","E deri e na Ẹkwụkwọ Nsọ sị, ‘Ọ bụ Onyenwoayị bụ Chineke gi bụ onye ị je-ịkpọrụ isi na alị, jieri yaanịa ozi.’ ”"
"Then the devil left him, and angels came and attended him.","Ekwensu habuzue Jisọs garị na-asọhụ, nde maaozi bịa na-ejeri e ozi."
Jesus Begins to Preach,Jisọs Malite Ozi E
"When Jesus heard that John had been put in prison, he withdrew to Galilee.","Mgbe Jisọs nụrụ na e gidewo Jọn ome baụtizim je-atụ mkpọrọ, ya ọ garị galata na Galili."
"Leaving Nazareth, he went and lived in Capernaum, which was by the lake in the area of Zebulun and Naphtali—to fulfill what was said through the prophet Isaiah:","Jisọs habue Nazarẹtị garị laga Kapanọm je-eburu. Kapanọm dị na agịga ẹnyụm dị na ọnụmara Zebulọn yaa Naftalị. Ọ bụ nke a garị ihe onye amụma Ayịzaya kwuru mezue, sịnị,"
"“Land of Zebulun and land of Naphtali, the Way of the Sea, beyond the Jordan, Galilee of the Gentiles—","“Alị Zebulọn yaa alị Naftalị, dị na ụzọ ma a kpọdaje ẹnyụm, na ndabu Jọdan,na Galili alị nde aabụgụ nde Juu na-ebuko,"
the people living in darkness have seen a great light; on those living in the land of the shadow of death a light has dawned.”,"ndem bụ nde buru na ẹtụlị, ahụwo oke ihe. Ndem buweeri na alị nke onyunyo ọnwụ, ihe achakwasịwo wo.”"
"From that time on Jesus began to preach,","Hite na ya mgbem, Jisọs malite na-ezise oziọma sị wo,"
"“Repent, for the kingdom of heaven has come near.”",“Unu chegeridue habue ụmara ọjọọ uunu maka na Alịeze Elugwe dịzunwe nso.”
Jesus Calls His First Disciples,Jisọs Họta Nde Na-eso Ụzọ Mbụ A
"As Jesus was walking beside the Sea of Galilee, he saw two brothers, Simon called Peter and his brother Andrew.","Mgbe Jisọs gajejeri na akwa ẹnyụm Galili, ya ọ hụ ụmụne ndikom ẹbọọ, Saịmọn a na-eku Pita yaa nwanie nwoke Anduru."
"They were casting a net into the lake, for they were fishermen.",Wo nọrụ na-ese ụgbụ maka na wo bụrụ nde ọkụ ụba.
"“Come, follow me,” Jesus said, “and I will send you out to fish for people.”","Jisọs sị wo, “Unu so m, eje m je-eme unu nde ọkụ na-akụta madụ.”"
At once they left their nets and followed him.,"Wo nọm na ya mgbem wụsị ụgbụ wo maa ntofo wo, pavuru so Jisọs."
"Going on from there, he saw two other brothers, James son of Zebedee and his brother John.","Ya o hi na ya ibom zọhụbatụ[1]rụ, ya ọ hụkwakwa ụmụne ndikom ẹbọọ ọzọ, Jems yaa Jọn, ụmụ Zebedii."
"They were in a boat with their father Zebedee, preparing their nets.",Woa nna wo Zebedii nọrụ na ụgbọ na-emeche ụgbụ wo.
"Jesus called them,and immediately they left the boat and their father and followed him.","Jisọs sị wo so e. Wo nọm na ya mgbem habue nna wo maa ụgbọ wo, pavuru so Jisọs."
Jesus Heals the Sick,Jisọs Gwọa Nde Ụhụka
"Jesus went throughout Galilee, teaching in their synagogues, proclaiming the good news of the kingdom, and healing every disease and sickness among the people.","Jisọs na-agakọba Galili na ohu, na-ezi ihe na ulo-ozuzu woga, na-ezise Oziọma bayeri Alịeze Elugwe, na-agwọ nde ụhụka nọrụ na etiti wo."
"News about him spread all over Syria, and people brought to him all who were ill with various diseases, those suffering severe pain, the demon-possessed, those having seizures, and the paralyzed; and he healed them.","Ude Jisọs deserehi na alị Siria na ohu. Nde madụ na-ekuteri e nde ụhụka wo dịgarị iche iche, maa nde maaọ-jọọ jigeri, nde ndakwụkwụ maa nde ẹnwụmaa, Jisọs na-agwọ wo."
"Large crowds from Galilee, the Decapolis, Jerusalem, Judea and the region across the Jordan followed him.","Ntụtụ madụ hiri na Galili maa na isi ogo iri a na-eku Dekapolis, maa Jerusalẹm, maa Judia, maa nde higeri na ndabu ẹnyụm Jọdan, bịa-esoru Jisọs."
Introduction to the Sermon on the Mount,Ozi E Keyeri Na Elu Ugwu Zie
"Now when Jesus saw the crowds, he went up on a mountainside and sat down.","Mgbe Jisọs hụrụ ntụtụ madụ gbakọtarị, ya ọ garị nyikoru na elu ugwu aanị je-anọdụa ọdụ."
"His disciples came to him, and he began to teach them.",Nde na-eso ụzọ a garị bịakwute e.
The Beatitudes,Ozizi Bayeri Nde Nwo Ezibe Obu-ụtọ
"He said:“Blessed are the poor in spirit, for theirs is the kingdom of heaven.","Jisọs malite na-ezi wo ihe sị, Ngọzi dịịrị ndem maarịna wo enwogu ihe nke ime maa,maka na Alịeze Elugwe bụ nke wo."
"Blessed are those who mourn, for they will be comforted.","Ngọzi dịịrị ndem nọ na erim-ụjụ, maka na a je-akasi wo obu."
"Blessed are the meek, for they will inherit the earth.","Ngọzi dịịrị ndem na-eweride onwowo alị,maka na wo je-eri elụwa na ekpe."
"Blessed are those who hunger and thirst for righteousness, for they will be filled.","Ngọzi dịịrị ndem ọ na-ọgụŋarị ẹgụ ime ụmara-ọma, maka na e je-eme na wo ahụ ihe wo chọrụ."
"Blessed are the merciful, for they will be shown mercy.","Ngọzi dịịrị ndem na-ahụ nde ọzọ onyimee, maka na a je-ahụkọ woande onyimee."
"Blessed are the pure in heart, for they will see God.","Ngọzi dịịrị ndem obu wo dị ọcha,maka na wo je-ahụ Chineke ẹnya."
"Blessed are the peacemakers, for they will be called children of God.","Ngọzi dịịrị ndem na-ekpe udo, maka na a je-eku wo ụmụ Chineke."
"Blessed are those who are persecuted because of righteousness, for theirs is the kingdom of heaven.","Ngọzi dịịrị ndem nde madụ na emegide maka na wo na-eme ụmara-ọma,maka na Alịeze Elugwe bụ nke wo."
"“Blessed are you when people insult you, persecute you and falsely say all kinds of evil against you because of me.","Ngọzi dịịrị gị mgbem nde madụ na-akparị gị, na-emegide gi, na-agabo gu ụga ihe ọjọọ dị iche iche maka na ị tụkwasịrị m obu."
"Rejoice and be glad, because great is your reward in heaven, for in the same way they persecuted the prophets who were before you.","Nwụrịa ọnwụ, na obu-ụtọ dị gị maka na ụgwọ-ọrụ gụ na ihu Chineke kpọrụ ẹdụm. Ọ bụ nke nde madụ megidegeri nde amụmam buru unu ụzọ bịa."
Salt and Light,Ozizi Maka Unu Yaa Ihe
“You are the salt of the earth.,Unu bụ unu nke elụwa.
"But if the salt loses its saltiness, how can it be made salty again?","Ọbụ naa unu hasịa ihe o jiri bụrụ unu, atọsịgị unu unu, e ji gịnị je-emekwekwe e na ọ bụrụ unu?"
"It is no longer good for anything, except to be thrown out and trampled underfoot.","Ọ dịsịgị ihe ọ dịkwa ma iji e me katakwa iweri e wụfụ ezi, na nde madụ azọtọsịa ya na ọkpa."
“You are the light of the world.,“Unu bụ ihe nke ụwa.
A town built on a hill cannot be hidden.,Obodo e wuru na mgbakwasịrị ugwu enwogu ezomi.
Neither do people light a lamp and put it under a bowl.,Ọ dịkwanụgụ onye na-amụye oriọkụ pabaa na okpuru ihe.
"Instead they put it on its stand, and it gives light to everyone in the house.",Kama a na-ọdọbaje oriọkụ na elu ihe ma onye ọọbụla nọ na ulo weri e hụje ụzọ.
"In the same way, let your light shine before others, that they may see your good deeds and glorify your Father in heaven.","Unu mee na ihe uunu chawaa na ihu ụmụ madụ, na wo jiri e hụta ọrụ ọma uunu, toe Nnade uunu bu na elugwe."
The Fulfillment of the Law,Ozizi Maka Iwu Mosisi
“Do not think that I have come to abolish the Law or the Prophets;,“Unu arịkwa na-abịarị m ịkagbu iwu Mosisi ma ọ bụgụ ihe nde amụma kwugeri.
I have not come to abolish them but to fulfill them.,"Waa, abịadịgị m wo akagbu, kama a bịarị m imezutum wo oohu."
"For truly I tell you, until heaven and earth disappear, not the smallest letter, not the least stroke of a pen, will by any means disappear from the Law until everything is accomplished.","Na nke bụ eziokwu, tututu na elugwe yaa elụwa agabuge, ọ dịgị ma akpụrụ ẹkwụkwọm kadụa ahaba ẹka, ma ọ bụgụ akara edemedem ka[1]dụa ẹka ahaba sọhụ na Iwu Mosisi tututu na-emezutuem ihe e deri na ya."
"Therefore anyone who sets aside one of the least of these commands and teaches others accordingly will be called least in the kingdom of heaven,","Onye ọọbụla mebiri ọmụ kadụa ẹka ahaba na ya iwuega, na-eziko nde ọzọ wo mebijeko iwu, je-abụ onye e kuru onye kadụa ẹka ahaba na Alịeze Elugwe."
but whoever practices and teaches these commands will be called great in the kingdom of heaven.,"Ọbụ na onye ọọbụla na erube isi na ibe iwu Mosisi dị, na-eziko nde ọzọ wo rubejekoru e isi je-abụ onye e kuru ẹkpọtọlọ na Alịeze Elugwe."
"For I tell you that unless your righteousness surpasses that of the Pharisees and the teachers of the law, you will certainly not enter the kingdom of heaven.","Maka na-asị m unu, ọ bụkwam ma ụmara-ọma uunu ọ karịrị nke nde Farisii woa nde na-ezi iwu Mosisi, ọ dịgị nke unu je-aga gabaa Alịeze Elugwe."
Murder,Ozizi Maka Iwe
"“You have heard that it was said to the people long ago, ‘You shall not murder, and anyone who murders will be subject to judgment.’","“Unu anụwo na a sịrị nde mgbe ichie, ‘Egbukwe madụ, onye ọọbụla gburu madụ na-ekpie ye ikpe.’"
But I tell you that anyone who is angry with a brother or sister will be subject to judgment.,"Ọbụ na-asị m unu, onye ọọbụla weeri nwanie iwe na-ekpie ye ikpe."
"Again, anyone who says to a brother or sister, ‘Raca ,’ is answerable to the court.","Ọzọkwa bụ, onye ọọbụla sịrị nwanie, ‘Raka’d na-akpụfụta a na ihu nde ichie."
"And anyone who says, ‘You fool!’ will be in danger of the fire of hell.","Ọbụ na onye sịrị madụ, ‘Gịa onye iberibie’ nọ na ntaram-ahụhụ ọkụmaa aanyụhụgụ anyụhụ."
"“Therefore, if you are offering your gift at the altar and there remember that your brother or sister has something against you,","“Ọ bụ a meri onye jiri ihe ọnịnị jije na ihu Chineke rịta na o nworu nwanie o meri ihe aadịgị ma,"
leave your gift there in front of the altar.,"onye ọ bụ je-ahabu ihe ọnịnị a na ihu ekwuẹjae,"
First go and be reconciled to them; then come and offer your gift.,"jekwuhee nwanie ọ bụ na yaa ya ekpezie, ta na ọ bịataje ọchụchụ ẹja a na ihu Chineke."
“Settle matters quickly with your adversary who is taking you to court.,"“Onye yaa madụ nwoteeri esemokwu hụụ na wo kpeziri hoohoo, na wo akpụfụkwa a na ulo ikpe."
"Do it while you are still together on the way, or your adversary may hand you over to the judge, and the judge may hand you over to the officer, and you may be thrown into prison.","Na ọ bụ ya o kwe wo dufu e na ulo ikpe, na ọkikpe wo eweri e ye na ẹka nde ọchịmkpọrọ, na wo eweri e dubee na mkpọrọ."
"Truly I tell you, you will not get out until you have paid the last penny.","Na eziokwu a sị m unu, ọ dịgị ma wo kwie hii na ya ulo mkpọrọm fụta tututu na ọ kwụtuem ihe wo boru e, ọ dịgị ma ọ kwụhọ ma ọ bụgụ afụ."
Adultery,Ozizi Maka Mmeko Nwoke Yaa Nwanyị Aalụtaarịgị Onwowo
"“You have heard that it was said, ‘You shall not commit adultery.’","“Unu nụrụ na a sị, ‘Onye ejekwe na nwanyị aabụgụ nyee ye.’"
But I tell you that anyone who looks at a woman lustfully has already committed adultery with her in his heart.,"Ọbụ na mụ aakarị unu, onye ọọbụla lekoheerinwe nwanyị ọzọ aabụgụ nyee ye ẹnya, ya ọ gụa ya na yaa ya nwoe mmeko, ejekoduwori na nwanyị ọ bụ na ime obu e."
"If your right eye causes you to stumble, gouge it out and throw it away.","Ya ọ bụrụ na ẹnya ikenge gi je-evuteri gi omume ihe ọjọọ, kpafụta a lọhue."
It is better for you to lose one part of your body than for your whole body to be thrown into hell.,Ọ kaarị gị ma na i lọhuru ẹkụkụ ụhụ gụ aanị kama a je-atụba ụhụ gụ oohu na ọkụmaa.
"And if your right hand causes you to stumble, cut it off and throw it away.","Ya ọ bụkwanụrụ ẹka ikenge gi je-edube gi na omume ihe ọjọọ, gbufu e lọhue."
It is better for you to lose one part of your body than for your whole body to go into hell.,Ọ kaarị gị ma na ị lọhuru ẹkụkụ ụhụ gụ aanị kama a je-atụba ụhụ gụ oohu na ọkụmaa.
Divorce,Ozizi Maka Achụfụ Nyee Madụ Na Ọ Lụsịgị A
"“It has been said, ‘Anyone who divorces his wife must give her a certificate of divorce.’","“A sịkọrụ, ‘Onye lụtụ nwanyị achọsịgị a ọlụlụ, ya ọ chụfụ a, kpekeyie ẹkwụkwọ na-egusi na ọ lụsịgị a.’"
"But I tell you that anyone who divorces his wife, except for sexual immorality, makes her the victim of adultery, and anyone who marries a divorced woman commits adultery.","Ọbụ na-asị m unu, onye ọọbụla chụfụrụ nyee ye, kpahakwaa na o gideri e yaa nwoke ọzọ, na-edube nyee ye na-ọgbụgba ọkwa. Onye ọọbụla jekwenuru jealụta nwanyị di e chụfụrụ na-eje na nyee onye ọzọ."
Oaths,Ozizi Maka Ọnwụnwụ Ihe
"“Again, you have heard that it was said to the people long ago, ‘Do not break your oath, but fulfill to the Lord the vows you have made.’","“Ọzọkwakwa, unu nụrụ na e kwuuru nnade oche uunu sị wo, ‘Onye anwụkwa ihe, kwe nkwa ihe ọ maarị na o jegi je-eme eme, kama onyeaha mezue nkwa o keyeri na ihu Chineke kwe.’"
"But I tell you, do not swear an oath at all:","Ọbụ na-asị m unu, onye anwụkwam ihe anwụ na ohu."
"either by heaven, for it is God’s throne;or by the earth, for it is his footstool; or by Jerusalem, for it is the city of the Great King.","Ejikwe elugwe nwụa ihe maka na ọ. Atakwarị madụ alị, ma ọ bụgụ jiri elụwa nwụa ihe maka na ọ bụ ibe awụkwasị ọkpa Chineke, jikwenugu Jerusalẹm nwụa ihe, maka na ọ bụ alị ya oke Ezem."
"And do not swear by your head, for you cannot make even one hair white or black.","Onye ejikwe isi e nwụa ihe, maka na ọ dịgị onye nworu ike ime ẹgbịsị isi e aanị na o due ndu ma ọ bụgụ chaa ụcha."
All you need to say is simply ‘Yes’ or ‘No’; anything beyond this comes from the evil one.,"Kama onye ọọbụla je-ekwu okwu, na, ‘Ẹẹ’ bụrụ ‘Ẹẹ’ na, ‘Waa’ bụrụ ‘Waa.’ Ya ọ gatam ya ẹɦụm, o hizu na ẹka ya onye ọjọọm."
Eye for Eye,Ozizi Maka Emewete Ihe
"“You have heard that it was said, ‘Eye for eye, and tooth for tooth.’","“Unu nụworu na a sịrị, ‘Onye dụpịa madụ ẹnya aanị, a dụpịakọ a ẹnya aanị, onye kụfụ madụ akpụrụ eze aanị, akụfụkọ a akpụrụ eze aanị.’"
"But I tell you, do not resist an evil person.","Ọbụ na-asị m unu, na ọ dịkwa mgbe unu je-eje agwata onye meri unu ihe ọjọọ imeri."
"If anyone slaps you on the right cheek, turn to them the other cheek also.","Onye jụ gụ ẹka na ntie, tụgarịfụrụ a ọmụ mbụ nti na ọ jụfụrụ."
"And if anyone wants to sue you and take your shirt, hand over your coat as well.","Madụ kufu gu na ulo ikpe je na-azọ uwe gi i ye, chịtakọrị uwe i ye na ime ụhụ gụ yekoru e."
"If anyone forces you to go one mile, go with them two miles.","Onye kwogide gi na ikike na i je-iso e jie ije maịnị aanị, soru e jie maịnị ẹbọọ."
"Give to the one who asks you, and do not turn away from the one who wants to borrow from you.","Onye rịarị gị ihe wetee nị a, anọmbekwe jụka onye bịarị gị agbanata nzi."
Love for Enemies,Ozizi Maka Ịhụ Nde-iro Gu Na Ẹnya
"“You have heard that it was said, ‘Love your neighbor and hate your enemy.’","“Unu nụworu na a sị, ‘Hụ onye ndịma gị na ẹnya, ahụkwa onye-iro gu na ẹnya.’"
"But I tell you, love your enemies and pray for those who persecute you, that you may be children of your Father in heaven.","Ọbụ na-asị m, hụ nde-iro gu na ẹnya! Kpejeri nde naakpagbu gu ekpere. Unu na-eme ya ẹɦụm, na unu abụrụ ụmụ Nnade uunu nọ na elugwe."
"He causes his sun to rise on the evil and the good, and sends rain on the righteous and the unrighteous.",Ọ bụ a na-eme anwụ na-etiri nde ọma maa nde ihe ọjọọ. Na-eme mini na-ezoru nde ụmara-ọma maa nde ụmara-ọjọọ.
"If you love those who love you, what reward will you get?","Unu na-ahụnwa nde hụrụ unu na ẹnya, ndaa ụgwọ-ọrụ dịịrị unu?"
Are not even the tax collectors doing that?,Ọ bụ na nde na-anarị nde Rom ụtụ takịsị emekogegi ya ẹɦụm?
"And if you greet only your own people, what are you doing more than others?","Ya ọ bụrụ nwa ụmụne uunu bụ nde unu kweri ihe wo, ndaa ihe unu na-eme nde ọzọ eemekogegi?"
Do not even pagans do that?,Ọ bụ na nde mba ọzọ aamagị Chineke emekogegi ya ẹɦụm?
"Be perfect, therefore, as your heavenly Father is perfect.","Ọ bụ a meri, unu je-ezuriri oke na ụmara-ọma ẹɦụm Nnade uunu nọ na elugwe zuru oke."
Giving to the Needy,Ozizi Maka Ịnị Ndem Ọọdịgị Nke Ọha Wo Ihe
“Be careful not to practice your righteousness in front of others to be seen by them.,"“Unu hụụ na unu emegi ụmara-ọma uunu na ihu ọha ma wo hụ unu, jaa unu ike."
"If you do, you will have no reward from your Father in heaven.",Unu me ya ẹɦụm ka Nnade uunu nọ na elugwe aakwụsị unu ụgwọ-ọrụ.
"“So when you give to the needy, do not announce it with trumpets, as the hypocrites do in the synagogues and on the streets, to be honored by others.","“Unu je-anị nde ọọdịgị nke ọha wo ihe, unu ahụkwa ofuike zie ọha ihe unu je-omume. Dịka nde mma ihu ẹbọọ na-eje na ulo-ozuzu, gakọba ibeaha na ohu ma nde madụ hụ ihe wo meri naje wo ẹka."
"Truly I tell you, they have received their reward in full.","Ana m ekwuru unu nke bụ eziokwu, wo anatatuwori ụgwọ-ọrụ wo."
"But when you give to the needy, do not let your left hand know what your right hand is doing,so that your giving may be in secret.","Ọbụ, unu je je-aanị nde ọọdịgị nke ọha wo ihe, unu ekwekwe na ẹka ibite uunu makọhaarị ihe ẹka ikenge uunu na-eme. Unu mie yeri na ezomi."
"Then your Father, who sees what is done in secret, will reward you.",Na Nnade uunu na-ahụtum ihe e megeri na ezomi je-akwụhachi unu ụgwọ-ọrụ.”
Prayer,Ozizi Bayeri Ekpere
"“And when you pray, do not be like the hypocrites, for they love to pray standing in the synagogues and on the street corners to be seen by others.","“Unu je je-ekpe ekpere, unu adịkwa ka nde mma ihu ẹbọọ. Wo na-achọje na wo je je-eguzo na ulo-ozuzu, maa na ẹkụkụ ụzọga, ibe nde madụ je-ahụ wo na wo na-ekpe ekpere."
"Truly I tell you, they have received their reward in full.","Ana m ekwuru unu nke bụ eziokwu, wo anatatuwori ụgwọ-ọrụ wo oohu."
"But when you pray, go into your room, close the door and pray to your Father, who is unseen.","Ọbụ unu je je-ekpe ekpere, unu gabaa, je[1]agụchibudo onwuunu ulo, kpieri Nnade uunu nọrị na ibe zoru ezo."
"Then your Father, who sees what is done in secret, will reward you.",Na Nnade uunu na-ahụtum ihe emegeri maa na ezomi akwụhachi unu ụgwọ-ọrụ.
"And when you pray, do not keep on babbling like pagans, for they think they will be heard because of their many words.","“Mgbe unu na-ekpekwenu ekpere, unu anọsị na-agụjasị agba ka nde mba ọzọ aamagị Chineke. Maka na wo na-arịị na ọ bụ wo kwue ntụtụ okwu na-anụ ekpere wo."
"Do not be like them, for your Father knows what you need before you ask him.","Unu emekwe ka wo, maka na Nnade uunu amatuworuri ihe bụ mkpa uunu mgbe unu aaka arịakọhaagị a."
"“This, then, is how you should pray:","“Ịhụ nke unu je-aga na-ekpe ekpere,"
"“Our Father in heaven, hallowed be your name, your kingdom come, your will be done, on earth as it is in heaven.","“ ‘Nnade ayị nọ na elugwe, na-asọfụrụ ẹha nsọ gụ, na ọchịchị gị bịa, na-emie uche gi na ụwa ẹɦụm e na-emie na elugwe."
Give us today our daily bread.,Nị ayị nri je-ezuru ayị nke izuha.
"And forgive us our debts, as we also have forgiven our debtors.","Gbaharị ayị ihe ọjọọ na ohu ayị meri gi,ẹɦụm ayị na-agbahakọrụ nde na-eme ayị ihe ọjọọ."
"And lead us not into temptation, but deliver us from the evil one. ’","Ekwekwe na ayị dabaa na ime ọnwụnwa, kama nafụta ayị na ẹka ya onye ọjọọm.’"
"For if you forgive other people when they sin against you, your heavenly Father will also forgive you.","Maka mgbe unu gbahaarị nde madụ ihe ọjọọ wo meri unu, na Nnade uunu nọ na elugwe agbaharị unu nke uunu mbụ ihe ọjọọ."
"But if you do not forgive others their sins, your Father will not forgive your sins.","Mgbe unu aagbahaarịgị nde madụ ihe ọjọọ wo meri unu, ka Nnade uunu nọ na elugwe aagbahakọrụ unu ihe ọjọọ uunu.”"
Fasting,Ozizi Maka Ovuvu Ọnụ
"“When you fast, do not look somber as the hypocrites do, for they disfigure their faces to show others they are fasting.","“Unu je-evu ọnụ, unu eje ewesiri ihu uunu gbanwụbadụa ka nde mma ihu ẹbọọ. Wo na-eweri ihu wo gbanwụbadụa ma nde madụ hụ wo marị na wo na-evu ọnụ."
"Truly I tell you, they have received their reward in full.","Na eziokwu, wo anatatuwori ụgwọ-ọrụ wo."
"But when you fast, put oil on your head and wash your face,","Ọbụ unu je-evu ọnụ, unu kwọchaa ihu uunu, wete manụ hue na isi uunu."
"so that it will not be obvious to others that you are fasting, but only to your Father, who is unseen; and your Father, who sees what is done in secret, will reward you.","Na ọ bụkwa na ẹnya nde madụ bụ ibe unu je-abụ nde na-evu ọnụ, kama na Nnade uunu nọ na elugwe aahụgụ ẹnya, na-ahụtum ihe emegeri maa na ezomi kwụhachi unu ụgwọ-ọrụ."
Treasures in Heaven,Ozizi Maka Akpado Ẹkụ Na Elugwe
"“Do not store up for yourselves treasures on earth, where moths and vermin destroy, and where thieves break in and steal.","“Unu akpadosiri onwuunu ẹkụ na elụwa, ibe ụtụ na-agba ma ọ bụgụ na ọ taa nkarafọ, na nde ohi ana-akụwasị ibeaha na-ezu."
"But store up for yourselves treasures in heaven, where moths and vermin do not destroy, and where thieves do not break in and steal.","Kama unu kpadoru onwuunu ẹkụ na elugwe, ibe ụtụ eemebisigi madụ ihe, ka ọọta nkarafọ, ka nde ohi aagbaka ulo zue ohi."
"For where your treasure is, there your heart will be also.",Maka na ọ bụ ibe ẹkụ madụ dị bụkọ ibe obu e je-adị.
“The eye is the lamp of the body.,“Ẹnya dịka oriọkụ na-eweteri madụ ihe na ụhụ a.
"If your eyes are healthy, your whole body will be full of light.","Ya ọ bụrụ na ẹnya gị ana-ahụcha ụzọ, na ihe eju gụ ụhụ na ohu."
"But if your eyes are unhealthy, your whole body will be full of darkness.","Ọbụ na ya ọ bụrụ na o nworu ihe meri gi na ẹnya, na ị marị na ụhụ gụ na ohu je-anọ na ẹtụlị."
"If then the light within you is darkness, how great is that darkness!","Ya ọ bụrụ na ihe dị gị na ụhụ abụrụ ẹtụlị, ọ je ọ bụ ezibe oke ẹtụlị!"
“No one can serve two masters.,“Ọ dịgị onye je-enwochete nnadukwu ẹbọọ na akpa aanị.
"Either you will hate the one and love the other, or you will be devoted to the one and despise the other.","Maka na onye ọ bụ je-ekweriri ihe nnanị ka ookweihe ọmụanịm, ma ọ bụgụ na o na-ojecheri nnanị ozi na-eleli nnanịm ẹnya."
You cannot serve both God and money.,Ọ dịgị madụ je-emechete Chineke yaa ẹkụ na ụba nnịa ukwu na akpa aanị.
"“Therefore I tell you, do not worry about your life, what you will eat or drink; or about your body, what you will wear.","“Ọ bụ a meri m sị unu, onye adọgbusi onwoe bayeri ndụ a, bayeri ihe o je-ori yaa ihe ọ je-ọnwụ. Maa ọ bụgụ bayeri ụhụ a, ihe o je-oji yechie ụhụ a."
"Is not life more than food, and the body more than clothes?","Ọ bụ na ndụ akarịgị nri e ji na-azụ a, saa ụhụ ọ karịgị ihe e ji na-eyechi e?"
"Look at the birds of the air; they do not sow or reap or store away in barns, and yet your heavenly Father feeds them.","Unu letekwele nnụnụ na-ehegerige na elu. Ọ dịgị ibe wo kọyeri ubi, dịgị ọba wo deberi wo na-edebe ihe wo gọtarị na ubi, ọbụ na Nnade uunu nọ na elugwe na-azụ wo nri."
Are you not much more valuable than they?,Ọ bụ na unu akagị wo mkpa?
Can any one of you by worrying add a single hour to your life ?,Ndaa onye na ime uunu hite na-adọgbu onwoe nworu ike igbayeko ma ọ bụgụ abalị aanị na ndụ a?
“And why do you worry about clothes?,“Ndaa ihe merini unu na[1]adọgbu onwuunu maka ẹkụ oyiye?
See how the flowers of the field grow.,"Unu letekwele ẹwụwụ dịga na ọhịa nke wo na-eso,"
They do not labor or spin.,wo adọgbugu onwowo na ọrụ na-ekwo ẹkụ wo je-eye.
Yet I tell you that not even Solomon in all his splendor was dressed like one of these.,Ọbụ na Solomọnụ na nkwọkọ a na ohu maa ẹkụ a amakwudigi nnanị na ime wo na mma.
"If that is how God clothes the grass of the field, which is here today and tomorrow is thrown into the fire, will he not much more clothe you—you of little faith?","Ibe Chineke na eyechige ya ẹwụwụ aga bụ gị hụdụa yanwa taa, echi na-asụsịa ya wụbaa na ọkụ, ndaa nke oomogoyechi unuande? E meri ẹgaa okwukwe uunu ha tịkọọ?"
"So do not worry, saying, ‘What shall we eat?’ or ‘What shall we drink?’ or ‘What shall we wear?’","Unu anọsị na-adọgbu onwuunu na-asị, ‘Ndaa ihe ayị je-eri?’ ma ọ bụgụ, ‘Ndaa ihe ayị je-anwụ?’ ma ọ bụgụ, ‘Ndaa ihe ayị je-eye?’"
"For the pagans run after all these things, and your heavenly Father knows that you need them.",Maka na nde mba ọzọ aamagị Chineke bụ ihe wo na-adọgbu onwowo na-achọ. Nnade uunu nọ na elugwe amaduworu na ya ihie na ohu dị unu mkpa.
"But seek first his kingdom and his righteousness, and all these things will be given to you as well.","Kama unu buru ụzọ chọa Alịeze Chineke, yaa ụmara-ọma a, na ihe nde ọzọm na ohu abụzurunwe ịkpa ẹka nịa unu."
"34 Therefore do not worry about tomorrow, for tomorrow will worry about itself. Each day has enough trouble of its own.","34.   Ọ bụ a meri, unu adọgbukosi onwuunu bayeri ihe je-agba echi, maka na echi je-akpa ụka onwoe, unu ejisi ẹka uunu na-eweteyekoru onwuunu mmekesi ụhụ."
Judging Others,Ozizi Maka Ikpe Nde Ọzọ Ikpe
"“Do not judge, or you too will be judged.",“Ekpekwe nde ọzọ ikpe na e kpekokwe gịoni.
"For in the same way you judge others, you will be judged, and with the measure you use, it will be measured to you.","Maka na ọ bụ ẹka-ikpe ị tọyeeri onye ọzọ bụ ẹka-ikpe a je-atọyeri gi, ntụtụ i jiri tụarị onye ọzọ bụ ihe e je-eji tụarị gị."
“Why do you look at the speck of sawdust in your brother’s eye and pay no attention to the plank in your own eye?,“E meri ẹgaa ị na-ịhụ ẹhịhịara ngwọ dị nwane gi na ẹnya ta ka ịịhụ okpirikpi nkụ zetooru gịoni na ẹnya?
"How can you say to your brother, ‘Let me take the speck out of your eye,’ when all the time there is a plank in your own eye?","Ị ga ẹgaa je-asị nwane gi, ‘Bịa na mụ aahụfụ gụ ẹhịhịara ngwọ dị gị na ẹnya,’ ibe okpirikpi nkụ zetokwenuuru gịoni na ẹnya."
"You hypocrite, first take the plank out of your own eye, and then you will see clearly to remove the speck from your brother’s eye.","Gịa onye mma ihu ẹbọọnwa, buru ụzọ je-apalahịhaa okpirikpi nkụm zetooru gu na ẹnya ma ị hụchaa ụzọ welehi nwane gi ẹhịhịara ngwọ dị a na ẹnya."
"“Do not give dogs what is sacred; do not throw your pearls to pigs. If you do, they may trample them under their feet, and turn and tear you to pieces.","“Ewesiri ihe dị nsọ tụfụrụ nkịta , ma ọ bụgụ weri ihe baarị gị uru darị oke ọnụ ahịa tụfụrụ ezi. Wo je-azọtọsị a na ọkpa tụgarịkwaarị na-alụso gu ọgụ."
"Ask, Seek, Knock","Rịa, Chọa, Kụa Ẹka"
“Ask and it will be given to you; seek and you will find; knock and the door will be opened to you.,"“Rịa ihe ị chọrụ na a je-anị gị a, chọa na ị je-ịchọta, kụa ẹka na ụkpụkpanị a je-emeheri gi."
"For everyone who asks receives; the one who seeks finds; and to the one who knocks, the door will be opened.","Onye ọọbụla rịarịnị, a je-anị a ihe ọ rịarị, onye chọrụ ihe je-achọta, onye kụrụ ẹka na ụkpụkpanị na e meheeri e."
"“Which of you, if your son asks for bread, will give him a stone?","Ndaa onye na ime uunu nde bụ nna, nwa a je-abịa bịa arịa buredi na ọ pata mkpume payie?"
"Or if he asks for a fish, will give him a snake?",Ma ọ bụgụ nwa a je-asị ya ọ nị a ụba na ọ chịta agwọ chịyie na ẹka?
"If you, then, though you are evil, know how to give good gifts to your children, how much more will your Father in heaven give good gifts to those who ask him!","Ibe unuande bụ madụ, ihe ọjọọ juru ime maarị nke a ga na-anị ụmụ uunu ihe dị ma, ndazukwenue nke Nnade uunu onye nọ na elugwe aamagị anị nde rịarịanị ihe dị ma!"
"So in everything, do to others what you would have them do to you, for this sums up the Law and the Prophets.","Ọ bụ a meri, gị marị ihe nde madụ je-eme gi na ọ dị gị ma, mieri nde ọzọ. Ọ bụ a bụ nchịkọta iwu Mosisi na ohu maa ihe nde amụma kwuru."
The Narrow and Wide Gates,Ọnụ Ụzọ Dị Mkpamkpa Yaa Nke Sarị Asa
"“Enter through the narrow gate. For wide is the gate and broad is the road that leads to destruction, and many enter through it.","“Unu ga ọnụ ụzọm dị mkpamkpa gabaa, maka na ọnụ ụzọm sarị asa, ụzọ a dịa gbọọrịị na-edubee na alam-na-iyi, ntụtụ madụ na-agakwanụ a."
"But small is the gate and narrow the road that leads to life, and only a few find it.","Ọbụ na ọnụ ụzọm hanwa wagụụ, ụzọ a siko ike bụ nke na-edubee na ndụ agwụ-agwụ, ọ dịkwanụnwa akpụ[1]rụ madụ ole na-achọvụta a."
True and False Prophets,Osisi Yaa Akpụrụ Ọ Mịrị
"“Watch out for false prophets. They come to you in sheep’s clothing, but inwardly they are ferocious wolves.","“Unu kpacharị ẹnya maka nde amụma ụga. Wo na-emebenwe ka wo bụ atụrụ na elu ụhụ, ọbụ na ime wo, na wo abụrụ agụ owuru."
"By their fruit you will recognize them. Do people pick grapes from thornbushes, or figs from thistles?",Unu ma amata wo hite na ihe wo na-emege. Ọ dị onye na-eje na ọhịa obiogwu je-agọta akpụrụ ụkpụkpa ma ọ bụgụ ọchịgịcha?
"Likewise, every good tree bears good fruit, but a bad tree bears bad fruit.",Ezibe osisi ọọbụla je-amị ezibe akpụrụ; na osisi ọjọọ amịa akpụrụ ọjọọ.
"A good tree cannot bear bad fruit, and a bad tree cannot bear good fruit.","Ezibe osisi amagị amị akpụrụ ọjọọ, dịkọkwanụgụ ma osisi ọjọọ mịa ezibe akpụrụ."
Every tree that does not bear good fruit is cut down and thrown into the fire.,"Osisi ọọbụla aamịgị akpụrụ ọma, a je-egbutu e kpọa ọkụ."
"Thus, by their fruit you will recognize them.",Nke bụanị bụ na unu je-amata ya nde amụma ụgam hite na ihe wo na-emege.
"“Not everyone who says to me, ‘Lord, Lord,’ will enter the kingdom of heaven, but only the one who does the will of my Father who is in heaven.","“Ọ bụgụ madụ oohu na-asị m ‘Onyenwoayị, Onyenwoayị,’ je-agaba na Alịeze Elugwe, kama ọ bụ onye ọọbụla na-eme ihe Nna m nọ na elugwe chọrụ."
"Many will say to me on that day, ‘Lord, Lord, did we not prophesy in your name and in your name drive out demons and in your name perform many miracles?’Then I will tell them plainly, ‘I never knew you. Away from me, you evildoers!’","Na ya izukum, ntụtụ madụ je-asị m, ‘Onyenwoayị, Onyenwoayị, ọkwaa na ayị jiri ẹha gị na-evu amụma, na-achụfụkọga maaọjọọ jigeri nde madụ, rụkọgadụa ntụtụ ọrụ ebube na ẹha gị?’ 23Ya mgbem na mụ asị wo, ‘Ọ dịgị mgbe m mmaarị nde unu bụ; fụ m na ihu unuande ọrụ ihe ọjọọnwa!’"
The Wise and Foolish Builders,Ụzọ Ntọalị Ẹbọọ
“Therefore everyone who hears these words of mine and puts them into practice is like a wise man who built his house on the rock.,"“Onye ọọbụla nụrụ ihie m na-ekwu tiyie na ọrụ dịka onye maarị ihe jeri owuwu ulo e, je-ewukwesi e na elu mkpume."
"The rain came down, the streams rose, and the winds blew and beat against that house; yet it did not fall, because it had its foundation on the rock.","Mgbe mini ozuzo bịarị, oke okpukpo mini na-ekpo, ihuhe pavuru bịa-akwaŋaa ya ulom ta ka ọ da, maka na a tọrụ ntọalị ya ulom na elu oke mkpume."
But everyone who hears these words of mine and does not put them into practice is like a foolish man who built his house on sand.,"Ọbụ na onye nụrụ ihie m na-ekwu ta ka o mie eme dịka onye iberibe jeri owuwu ulo e, je-eweri enwe wukwesi na elu nvọẹja."
"The rain came down, the streams rose, and the winds blew and beat against that house, and it fell with a great crash.”","Mgbe mini bịarị bịa-ezoe, okpukpo mini bido, ihuhe pavuru bịa-akwaŋaa ya ulom, ya o kwe gbirigidi, kụa pịagapịaga.”"
"When Jesus had finished saying these things, the crowds were amazed at his teaching,","Mgbe Jisọs kwuduru ya ihie na ohu, ndem na ohu nụrụ ihe o ziri wo gbatụ na ẹka, ya o ju wo ẹnya."
"because he taught as one who had authority, and not as their teachers of the law.","Maka na Jisọs ziri wo ihe ka onye ihe docheri ẹnya, ọ bụgụ ka nde ozizi iwu Mosisi."
"When Jesus came down from the mountainside, large crowds followed him.","Mgbe Jisọs hi na ya elu ugwum kpọride, ntụtụ madụ sochie ye azụ."
"A man with leprosy came and knelt before him and said, “Lord, if you are willing, you can make me clean.”","Nwoke aanị ụhụọcha nọrụ na-eme garị bịa-egbusi ikpere na ihu Jisọs sị a, “Onyenwoayị, ya ọ bụrụnwa na o heri gi, i nworu ikike ime na ụhụọchaa ala m.”"
"Jesus reached out his hand and touched the man. “I am willing,” he said. “Be clean!” Immediately he was cleansed of his leprosy.","Jisọs setie ẹka detu ya nwokem sị a, “O heri m, nworu onwogu!” Na ya nzizi aanịm, ya nwokem bụzuru onye a gwọrụ ụhụọcha."
"Then Jesus said to him, “See that you don’t tell anyone. But go, show yourself to the priest and offer the gift Moses commanded, as a testimony to them.”","Jisọs sị ya nwokem a gwọrụ ụhụọcha, “Na ọ dịkwa onye ị na-ịkparị ihe merini. Garịm la ihuanị je-egusi nde ọchụẹja onwogu. Wete ihom iwu Mosisi kwuru na-anịje igusi na-agwọrụ madụ ụhụọcha. Na ọ bụrụ ihe ịgba ama na ihu ọha na-asachawo gụ.”"
The Faith of the Centurion,Onye Ọchịaga Nde Rom Nworu Okwukwe
"When Jesus had entered Capernaum, a centurion came to him, asking for help.","Mgbe Jisọs gabatarị Kapanọm, onye ọchịaga nde Rom aanị garị jekwute e, bịa na-egoro e sị a,"
"“Lord,” he said, “my servant lies at home paralyzed, suffering terribly.”","“Onyenwoayị, ẹnwụmaa anwụ-jisiwo nwaọrụ m ụhụ. Ọ tọgbọọrụrị na ulo na-ata ahụhụ.”"
"Jesus said to him, “Shall I come and heal him?”","Jisọs sị a, “Gaa na mụ eeje je-agwọa ya.”"
"The centurion replied, “Lord, I do not deserve to have you come under my roof. But just say the word, and my servant will be healed.","Ọbụ na ya onye ọchịagam sịrị Jisọs, “Onyenwoayị, erugu m eru ka onye i je-ịbịa na ulo e, kama keyenwe na ibie kwufu okwu na ihe na-eme nwaọrụ m alaga."
"For I myself am a man under authority, with soldiers under me. I tell this one, ‘Go,’ and he goes; and that one, ‘Come,’ and he comes. I say to my servant, ‘Do this,’ and he does it.”","Maka na mụoni nwom nde nọ m na elu na ọchịchị, nwokokwenuru nde aga nọ m na okpuru m na-achị. Onye m sị ‘Bịa na ibie,’ na ọ bịa, m sị onye ọzọ ‘Jee na ibom,’ na o jege. Nwa-ọrụ m m sị ‘Me ẹɦụa,’ na o mie ye.”"
" When Jesus heard this, he was amazed and said to those following him, “Truly I tell you, I have not found anyone in Israel with such great faith.","Mgbe Jisọs nụdụrụ ihe nwokie kwuru, ya o ju e ẹnya, ya ọ sị ndem soru eni, “Na eziokwu ọ dịgị onye m hụworu na Izirẹlụ nworu otue okwukwie nwokie nwo."
" I say to you that many will come from the east and the west, and will take their places at the feast with Abraham, Isaac and Jacob in the kingdom of heaven.","Ana m akacharị a unu, ntụtụ madụ je-ehi na ọwụwa ẹnyanwụ maa na ọdịda ẹnyanwụ, bịa-anọdụa na oriri woa Eburaham maa Aịziki yaa Jekọb na Alịeze Elugwe."
" But the subjects of the kingdom will be thrown outside, into the darkness, where there will be weeping and gnashing of teeth.”","Ọbụ na ndem kwesihudiri ịnọ na ya Alịezem je-abụ nde a je-achụfụ na wo eje je[1]anọdụa na ya ime ẹtụlịm, ibe ịkwa ẹkwa yaa ịta ikikere eze je-adị.”"
" Then Jesus said to the centurion, “Go! Let it be done just as you believed it would.” And his servant was healed at that moment.","Jisọs tụgarịa sị ya nwoke onye ọchịagam, “Laa, na e mieri gi e ẹɦụm i kweyeri na ọ je-ọdị.” Na ya mgbemkọm nwa-ọrụa nke nwokie nwote onwoe, ụhụ dịzu e ma."
Jesus Heals Many,Jisọs Gwọa Ntụtụ Madụ
" When Jesus came into Peter’s house, he saw Peter’s mother-in-law lying in bed with a fever.","Mgbe Jisọs gabatarị ulo Pita, ya ọ bụrụ ibe ne nyee ye zune na ugbo, ivoyi jiri e."
" He touched her hand and the fever left her, and she got up and began to wait on him.","Jisọs gidie na ẹka, gwọa ya ya ụhụkam. Ya ọ pa[1]vuru na-emegezuru eri ihe."
" When evening came, many who were demon-possessed were brought to him, and he drove out the spirits with a word and healed all the sick.","Mgbe o ruru na mgbẹnyasị, nde madụ na-ekuteri Jisọs nde maaọjọọ jigeri, Jisọs jiri okwu ọnụ a na-achụfụsị ya maaọjọọmga, na-agwọkọga nde ụhụ aadịgadịgị ma."
 This was to fulfill what was spoken through the prophet Isaiah: “He took up our infirmities and bore our diseases.”,"Ihie bụrụ iji mezue ihe onye amụ[1]ma Ayịzaya deri na Ẹkwụkwọ Nsọ sị, “O welehiwo ntaram-ahụhụ aayị, vulehi ụhụka aayị oohu.”"
The Cost of Following Jesus,Ihe O Je-ori Iso Jisọs
" When Jesus saw the crowd around him, he gave orders to cross to the other side of the lake.","MgbeJisọs hụrụ ntụtụ madụ gbarị a gburugburu, ya ọ sị na wo gabuge na ndabu ẹnyụm Galili."
" Then a teacher of the law came to him and said, “Teacher, I will follow you wherever you go.”","Onye ozizi iwu Mosisi aanị garị jekwute Jisọs bịa-asị a, “Onye ozizi, eje m eso gu je ibe ọọbụla i jije.”"
" Jesus replied, “Foxes have dens and birds have nests, but the Son of Man has no place to lay his head.”","Jisọs sị a, “Anụọhịa nwoge mkputu, nnụnụ nwogedueri ẹkwịnị, ọbụ na Nwa Nke Madụ enwogu ibe o na-ohibe isi.”"
" Another disciple said to him, “Lord, first let me go and bury my father.”","Onye ọzọ na nde na-eso ụzọ Jisọs sị a, “Onyenwoayị, na mụ ejehee je-akwadụhaa ozu nna m.”"
" But Jesus told him, “Follow me, and let the dead bury their own dead.”","Ọbụ na Jisọs sịrị a, “So m, hasịarị nde nwụhụrụ anwụhụ ozu na wo kwaje.”"
Jesus Calms the Storm,Jisọs Kwụsị Oke Akpara Mini
 Then he got into the boat and his disciples followed him.,"Mgbe Jisọs bayeri na ụgbọ, nde na-eso ụzọ a soko e baye."
" Suddenly a furious storm came up on the lake, so that the waves swept over the boat. But Jesus was sleeping.","E jehubeturu, oke uhuhe tụlie akpa[1]ra mini, nke na ụgbọ nọrụ na-achọ okpukpu. Ọbụ na Jisọs nọrụrị na ụra na ime ụgbọ."
" The disciples went and woke him, saying, “Lord, save us! We’re going to drown!”","Wo garị jege je-emetie ye sị, “Onyenwoayị, pavuru zọfụta ayị! Mini na-achọ ayị oriri!”"
" He replied, “You of little faith, why are you so afraid?” Then he got up and rebuked the winds and the waves, and it was completely calm.","Jisọs sị wo, “Ọ bụ gịnị meri unu na-asọ otue ụjọa? Unua ndie okwukwe wo eehigi ne.” Jisọs pavuru vachikote ya ihuhem maa akpara minim ẹnya, ibeaha daa pịam."
" The men were amazed and asked, “What kind of man is this? Even the winds and the waves obey him!”","Ya o jukote wo ẹnya ihe gbarịnị, wo sị, “Ọ bụ otue madụ gịnị dị ẹɦụa? Ihuhe maa akpara mini na-erubekogeri e isi.”"
Jesus Restores Two Demon-Possessed Men,Ọgwụgwọ Ndikom Ẹbọọ Maa Ọjọọ Jiri
" When he arrived at the other side in the region of the Gadarenes, two demon-possessed men coming from the tombs met him. They were so violent that no one could pass that way.","Mgbe wo dabugeri ndabu ya ẹnyụmmụ, na ọnụmara alị nde Gadara, nde dimkpa ẹbọọ maaọ-jọọ jiri hi na ọtụtẹja garị jekwute Jisọs. Wo dịrị ikike dị ọjọọ ọkam nke na ọ dịdịgị onye ụjọ na-ekwe ga ya ọtụtẹjam wo nọrụ ụzọ."
" “What do you want with us, Son of God?” they shouted. “Have you come here to torture us before the appointed time?”","Wo tie mkpu sị Jisọs, “Ndaa ihe ayịa gị jiko, Ọkpara Chineke? Ị bịawo ịta ayị ahụhụ mgbe ogie aaka erugu?”"
 Some distance from them a large herd of pigs was feeding.,O nworu igwe ezi nọrụ na ndaga ya ibom na-akpa nri.
" The demons begged Jesus, “If you drive us out, send us into the herd of pigs.”","Ya maaọjọọmga gororu Jisọs sị a, “Ya ọ bụrụ na ị je-achụfụta ayị na ime ndie ayị ji, chụba ayị na igwe ezimga.”"
" He said to them, “Go!” So they came out and went into the pigs, and the whole herd rushed down the steep bank into the lake and died in the water.","Jisọs sị wo, “Unu jee!” Wo hi na ime ya ndem wo jiri fụta je-agabadụa na ya igwe ezimga. Ya ezim na ohu chịsị ọsọ je-awụbaa na ime ẹnyụm, nwụhụdụa."
" Those tending the pigs ran off, went into the town and reported all this, including what had happened to the demon-possessed men.","Nde nọrụ na-achị ya ezimga kpefu ọsọ mgbe wo hụrụ ihe gbarịnị, garị je-akpaarị nde nọ na ezi ihe meri ya ezi womga maa ihe gbaarị ndem maaọjọọ jiri."
"Then the whole town went out to meet Jesus. And when they saw him, they pleaded with him to leave their region.","Ya nde alịm kwagbụkọ na-ejekwu Jisọs. Mgbe wo hụrụ a, wo gororu e sị a bikoo sọhụrụ wo na alị wo."
"Paul, a servant of Christ Jesus, called to be an apostle and set apart for the gospel of God—","Ọ bụ m Pọl, nwaọrụ Karaịs Jisọs, onye Chineke kuru ịbụ onyeozi Karaịs a họtarị izise oziọma bayeri Chineke na-ederi unu ẹkwụkwọa."
the gospel he promised beforehand through his prophets in the Holy Scripture,"Oziọma Chineke jiri nde amụma a kwe nkwa ẹkamgbe dịka nke e deri e na Ẹkwụkwọ Nsọ,"
"regarding his Son, who as to his earthly life was a descendant of David,","ihe bayeri Ọkpara a, onye bịarị na ụwa dịka madụ hite na eriri Devidi."
and who through the Spirit of holiness was appointed the Son of God in power by his resurrection from the dead: Jesus Christ our Lord.,Chineke gusiri na ọ bụ Ọkpara a hite na omumie na o hi na ọnwụ pavuru na ike nke Maa Nsọ: Jisọs Karaịs Onyenwoayị.
Through him we received grace and apostleship to call all the Gentiles to the obedience that comes from faith for his name’s sake.,"Chineke kwobe Jisọs Karaịs gusi ayị ẹwụọma a, me ayị bụrụ ndeozi Karaịs je-ekufute ntụtụ madụ na etiti nde aabụgụ nde Juu, na wo sokoru ruberi Chineke isi, nwoe ntụkwasịobu maka ẹha a."
And you also are among those Gentiles who are called to belong to Jesus Christ.,Unuande Rom sokozu na ya ndem Chineke kuru na unu bụkọzuru ndeke Jisọs Karaịs.
To all in Rome who are loved by God and called to be his holy people: Grace and peace to you from God our Father and from the Lord Jesus Christ.,"Ana m ederi unu oohu nde bu na Rom ẹkwụkwọa, bụ nde Chineke hụrụ na ẹnya, ku wo, ịbụ ndekie dị nsọ. Na udo yaa ẹwụọma Chineke bụ Nnade aayị yaa nke Jisọs Karaịs bụ Onyenwoayị dịrị unu."
Paul’s Longing to Visit Rome,Ya Ọ Gụa Pọl Ẹgụ Ije Rom
"First, I thank my God through Jesus Christ for all of you, because your faith is being reported all over the world.","Nke mbụ, aga m ẹka Jisọs Karaịs na-ekele Chineke m na isi uunu, maka a na-akpa ihe baye[1]ri okwukwe uunu na ụwa na ohu."
"God, whom I serve in my spirit in preaching the gospel of his Son, is my witness how constantly I remember you","Chineke, Onye m ji obu m na ohu na-ejeri ezise oziọma bayeri Ọkpara a, bụ onye ẹkebe m na ana m arịta unu"
in my prayers at all times; and I pray that now at last by God’s will the way may be opened for me to come to you.,"mgbe ọọbụla na ekpere. Ana m egororu Chineke ya ọ bụrụ na ọ chọrụ a, na o meheeri m ụzọ na mụ eenwo ike ịkpakwute unu."
I long to see you so that I may impart to you some spiritual gift to make you strong—,"Ọ na-ọgụ m ẹgụ ọkam ịhụ unu, ma m nwo ike weteri unu ụfọdị ihe ọnịnị nke ime maa, ma unu guzosie ike."
"that is, that you and I may be mutually encouraged by each other’s faith.",Ọ bụ ahịaga ma ayị gbatarị onwaayị ume na okwukwe ayị nwo.
"I do not want you to be unaware, brothers and sisters, that I planned many times to come to you (but have been prevented from doing so until now) in order that I might have a harvest among you, just as I have had among the other Gentiles.","Achọgụ m na unu amakwa, ụmụnna, na ọ dịwo akpa ntụtụ ẹkamgbe m hịhịadụrụ ma m bịa nke uunu. Ọbụ na o nwom ihe na-egbochu mụ eni tututu rute ẹɦụọdị. Obu m bụ ma m nwo ike kuteri Jisọs nde na-eso ụzọ a na etiti uunu ẹɦụm m nwoteduworu na mba ọzọga nde aabụgụ nde Juu."
"I am obligated both to Greeks and non-Greeks, both to the wise and the foolish.","Eji m mba oohu ụgwọ, maa nde bụ nde Giriki maa nde aabụgụ, maa nde maarị ihe maa nde aadịgị nke wo maarị."
That is why I am so eager to preach the gospel also to you who are in Rome.,Ọ bụ a meri Ẹkwụkwọ Pọl Dejeeri Nde Rom ọ na-ọgụsi m ẹgụ ike iziko unuande nọ na Rom oziọma. Ikike Oziọma
"For I am not ashamed of the gospel, because it is the power of God that brings salvation to everyone who believes: first to the Jew, then to the Gentile.","Izi oziọma adịgị m egwu, maka na ọ bụ a bụ ikike Chineke ji na-azọfụta ụmụ madụ, nde kwerini: hitehee na nde Juu ta na o rubeje nde aabụgụ nde Juu."
"For in the gospel the righteousness of God is revealed—a righteousness that is by faith from first to last, just as it is written: “The righteous will live by faith.”","Maka na ọ bụ na ime ya oziọmaa bụ ibe e kpuheri ụmara-ọma nke Chineke. Ọ dabeeri hite na isi rue na ọgwụgwụ na onwunwo okwukwe. Dịka nke e deri e na Ẹkwụkwọ Nsọ, “Nde ụmara-ọma je-adị ndụ hite na okwukwe wo.”"
God’s Wrath Against Sinful Humanity,Iwe-ọkụ Chineke Na Ibe Ụmụ Madụ Nọ
"The wrath of God is being revealed from heaven against all the godlessness and wickedness of people, who suppress the truth by their wickedness,","E hiwo na elugwe gusi iwe[1]ọkụ Chineke na ibe ụmụ madụ nọ, maka ihe ọjọọ wo yaa arụrụalị wo na-arụ, eekwegi na ya eziokwum bayeri Chineke fụta ihe."
"since what may be known about God is plain to them, because God has made it plain to them.",Iwe-ọkụ Chineke na-adakwasị wo maka na o gusituwo wo ihe ọọbụla wo kwesiri ịma bayeri Chineke.
"For since the creation of the world God’s invisible qualities—his eternal power and divine nature—have been clearly seen, being understood from what has been made, so that people are without excuse.","Hiteri na ẹkamgbe okike ụwa, ikikie aagwụgụ agwụ yaa ihom na ohu o jiri bụrụ Chineke, madụ eenwogu ike ịhụ ẹnya, Chineke emewo ahụtatuem nke wo dị. E nwo ike ịgọta wo hite na ihe oohu o keri eke, nke na madụ adịgị ihe o ji je-agọ ẹgụgọ na ihu Chineke."
"For although they knew God, they neither glorified him as God nor gave thanks to him, but their thinking became futile and their foolish hearts were darkened.","Na mgbe wo madụụrụm na ọ bụ a bụ Chineke, ka wo aasọfụrụ a ka Chineke, nịgị a otuto yaa ekele ruturu eni, kama ọrịrị wo bụrụ ihe amaka, obu iberibe wo techuhudue."
"Although they claimed to be wise, they became fools","Wo na-asị na wo bụ nde maarị ihe, ọbụ na wo bụ nde iberibe."
and exchanged the glory of the immortal God for images made to look like a mortal human being and birds and animals and reptiles.,"Kama wo je na-ekperi Chineke onye ebube aanwụhụgụ anwụhụ, wo je-apịtadụa ihe wo pịrị na oyiye madụ amaka na-anwụhụ anwụhụ, ma ọ bụgụ na ụdịdị nnụnụ, ma ọ bụgụ na ụdịdị anụ kwụ ọkpa, ma ọ bụgụ na ụdịdị ihe na-arịga arị, debe na-ekperi."
Therefore God gave them over in the sinful desires of their hearts to sexual impurity for the degrading of their bodies with one another.,Ọ bụ a meri Chineke wefuuru wo ẹka wo je-emeje nke dị wo ma. Wo wụjube na-eme ihe rụrụ arụ wo kpụtarị na obu wo. Wo na-enwo mmeko nwoke yaa nwanyị aalụtaarịgị onwowo.
"They exchanged the truth about God for a lie, and worshiped and served created things rather than the Creator—who is forever praised. Amen.","Wo tụgarịa eziokwu ihe oohu bayeri Chineke weri ụga bube ụzọ, je na-akpọrụ ihe e keri eke isi na alị, na-ejeri e ozi ta hasịa Onyem keri ihe ọọbụla. Onye yaanịa nwo otuto na ohu rue mgbe agwụ-agwụ. Amịn."
"Because of this, God gave them over to shameful lusts. Even their women exchanged natural sexual relations for unnatural ones.","Maka na wo meri ya ẹɦụm, Chineke habue wo wo dasiri na-eme ihe mmechu-ihu na-agụ wo ẹgụ na omume. Maa nde ụmụ nwanyị wo agbanwokoduwo mmekorite na nke o kwesiri ịdị, na-emezu nke aabụgụ anị."
"In the same way the men also abandoned natural relations with women and were inflamed with lust for one another. Men committed shameful acts with other men, and received in themselves the due penalty for their error.","Nde nwokeko habuzue inwo mmeko nwoke yaa nwanyị nke Chineke deberi e, na-achọzu nwoke ibe wo. Na nwoke yaa nwoke ibie ana-enwo mmeko ana-asọ egwu. Ọ bụ a meri wo na-anata ntaram-ahụhụ kwesiri woni maka omume ihe rụrụ arụ dịga ya ẹɦụm."
"Furthermore, just as they did not think it worthwhile to retain the knowledge of God, so God gave them over to a depraved mind, so that they do what ought not to be done.","Ọzọ bụ na maka na wo jụkarị ịmata ihe wo kwesiri ịma bayeri Chineke, Chineke habue wo wo na-akpụta ihe rụrụ arụ na obu wo gbagọrụ agbagọ na-eme. Na-eme ihe eekwesigi ekwesi na wo meri."
"They have become filled with every kind of wickedness, evil, greed and depravity. They are full of envy, murder, strife, deceit and malice. They are gossips,","Ụrụ alị dị iche iche ejuwo wo obu; ihe ọjọọ, ẹnya-ukwu yaa ndụ ọjọọ. Wo bụrụ nde ẹnyụhụ, nde na-egbu madụ, nde na-akpa oke, nde ụgọrọ, na-evuru madụ ibe wo ihe na obu, nde na-akpa asịrị,"
"slanderers, God-haters, insolent, arrogant and boastful; they invent ways of doing evil; they disobey their parents;","nde na-ekwuto madụ ibe wo, nde ihe Chineke aadịgị ma, nde na-akparị madụ, nde mpako yaa ọtamba, nde na-arịfụta nke a ga na-arụ alị na-efu eze elu, nde na-enufuru nde mụrụ wo isi,"
"they have no understanding, no fidelity, no love, no mercy.","nde amamihe kọrụ, eekwesigi na a tụkwasị wo obu, nde obu-ọjọọ, nde dị ụrụ aahatagị a ahata."
"Although they know God’s righteous decree that those who do such things deserve death, they not only continue to do these very things but also approve of those who practice them.","Wo amakọduworu ntụziẹka ọma nke Chineke, na ọnwụ na-eche nde na-eme ihe dị ya ẹɦụm, wo gaam na ihu na-eme ihe wo na-eme. Ka ọ bụnwa na wo na-emie kama wo na-akwagideko nde na-eme ihe dịga ya ẹɦụm."
God’s Righteous Judgment,Ikpe Nkwụm-ọtọ Chineke
"You, therefore, have no excuse, you who pass judgment on someone else, for at whatever point you judge another, you are condemning yourself, because you who pass judgment do the same things.","Unuande enwogu ngọfụ ọọbụla mgbe unu na-ekpe nde ọzọ ikpe na ihe ọjọọ wo na-eme. Maka na mgbem i kperi onye ọzọ ikpe, ikpe makọrụ gụ ibe ọ bụ na gịoni na-emeko ihom i kwoberi na-ekpe nde ọzọ ikpe."
Now we know that God’s judgment against those who do such things is based on truth.,Ayị maarị na Chineke ji eziokwu na-ekpe nde na-eme ihe dịga ya ẹɦụm ikpe.
"So when you, a mere human being, pass judgment on them and yet do the same things, do you think you will escape God’s judgment?","Unu na-arịị na unuande bụ madụ amaka na-emekoge ihe dị ya ẹɦụm, ta na-ekpe nde na-emieni ikpe je-agbanahị ikpe Chineke?"
"Or do you show contempt for the riches of his kindness, forbearance and patience, not realizing that God’s kindness is intended to lead you to repentance?",Saa unu na-eleli obuọma maa ndidi yaa nnagide Chineke na-enwo na ibe unu nọ; ọ bụ ahịaga na unu amagị na obuọma Chineke bụnwa ma unu nwo ike tụgarịa habue omume ihe ọjọọ?
"But because of your stubbornness and your unrepentant heart, you are storing up wrath against yourself for the day of God’s wrath, when his righteous judgment will be revealed.","Ọbụ maka na unu akpọwo ekwe nkụ, mechisie obu uunu ike meri iwe-ọkụ Chineke dị na-echeri unu na ya izuku iwe-ọkụm nke Chineke, mgbe e je-ekpuhe ikpe nkwụm-ọtọ a."
God “will repay each person according to what they have done.”,Na Chineke akwụa madụ oohu ụgwọ-ọrụ ihe oohu wo meri na ụwa.
"To those who by persistence in doing good seek glory, honor and immortality, he will give eternal life.","Ndem nọgideri na omume ihe ọma maka na wo nọrụ na-atụ ẹnya ebube yaa mpali elu maa anwụhụgụ anwụhụ, Chineke je-anị wo ndụ agwụ-agwụ."
"But for those who are self-seeking and who reject the truth and follow evil, there will be wrath and anger.","Ọbụ na ndem ihe bayeri onwowo dachiri obu, jụkarị ya eziokwum nke Chineke, na-ebu isi kpụlịkpụlị na omume ihe ọjọọ; Chineke je-eweri wo iwe, weri iwe-ọkụ a mesie wo ike."
"There will be trouble and distress for every human being who does evil: first for the Jew, then for the Gentile;","Ndem na ohu na-etiye ẹka na omume ihe ọjọọ je-ahụsi ẹnya, jie ihe ọkụ, hite na nde Juu bụ nde o je-obu ụzọ rube ta na ọ gazue ndem aabụgụ nde Juu."
"but glory, honor and peace for everyone who does good: first for the Jew, then for the Gentile.","Ọbụ na Chineke je-eji ebube, mpali elu yaa udo gọzie ndem na-eme ihe ọma: hitekweri na nde Juu bụ nde je-ebute ụzọ, ta na o zue nde aabụgụ nde Juu."
For God does not show favoritism.,Maka na Chineke elegi madụ ẹnya na ihu ma ya o kpefue ikpe.
"All who sin apart from the law will also perish apart from the law, and all who sin under the law will be judged by the law.","Nde aabụgụ nde Juu aamagị ihe bayeri iwum Chineke nịrị Mosisi, wo mie ihe ọjọọ na Chineke ekpie wo ikpe na-ejigi ya iwum. Taa nde Juu bụ nde a nịrị ya iwum, wo mie ihe ọjọọ na Chineke ejiri ya iwum kpie wo ikpe."
"For it is not those who hear the law who are righteous in God’s sight, but it is those who obey the law who will be declared righteous.","Maka na ọ bụgụ nde nụrụ ihe ya iwum kwuru bụ nde a na-agụye na nde ụmara-ọma na ihu Chineke, kama ọ bụ nde ruberi isi mie ihe e deri na iwu bụ nde a gụrụ na nde ụmara-ọma."
"(Indeed, when Gentiles, who do not have the law, do by nature things required by the law, they are a law for themselves, even though they do not have the law.","Maka na ya ọ bụrụ na nde aabụgụ nde Juu, bụ nde aanịdịgị ya iwum, akpụtam na obu wo mie ihe ya iwum chọrụ, ị hụgụ na wo abụworu nde deberi iwu, na-agbayegi na a nịdịgị wo iwu."
"They show that the requirements of the law are written on their hearts, their consciences also bearing witness, and their thoughts sometimes accusing them and at other times even defending them.)",Na ụmara wo egusiwo na-agbarị ihe ya iwum kwuru na ime obu wo. Ọ bụkọ nke obu wo je na-ama wo ikpe ma ọ bụgụ na-akarị wo na ihe wo meri dị ma.
"This will take place on the day when God judges people’s secrets through Jesus Christ, as my gospel declares.","Ihie na ohu je-afụta ihe na ya izukum, mgbe Chineke je-aga ẹka Jisọs Karaịs kpie madụ oohu ikpe. Wefutedue ihe oohu zoru ezo na ime obu ụmụ madụ dịka nke m ziri na oziọma m."
The Jews and the Law,Ihe Bayeri Iwu Yaa Nde Juu
"Now you, if you call yourself a Jew; if you rely on the law and boast in God;","A bịa na unuande na-eku onwuunu nde Juu; unu na-adaberi na iwu, na-aba mba na unu bụ ndeke Chineke;"
if you know his will and approve of what is superior because you are instructed by the law;,"unu amaduworu ihe bụ ọchụchọ Chineke, marị ihe dị ma yaa nke aadịgị ma na ihu e, maka na e ziri e unu na iwu."
"if you are convinced that you are a guide for the blind, a light for those who are in the dark,","Unu maarị, ya o due unu ẹnya na unu bụ nde na-edu ndem kpuru isi, bụrụ ihe dịrị ndem nọ na ẹtụlị,"
"an instructor of the foolish, a teacher of little children, because you have in the law the embodiment of knowledge and truth—","unu bụrụ nde na-akpaziche nde iberibe ihu, na-ezi ụmụrụma ihe, maka na unu nwo ya iwum bụ ezumoke nke amamihe yaa eziokwu."
"you, then, who teach others, do you not teach yourself? You who preach against stealing, do you steal?","Unuande na-ezi nde ọzọ ihe, unu ezikogu onwuunu? Unuande na-ezi nde ọzọ wo ezusi ohi, unu na-avụnarị nde madụ ihe wo?"
"You who say that people should not commit adultery, do you commit adultery? You who abhor idols, do you rob temples?","Unuande na-ezi nde ọzọ wo ejesi na nyee madụ, unu na-eje na nyee nde ọzọ? Unuande eekwegi ihe ẹrụsị, unu ejegi wo ezunete ihe ẹrụsị?"
"You who boast in the law, do you dishonor God by breaking the law?","Unuande na-aba na-anịrị unu iwu, unu na-eweteri Chineke mkparị hite na emebi ya iwum?"
As it is written: “God’s name is blasphemed among the Gentiles because of you.”,"Dịka nke e deri e na Ẹkwụkwọ Nsọ: “Maka unuande Juu, a na-ekwuto ẹha Chineke na etiti nde aabụgụ nde Juu.”"
"Circumcision has value if you observe the law, but if you break the law, you have become as though you had not been circumcised.","Gị mie ihe iwu na-achọ, osise ọnutu abagị uru ọọbụla; ọbụ na gị bụrụ onye na-emebi iwu, na ị marị na gịa onye eesedigi ọnutu ham."
"So then, if those who are not circumcised keep the law’s requirements, will they not be regarded as though they were circumcised?","Ya ọ bụrụ na ndem eesedigi ọnutu emie ihom e deri na iwu, ọ bụ na a magị agụye wo na nde e seri ọnụ-utu?"
"The one who is not circumcised physically and yet obeys the law will condemn you who, even though you have the written code and circumcision, are a lawbreaker.","Ọ bụ nde aabụgụ nde Juu je-ama unuande Juu ikpe; na-agbayegi na-eseri unu ọnụ-utu, gbaa ya iwum agba nịa unu, unu na-emebi iwu. Ọbụ na wo na-edebe iwu na-agbayegi na-esedigi wo ọnutu nke anụhụ."
"A person is not a Jew who is one only outwardly, nor is circumcision merely outward and physical.","Madụ abụgụ onye Juu ma ya ọ bụrụ anwa na elu ụhụ, ka osise ọnutu aadị ihe ọ fụtarị ma ya ọ bụ[1]rụnwa nke elu ụhụ."
"No, a person is a Jew who is one inwardly; and circumcision is circumcision of the heart, by the Spirit, not by the written code. Such a person’s praise is not from other people, but from God.","Kamahudi onye Juu bụ onyem bụ anị na ime obu; osise ọnutu bụrụ ọmụanịm e seri na ime obu, nke Maa Nsọ meri. Ọ bụgụ nke hiteri na edebe iwum e deri ede, kama ọ bụ Maa Nsọ na-arụ a. Nde dị ya ẹɦụm bụ Chineke na-etoye wo, wo anatagị otuto na ẹka madụ. Chineke Onye Kwesiri Ntụkwasịobu"
God’s Faithfulness,Chineke Onye Kwesiri Ntụkwasịobu
"What advantage, then, is there in being a Jew, or what value is there in circumcision?","Ndaa uru ọ barị na madụ bụ onye Juu karịa nde aabụgụ nde Juu, ma ọ bụgụ ndaa uru onye e seri ọnutu riteri karịa onyem eesedigi ọnụ-utu?"
"Much in every way! First of all, the Jews have been entrusted with the very words of God.","Ọ barị uru ọkam na ụzọ dị iche iche! Nke mbụ, ọ bụ wo bụ nde Chineke weeri okwu e ye na ẹka."
What if some were unfaithful? Will their unfaithfulness nullify God’s faithfulness?,"Ya ọ bụrụ na o nwo nde ụfọdị eekwesigi na-atụkwasị wo obu, o je-ome ka Chineke eekwesisi na 3 a tụkwasị a obu?"
"Not at all! Let God be true, and every human being a liar. As it is written: “So that you may be proved right when you speak and prevail when you judge.”","Ọ gbakwagị agba! Chineke yaanịa bụrụ onye eziokwu, na ụmụ madụ oohu bụrụ nde ụga. Dịka nke e deri e na Ẹkwụkwọ Nsọ: “Na mgbe ikwuru okwu na ọ bụrụ eziokwu, e kpie gie ka ikpe na o bueri gi.”"
"But if our unrighteousness brings out God’s righteousness more clearly, what shall we say? That God is unjust in bringing his wrath on us? (I am using a human argument.)","Ya ọ bụrụ na-emechegi emeche aayị wefutecheri gusi na Chineke na-emeche emeche, ndaa ihe ayị nworu ike ikwu? Ọ fụtarị ahịaga na Chineke meluru ma ya o weso ayịande meluruni iwe-ọkụ? Ekwuru m okwu e ka madụ amaka."
"Certainly not! If that were so, how could God judge the world?","Ọ dịgị nke Chineke garị meluu! Ya ọ bụrụ na Chineke abụgụ onye ikpe nkwụm-ọtọ, ọ ga ẹgaa je je-ekpe ụwa oohu ikpe?"
"Someone might argue, “If my falsehood enhances God’s truthfulness and so increases his glory, why am I still condemned as a sinner?”","Ụfọdị nworu ike na-asị, “Ya ọ bụrụ na ịga ụga m na-ewefuteche nke Chineke garị bụrụ onye eziokwu yaa ebubie, a gakwakwarị ẹgaa na-ama m ikpe na-abụ m onye ihe ọjọọ?”"
Why not say—as some slanderously claim that we say—“Let us do evil that good may result”? Their condemnation is just!,"Ọ bụnụ a bụ na a je na-asịgazuu dịka nde ụfọdị na-agabo ayị ụga na ayị na-ekwukogezuu, “Na ayị meje ihe ọjọọ ma nke ọma gbaje.” Ikpe je-amatu wom nke o kwesiri."
No One Is Righteous,Ọ Dịgị Onye Bụ Onye Ụmara-ọma
What shall we conclude then? Do we have any advantage? Not at all! For we have already made the charge that Jews and Gentiles alike are all under the power of sin.,Ndaa ihe je-abụ oburu ikpe aayị? Ayị ka nde ọzọ ma? Ma a ga a ẹgaa? Ayị hiworuri gbue ikoro waa ya eze! Na nde Juu maa nde aabụgụ nde Juu bụtum nde ihe ọjọọ.
"As it is written: “There is no one righteous, not even one;","Dịka nke e deri e na Ẹkwụkwọ Nsọ: “Ọ dịgị onye bụ onye ụmara-ọma, ọ dịgị ma ọ bụgụ onye aanị;"
there is no one who understands; there is no one who seeks God.,"ọ dịgị onye nworu ngọta, ọ dịgị onye na-achọ Chineke."
"All have turned away, they have together become worthless; there is no one who does good, not even one.”","Wo oohu agbayeworu Chineke azụ; wo oohu abụworum ihe oheri; ọ dịgị onye na-eme ihe dị ma, ọ dịgị ma ọ bụgụ onye aanị.”"
“Their throats are open graves; their tongues practice deceit.”“The poison of vipers is on their lips.”,"“Wo jaa ọnụ na ọ dịa ka e kpuheri ili, na okwu oohu hi wo na ire abụrụ ụga ụga.” “Na okwu hi wo na ogborọnụ ana-egbu ka ibe agwọ tarị madụ.”"
“Their mouths are full of cursing and bitterness.”,“Ihe juru wom ọnụ bụ odudu ikwu yaa okwu ọjọọ.”
“Their feet are swift to shed blood;,“Ọkpa na-adịwo nkọ ije ogbugbu madụ;
"ruin and misery mark their ways,",ibe ọọbụla wo gabugeri bụm emebi ihe yaa ọlịla ihe na iyi bụ ihe a na-ahụ.
and the way of peace they do not know.”,Wo amagị nke aga na-ebu na udo.”
 “There is no fear of God before their eyes.”,“Wo asọtụgụm Chineke asọ na ndụ wo.”
" Now we know that whatever the law says, it says to those who are under the law, so that every mouth may be silenced and the whole world held accountable to God.","Ọbụ na ayị maarị na ihe ọọbụ[1]la iwu kwuru dịịrị ndem bu na okpuru iwu. Na madụ oohu tụba ire na ọnụ, maka na onye ọọbụla na ụwa je-eguzo na ihu Chineke sarị ọnụ a."
"Therefore no one will be declared righteous in God’s sight by the works of the law; rather, through the law we become conscious of our sin.","Ọ dịgị onye ọọbụla a je-asị na ọ bụ onye ụmara-ọma na ihu Chineke maka na o deberi iwu, kama, iwu bịarị bịa-eme ayị marị na ayị bụ nde ihe ọjọọ."
Righteousness Through Faith,Ịbụ Onye Ụmara-ọma Hite Na Ntụkwasịobu
"But now apart from the law the righteousness of God has been made known, to which the Law and the Prophets testify.","Ẹɦụọdị, e egusiwo ụmara-ọma hi na Chineke aabụgụ hite na edebe iwu. Ọ bụ a bụ ụzọm Iwu yaa nde amụma gbarị ama a."
"This righteousness is given through faith in Jesus Christ to all who believe. There is no difference between Jew and Gentile,",Ụmaraọmaa hi na Chineke na-ehite na madụ inwo ntụkwasịobu na Jisọs Karaịs. Chineke na-anabata onye ọọbụla nworu okwukwe na Jisọs Karaịs na-akpagị oke.
"for all have sinned and fall short of the glory of God,",Maka na madụ oohu emewo ihe ọjọọ erusigi inwote ebube Chineke.
and all are justified freely by his grace through the redemption that came by Christ Jesus.,Chineke ji ẹwụọma a na-agbafụta madụ oohu na ihe ọjọọ na amaka. Ọ garị ẹka Karaịs Jisọs mieri ayị a.
"God presented Christ as a sacrifice of atonement, through the shedding of his blood—to be received by faith. He did this to demonstrate his righteousness, because in his forbearance he had left the sins committed beforehand unpunished—","Chineke jiri Jisọs chụa ẹja udo maka ihe ọjọọ aayị na ọnwụ a. Ya o weri mee ye me iwe-ọkụ Chineke dajụa na isi ndem nworu ntụkwasịobu na Jisọs Karaịs. Chineke meri e ya ẹɦụm igusi na ọ bụ onye ikpe ọma, maka na o nworu ogologo ntachiobu ka ọọta ndem megeri ihe ọjọọ ẹkamgbe ichie ahụhụ."
"he did it to demonstrate his righteousness at the present time, so as to be just and the one who justifies those who have faith in Jesus.",Chineke meri ya ẹɦụm igusi na ọ bụ Onye ụmara-ọma na echeri e ayị nọ na ya. I gusikokwenu na ọ bụ onye ikpe ọma na-azọfụta nde nworu ntụkwasịobu na Jisọs.
"Where, then, is boasting? It is excluded. Because of what law? The law that requires works? No, because of the law that requires faith.","Ndakwanụa ihe madụ ji je-aba mba? Ọ dịsịgị! A garị ẹgaa mieri ayị a? Ọ bụ maka edebe iwu? Waa, kama ọ bụ maka inwo okwukwe."
For we maintain that a person is justified by faith apart from the works of the law.,"Maka na ayị na-ekwubu okwu na a na-anabata madụ na ihu Chineke hite na okwukwe onye ọ bụ nwo, ọ bụgụ na onye ọ bụ bụ onye na-edebe iwu."
"Or is God the God of Jews only? Is he not the God of Gentiles too? Yes, of Gentiles too,",Chineke ọ bụ nke nde Juu wo aanị wo? Ọ bụkọgụ Chineke nde aabụgụ nde Juu? Ọ bụkọ Chineke nde aabụgụ nde Juu.
"since there is only one God, who will justify the circumcised by faith and the uncircumcised through that same faith.","Maka na e nwonwe Chineke aanị, onye na-eme nde e seri ọnutu na wo abụrụ nde a nabatarị na ihu e hite na okwukwe wo, maa nde eesegi ọnutu na wo abụkọrụ nde a nabatarị na ihu e hiteko na okwukwe wo nwo."
"Do we, then, nullify the law by this faith? Not at all! Rather, we uphold the law.","Ọ fụtarị ahịaga na onwunwo okwukwe kagbuzuru Iwu? Waakwa, ọ bụgụ ya ẹɦụm, kamahudi ayị na-akwagide Iwu."
"What then shall we say that Abraham, our forefather according to the flesh, discovered in this matter?","Ndaa ihe ayị je-asị na Eburaham, nnade ochoroche aayị chọfụtarị na okwu e?"
"If, in fact, Abraham was justified by works, he had something to boast about—but not before God.","Ya ọ bụrụ na eziokwu na a gụrụ Eburaham na onye a nabatarị na ihu Chineke maka ihe ọ rụrụ, na unu amarị na o nworu ihe o kwesiri iji baa mba, ọbụ na ọ bụgụ na ihu Chineke."
"What does Scripture say? “Abraham believed God, and it was credited to him as righteousness.”","Ẹkwụkwọ nsọ kwudiri gịnị? “Eburaham kweteeri Chineke, a gụyeri e ye ka onye ụmara-ọma.”"
"Now to the one who works, wages are not credited as a gift but as an obligation.",Ọ na-ọbụje madụ rụa ọrụ na a kwụa ya ụgwọ-ọrụ a. Anagị asịje na a nịrị a ihe kama ọ bụ ihe o jiri ẹka a kpata.
"However, to the one who does not work but trusts God who justifies the ungodly, their faith is credited as righteousness.","Ọbụ na a na-agụ nde madụ nde ụmara-ọma na abụgụ maka ọrụ wo rụrụ, kama ọ bụ maka okwukwe wo nwo na Chineke na-agbaharị nde ihe ọjọọ."
David says the same thing when he speaks of the blessedness of the one to whom God credits righteousness apart from works:,"Devidi kwukoru okwu bayeri ihe dị ya ẹɦụm na mgbe o kwuru okwu sị na onyem aadịgị ihe ọ rụrụ kama ya o nwoe ntụkwasịobu, Chineke gụa Onye Ụmara-ọma bụ onye a gọziri agọzi: 274 Nde Rom "
"“Blessed are those whose transgressions are forgiven, whose sins are covered.","“Ndem a gbahawooru ihe ọjọọ wo, bụ ndem e welehiworu ihe ọjọọ wo, bụ nde a gọziri agọzi."
Blessed is the one whose sin the Lord will never count against them.”,"Onyem Onyenwoayị aamagị arịtasị ihe ọjọọ ya, bụ onye a gọziri agọzi.”"
"Is this blessedness only for the circumcised, or also for the uncircumcised? We have been saying that Abraham’s faith was credited to him as righteousness.","Ya ngọzie Devidi kwuru okwu e, ọ bụ nke nde e seri ọnutu woanị wo saa o rubekoeri ndem eesedigi ọnụ-utu? Ayị na-ekwu em ẹkamgbe na okwukwe Eburaham nworu meri e jiri gụ a na onye ụmara-ọma."
"Under what circumstances was it credited? Was it after he was circumcised, or before? It was not after, but before!",Ndaa ọnọdụ e jiri gụye Eburaham na onye ụmara-ọma? Ọ bụ na mgbe e seworu Eburaham ọnutu saa ọ bụ na mgbe aaka esegi e ọnụ-utu? Nke bụ eziokwu bụ na ọ bụrụ na mgbe aaka esedigi e ọnụ-utu!
"And he received circumcision as a sign, a seal of the righteousness that he had by faith while he was still uncircumcised. So then, he is the father of all who believe but have not been circumcised, in order that righteousness might be credited to them.","E seri Eburaham ọnutu nke bụ ihe ahụma onye ụmara-ọma, bụ ọnọdụ o jiri okwukwe o nworu nata na mgbe aaka esekoheegi e ọnụ-utu. Ọ bụ a meri Eburaham jiri bụrụ nnade madụ oohu nworu okwukwe na-agbayegi na a ka esegi wo ọnụ-utu, ma a gụ wo na nde ụmara-ọma maka okwukwe wo."
And he is then also the father of the circumcised who not only are circumcised but who also follow in the footsteps of the faith that our father Abraham had before he was circumcised.,"Eburaham bụ nna ndem e seri ọnụ-utu, bụ nde aabụgụnwa na e seri wo ọnutu kama na-ebuko ndụm nnade aayị Eburaham buru, bụ inwo okwukwe na mgbe aaka esekoheegi e ọnụ-utu."
"It was not through the law that Abraham and his offspring received the promise that he would be heir of the world, but through the righteousness that comes by faith.","Eburaham yaa nde nwanwa a wo anatadịgị nkwam Chineke kweri wo na wo je-eri ekpie na ụwa maka na wo nọrụ na-edebe iwu, kama ọ bụrụ maka ya okwukwem wo nworu merini e jiri gụ wo na Nde Ụmara-ọma."
" For if those who depend on the law are heirs, faith means nothing and the promise is worthless,","Maka na ya ọ bụrụ na ọ bụ nde na-edebe iwu je-eri ya ekpem bụ ahịaga na ọ dịgị uru inwo okwukwe barị, dịkwanụgụ ihe ya nkwam Chineke kweri fụtarị."
because the law brings wrath. And where there is no law there is no transgression.,Maka na ọ bụ iwu na-ewete iwe-ọkụ Chineke. Ibe iwu aadịgị ka ọdịda na iwu aadịkọ.
"Therefore, the promise comes by faith, so that it may be by grace and may be guaranteed to all Abraham’s offspring—not only to those who are of the law but also to those who have the faith of Abraham. He is the father of us all.","Ọ bụ a meri ya nkwam dabeeri na onwunwo okwukwe, ma ọ bụrụ na hite na ẹwụọma Chineke na o rube ụmụ nwanwa Eburaham na ohu. Ọ bụgụnwa ndem na-edebe iwu, kama maa ndem nworu okwukwe ka Eburaham. Ọ bụ Eburaham bụ nnade aayị oohu."
"As it is written: “I have made you a father of many nations.” He is our father in the sight of God, in whom he believed—the God who gives life to the dead and calls into being things that were not.","Dịka nke e deri e na Ẹkwụkwọ Nsọ, “Emewo m gu nna ntụtụ mba dị iche iche.” Ọ bụ Eburaham bụ nnade aayị na ihu Chineke, onyem ọ tụkwasịrị obu. Chineke bụ a na-eme ihe nwụhụrụ anwụhụ na ọ dị ndụ ọzọ, onye ji okwu ọnụ a kie ihe eehigedigi dị wo dị."
"Against all hope, Abraham in hope believed and so became the father of many nations, just as it had been said to him, “So shall your offspring be.”","Na mgbe ọọdịsịdịgị ihe o je-ejigide ẹka nwoe olile-ẹnya, Eburaham nọgideri na olile-ẹnya nwoe ntụkwasịobu merini o jiri bụrụ nnade ntụtụ mba dịka Ẹkwụkwọ Nsọ hiri kwue sị, “Nde nwanwa gị wo je-adị ntụtụ ka chichinda dị na elugwe.”"
"Without weakening in his faith, he faced the fact that his body was as good as dead—since he was about a hundred years old—and that Sarah’s womb was also dead.",Ka ọọdịdị mgbe ọ darị mba na ntụkwasịobu o nworu na-agbayegi na ọ kahịtuworu. Ọ dịzuru ihu ahọ ise nke na ike adịkọsịdịgị a. Sera nyee ye kahịtuwokoru nke na ọ dịsịgị nke ọ ga je-atụtakwakwa ime.
"Yet he did not waver through unbelief regarding the promise of God, but was strengthened in his faith and gave glory to God,","Ka ọọdịkwarị mgbe obu meri e ụkpọrọ bayeri nkwam Chineke kweri e, kama ya o guzosiem ike na ntụkwasịobu o nworu, gaam na ihu na-anị Chineke otuto."
being fully persuaded that God had power to do what he had promised.,Maka na o docheri e ẹnya na Chineke nworu ikike imezu ihom o kweri e na nkwa.
 This is why “it was credited to him as righteousness.”,Ọ bụ a meri “a gụụrụ a ya na ọ bụ ụmara-ọma.”
" The words “it was credited to him” were written not for him alone,","Mgbem e deri na, “a gụụrụ a ya” ọ bụdịgịnwa maka yaanịa,"
"but also for us, to whom God will credit righteousness—for us who believe in him who raised Jesus our Lord from the dead.","kama ọ bụkọ maa ayịande, bụ nde Chineke je-agụkọ na nde ụmara-ọma, bụ nde nworu ntụkwasịobu na yaoni bụ Chineke, onye meri Onyenwoayị Jisọs Karaịs hi na ọnwụ pavuru."
He was delivered over to death for our sins and was raised to life for our justification.,"Chineke nịrị Jisọs na ọnwụa ọnwụ maka ihe ọjọọ aayị, mie ya o hi na ọnwụ pavuru ma ayị bụrụ nde a nabatarị na ihu Chineke."
"Therefore, since we have been justified through faith, we have peace with God through our Lord Jesus Christ,","Ibe e jiworu okwukwe me ayị bụrụ nde a nabataworu na ihu Chineke, ayịa Chineke dịzuu na udo hite na ẹka Jisọs Karaịs Onyenwoayị."
through whom we have gained access by faith into this grace in which we now stand. And we boast in the hope of the glory of God.,Ayị gawokoru ẹka a nata ẹwụọma Chineke bụ nke ayị jiri dị ndụ ẹɦụọdị. Ayị na-anwụrị ọnwụ maka olile-ẹnya ayị nworu iso kete oke na ebube Chineke.
"Not only so, but we also glory in our sufferings, because we know that suffering produces perseverance;","Ka ọọbụnwa ya ọmụ, obu dịkọ ayị ụtọ na ime ahụhụ ayị nọ na ya, maka na ayị maarị na ayị tadụa ya ahụhụa na o weteri ayị ịta lịlịlị,"
"perseverance, character; and character, hope.","mgbe ayị nworu ike ịta lịlịlị, na ayị amụta ime ụmara dị ma, na ya ụmara-ọmam eweteri ayị olile-ẹnya."
"And hope does not put us to shame, because God’s love has been poured out into our hearts through the Holy Spirit, who has been given to us.","Ya olile-ẹnyam amagị agarịfụkwanụ ayị, maka na Chineke eweworu ịhụnẹnya a wụjue ayị na obu, hite na Maa Nsọ ọ nịrị ayị."
"You see, at just the right time, when we were still powerless, Christ died for the ungodly.","Na mgbe ayị eenwodigi ike ime ihe ọọbụla, Karaịs bịarị bịa-anwụhụrụ nde ihe ọjọọ, aamagị Chineke."
"Very rarely will anyone die for a righteous person, though for a good person someone might possibly dare to die.",Ọ nyịrị anyị madụ ikwe bịa bịa-anwụhụchieri onye ụmara-ọma. Madụ nwokwenururi ike ịsị na ọ nwụhụchieri ezibe madụ.
"But God demonstrates his own love for us in this: While we were still sinners, Christ died for us.","Ọbụ na nke Chineke garị gusi nke ọ garị hụ ayị na ẹnya bụ: Na mgbe ayị ka abụrụrị nde ihe ọjọọ, Karaịs bịarị bịa-anwụhụchieri ayị ọnwụ."
"Since we have now been justified by his blood, how much more shall we be saved from God’s wrath through him!","Ibe ọ bụ na ayị abụworu nde a nabatarị na ihu Chineke maka mee Jisọs, Karaịs je-azọfụtarịrị ayị na iwe-ọkụ Chineke."
"For if, while we were God’s enemies, we were reconciled to him through the death of his Son, how much more, having been reconciled, shall we","Maka na mgbe ayịa Chineke ka abụrụ nde-iro, na ọ bịarị bịa-ekpie udo na etiti ayịa ya hite na ọnwụ Ọkpara a, ọ bụa meri ya Ọkpara am je-azọfụtarịrị ayị hite na ndụ a."
"Not only is this so, but we also boast in God through our Lord Jesus Christ, through whom we have now received reconciliation.","Ka ọọbụnwa na ọ dị ya ẹɦụm, ayị na-anwụrịkọ ọnwụ maka nke ayịa Chineke dịzu na udo hite na ẹka Onyenwoayị bụ Karaịs Jisọs, onye kpeworu udo na etiti ayịa Chineke."
"Death Through Adam, Life Through Christ",Ọnwụ Na Ẹka Adam Ndụ Na Ẹka Karaịs
"Therefore, just as sin entered the world through one man, and death through sin, and in this way death came to all people, because all sinned—","Ọ bụa meri, dịka nke omume ihe ọjọọ garị ẹka onye aanị gabata na ụwa, ọnwụ ga omume ihe ọjọọ gabata, ya ọ bụrụ nke ọnwụ garị rubetue ihe ọọbụla bụ madụ, maka na madụ oohu bụ nde ihe ọjọọ na ihu Chineke."
"To be sure, sin was in the world before the law was given, but sin is not charged against anyone’s account where there is no law.","Maka na mgbem Chineke aaka agagị ẹka Mosisi nị iwu, ihe ọjọọ dịwozuru na ụwa. Ọbụ na ọ dịgị onye je-agụkọta ihe ọjọọ ma ya ọ dịgị iwu sị na-emesi ihe dị ya ẹɦụm."
"Nevertheless, death reigned from the time of Adam to the time of Moses, even over those who did not sin by breaking a command, as did Adam, who is a pattern of the one to come.",Ọbụ na ọnwụ nọkwarịrị na-egbu ụmụ madụ hite na mgbe Adam rue na mgbe Mosisi. Ma ọ bụkọhaagị nde aadịdịgị ihe ọjọọ wo meri ka Adam. Adam dịrị ka ya Onyem bụ Karaịs Jisọs ka-abịatajeri na ọdị-na-ihu.
"But the gift is not like the trespass. For if the many died by the trespass of the one man, how much more did God’s grace and the gift that came by the grace of the one man, Jesus Christ, overflow to the many!","Ọbụ na wo ẹbọọ abụgụ ihe aanị, maka na ihe Chineke nịrị na amaka adịgị ka ihe ọjọọm Adam meri. Ọ bụ eezi na itutu madụ nwụhụrụ maka ihe ọjọọ onye aanị, ọbụ na ẹwụọma Chineke karịrị a, bụkọ nke ihe ọnịnị a na ẹwụọma dịịrị itutu madụ hite na onye aanị, Jisọs Karaịs."
"Nor can the gift of God be compared with the result of one man’s sin: The judgment followed one sin and brought condemnation, but the gift followed many trespasses and brought justification.","Ọzọkwa, ẹwụọmam Chineke gbaarị ayị adịgị ka ihe ọjọọm onye aanị meteri. Maka na mgbe ya onye aanịm meri ya ihe ọjọọm, ikpe ọmụma sochie. Ọbụ na mgbe ntụtụ madụ meduhudiri ihe ọjọọ dị iche iche, ẹwụọma Chineke mehudi ka amamikpe aadị."
"For if, by the trespass of the one man, death reigned through that one man, how much more will those who receive God’s abundant provision of grace and of the gift of righteousness reign in life through the one man, Jesus Christ!","Maka ya ọ bụrụ na ihe ọjọọ onye aanị meri vuteri ọnwụ ịchị na etiti ụmụ madụ hite na ẹka ya onye aanịm, ma ọ bụchazueriri nke ẹwụọma yaa ihe ọnịnị nke ụmara-ọma Chineke je-aga chịa na ndụ hite na ẹka ya onye aanịm bụ Jisọs Karaịs."
"Consequently, just as one trespass resulted in condemnation for all people, so also one righteous act resulted in justification and life for all people.","Dịkwarị ka nke ihe ọjọọ onye aanị meteri garị weteri madụ oohu ọnwụ, bụkọ nke ya ụmara-ọmam onye aanị meri garị weteri ụmụ madụ oohu nnabata na ihu Chineke, na-anịkọ wo ndụ."
"For just as through the disobedience of the one man the many were made sinners, so also through the obedience of the one man the many will be made righteous.","Maka na ẹɦụm nnufu isi onye aanị, bụ Adam, meri madụ oohu wo bụrụ nde ihe ọjọọ, bụkọ nke nrube isi onye aanị, bụ Karaịs, rubeeri Chineke garị me ntụtụ madụ bụrụ nde ụmara-ọma."
"The law was brought in so that the trespass might increase. But where sin increased, grace increased all the more,",E webeteri iwu maa ihe ọjọọ yeko eyeko. Ọbụ na mgbem ihe ọjọọ na-eyeko bụkọ nke ẹwụọma Chineke na-eyeko karịa.
"so that, just as sin reigned in death, so also grace might reign through righteousness to bring eternal life through Jesus Christ our Lord.","Ọ bụ a bụ, dịka nke ihe ọjọọ bịarị bịa-eweri ọnwụ gide madụ oohu na alị, bụ nke ẹwụọma na-achịzuhudi hite na ụmara-ọma na-anị ndụ agwụ-agwụ, hite na Karaịs Jisọs Onyenwoayị."
Jesus Forgives and Heals a Paralyzed Man,Jisọs Gwọa Onye Ngwọrọ
"Jesus stepped into a boat, crossed over and came to his own town.","Jisọs bayechee na ụgbọ gabute na ibe nke wo, ibe o buru."
"Some men brought to him a paralyzed man, lying on a mat. When Jesus saw their faith, he said to the man, “Take heart, son; your sins are forgiven.”","Nde madụ vuteri e nwoke aanị zuneri na akwa, ẹnwụmaa nwụjisiri ẹka maa ọkpa. Mgbe Jisọs hụrụ na ndem vuru ya onyem bịa nworu okwukwe, ya ọ sị ya onye ẹnwụmaam, “Nwa m, karị obu na[1]agbahaworu gu ihe ọjọọ gụ na ohu.”"
"At this, some of the teachers of the law said to themselves, “This fellow is blaspheming!”","Nde ozizi iwu Mosisi nọrụ na ya ibom na-asịtarị onwowo, “Nwokie ekwuwo okwu rụrụ arụ!”"
"Knowing their thoughts, Jesus said, “Why do you entertain evil thoughts in your hearts?","Jisọs mawokoruri ihe wo nọrụ na-arịị sị wo, “E meri ẹgaa unu na-arị ọrịrị ọjọọ na obu uunu?"
"Which is easier: to say, ‘Your sins are forgiven,’ or to say, ‘Get up and walk’?","Ndaa nke ka nhe na-okwukwu, ‘A gbahaworu gu ihe ọjọọ gụ,’ saa ọ bụ, ‘Pavuru jie ije’?"
"But I want you to know that the Son of Man has authority on earth to forgive sins.” So he said to the paralyzed man, “Get up, take your mat and go home.”","Ọbụ ma unu marị na Nwa Nke Madụ nworu ikike na ụwa ịgbaharị nde madụ ihe ọjọọ woga.” Jisọs tụgarịa sị ya onye ẹnwụmaam, “Pavuru chịkọta ẹgam i zune laje na ulo gu.”"
Then the man got up and went home.,Ya nwokem pavuru jizuru ọkpaa na-ala.
"When the crowd saw this, they were filled with awe; and they praised God, who had given such authority to man.","Mgbe nde madụ hụrụ a, ya o juŋeri wo ẹnya ọkam. Wo na-eto Chineke onye nịrị ụmụ madụ ya otue ikikem."
The Calling of Matthew,Jisọs Ku Matiu
"As Jesus went on from there, he saw a man named Matthew sitting at the tax collector’s booth. “Follow me,” he told him, and Matthew got up and followed him.","Mgbe Jisọs hi na ya ibom fụje, ya ọ hụ nwoke a na-eku Matiu, ibe ọ nọ na ulo ọrụ a na-anatarị nde Rom ụtụ takịsị. Ya ọ sị a, “So m.” Ya nwokem pavuru so Jisọs na-eje."
"While Jesus was having dinner at Matthew’s house, many tax collectors and sinners came and ate with him and his disciples.","Mgbe Jisọs nọrụ na ulo Matiu na-eri nri mgbẹnyasị, ntụtụ nde ọrụ ọna ụtụ takịsị maa nde ihe ọjọọ ọzọ dịga iche iche bịa-esoru Jisọs yaa nde na-eso ụzọ a na-eri ya nrim."
"When the Pharisees saw this, they asked his disciples, “Why does your teacher eat with tax collectors and sinners?”","Mgbe nde Farisii hụrụ ibe wo na eri ya nrim, wo sị nde na-eso ụzọ Jisọs, “E meri ẹgaa onye ozizi uunu so nde ọna ụtụ takịsị maa nde ihe ọjọọ ọzọga na-eri nri?”"
"On hearing this, Jesus said, “It is not the healthy who need a doctor, but the sick.","Mgbe Jisọs nụrụ ihe wo nọrụ na-ekwu, ya ọ sị wo, “Ọ bụgụ nde ụhụ dị ma na-eje na ulo ọgwụ, ọ bụ nde ụhụ aadịgị ma."
"But go and learn what this means: ‘I desire mercy, not sacrifice.’ For I have not come to call the righteous, but sinners.”","Unu je-amụta ihe okwue fụtarị, ‘Achọrụ m nde na-ahụ nde ọzọ onyimee, ọ bụgụ nde na-abịa ịchụrụ m ẹja.’ Abịadịgị m ekute nde ụmara-ọma, kama abịarị m okuku nde ihe ọjọọ na wo hii na ihe ọjọọ wo tụgarịa so m.”"
Jesus Questioned About Fasting,Ajụjụ Bayeri Ovuvu Ọnụ
"Then John’s disciples came and asked him, “How is it that we and the Pharisees fast often, but your disciples do not fast?”","Nde na-eso ụzọ Jọn ome baụtizim jekwute Jisọs bịa-ajụ a ajụjụ sị a, “Ọ bụ gịnị meri ayịa nde Farisii na-evu ọnụ, ọbụ na nde na-eso ụzọ gụ emekogu ya ẹɦụm?”"
"Jesus answered, “How can the guests of the bridegroom mourn while he is with them? The time will come when the bridegroom will be taken from them; then they will fast.","Jisọs sị wo, “Ndaa nke nde ẹbịa onye na-alụta nwanyị je-anọ na erim-ụjụ na mgbe woa onye kuru wo oriri ka anọm? Mgbe bịam mgbe e je-ekunehe wo e na wo ana-evuzu ọnụ."
"“No one sews a patch of unshrunk cloth on an old garment, for the patch will pull away from the garment, making the tear worse.",“Ọ dịgị onye na-eweri ẹkụ ọɦụụ tọchie ẹkụ ochie jeri ụwa. Maka na ya ẹkụ ọɦụụm je-ekpekeyeko nke ochiem na ya ụwam eyeko.
"Neither do people pour new wine into old wineskins. If they do, the skins will burst; the wine will run out and the wineskins will be ruined. No, they pour new wine into new wineskins, and both are preserved.”","Ọ dịkwanụgụ onye na-eweri mayị ọɦụụ ka na-agbọ agbọ wụye na ihe awụye mayị ejiri akpụkpọ kwoe dịzu ochie. Maka na ọ bụ a wụye mayị ọɦụụ na ya akpụkpọ ochiem eesichesigi ike kechie ọnụ, na ya akpụkpọm agba, laa na iyi, na ya mayịm ekposirihi. Kama a na-eweri mayị ọɦụụ wụye na akpụkpọ ọɦụụ; ka wo ẹbọọ aadị nke je-ala na iyi.”"
Jesus Raises a Dead Girl and Heals a Sick Woman,Nwagbọgọ Nwụhụrụ Anwụhụ Yaa Nwanyị
"While he was saying this, a synagogue leader came and knelt before him and said, “My daughter has just died. But come and put your hand on her, and she will live.”","Jisọs ka anọm na-ekwu okwu, onye isi aanị na ulo-ozuzu garị bịa-egbusi ikpere na ihu e sị a, “Ada m anwụnahịwo m ẹɦụọdịnwa, bịatụnụ bịa-ebiekwesi e ẹka na ọ dị ndụ ọzọ.”"
"Jesus got up and went with him, and so did his disciples.","Jisọs pavuru so e na-eje, nde na-eso ụzọ Jisọs soko wo."
Just then a woman who had been subject to bleeding for twelve years came up behind him and touched the edge of his cloak.,"Mgbe wo ka anọ na ụzọ jije, nwanyị aanị mbubu mee meworu ahọ irile ẹbọọ, gata azụ bịa-edetu Jisọs ẹka na nnụnụ uwie."
"She said to herself, “If I only touch his cloak, I will be healed.”","Maka na ya nwanyịm sịrị na ime obu e, “M nwowonwe ike detu e ẹka na uwe, ụhụ je-adị m ma.”"
"Jesus turned and saw her. “Take heart, daughter,” he said, “your faith has healed you.” And the woman was healed at that moment.","Jisọs tụgarịa hụ ya nwanyịm sị a, “Ada, karị obu! Okwukwe gi agwọwo gu.” Ụhụ nọm na ya mgbem dị ya nwanyịm ma."
"When Jesus entered the synagogue leader’s house and saw the noisy crowd and people playing pipes,","Mgbe Jisọs gabarị ulo ya onye isi ulo-ozuzum, ya ọ hụ nke ibeaha na ezegwo na ẹkwa, maa nde na-ahụ ofiọkpọ ẹbụ akwam-ozu."
"he said, “Go away. The girl is not dead but asleep.” But they laughed at him.","Jisọs sị wo, “Onyeaha gafụdụa na nwataa anwụhụdịgị anwụhụ, ọ nọnwa na ụra.” Wo gbaa ụzụ ọchị tụa ya."
"After the crowd had been put outside, he went in and took the girl by the hand, and she got up.","Mgbe nde nwo ulo chụfụdụrụ madụ oohu ezi, Jisọs gabaga na ibom e nyiberi ya nwatam, je-esete e na ẹka ya ọ pavuru."
News of this spread through all that region.,Ụbụbọ ihe gbarị na ya ibom deserehi ibeaha oohu na ya ọnụmaram. Jisọs Gwọa Onye Isi Yaa Onye Ogbi
Jesus Heals the Blind and the Mute,"Mgbe Jisọs hi na ya ibom fụje, ndikom ẹbọọ kpuru isi sochie ye azụ, na-eti mkpu na oke olu sị, “Nwa Devidi, hụtụnụ ayị onyimee!”"
"As Jesus went on from there, two blind men followed him, calling out, “Have mercy on us, Son of David!”","Mgbe Jisọs gaarị gabaga ulo, ya nde isim kpukwuko e. Jisọs jụ wo, “Unu kweyeri na e nworu m ike ịgwọ unu?” Wo sị a, “Ẹẹ, Onyenwoayị!”"
"When he had gone indoors, the blind men came to him, and he asked them, “Do you believe that I am able to do this?”“Yes, Lord,” they replied.","Jisọs detu wo ẹka na ẹnya sị wo, “Na e mieri e unu nke unu rịa[1]rị, maka na unu nworu okwukwe.”"
"Then he touched their eyes and said, “According to your faith let it be done to you”;","Wo malitezuu na-ahụzu ụzọ. Jisọs sesie wo ẹka na ntị ike, sị wo, “Unu hụụ na ọ dịgị onye unu kpaarị ihe gbarịnị.”"
"and their sight was restored. Jesus warned them sternly, “See that no one knows about this.”","Ọbụ na wo him na ya ibom fụga, wo je-akpakọbarị madụ oohu na ya ọnụmaram ihe Jisọs meeri wo."
But they went out and spread the news about him all over that region.,"Ya nde isim ka ehim fụje, nde madụ duteri Jisọs onye maaọjọọ jikoberi ẹka, eedoyegi ụka."
"While they were going out, a man who was demon-possessed and could not talk was brought to Jesus. And when the demon was driven out, the man who had been mute spoke. The crowd was amazed and said, “Nothing like this has ever been seen in Israel.”","Mgbe Jisọs chụfụrụ ya maaọjọọm jiri eni, irie tọhaa, onyem eehigi na-edoye ụka na-edoyezuu. Ya o jukote madụ oohu ẹnya, wo sị, “Ayị aka ahụtụkwagị ihe dị ẹɦụa na alị Izirẹlụ!”"
"But the Pharisees said, “It is by the prince of demons that he drives out demons.”","Ọbụ na nde Farisii nọrụ na-asị, “Ọ bụ ikike onye isi nde maaọjọọ na ohu bụ ihe o ji na-achụfụ maaọjọọ.”"
The Workers Are Few,Nde Ọrụ Ehigi Ne
"Jesus went through all the towns and villages, teaching in their synagogues, proclaiming the good news of the kingdom and healing every disease and sickness.","Jisọs je na-agakọba ezi wo na ohuga, na-ezi oziọma na ulo-ozuzu wo bayeri ya Alịezem, na-agwọkọga nde ụhụ aadịgadịgị ma ọrịa wo dị iche iche."
"When he saw the crowds, he had compassion on them, because they were harassed and helpless, like sheep without a shepherd.","Mgbe Jisọs hụrụ ntụtụ madụ gbakọta[1]rị, onyimee wo gbue ye, maka na wo bụrụ nde emekpoworu ụhụ, eenwodigi onye eyemẹka, dịrị ka atụrụ eenwogu onye nche."
"Then he said to his disciples, “The harvest is plentiful but the workers are few.","Jisọs sị nde na-eso ụzọ a, “Ihe mịrị na ubi achapịakọtawo, hie ne, ọbụ na nde ọrụ je-agọ anị ehigi ne."
"Ask the Lord of the harvest, therefore, to send out workers into his harvest field.”",Unu kpie ekpere na Onyenwo ubi kubeteyeko nde ọrụ na wo bịa eweletedue ihe chaarị a na ubi.”
Jesus Sends Out the Twelve,Jisọs Kugile Ndeozi Woa Madụ Irile Ẹbọọ
 Jesus called his twelve disciples to him and gave them authority to drive out impure spirits and to heal every disease and sickness.,"Jisọs kugile nde na-eso ụzọ a woa madụ irile ẹbọọ, nị wo ikike ịchụfụ maaọjọọ yaa ịgwọ nde ụhụka dịgarị iche iche. 2"
" These are the names of the twelve apostles: first, Simon (who is called Peter) and his brother Andrew; James son of Zebedee, and his brother John;","Ẹha ya ndeozi em woa madụ irile ẹbọọ bụ: onye mbụ na ime wo bụ Saịmọn a na-eku Pita yaa Anduru nwanie nwoke, Jems nwa Zebedii yaa Jọn nwanie nwoke,"
" Philip and Bartholomew; Thomas and Matthew the tax collector; James son of Alphaeus, and Thaddaeus;","Filipu yeri Batịlomi, Tọmọs maa Matiu onye ọrụ ọna ụtụ takịsị, Jems nwa Alịfịọs, maa Tedus,"
" Simon the Zealot and Judas Iscariot, who betrayed him.","Saịmọn onye Kenan so na otu nde ihe alị wo na-anụ ọkụ na obu, yekozuru Judas Isikarịọtụ medueri rarị nnịa ukwu ye na ẹka nde-iro e."
 These twelve Jesus sent out with the following instructions: “Do not go among the Gentiles or enter any town of the Samaritans.,"Madụ irile ẹbọọnwa bụ nde Jisọs kuteri dufuu, jayeri wo sị wo, “Unu agabakwa alị nde aabụgụ nde Juu, unu agabakọkwa alị nde Sameria."
 Go rather to the lost sheep of Israel.,Kama unu gam ngaanị jee na nke ụmụ Izirẹlụ dịka igwe atụrụ huhuru ehuhu eenwogu onye nche.
" As you go, proclaim this message: ‘The kingdom of heaven has come near.’","Unu jije, unu ziseje oziọma sịje wo, ‘Alịeze Elugwe dị nsọ.’"
" Heal the sick, raise the dead, cleanse those who have leprosy, drive out demons. Freely you have received; freely give.","Unu gwọa nde ụhụka, me nde nwụhụrụ anwụhụ na wo pavuru, gwọkọa nde ụhụọcha, chụfụ maaọjọọ jige nde madụ. Ana m anị unu ikike ime ihie na ohu na-adịgị okpogo unu kwụrụ, unu mekoeri nde madụ ihe, unu anakwa wo okpogo."
 “Do not get any gold or silver or copper to take with you in your belts—,"Unu jije, unu ewetekwe ọlaodo ma ọ bụgụ ọlaọcha, yegi okpogo ọọbụla na ịkparịkpa."
" no bag for the journey or extra shirt or sandals or a staff, for the worker is worth his keep.","Unu apatakwa ẹkpa awụye ihe onye ije. Unu achịtakwa ẹkụ agbanwo yeko nke unu ye na ụhụ, unu achịkwa akpụkpọkpa ma ọ bụgụ gide ụsụ na ẹka, maka na onye ọrụ kwesiri ụgwọ-ọrụ a."
" Whatever town or village you enter, search there for some worthy person and stay at their house until you leave.","“Alị ọọbụla unu ruru, unu nọgide na ezim unu gabarị. Unu chọa onye kwerini nwokoru ike ịnabata unu, unu nọdụa na ulo e tututu rue mgbe unu fụje na ya ibom."
" As you enter the home, give it your greeting. If the home is deserving, let your peace rest on it; if it is not, let your peace return to you.","Unu gabaje ulo ọ bụ unu je-anọ, unu kele wo, ‘udo dịrị unu’. Ya ọ bụrụ na nde nọ na ya ulom nabatacharị unu, na udo unu rịarị na ẹka Chineke adịịrị wo. Mgbe wo aanabatagị unu na ya udom unu rịarị na ekpere alahachiri unu."
" If anyone will not welcome you or listen to your words, leave that home or town and shake the dust off your feet.","Ibe ọọbụla aanabatagị unu gie ntị na oziọma uunu, unu kụchasịa uzuzu ọkpa uunu habueri wo ulo wo ma ọ bụgụ ezi wo."
" Truly I tell you, it will be more bearable for Sodom and Gomorrah on the day of judgment than for that town.","Na mụ aakarị unu nke bụ eziokwu, ọ je-ọdịtụrụ nde Sodom woa Gomora nhe idi ihe je-eme wo na mgbe ikpe Chineke karịa nke ọ je ọ dịrị nde ya alịm.”"
 “I am sending you out like sheep among wolves. Therefore be as shrewd as snakes and as innocent as doves.,"“Ana m edufu unu ka atụrụ na etiti agụ owuru. Ọ bụ a meri, unu kanwụba ẹnya ka agwọ, kpaa ndom ndom ka ovu."
 Be on your guard; you will be handed over to the local councils and be flogged in the synagogues.,"Unu kwatachaa ẹnya na ibe nde madụ nọ. Wo je-akpụrụ unu kpụfụụ na ihu ulo ikpe, kuru unu je-etitechedue ihe na ulo-ozuzu."
 On my account you will be brought before governors and kings as witnesses to them and to the Gentiles.,"Wo je-ekwobe maka m kpụfụ unu na ihu nde eze nde Rom maa nde ọchịchị nde Juu, ma unu bụrụ nde ịgba ama bayeri ya oziọmam na ihu wo maa na ihu nde aabụgụ nde Juu."
" But when they arrest you, do not worry about what to say or how to say it. At that time you will be given what to say,","Mgbe ọọbụla wo kpụtarị unu, unu anọkwa na-arịgbu onwuunu bayeri ihe unu je-ekwu ma ọ bụgụ nke unu je-edebe ọnụ kwue ye. A je-anịkọm unu ihe unu je-ekwu na ya mgbem."
" for it will not be you speaking, but the Spirit of your Father speaking through you.","Maka na unu ejegi je-ekwuchiteri onwuunu, kama ọ bụ Maa Nsọ nke Nnade uunu je-anọ na ime uunu na-ekwu."
" “Brother will betray brother to death, and a father his child; children will rebel against their parents and have them put to death.","“Nwane je-ararị nwanie ye na ẹka nde je-egbu eni, na nna ararị nwa a ye na ẹka ọnwụ. Na ụmụ enufuru nde mụrụ wo isi, chọkọhaa nke wo je-aga gbue wo."
" You will be hated by everyone because of me, but the one who stands firm to the end will be saved.","Nde madụ je-ekwobe maka m ka wo eekweihe uunu, ọbụ na onye ọọbụla na ime uunu guzosiri ike, soru ụzọ m rue na ọgwụgwụ ndụ a je-abụ onye a zọfụtarị."
" When you are persecuted in one place, flee to another. Truly I tell you, you will not finish going through the towns of Israel before the Son of Man comes.","Wo na-emegide unu na ibe aanị, unu garị gabuge na ibe ọzọ. Ana m ekwuru unu nke bụ eziokwu, unu amagị aka agakọba ọnụmara Izirẹlụ na ohu na Nwa Nke Madụ awasị."
" “The student is not above the teacher, nor a servant above his master.","“Nwa uloẹkwụkwọ anagị aka onyem na-ezi e ihe, ka nwaozi aaka nnịa ukwu."
" It is enough for students to be like their teachers, and servants like their masters. If the head of the house has been called Beelzebul, how much more the members of his household!","O je-oju nwatakịrị uloẹkwụkwọ ẹhọ na o medueri haa ka onye na-ezi e ihe, na nwaozi emedue haa ka nnịa ukwu. Nde madụ ku nna nwo ulo Bẹlụzibọbụg , wo je-ekuzu ndekie na ulo e nke ka aka.”"
" “So do not be afraid of them, for there is nothing concealed that will not be disclosed, or hidden that will not be made known.","“Unu asọkwa onye ọọbụla asọ. Ọ dịgị ihe e kpuchiri ekpuchi aamagị emedue kpuhee, dịgị ihe e zomiri ezomi aamagị afụta ihe."
" What I tell you in the dark, speak in the daylight; what is whispered in your ear, proclaim from the roofs.","Ihe m kwuuru unu na ẹtụlị, unu keye na etiti ehihe kwue ye. Ihe m tanyịịrị unu na ntị, unu nyikoru na ikwulo je-arịa ya arịa."
" Do not be afraid of those who kill the body but cannot kill the soul. Rather, be afraid of the One who can destroy both soul and body in hell.","Unu asọkwa ndem nworu ike igbu anụhụ madụ ka wo eenwo ike gbuko maa onye ọ bụ. Kama onye unu je-asọ asọ bụ Chineke, Onyem nworu ike iweri anụhụ madụ yaa maa ya lọbaa na ọkụmaa."
 Are not two sparrows sold for a penny? Yet not one of them will fall to the ground outside your Father’s care.,Akịmkpu ẹbọọ onwo ihe wo dakatarị na ọnụ ahịa? Ọbụ na ọ dịgị ma nnanị na ime wo daa na alị nwụhụ ma Nnade uunu amagị bayeri e.
 And even the very hairs of your head are all numbered.,"Ma ọ bụkọhaagị ẹgbịsị dị unu na isi, Chineke maarị ole ọ dị."
 So don’t be afraid; you are worth more than many sparrows.,"Ọ bụ a meri, unu asọsị ụjọ, maka na unu dị Nnade uunu mkpa karịa itu akịmkpu dị na ọhịa."
" “Whoever acknowledges me before others, I will also acknowledge before my Father in heaven.","“Onye ọọbụla je-agba ama bayeri m na ihu ụmụ madụ, na mụoni eguzokoru e na ihu Nna m na elugwe."
" But whoever disowns me before others, I will disown before my Father in heaven.",Ọbụ onye jụka m na ihu ụmụ madụ na mụoni ajụkakọ a na ihu Nna m na elugwe.
" “Do not suppose that I have come to bring peace to the earth. I did not come to bring peace, but a sword.","“Unu arịkwa na-abịarị m omume na madụ oohu bu na ụwa dịị na mma. A bịadịgị m ewete udo, kama eweteeri m ụmụ ụwa mma-aga."
" For I have come to turn “ ‘a man against his father, a daughter against her mother, a daughter-in-law against her mother-in-law—","Maka na ụbịa m je-evute, “ ‘Ụmụ okorọbịa woa nna wo alayeteri, na ụmụagbọgọ woa nde ne wo alayeteri, na nde nyee nwa woa nde ne di wo alayeteri,"
 a man’s enemies will be the members of his own household.’,nde je-abụ nde-iro madụ je-abụkọnwa nde hi na ulo e.’
 “Anyone who loves their father or mother more than me is not worthy of me; anyone who loves their son or daughter more than me is not worthy of me.,“Onye ọọbụla je-ahụ nie ma ọ bụgụ nnịa na ẹnya karịa m aka erugu ịbụ onye na-eso ụzọ m. Onye je-ahụ ụmụ a ndikom maa ndinyom na ẹnya karịa m aka erugu ịbụ onye na-eso ụzọ m.
 Whoever does not take up their cross and follow me is not worthy of me.,Onye ọọbụla eevutegi obie soru ẹnụkwụ ọkpa m aka erugu ịbụ onye na-eso ụzọ m.
" Whoever finds their life will lose it, and whoever loses their life for my sake will find it.","Onye ọọbụla ji ẹka a na-echebe ndụ a na ọnwụhụkwa, na ndụ a ehunehi e. Ọbụ na onye kwobe ihe bayeri m lọhue ndụ a je-achọta a."
" “Anyone who welcomes you welcomes me, and anyone who welcomes me welcomes the one who sent me.","“Onye ọọbụla nabatarị unu anabatawoko mụoni, onye nabatakwanụrụ mnị, anabatawoko Nna m ziteri mni."
" Whoever welcomes a prophet as a prophet will receive a prophet’s reward, and whoever welcomes a righteous person as a righteous person will receive a righteous person’s reward.","Onye ọọbụla nabatarị onye amụma maka na ọ bụ onye amụma je-anata ụgwọ-ọrụ ka onye amụma. Onye nabatarị onye ụmara-ọma maka na ọ hụrụ na ọ bụ onye ụmara-ọma, je[1]anata ụgwọ-ọrụ onye ụmara-ọma."
" And if anyone gives even a cup of cold water to one of these little ones who is my disciple, truly I tell you, that person will certainly not lose their reward.”","Onye ọọbụla kuyeri onye aanị na ndie kadụa ahaba ẹka na-eso ụzọ m ikokwu mini aanị jụrụ oyi maka na ọ maarị na ọ bụ onye na-eso ụzọ m, nke bụ eziokwu bụ na ọ dịgị ihe je-eme ka ọọnata ezibe ụgwọ-ọrụ maka ihe ọma o meri.”"
Jesus and John the Baptist,Jisọs Yaa Jọn Ome Baụtizim
"After Jesus had finished instructing his twelve disciples, he went on from there to teach and preach in the towns of Galilee.","Mgbe Jisọs ziduru nde na-eso ụzọ a ihe wo je-eme, ya o hi na ya ibom garị na-eje ezise oziọma na ezi dị na ọnụmara Galili na ohu."
"When John, who was in prison, heard about the deeds of the Messiah, he sent his disciples","Mgbe Jọn ome baụtizim nọrụ na ulo mkpọrọ nụ ihe Karaịs nọgarị na-eme, ya o duye nde na-eso ụzọ a wo jekwu Jisọs je-ajụ a,"
"to ask him, “Are you the one who is to come, or should we expect someone else?”","“Ọ bụ gụ bụ ya onyem ayị nọrụ na-atụ ẹnya a bịatajeni, sa ayị ka je na-ele ẹnya onye ọzọ?”"
"Jesus replied, “Go back and report to John what you hear and see:","Jisọs sị ya ndem Jọn duyeri, “Unu lahachi je-akarị Jọn ihe unu na-ahụ, na-anụkọ."
"The blind receive sight, the lame walk, those who have leprosy are cleansed, the deaf hear, the dead are raised, and the good news is proclaimed to the poor.","Na nde isi na-ahụzu ụzọ, nde ngwọrọ na-ejezu ije, a na-agwọ nde ụhụọcha, maa nde ntị chihiri na-anụzu ihe. A na-ekuvute nde nwụhụrụ anwụhụ, a na-ezi nde ọọdịgị nke ọha wo oziọma."
Blessed is anyone who does not stumble on account of me.”,Ngọzi dịịrị onye ihe bayeri m aakpasugu iwe.”
"As John’s disciples were leaving, Jesus began to speak to the crowd about John: “What did you go out into the wilderness to see? A reed swayed by the wind?","Mgbe ndem na-eso ụzọ Jọn gaarị na-alahachi, Jisọs bido na-ekwuru ndem tu na ya ibom okwu bayeri Jọn sị wo, “Ọ bụrụ gịnị bụ ihe unu jeri elete na ọzara? Unu jeri elete ẹwụwụ ihuhe nọrụ na-evugerige?"
"If not, what did you go out to see? A man dressed in fine clothes? No, those who wear fine clothes are in kings’ palaces.","Sa ọ bụ gịnị bụ ihe unu jeri elete? Ọ bụ onye kwọkọcharị akwọkọ, yete oke uwe dị ma? Waa, nde na-eye ya otue uwem na-anọgarị na ulo nde eze."
"Then what did you go out to see? A prophet? Yes, I tell you, and more than a prophet.","Ọ bụzukwenu gịnị bụ ihe unu jeri elete? Ọ bụ onye amụma? Na eziokwu, ọ karịkọhaarị onye amụma."
" This is the one about whom it is written: “ ‘I will send my messenger ahead of you, who will prepare your way before you.’","Onyie bụ onyem e deri bayeri sị, “ ‘Eje m ezifu onye ozi m je-ebuteri gi ụzọ, onye je-eje je-emechedueri gi ụzọ.’"
" Truly I tell you, among those born of women there has not risen anyone greater than John the Baptist; yet whoever is least in the kingdom of heaven is greater than he.","Na mụ aakarị unu nke bụ eziokwu: Na ibe madụ ọọbụla nwanyị mụrụ nọ, ọ dịgị nke pavuworuni ka Jọn ome baụtizim. Ọbụ na onyem kadụa ẹka ahaba na Alịeze Elugwe karịrị a."
" From the days of John the Baptist until now, the kingdom of heaven has been subjected to violence, and violent people have been raiding it.","Hitem ẹkamgbe Jọn ome baụtizim maliteri ojije ozi e rute ẹɦụọdị, Alịeze Elugwe na-ekezu ire, nde oke-ire jikwenum ẹnya-kete-ọkụ na-achọ a na ike."
 For all the Prophets and the Law prophesied until John.,Maka na nde amụma na ohu maa iwu Mosisi nọrụ na-evu amụma tututu rute mgbe Jọn ome baụtizim bịarị.
" And if you are willing to accept it, he is the Elijah who was to come.","Ya ọ bụrụ na o ma okwe unu ekwete, Jọn ome baụtizim bụ a bụ ya Ịlaịjam nde amụma sịrị je-abịanị."
" Whoever has ears, let them hear.","Onye nwo ntị, ya ọ nụta ihie m na-ekwu."
 “To what can I compare this generation? They are like children sitting in the marketplaces and calling out to others:,"“Ndaa ihe m je-eji tụyekoru nde ntaanwa? Wo dịka ụmụrụma nọ na ọgbọdọ ahịa na-ekugile ibe wo, na-asị,"
" “ ‘We played the pipe for you, and you did not dance; we sang a dirge, and you did not mourn.’","“ ‘Ayị ahụworu unu ofu egwu, ka unu eete, ayị agụworu unu egwu ẹkwa, ka unu aakwakọ.’"
" For John came neither eating nor drinking, and they say, ‘He has a demon.’","“Maka na Jọn bịarị ka ọọdị ihe o na-ori, dịgị ihe ọ na-ọnwụ, unu sị, ‘Onyie vu maaọjọọ.’"
" The Son of Man came eating and drinking, and they say, ‘Here is a glutton and a drunkard, a friend of tax collectors and sinners.’ But wisdom is proved right by her deeds.”","Ọbụ na Nwa Nke Madụ abịawo, na-eri, na-anwụ, unu sịzu, ‘Ịhụ a, nwokie bụm mkpụ, na-anwụdụa gbayekodue na ẹnya. Ọ bụkọgabadị enyi nde na-anarị nde Rom ụtụ takịsị maa nde ihe ọjọọ dịga iche iche.’ Ọbụ, a na-egusifute ọmọlọma ama[1]mihe hite na ihe o meri.”"
The on Unrepentant Towns,Owu Kwuru Ndem Eenwogu Nchegeri
" Then Jesus began to denounce the towns in which most of his miracles had been performed, because they did not repent.",Jisọs malite na-akọ ọkụkọ maka nde alịmga ọ rụgarị ntụtụ ọrụ ebubie ta ka wo aatụgarị na ndụ ọjọọ wo soru ụzọ Chineke.
" “Woe to you, Chorazin! Woe to you, Bethsaida! For if the miracles that were performed in you had been performed in Tyre and Sidon, they would have repented long ago in sackcloth and ashes.","Ya ọ sị, “Owu kwuru unu, nde Korazin! Owu kwuru unu nde Bẹtịsaịda! Ya ọ bụrụ na ọrụ ebube a rụrụ na alị uunu na a rụrụ wo na alị Taya yaa Sidọn, na nde ya alịmga echegerioweeri ẹkamgbe yetedue ẹkụ erim-uju, wụa onwowo ntụ maka ihe ọjọọ wo, igusi na wo echegeriwo."
" But I tell you, it will be more bearable for Tyre and Sidon on the day of judgment than for you.","Ọbụ na mụ aakarị unu nke bụ eziokwu, o je-ọdịrị nde Taya yaa Sidọn nhe ịnagide ihe je-eme wo na izuku ikpe karịa nke ọ je-ọdịrị unuande."
" And you, Capernaum, will you be lifted to the heavens? No, you will go down to Hades. For if the miracles that were performed in you had been performed in Sodom, it would have remained to this day.","Maa unu, nde Kapanọm, ọ dị unu ka a ma-apakoru unu na elugwe? Waa, unu je-anọrị na ọkpụrọkpụ alị, na ime owiriwo nke ọkụmaa. Maka na ya ọ bụrụ na ọrụ ebube a rụrụ na alị uunu na a rụrụ wo na alị Sodom, ya alịm ka je-adịwaarịnwa rute taa."
 But I tell you that it will be more bearable for Sodom on the day of judgment than for you.”,"Na mụ aakahudirinwe unu nke bụ eziokwu, ọ je-ọdịrị nde alị Sodom nhe ịnagide ihe je-adakwasị wo na izuku ikpe karịa unuande.”"
The Father Revealed in the Son,Ezum-ike Dịịrị Nde Ike Gwụrụ
" At that time Jesus said, “I praise you, Father, Lord of heaven and earth, because you have hidden these things from the wise and learned, and revealed them to little children.","Na ya mgbemkọm Jisọs sị, “Ana m ekele gị Nna, bụ Onyenwo elugwe yaa ụwa. Maka na ị zomiwo ihie na ohu na ẹnya nde gụrụ ẹkwụkwọ makọrụ ihe, ta kpuheeri e ụmụrụma aakadịgị ihe wo maarị."
" Yes, Father, for this is what you were pleased to do.","Ẹẹ! Nna, ọ bụ nke o heri gi bụ nke i meri e."
" “All things have been committed to me by my Father. No one knows the Son except the Father, and no one knows the Father except the Son and those to whom the Son chooses to reveal him.","“Nna m eweworu ihe ọọbụla na ohu ye m na ẹka. Ọ dịgị onye maarị ya Ọkparam ma ya ọ bụgụ Nna yaẹkaa, dịkwanụgụ onye maarị onye Nna bụ ma ya ọ bụgụ ya Ọkparam, yeri nde Ọkpara a họ[1]tarị ikpuheeri onye Nna bụ."
" “Come to me, all you who are weary and burdened, and I will give you rest.","“Unu bịakwute m unu oohu ike gwụworu, bụ nde e boru ivu dị ẹrọ, na-eje m anị unu ezum-ike."
" Take my yoke upon you and learn from me, for I am gentle and humble in heart, and you will find rest for your souls.","Unu kie onwuunu ẹgbụ nke iruberi m isi, mụnata m nke m ga na-ebu ndụ, maka na-abụ m onye na-akpa jụụ, na-eweride onwoe alị. Unu je-enwote ezum-ike nke ime obu."
 For my yoke is easy and my burden is light.”,"Maka na ẹgbụ nke osuso m dị nhe, ivu m adịgị ẹrọ.”"
Jesus Is Lord of the Sabbath,Jisọs Bụ Onyenwo Sabatị
At that time Jesus went through the grainfields on the Sabbath. His disciples were hungry and began to pick some heads of grain and eat them.,"Ya o rue na izuku Sabatị aanị, Jisọs yaa nde na-eso ụzọ a yịrị gabugeje ubi aanị akọgarị akpụkpa bekee. Ẹgụ nọrụ na-agụ nde na-eso ụzọ Jisọs, wo na-agọta ya akpụrụ akpụkpa bekeem na-ata."
"When the Pharisees saw this, they said to him, “Look! Your disciples are doing what is unlawful on the Sabbath.”","Mgbe nde Farisii hụrụ na wo nọrụ na-ewete ya akpụkpa bekeem na-ata, wo sị Jisọs, “Ihụ nde na-eso ụzọ gụ na-eme ihe iwu megideri madụ ime na izuku Sabatị.”"
"He answered, “Haven’t you read what David did when he and his companions were hungry?","Jisọs sị wo, “Unu aka agụtụgụ bayeri ihe Devidi meri mgbe ẹgụ nọrụ na-agụ yaa nde woa ya yịrị?"
"He entered the house of God, and he and his companions ate the consecrated bread—which was not lawful for them to do, but only for the priests.","Nke ọ garị gaba Ntu gbChineke, je-ewete buredim dị nsọ nke iwu megideri nde ọzọ ịta ma ya ọ bụgụ nde ọchụẹja woanịwo, wo taa?"
Or haven’t you read in the Law that the priests on Sabbath duty in the temple desecrate the Sabbath and yet are innocent?,Saa unu aka agụtụgụ na ẹkwụkwọ Iwu Mosisi na ọ bụ nde ọchụẹja rụa ọrụ na Oke Ulo Nsọ na izuku Sabatị mebikwenuru iwu ya izukum na iwu ejigi wo?
I tell you that something greater than the temple is here.,"Na mụ aakarị unu, onye karịrị ya Oke Ulo Nsọm nọnwa na ibie."
"If you had known what these words mean, ‘I desire mercy, not sacrifice,’ you would not have condemned the innocent.","Unu machawaarị ihe okwue e kwuru na Ẹkwụkwọ Nsọ fụtarị: ‘Ana m achọ nde na-ahụ madụ ibe wo onyimee, ọ bụgụ nde na-achụrụ m ẹja,’ unu amagị amawaarị nde ọọdịgị ihe wo meri ikpe."
For the Son of Man is Lord of the Sabbath.”,Maka na Nwa Nke Madụ bụ a bụ Onyenwo Sabatị.”
"Going on from that place, he went into their synagogue,","Wo hi na ya ibom pavuru, Jisọs garị gabaga ulo-ozuzu."
" and a man with a shriveled hand was there. Looking for a reason to bring charges against Jesus, they asked him, “Is it lawful to heal on the Sabbath?”","O nworu nwoke aanị ẹka lanwụhụrụ nọrụ na ya ibom. Wo na-achọ nke wo je-aga kọjọa Jisọs, wo jụ a, “Iwu ọ kwagideri ịgwọ madụ ụhụ aadịgị ma na izuku Sabatị?”"
" He said to them, “If any of you has a sheep and it falls into a pit on the Sabbath, will you not take hold of it and lift it out?","Jisọs sị wo, “Onye ọọbụla atụrụ a dabarị na owiriwo na izuku Sabatị, ọ je-ọhabu e na ya ibom sa o je-oje je-apafụta a?"
 How much more valuable is a person than a sheep! Therefore it is lawful to do good on the Sabbath.”,Madụ dịkwanụ ezibe oke ọnụahịa karịa atụrụ. Nke bụanị bụ na iwu kwagideri madụ ime ihe ọma na izuku Sabatị.”
" Then he said to the man, “Stretch out your hand.” So he stretched it out and it was completely restored, just as sound as the other.","Jisọs sịzu ya nwokem ẹka lanwụhụrụ alanwụhụ, “Gbatịa ẹka gị.” Ya nwokem gbatịa ẹka a, ya ẹkam dịchakwaarị ma ẹɦụm ọmụ mbụ ẹka dị."
 But the Pharisees went out and plotted how they might kill Jesus.,"Ya o me, nde Farisiim garị gafụga ezi je na-akpụ mkpụkpụ nke wo ga je-egbu Jisọs. Onye Ozi Chineke Họfụtarị"
" Aware of this, Jesus withdrew from that place. A large crowd followed him, and he healed all who were ill.","Jisọs mata ihe wo nọrụ na-arịrị a hi na ya ibom sọhụga. Ntụtụ madụ so e, ya ọ gwọa wo ụhụka wo na ohu."
 He warned them not to tell others about him.,Ya o sie wo ẹka na ntị na ọ dịkwa onye wo na-akparị ihe bayeri e.
 This was to fulfill what was spoken through the prophet Isaiah:,Ihie bụrụ iji mezue ihe onye amụma Ayịzaya kwuru na Ẹkwụkwọ Nsọ:
" “Here is my servant whom I have chosen, the one I love, in whom I delight; I will put my Spirit on him, and he will proclaim justice to the nations.","“Onyie bụ nwa ozi m m jiri ẹka m họta, onye m hụrụ na ẹnya, ihie na-atọ m ụtọ. Eje m eweri Maa Nsọ m wụkwasị a, O je-ozi mba oohu ozi bayeri ikpe ọma m."
 He will not quarrel or cry out; no one will hear his voice in the streets. ,"Ọ dịgị onye yaa ya je-akọ ọkụkọ ma ọ bụgụ na-etikpoteri, dịgị onye je-anụ olu e na ezi."
"A bruised reed he will not break, and a smoldering wick he will not snuff out, till he has brought justice through to victory.  ","O jegi je-azọpịasị ndem aadịgị ike, jegi emenyunehi wo ọkụ na-anyụhụ anyụhụ, tututu na ọ hụ na ikpe ọma guzogideri na ikpetem azụ."
In his name the nations will put their hope.”,Mba ụwa na ohu je-atụkwasị obu na ẹha a nworu olile-ẹnya.”
Jesus and Beelzebul,Jisọs Yaa Bẹlụzibọbụ
" Then they brought him a demon-possessed man who was blind and mute, and Jesus healed him, so that he could both talk and see.","Nde madụ kuru nwoke aanị maaọjọọ jiri, kpukoru isi, doyekogu ụka kuteri Jisọs. Ya ọ gwọa ya, mezu e ya ọ na-ọhụzu ụzọ, na-ekwukozu okwu."
" All the people were astonished and said, “Could this be the Son of David?”","Ya ọ ju madụ oohu ẹnya, wo sị, “Onyie ọ bụbadị ya Nwam nke Devidi?”"
" But when the Pharisees heard this, they said, “It is only by Beelzebul, the prince of demons, that this fellow drives out demons.”","Ọbụ na mgbe nde Farisii nụrụ ihe gbarịnị, wo sị, “Ọ bụ ikike Bẹlụzibọbụ, onye isi nde maaọjọọ bụ ihe nwokie ji na-achụfụ maaọjọọ.”"
" Jesus knew their thoughts and said to them, “Every kingdom divided against itself will be ruined, and every city or household divided against itself will not stand.","Jisọs makọdụworuri ihe wo na-arịị na ime obu wo, ya ọ sị wo, “Alị ọọbụla nde bu na ya gbaburu ẹbọọ na-alụgbuteri onwowo ọgụ amagị adị. Ezi ma ọ bụgụ ezi-na-ulo ọọbụla nde bu na ya na[1]alụgbuteri ọgụ amagị eguzogide."
" If Satan drives out Satan, he is divided against himself. How then can his kingdom stand?","Ekwensu na-achụfụ Ekwensu, bụ ahịaga na ọ na-ọlụso onwoe ọgụ, ọchịchị a ga ẹgaa je-eguzogide?"
" And if I drive out demons by Beelzebul, by whom do your people drive them out? So then, they will be your judges.","Ya ọ bụrụ na e jim ikike Bẹlụzibọbụ na-achụfụ maaọjọọ, ndeke uunu ji nke onye mbụ ikike na-achụfụ nke wo? Ọ bụkọzu wom je-ekpe unu ikpe."
" But if it is by the Spirit of God that I drive out demons, then the kingdom of God has come upon you.","Ya ọ bụrụ na ọ bụ Maa Chineke bụ ihe m ji na-achụfụ maaọjọọ, ọ bụ a bụ na Alịeze Chineke abịakwasịwo unu."
" “Or again, how can anyone enter a strong man’s house and carry off his possessions unless he first ties up the strong man? Then he can plunder his house.","“Ndaa nke madụ je-aga gabaga na ulo onye ike je-apanarị a ihie ma ya o bugu ụzọ jituhee ya onye ikem, kpaa ya ẹgbụ ta na ọ panarị a ihe na ulo?"
" “Whoever is not with me is against me, and whoever does not gather with me scatters.","“Onye mụa ya aayịgị na-alụso m ọgụ, onye eesogu m na-ekpokote ekpokote na-etise etise."
" And so I tell you, every kind of sin and slander can be forgiven, but blasphemy against the Spirit will not be forgiven.","Na mụ akachaarị unu, ihe ọjọọ ọọbụla madụ meteri yaa okwu ọjọọ ọọbụla madụ kwuru kwugide Chineke, a je-agbaharị a ya, ọbụ onye kwue okwu ọjọọ ọọbụla megide Maa Nsọ, ọ dịgị maa agbaharị a onye ọ bụ."
" Anyone who speaks a word against the Son of Man will be forgiven, but anyone who speaks against the Holy Spirit will not be forgiven, either in this age or in the age to come.","Onye kwue okwu ọjọọ megide Nwa Nke Madụ, a ma agbaharị a ya, ọbụ onye kwue okwu ọjọọ me[1]gide Maa Nsọ, mgbaharị adịịrịgị onye ọ bụ, maa na ụwa a maa na ụwam je-abịanị."
" “Make a tree good and its fruit will be good, or make a tree bad and its fruit will be bad, for a tree is recognized by its fruit.","“Osisi ọma na-amị akpụrụ ọma, osisi ọjọọ na-amị akpụrụ ọjọọ, maka na ọ bụ akpụrụ osisi na-amịị bụ ihe e ji na-ama otue osisi ọ bụ."
" You brood of vipers, how can you who are evil say anything good? For the mouth speaks what the heart is full of.","Unua ụmụ nchikpọekie, ndaa nke unua nde ọjọọ ga je-ekwu ihe dị ma? Maka na ọ bụ mgbe ụka kpọrụ madụ ẹdụm na obu na o kwufute e na ọnụ a."
" A good man brings good things out of the good stored up in him, and an evil man brings evil things out of the evil stored up in him.","Ezibe madụ na-ehi na ihe ọmam juru e na ọbụ na-emefute ihe ọma, na onye ihe ọjọọ ehiko na ihe ọjọọm juru e na obu na-emefute ihe ọjọọ."
 But I tell you that everyone will have to give account on the day of judgment for every empty word they have spoken.,Madụ oohu je-emedue guzo na ihu Chineke na izuku ikpe sarị ọnụ wo maka okwu oohu eenwogu isi onyeaha jiri ọnụ a kwue.
" For by your words you will be acquitted, and by your words you will be condemned.”",Maka na ọ bụ okwu ọnụ gụ je-eme na ị bụrụ onye ikpe aamadịgị ma ọ bụgụ na ị bụrụ onye ikpe marị.”
The Sign of Jonah,Ihe Ahụma Jona
" Then some of the Pharisees and teachers of the law said to him, “Teacher, we want to see a sign from you.”","Nde Farisii ụfọdị woa nde ozizi iwu Mosisi jekwute Jisọs sị a, “Onye ozizi, ayị chọrụ na i gusi ayị ihe ahụma hi gi na ẹka.”"
" He answered, “A wicked and adulterous generation asks for a sign! But none will be given it except the sign of the prophet Jonah.","Jisọs sị wo, “Ọ bụnwa ọgbọ arụrụalị aamagị Chineke na-achọ onye je-egusi wo ihe ahụma! Ọ dịgị ihe ahụma e je-egusi wo ma ya ọ bụgụ ihe ahụma onye amụma Jona."
" For as Jonah was three days and three nights in the belly of a huge fish, so the Son of Man will be three days and three nights in the heart of the earth.","Ẹɦụm Jona nọrụ na ẹhọ oke ụba abalị ẹtọ, ehihe maa abalị bụkọ nke Nwa Nke Madụ je-anọkọ abalị ẹtọ na ime ili."
" The men of Nineveh will stand up at the judgment with this generation and condemn it; for they repented at the preaching of Jonah, and now something greater than Jonah is here.","Nde Ninive je-eguzo na izuku ikpe ma nde ọgbọa ikpe, maka na wo chegeriri na mgbe Jona ziri wo ozi. Ọbụ na onye ka Jona nọnwa na ibie, ọbụ na unu ekwegi ichegeri."
" The Queen of the South will rise at the judgment with this generation and condemn it; for she came from the ends of the earth to listen to Solomon’s wisdom, and now something greater than Solomon is here.","Eze nwanyị nde Sheba je-eguzo na izuku ikpe ma nde ọgbọa ikpe, maka na o hiriri na ibe otele bịa-ezote amamihe Solomọnụ. Ọbụ na onye ka Solomọnụ nọnwa na ibie ka unu eekwe igebe ntị."
" “When an impure spirit comes out of a person, it goes through arid places seeking rest and does not find it.","“Mgbe achụfụtarị madụ maaọjọọ na ụhụ, na ya maaọjọọm agarị je na-agakọba ibeaha na-achọ ibe o je-okeye na-ezu ike. Ya ọ gadụa adịgị ibe ọ hụrụ"
" Then it says, ‘I will return to the house I left.’ When it arrives, it finds the house unoccupied, swept clean and put in order.","na ọ sị onwoe, ‘Eje m alahachiche na ulom m hiri buru.’ Ya ọ galata bịa-ahụ na ya onyem azachachawo ndụ a ka ulo madụ eebugu na ya debie ọcha."
" Then it goes and takes with it seven other spirits more wicked than itself, and they go in and live there. And the final condition of that person is worse than the first. That is how it will be with this wicked generation.”","Na ya maaọjọọm agarị je-ekutekwekwe maaọjọọ ibie wo ẹsaa dịga ụrụ karịa yaoni, na wo ayịkọta kwabata na ndụ ya onyem bịa-ebuzuru. Na ọnọdụ ya onyem adịzukwekwe ẹjụjụ karịa nke ọ dịwaarị na mbụ. Ọ bụkọ nke ọ jeọdịịrị nde ọgbọ nke ihe ọjọọnwa.”"
Jesus’ Mother and Brothers,Ne Jisọs Yaa Ụmụnie Ndikom
" While Jesus was still talking to the crowd, his mother and brothers stood outside, wanting to speak to him.","Jisọs ka anọm na-ekwuru ya itutu madụm okwu, niewo woa ụmụnie ndikom bịa-eguzo na ezi, na-achọ nke wo je-aga kwueri e okwu."
" Someone told him, “Your mother and brothers are standing outside, wanting to speak to you.”","Onye aanị sị Jisọs, “Ịhụ ne gi wo woa ụmụne gi ndikom guzo na ezi na-achọ gụ akpayeri ụka.”"
" He replied to him, “Who is my mother, and who are my brothers?”","Jisọs sị a, “Onye bụ nee wo? Ọ bụ nde ole bụ ụmụne m ndikom?”"
" Pointing to his disciples, he said, “Here are my mother and my brothers.","Jisọs ma ndem na-eso ụzọ a ẹka sị, “Ịhụ nde bụ nee wo maa ụmụne m ndikom."
 For whoever does the will of my Father in heaven is my brother and sister and mother.”,"Maka na ọ bụ onye ọọbụla na-eme ihe Nna m bu na elugwe chọrụ bụ a bụ onye bụ nwane m nwoke, maa nwane m nwanyị, bụkọrụ nee wo.”"
The Parable of the Sower,Aka Onye Na-aga Akpụrụ Na Ubi
That same day Jesus went out of the house and sat by the lake.,"Na ya izukumkom, Jisọs habue ulo jege na akwa ẹnyụm Galili je-anọdụa."
"Such large crowds gathered around him that he got into a boat and sat in it, while all the people stood on the shore.","Ntụtụ madụ nuru gbigbigbi na-ejekwuko e, nke na Jisọs gabarị na ime ụgbọ je-anọdụa ọdụ; ya ndem na ohu guzo na agịga ẹnyụm."
"Then he told them many things in parables, saying: “A farmer went out to sow his seed.","Jisọs weri aka na-ekwuru wo ntụtụ ihe sị wo, “Onye ọrụ ubi aanị jeri ọgịga akpụrụ na ubi e."
"As he was scattering the seed, some fell along the path, and the birds came and ate it up.","Mgbe ọ na-ọga akpụrụ a, akpụrụ ụfọdị je-adaa na ẹgbata ụzọ, ụmụ nnụnụ bịa-atụrụ wo loe."
"Some fell on rocky places, where it did not have much soil. It sprang up quickly, because the soil was shallow.","Akpụrụ ụfọdị je-adaa na elu barara ẹja ragochirinwe elu. Nwata mgbe wo kpọvute, na-efu, ọbụ na ẹja atụdịgị wo na ọkpụ."
"But when the sun came up, the plants were scorched, and they withered because they had no root.","Mgbe anwụ bịarị bịa-erue alị, ya akpụrụmga fufuteworuni lanwụhụkọta, maka na ọgbaragwụ wo emidigi emi na alị."
"Other seed fell among thorns, which grew up and choked the plants.","Akpụrụ ụfọdị je-adaa na etiti ogwu, ya ogwum gide wo kpagbusidue."
"Still other seed fell on good soil, where it produced a crop—a hundred, sixty or thirty times what was sown.","Ọbụ na o nworu akpụrụ ụfọdị darị na ezibe alị. Wo fuchee efuche, na-amị akpụrụ ọkam. Ụfọdị okpukpu ihu ise, ụfọdị okpukpu ihu ẹtọ, ụfọdị okpukpu ohule iri ihe e jiri kọa wo."
"Whoever has ears, let them hear.”","Onye maarị na ọ kwụm ntị, nụrụ ihe m na-ekwu.”"
" The disciples came to him and asked, “Why do you speak to the people in parables?”","Nde na-eso ụzọ Jisọs garị bịa-ajụ a sị, “Ọ bụ gịnị meri iji aka na-akpayeri ndie ụka?”"
" He replied, “Because the knowledge of the secrets of the kingdom of heaven has been given to you, but not to them.","isọs sị wo, “Ana m akọwacharịm unu ihe omimi nke Alịeze Elugwe na ohu, ọbụ na akọwaarịgị mụa ndie."
" Whoever has will be given more, and they will have an abundance. Whoever does not have, even what they have will be taken from them.","Ọ bụ onye nwo ihe bụ onye e je-eyekoru, na o nwoteyeko. Onyem eenwogu enwo, nwataa nke o ka-onwo na a nata a ya."
" This is why I speak to them in parables: “Though seeing, they do not see; though hearing, they do not hear or understand.","Ọ bụ a meri m ji aka na-edoyeri wo ụka: “Wo na-ele sisisi, ọbụ na wo ahụgụ ụzọ, wo na-agbasaa ntị, ka wo aanụ ihe, gọtakọgụ."
 In them is fulfilled the prophecy of Isaiah: “ ‘You will be ever hearing but never understanding; you will be ever seeing but never perceiving.,"Okwu onye amụma Ayịzaya na-emezuu na ndụ wo nke ọ sịrị, “ ‘Ndie je-agbasadụam ntị, ọbụ na wo amagị agọta, o je-ekposeduem ẹnya na-ele, ọbụ na ọ dịgị ihe wo je-ahụ."
" For this people’s heart has become calloused; they hardly hear with their ears, and they have closed their eyes. Otherwise they might see with their eyes, hear with their ears, understand with their hearts and turn, and I would heal them.’","Maka na obu ndie amachihiduwo, wo ejigi ntị wo na-anụ ihe, wo atahịbaduwo ẹnya wo. Na wo emedukwee weri ẹnya wo hụ ụzọ, weri ntị wo nụ ihe, gọtakọ na ime obu wo, chegerie hi na ihe ọjọọ wo fụta, na mụ agwọa wo.’"
" But blessed are your eyes because they see, and your ears because they hear.","“Ọbụ na Chineke gọziri ẹnya uunu agọzi, maka na unu ji wo na-ahụ ụzọ, gọziko ntị uunu, maka na unu ji wo na-anụ ihe."
" For truly I tell you, many prophets and righteous people longed to see what you see but did not see it, and to hear what you hear but did not hear it.","Na mụ aakarị unu nke bu eziokwu, ntụtụ nde amụma maa nde ụmara-ọma nọrụ na-atụ ẹnya ịhụ ihie unu na-ahụ, ka wo aahụ a, gbasaa ntị ịnụ ihie unu na-anụ, ka wo aanụ a."
 “Listen then to what the parable of the sower means:,“Unu gebechee ntị na mụ aakarị unu ihe aka onye na-aga akpụrụa fụtarị.
" When anyone hears the message about the kingdom and does not understand it, the evil one comes and snatches away what was sown in their heart. This is the seed sown along the path.","Mgbe onye ọọbụla nụrụ ozi bayeri ya Alịezem agọtagị ihe ọ nụrụ, na ya onye ọjọọm bụ Ekwensu abịa bịa-atụnarị a ihom ọ nụrụ na obu e. Ọ bụ a bụ ya akpụrụm darị na ẹgbata ụzọ."
 The seed falling on rocky ground refers to someone who hears the word and at once receives it with joy.,"Nde darị na elu barara ẹja ragochiri bụ ndem bụ wo nụdụa ya ozim, na wo eweri obu-ụtọ nabata a ihu aanị."
" But since they have no root, they last only a short time. When trouble or persecution comes because of the word, they quickly fall away.","Ọbụ na ọ gbagị ọgbaragwụ na obu wo mbụ ihe wo nụrụ, mgbe mkpagbu bịarị maka ozim wo nụrụ, ka ọọtọrị ike na wo alahachichee azụ na obubu ndụ ọjọọ."
" The seed falling among the thorns refers to someone who hears the word, but the worries of this life and the deceitfulness of wealth choke the word, making it unfruitful.","Ndem bụ akpụrụ darị na etiti ogwu bụ ndem bụ wo nụdụa ya ozim, na ihe isike nke ụwa maa ọrịrị nke wo ga je-akpaju ulo akpagbusidue wo, ka wo aamịta akpụrụ."
" But the seed falling on good soil refers to someone who hears the word and understands it. This is the one who produces a crop, yielding a hundred, sixty or thirty times what was sown.”","Ọbụ, ndem bụ akpụrụ darị na ezibe alị bụ ndem bụ wo nụdụa ya ozim, na wo agọtachaa ihe wo nụrụ. Na ndụ wo ana-amịta akpụrụ ọma na omume ihe Chineke chọrụ. Na wo amịa akpụrụ ọma okpukpu ihu ise, maa ihu ẹtọ maa ohule iriga.” Aka Ẹwụwụ Eyeyekooru Ihe Dị Na Ubi"
 Jesus told them another parable: “The kingdom of heaven is like a man who sowed good seed in his field.,"Jisọs tụarị wo aka ọzọ sị wo, “Alịeze Elugwe dịka madụ jeri je-akọdụa ubi e, weri akpụrụ ọma yechie ye."
" But while everyone was sleeping, his enemy came and sowed weeds among the wheat, and went away.","Ọbụ na mgbe madụ oohu nọrụrị na-arahị ụra, onye-iro onyie nwo ubi e garị je-eweri ẹwụwụ amaka je-eyeyekoru e na ihom ọ kọrụ na ubi e garị na-asọhụ."
" When the wheat sprouted and formed heads, then the weeds also appeared.","Mgbe ihie nwokie kọrụ na ubi enwe fufuteri, ẹwụwụm chịvukoru."
" “The owner’s servants came to him and said, ‘Sir, didn’t you sow good seed in your field? Where then did the weeds come from?’","“Ụmụọrụ nwokie kọrụ ubie garị jekwute nna wo ukwu sị a, ‘Nnayịukwu, ọ bụgụ ezibe akpụrụ bụ ihe a kọrụ na ubi gie? Ẹwụwụ ọjọọnwa hikwenu na wee bịa-achịkarahị ibeaha ẹɦụa?’"
" “ ‘An enemy did this,’ he replied. “The servants asked him, ‘Do you want us to go and pull them up?’","“Ya nwokem sị wo, ‘Ọ bụ onye-iro bịarị bịa-arụa ya ọnwa mbụ mkpesi.’ “Ụmụọrụ anwa sị nna wo ukwu, ‘Ayị ma-eje je-ehosie ya ẹwụwụm na ohu?’"
" “ ‘No,’ he answered, ‘because while you are pulling the weeds, you may uproot the wheat with them.","“Nna wo ukwu sị wo, ‘Waa, unu ejesi. Unu nworu ike jegie ohuho, na unu ehogbuko ihom a kụrụ je-emete nri."
 Let both grow together until the harvest. At that time I will tell the harvesters: First collect the weeds and tie them in bundles to be burned; then gather the wheat and bring it into my barn.’ ”,"Unu habue wo na wo fukoteje, tututu rue mgbem e je-ewelete ihe a kọrụ na ubi. E je-ebuhee ụzọ chasịa ọmụ bụ ẹwụwụ amaka je-eye ọkụ, ta na-agọkọta ihom a kọrụ na ubi vuru je-edebe na ọba.’ ”"
The Parables of the Mustard Seed and the Yeast,Aka Akpụrụ Osisi Mọsụtadị Yaa Ihe Okuko Ẹchịcha
" He told them another parable: “The kingdom of heaven is like a mustard seed, which a man took and planted in his field.","Jisọs tụkwakwaarị wo aka ọzọ sị wo, “Alịeze Elugwe dịka akpụrụ osisi Mọsụtadị madụ weeri je-akụa na ubi e."
" Though it is the smallest of all seeds, yet when it grows, it is the largest of garden plants and becomes a tree, so that the birds come and perch in its branches.”","Ọ bụ a bụ akpụrụ kadụa ahaba ẹka na akpụrụ a na-akụ akụ na ubi. Ọbụ na ya o fute, na ọ rọlie elu, bụzurum oke ukwu osisi ụmụ nnụnụ na-ehigeri na ibe otele bịa na-eberi na ẹpa a.”"
 He told them still another parable: “The kingdom of heaven is like yeast that a woman took and mixed into about sixty pounds of flour until it worked all through the dough.”,"Jisọs tụkwakwaarị wo aka ọzọ sị wo, “Alịeze Elugwe dịka nwanyị weteri ntụ akpụkpa e ji na-eme ẹchịcha, weri ihe okuko yechee ye, ya ọ tụkọba a, na o me na ya ẹchịcham ekoe eko.”"
 Jesus spoke all these things to the crowd in parables; he did not say anything to them without using a parable.,Jisọs jiri aka na-ekwuru nde madụm na ohu nọrụ na ya ibom okwu; ọ dịgị ihe o kwuuru wo aabụdịgị aka bụ ihe o jiri tụarị wo e.
" So was fulfilled what was spoken through the prophet: “I will open my mouth in parables, I will utter things hidden since the creation of the world.”","Ọ bụrụ nke a garị ihe onye amụma kwuru mezue, ibe ọ sịrị, “Eje m ekpuhe ọnụ m tụa aka, eje m akọwa ihom zomigeri ezomi ẹkamgbe okike ụwa.” Akọwa Ihe Bayeri Ẹwụwụ Ọjọọ"
" Then he left the crowd and went into the house. His disciples came to him and said, “Explain to us the parable of the weeds in the field.”","Jisọs habue ndem na ohu nọrụ na ya ibom garị na-ala na ulo. Nde na-eso ụzọ a garị jekwute e, sị a, “Kọwakwelieri ayị ihe bayeri aka ẹwụwụm furu na ubim nke nwokem.”"
" He answered, “The one who sowed the good seed is the Son of Man.","Jisọs sị wo, “Onyem kụrụ ya ezibe akpụrụm bụ Nwa Nke Madụ."
" The field is the world, and the good seed stands for the people of the kingdom. The weeds are the people of the evil one,","Ya ubi em bụ ụwa na ohu, ibe ya akpụrụ ọmam bụ ndem nọ na Alịeze Chineke. Ndem bụ ẹwụwụ ọjọọ bụ ndem na-eme ihe ya onye ọjọọm bụ Ekwensu chọrụ."
" and the enemy who sows them is the devil. The harvest is the end of the age, and the harvesters are angels.",Ya onye irom kụrụ ya ẹwụwụm bụkwanụ Ekwensu yaẹkaa. Mgbe ọgụgọ ihe a kọrụ na ubi bụkwanụ mgbe ọgwụgwụ nke ụwa. Ndem bụkwanụ nde je-agọtadụ ihom a kọrụ na ubi bụ nde maaozi.
" “As the weeds are pulled up and burned in the fire, so it will be at the end of the age.",“Ẹɦụm e je-emedue chasịa ẹwụwụ je-awụbaa na ọkụ bụ nke o je-adị na ya mgbe ọgwụgwụ ụwam.
" The Son of Man will send out his angels, and they will weed out of his kingdom everything that causes sin and all who do evil.","Nwa Nke Madụ je-eduye nde maaozi na wo abịa bịa-abọsịa ya ihom na ohu na-evuteri nde madụ omume ihe ọjọọ na Alịezie, maa ndem na-emege ya ihe ọjọọm."
" They will throw them into the blazing furnace, where there will be weeping and gnashing of teeth.","Wo bọsịsịdụa wo na wo ekporu wo je-awụbaa na ya ọkụ maam aanyụhụgụ anyụhụ, ibe ịkwa ẹkwa yaa ịta ikikere eze je-adị."
" Then the righteous will shine like the sun in the kingdom of their Father. Whoever has ears, let them hear.",Na nde ụmara-ọma achawaa ka ẹnyanwụ na okpuru Alịeze Nna wo. Na ndem nwo ntị nụta ihe m na-ekwu.”
The Parables of the Hidden Treasure and the Pearl,Aka Ihe Ezomiri Ezomi
" “The kingdom of heaven is like treasure hidden in a field. When a man found it, he hid it again, and then in his joy went and sold all he had and bought that field.","Jisọs sị, “Alịeze Elugwe dịka ihe baŋaarị madụ oke uru ọ chọfụtarị e zomiri na alị aanị. Ya o je-ezomichee ye, garị je-eretuem ihe o nwo na obu-ụtọ, garị je-azụta ya alịm."
" “Again, the kingdom of heaven is like a merchant looking for fine pearls.","“Ọzọkwa, Alịeze Elugwe dịka onye na-azụ ahịa, na-achọ mkpume dị ọmọlọma darị oke ọnụ, a na-eku piẹlụ."
" When he found one of great value, he went away and sold everything he had and bought it.","Ya o mege chọga a chọta, ya ọ daa oke ọnụ, ya ọ garị je-eretuem ihe o nwo garị je-azụta a.”"
The Parable of the Net,Aka Bayeri Ntofo Eji Na-anwụta Ụba
" “Once again, the kingdom of heaven is like a net that was let down into the lake and caught all kinds of fish.","Jisọs sịkwakwa, “Alịeze Elugwe dịka ntofo e ji na-anwụta ụba. A wụhaa ya na mini na ọ nwụtadụa ụba dịga iche iche"
" When it was full, the fishermen pulled it up on the shore. Then they sat down and collected the good fish in baskets, but threw the bad away.","Ya ọ nwụtadụa ụba dịga iche iche, na ibeaha eju, na ndem jeri ya ọkụm eseri e sekoru na elu alị, je-agbasịa ya ụbam na ohu wụye na nkata, weri ndem aabụgụ ụba barị uru wụsie."
 This is how it will be at the end of the age. The angels will come and separate the wicked from the righteous,Ọ bụ nke o je-ọdị na mgbe ọgwụgwụ ụwa. Nde maaozi je-abịa bịa ekpofute nde arụrụalị iche na ibe nde ụmara-ọma nọ.
" and throw them into the blazing furnace, where there will be weeping and gnashing of teeth.","Na wo achịrị ya nde ihe ọjọọm je-awụbaa na ya ọkụmaam aanyụhụgụ anyụhụ, ibe ẹkwa yaa ịta ikikere eze je-adị.”"
" “Have you understood all these things?” Jesus asked. “Yes,” they replied.","Jisọs jụ wo, “Unu agọtatuwo ihie na ohu m kpaarị unu?” Wo sị a, “Ẹẹ!”"
" He said to them, “Therefore every teacher of the law who has become a disciple in the kingdom of heaven is like the owner of a house who brings out of his storeroom new treasures as well as old.”","Ya ọ sị wo, “Ọ bụ a meri, onye ọọbụla bụ onye ozizi iwu Mosisi mụtachaworu ihe bayeri Alịeze Elugwe dịka onye nwo ulo gabarị ọba a je-ewefute ihe ọɦụụ maa ihe ochie.”"
Prophet Without Honor,Ajụka Jisọs Na Nazarẹtị
" When Jesus had finished these parables, he moved on from there.","Mgbe Jisọs tụdụrụ akaa na ohu, ya o hi na ya ibom na-asọhụ."
" Coming to his hometown, he began teaching the people in their synagogue, and they were amazed. “Where did this man get this wisdom and these miraculous powers?” they asked.","Ya ọ garị na-ala, rute na Nazarẹtị bụ ibe nke wo. Mgbe ọ waruteri, ya ọ garị jege na ulo-ozuzu je na-ezi wo ihe. Ihe ọ nọrụ na-ezi wo ju nde madụ ẹnya. Wo sị, “Nwokie hi na wee je-enwote otue amamihie yaa ikikie o ji na-arụ ọrụ ebubie dịga ẹɦụa?"
" “Isn’t this the carpenter’s son? Isn’t his mother’s name Mary, and aren’t his brothers James, Joseph, Simon and Judas?","Onyie abụdịgị nwataa nnịa bụ kapịnta? Ọ bụgụ niewo bụ Meri? Ụmụnie abụsịgị Jems, Josẹf, Saịmọn yaa Judas?"
 Aren’t all his sisters with us? Where then did this man get all these things?”,Ọkwaa na ayịa ụmụnie ndinyom ka ebukonwe? Ndakwanụa ibe o hi ihie na ohu o na-omege?”
" And they took offense at him. But Jesus said to them, “A prophet is not without honor except in his own town and in his own home.”","Ya ome obu gbarụsịa wo na ibe Jisọs nọ. Ọbụ na Jisọs sịrị wo, “A na-akwayeri onye amụma ugwu na ibeaha na ohu, ọ bụkwam na ibom amụrụ a, maa na ime ulo e bụ ibe oonwogu ugwu.”"
 And he did not do many miracles there because of their lack of faith.,Ya o me ka Jisọs aarụ ntụtụ ọrụ ebube na ya ibom maka na wo enwodigi ntụkwasịobu na ibe ọ nọ.
"At that time Herod the tetrarch heard the reports about Jesus,","Na ya mgbem Herọd nọrụ na-achị Galili, nụrụ bayeri ihe Jisọs nọgarị na-eme."
"and he said to his attendants, “This is John the Baptist; he has risen from the dead! That is why miraculous powers are at work in him.”","Ya ọ sị ndeozi e, “Onyie je-abụ Jọn ome baụtizim hiworu na ọnwụ pavuru! Ọ bụ a meri ọ na-ọrụga ọrụ ebubie na ohu.”"
"Now Herod had arrested John and bound him and put him in prison because of Herodias, his brother Philip’s wife,","Herọd hiworu gide Jọn ome baụtizim je-atụ mkpọrọ, maka Herọdias nyee nwanie Filipu."
for John had been saying to him: “It is not lawful for you to have her.”,Jọn sịworu na Herọd ekwesigi ije je-ekuru nyee nwanie je-alụa.
" Herod wanted to kill John, but he was afraid of the people, because they considered John a prophet.","Herọd nọrụ na-achọ na o gbue Jọn maka ya ihom o kwuru, ọbụ na ọ nọrụ na-asọ ụjọ ihe nde madụ je-eme, maka na wo hụrụ Jọn ka onye amụma."
On Herod’s birthday the daughter of Herodias danced for the guests and pleased Herod so much,"Ya o rue izuku aanị, Herọd na-eri oriri ịrịta izuku amụrụ a. Ada nyee ye Herọdias bịa-etie egwu dịŋaarị Herọd ma."
 that he promised with an oath to give her whatever she asked.,"Herọd kugile ya nwatam, nwụkọdụa ihe sị a, ihe ọọbụla ọ sị a nị a na ọ je-ọnị a ya."
"Prompted by her mother, she said, “Give me here on a platter the head of John the Baptist.”","Nie wo rayeri e, ya ọ sị, “Paye m isi Jọn ome baụtizim na ụgbụgbọ.”"
"The king was distressed, but because of his oaths and his dinner guests, he ordered that her request be granted","Ihie dịŋarị Herọd ọjọọ ọkam. Ọbụ, ibe ọ nwụrụ ihe kwe ya nkwam na ihu nde ẹbịa ya, ya ọ nị iwu wo jee je-anị ya nwatam ihe ọ chọrụ."
"What shall we say, then? Shall we go on sinning so that grace may increase?",Ọ bụkwanụ gịnị bụ ihe ayị je-asị ẹɦụọdị? Ayị je na-emeyeko ihe ọjọọ ma ẹwụọma yekoje?
By no means! We are those who have died to sin; how can we live in it any longer?,Waakwa! Ayị bụzu nde nwụhụrụ anwụhụ na ibe omume ihe ọjọọ dị; ayị je-aga ẹgaa bujejekwekwe ndụ na ihe ọjọọ?
Or don’t you know that all of us who were baptized into Christ Jesus were baptized into his death?,"Saa ọ bụ ahịaga na unu amagị na ẹɦụm e mekoteri ayị ohu baụtizim jigbekote ayịa Karaịs Jisọs, na ayị abụworu nde e meri baụtizim ikete oke na ọnwụ a?"
"We were therefore buried with him through baptism into death in order that, just as Christ was raised from the dead through the glory of the Father, we too may live a new life.","Ọ bụ ahịaga na e likotewo ayịa ya na baụtizim baa na ọnwụ a, ma ẹɦụm Chineke Nna jiri ikikie dị ebube me Karaịs ya o hi na ọnwụ pavuru, bụkọ nke ayị je-agaba na ya ndụ ọɦụụm."
"For if we have been united with him in a death like his, we will certainly also be united with him in a resurrection like his.","Ibe ayịa ya bụwooru nnanị ya ẹɦụm na ọnwụ a, ọ dịgị ihe je-echu ayị i soko e pavuru na ọnwụ dị ndụ ọzọ."
"For we know that our old self was crucified with him so that the body ruled by sin might be done away with, that we should no longer be slaves to sin—","Maka na ya madụ ochiem ayị bụwaarị, akpọgbukotewo yaa Karaịs na elu obe, lakọa ikike nke omume ihe ọjọọ na iyi, na ayị abụsịkwa ohu nị omume ihe ọjọọ."
because anyone who has died has been set free from sin.,Maka na onye ọọbụla nwụhụrụ anwụhụ enwosigi ikike imekwe ihe ọjọọ ọzọ.
"Now if we died with Christ, we believe that we will also live with him.","Ibe ayịa Karaịs nwụhụkọtaworu, ayị kwetekoru na ayịa ya je-adị ndụ ọzọ."
"For we know that since Christ was raised from the dead, he cannot die again; death no longer has mastery over him.","Maka na ayị maarị na ẹɦụm e meworu Karaịs ya o hi na ọnwụ pavuru, na ọ dịsịgị ma ọ nwụhụkwakwa ọzọ; ọnwụ enwosigi ike na ibe ọ nọ."
"The death he died, he died to sin once for all; but the life he lives, he lives to God.","Ọnwụ ọ nwụhụrụ bụ na ọ nwụhụchiiri e madụ oohu akpa aanị ịla ikike ihe ọjọọ na iyi, ọbụ na ndụ ọ dịzu ẹɦụọdị bụ na ọ dịịrị a Chineke."
"In the same way, count yourselves dead to sin but alive to God in Christ Jesus.",Unu gụ onwo uunu nde nwụhụworu anwụhụ na ibe omume ihe ọjọọ dị. Unu dịzuuru Chineke ndụ unu dịzu ẹɦụọdị na ime Karaịs Jisọs.
Therefore do not let sin reign in your mortal body so that you obey its evil desires.,"Ọ bụ a meri unu ekwesi na ikike nke omume ihe ọjọọ chịje ndụ uunu ọzọ, nke na unu rubejeri e isi mejekwekwe ihe ọjọọ."
"Do not offer any part of yourself to sin as an instrument of wickedness, but rather offer yourselves to God as those who have been brought from death to life; and offer every part of yourself to him as an instrument of righteousness.","Ma ọ bụgụ unu ekwe na onwo ẹkụkụ ụhụ uunu ọọbụla unu na-ekwe na ọ baa na ihe ọjọọ, rụje alị dị iche iche. Kama unu weri ụhụ uunu na ohu ye Chineke na ẹka dịka nde e hiwo na ọnwụ kulete na ndụ. Unu weri ẹkụkụ ụhụ uunu na ohu nịa Chineke na ọ bụrụ ngwa nke ụmara-ọma."
"For sin shall no longer be your master, because you are not under the law, but under grace.","Maka na omume ihe ọjọọ amagị achịsị unu achị, unu anọsịgị na okpuru iwu, unu nọzu na okpuru ẹwụọma Chineke. Nde Ohu Ụmara-ọma"
What then? Shall we sin because we are not under the law but under grace? By no means!,"Ihie na ohu fụtakwanụrụ gịnị? Ayị je-ekwolibem na-emezu ihe ọjọọ maka na ayị anọsịgị na okpuru iwu, na ayị nọzu na okpuru ẹwụọma Chineke? Ma a ga a ẹgaa?"
"Don’t you know that when you offer yourselves to someone as obedient slaves, you are slaves of the one you obey—whether you are slaves to sin, which leads to death, or to obedience, which leads to righteousness?","Ọ bụ ahịaga na unu amagị na onyem unu weeri onwuunu debe na-eruberi isi ka ohu, na unu bụzu ohu nịa onye ọọbụla unu na-eruberi isi; ma ọ bụgụ omume ihe ọjọọ nke na-edubee na ọnwụ, ma ọ bụgụ irube isi nke na-edubee na ụmara-ọma?"
"But thanks be to God that, though you used to be slaves to sin, you have come to obey from your heart the pattern of teaching that has now claimed your allegiance.","Ọbụ na ana m ekele Chineke na unu bụrụ ohu omume ihe ọjọọ, ọbụ na unu jirim obu uunu na ohu rube isi ime ihom e zigeri unu."
You have been set free from sin and have become slaves to righteousness.,"A nafụtawo unu na ọbụbụ nde na-eme ihe ọjọọ, unu bụzuru nde ohu nke ụmara-ọma."
"I am using an example from everyday life because of your human limitations. Just as you used to offer yourselves as slaves to impurity and to ever-increasing wickedness, so now offer yourselves as slaves to righteousness leading to holiness.","Eji m agịrị nkọlọ madụ amaka na-akarị unu ihie ibe o je-okwe unu agọta, maka na unu adịgị ike. Dịka unu nọrụ na-ekwe ọrịrị ọjọọ yaa adịgị ọcha, maa arụrụalị dị iche iche gabataje unu na obu, ọbụ ẹɦụọdị, unu weri onwuunu debe ohu nke ụmara-ọma na-eme na madụ abụrụ onye dị nsọ."
"When you were slaves to sin, you were free from the control of righteousness.","Na mgbe unu ka abụrụ ohu na omume ihe ọjọọ, ọ dịdịgị mgbe unu kweri na ụmara-ọma chịje unu achị."
What benefit did you reap at that time from the things you are now ashamed of? Those things result in death!,"Ndaa uru unu riteri na ya ihom na ohu unu megeri, bụ unu rịta a ẹɦụọdị na ọ bụrụ ihe mmechu ihu dịrị unu? Ọ bụga wo na-edubee na ọnwụ."
"But now that you have been set free from sin and have become slaves of God, the benefit you reap leads to holiness, and the result is eternal life.","Ọbụ na ẹɦụọdị, a nafụtawo unu na omume ihe ọjọọ, unu bụzu nde ohu Chineke. Uru unu na-erite na ya bụ ịdị nsọ nke na-edubee na ndụ agwụ-agwụ."
"For the wages of sin is death, but the gift of God is eternal life in Christ Jesus our Lord.","Maka na ụgwọ-ọrụ mmehie bụ ọnwụ, ọbụ na ihe ọnịnị Chineke na-anị na amaka bụ ndụ agwụ-agwụ na ime Karaịs Jisọs bụ Onyenwoayị."
